customer_id,signup_date,acquisition_channel,country
cust_000001,2026-05-05,organic,US
cust_000002,2026-02-17,organic,US
cust_000003,2026-05-12,affiliate,PT
cust_000004,2026-04-25,paid_search,BR
cust_000005,2026-02-12,organic,US
cust_000006,2026-04-19,organic,US
cust_000007,2026-04-16,paid_search,PT
cust_000008,2026-02-24,social,BR
cust_000009,2026-06-06,organic,PT
cust_000010,2026-02-23,organic,ES
cust_000011,2026-03-07,organic,BR
cust_000012,2026-03-11,social,US
cust_000013,2026-06-06,organic,PT
cust_000014,2026-01-25,referral,BR
cust_000015,2026-04-18,organic,US
cust_000016,2026-06-21,social,US
cust_000017,2026-05-17,organic,US
cust_000018,2026-05-31,organic,BR
cust_000019,2026-02-15,social,BR
cust_000020,2026-03-30,affiliate,BR
cust_000021,2026-03-13,paid_search,US
cust_000022,2026-05-17,referral,US
cust_000023,2026-04-29,affiliate,PT
cust_000024,2026-02-17,organic,BR
cust_000025,2026-06-29,affiliate,US
cust_000026,2026-05-13,organic,DE
cust_000027,2026-01-11,organic,BR
cust_000028,2026-03-03,paid_search,BR
cust_000029,2026-06-27,referral,DE
cust_000030,2026-03-03,organic,PT
cust_000031,2026-06-21,social,PT
cust_000032,2026-02-21,organic,US
cust_000033,2026-04-15,organic,US
cust_000034,2026-06-24,paid_search,BR
cust_000035,2026-01-27,paid_search,BR
cust_000036,2026-01-10,social,BR
cust_000037,2026-02-01,affiliate,PT
cust_000038,2026-01-13,paid_search,US
cust_000039,2026-04-01,paid_search,ES
cust_000040,2026-06-17,referral,US
cust_000041,2026-01-23,affiliate,PT
cust_000042,2026-02-21,affiliate,BR
cust_000043,2026-02-26,paid_search,PT
cust_000044,2026-05-21,social,BR
cust_000045,2026-04-08,affiliate,PT
cust_000046,2026-01-21,social,BR
cust_000047,2026-05-05,paid_search,BR
cust_000048,2026-03-14,affiliate,PT
cust_000049,2026-06-01,referral,ES
cust_000050,2026-04-27,organic,BR
cust_000051,2026-03-12,social,DE
cust_000052,2026-03-01,organic,BR
cust_000053,2026-04-21,referral,BR
cust_000054,2026-04-05,social,ES
cust_000055,2026-04-14,affiliate,BR
cust_000056,2026-04-03,referral,BR
cust_000057,2026-04-13,social,PT
cust_000058,2026-02-11,referral,DE
cust_000059,2026-05-14,organic,BR
cust_000060,2026-05-11,affiliate,PT
cust_000061,2026-04-11,paid_search,BR
cust_000062,2026-01-13,organic,US
cust_000063,2026-02-14,paid_search,BR
cust_000064,2026-05-18,affiliate,BR
cust_000065,2026-06-25,organic,BR
cust_000066,2026-04-10,organic,US
cust_000067,2026-02-11,paid_search,US
cust_000068,2026-06-21,paid_search,PT
cust_000069,2026-06-02,paid_search,PT
cust_000070,2026-01-19,organic,PT
cust_000071,2026-03-24,paid_search,DE
cust_000072,2026-01-11,affiliate,ES
cust_000073,2026-01-20,organic,US
cust_000074,2026-06-05,social,BR
cust_000075,2026-02-06,paid_search,BR
cust_000076,2026-02-05,organic,BR
cust_000077,2026-06-29,organic,DE
cust_000078,2026-06-16,paid_search,BR
cust_000079,2026-04-15,social,ES
cust_000080,2026-06-29,affiliate,BR
cust_000081,2026-03-20,paid_search,BR
cust_000082,2026-03-19,social,BR
cust_000083,2026-01-01,referral,BR
cust_000084,2026-06-02,affiliate,BR
cust_000085,2026-05-16,referral,ES
cust_000086,2026-04-18,affiliate,PT
cust_000087,2026-02-06,organic,ES
cust_000088,2026-04-23,affiliate,BR
cust_000089,2026-03-02,organic,US
cust_000090,2026-04-08,social,PT
cust_000091,2026-01-12,referral,BR
cust_000092,2026-02-06,organic,BR
cust_000093,2026-06-17,organic,BR
cust_000094,2026-06-22,paid_search,US
cust_000095,2026-01-08,affiliate,PT
cust_000096,2026-04-24,paid_search,BR
cust_000097,2026-02-20,organic,US
cust_000098,2026-02-16,organic,BR
cust_000099,2026-05-06,organic,BR
cust_000100,2026-05-26,referral,BR
cust_000101,2026-05-01,referral,ES
cust_000102,2026-01-15,paid_search,PT
cust_000103,2026-01-26,referral,DE
cust_000104,2026-06-20,organic,BR
cust_000105,2026-03-27,social,US
cust_000106,2026-04-29,referral,DE
cust_000107,2026-04-13,organic,DE
cust_000108,2026-02-28,referral,BR
cust_000109,2026-06-20,organic,BR
cust_000110,2026-01-21,affiliate,BR
cust_000111,2026-02-24,affiliate,US
cust_000112,2026-02-09,affiliate,DE
cust_000113,2026-04-09,paid_search,ES
cust_000114,2026-06-14,organic,US
cust_000115,2026-06-11,organic,BR
cust_000116,2026-05-30,organic,ES
cust_000117,2026-02-01,affiliate,US
cust_000118,2026-03-25,paid_search,BR
cust_000119,2026-06-21,affiliate,BR
cust_000120,2026-01-07,social,US
cust_000121,2026-01-29,paid_search,BR
cust_000122,2026-03-12,social,DE
cust_000123,2026-06-17,organic,BR
cust_000124,2026-05-13,organic,BR
cust_000125,2026-06-01,paid_search,DE
cust_000126,2026-05-01,affiliate,ES
cust_000127,2026-02-15,social,ES
cust_000128,2026-06-07,organic,PT
cust_000129,2026-02-04,affiliate,BR
cust_000130,2026-03-21,social,DE
cust_000131,2026-06-07,organic,BR
cust_000132,2026-05-17,organic,DE
cust_000133,2026-06-16,paid_search,BR
cust_000134,2026-06-28,paid_search,BR
cust_000135,2026-06-04,social,BR
cust_000136,2026-05-09,organic,BR
cust_000137,2026-06-17,organic,DE
cust_000138,2026-03-10,affiliate,BR
cust_000139,2026-06-13,paid_search,ES
cust_000140,2026-01-23,social,BR
cust_000141,2026-04-23,referral,BR
cust_000142,2026-01-22,paid_search,BR
cust_000143,2026-06-02,organic,US
cust_000144,2026-04-10,organic,DE
cust_000145,2026-02-06,organic,US
cust_000146,2026-01-01,paid_search,DE
cust_000147,2026-05-14,affiliate,US
cust_000148,2026-05-11,organic,PT
cust_000149,2026-05-09,referral,US
cust_000150,2026-05-09,social,US
cust_000151,2026-02-28,paid_search,US
cust_000152,2026-03-05,paid_search,BR
cust_000153,2026-01-25,organic,US
cust_000154,2026-03-15,affiliate,ES
cust_000155,2026-04-30,paid_search,PT
cust_000156,2026-06-11,organic,BR
cust_000157,2026-03-25,affiliate,US
cust_000158,2026-03-04,paid_search,PT
cust_000159,2026-02-11,paid_search,DE
cust_000160,2026-06-04,affiliate,US
cust_000161,2026-02-25,paid_search,US
cust_000162,2026-03-07,organic,ES
cust_000163,2026-02-15,affiliate,BR
cust_000164,2026-02-08,organic,BR
cust_000165,2026-04-03,affiliate,DE
cust_000166,2026-03-30,paid_search,US
cust_000167,2026-02-07,affiliate,BR
cust_000168,2026-03-19,organic,US
cust_000169,2026-01-02,social,DE
cust_000170,2026-06-21,organic,PT
cust_000171,2026-02-04,social,US
cust_000172,2026-04-01,organic,BR
cust_000173,2026-06-14,organic,BR
cust_000174,2026-04-01,affiliate,ES
cust_000175,2026-04-26,organic,DE
cust_000176,2026-03-27,affiliate,US
cust_000177,2026-04-09,paid_search,ES
cust_000178,2026-03-28,social,US
cust_000179,2026-04-03,paid_search,DE
cust_000180,2026-06-13,affiliate,DE
cust_000181,2026-04-12,paid_search,BR
cust_000182,2026-03-27,organic,BR
cust_000183,2026-02-22,organic,DE
cust_000184,2026-01-16,organic,BR
cust_000185,2026-05-15,organic,BR
cust_000186,2026-03-22,paid_search,PT
cust_000187,2026-03-22,organic,DE
cust_000188,2026-03-17,social,US
cust_000189,2026-05-16,organic,DE
cust_000190,2026-04-22,paid_search,BR
cust_000191,2026-03-10,organic,BR
cust_000192,2026-06-23,referral,PT
cust_000193,2026-05-26,affiliate,DE
cust_000194,2026-06-24,organic,BR
cust_000195,2026-03-26,paid_search,BR
cust_000196,2026-05-10,affiliate,PT
cust_000197,2026-02-02,social,ES
cust_000198,2026-05-01,paid_search,ES
cust_000199,2026-04-25,paid_search,BR
cust_000200,2026-05-05,paid_search,DE
cust_000201,2026-02-05,organic,BR
cust_000202,2026-02-11,paid_search,BR
cust_000203,2026-06-20,paid_search,DE
cust_000204,2026-06-11,paid_search,DE
cust_000205,2026-04-02,organic,PT
cust_000206,2026-03-09,organic,BR
cust_000207,2026-05-07,organic,BR
cust_000208,2026-02-18,organic,BR
cust_000209,2026-01-30,organic,PT
cust_000210,2026-01-23,paid_search,BR
cust_000211,2026-05-16,organic,BR
cust_000212,2026-04-28,affiliate,US
cust_000213,2026-01-23,affiliate,BR
cust_000214,2026-03-02,organic,BR
cust_000215,2026-03-02,paid_search,ES
cust_000216,2026-03-14,paid_search,US
cust_000217,2026-01-15,paid_search,DE
cust_000218,2026-02-17,organic,DE
cust_000219,2026-06-15,affiliate,DE
cust_000220,2026-06-04,referral,DE
cust_000221,2026-03-09,paid_search,US
cust_000222,2026-01-14,paid_search,BR
cust_000223,2026-06-14,paid_search,PT
cust_000224,2026-03-26,referral,US
cust_000225,2026-06-10,paid_search,BR
cust_000226,2026-02-04,affiliate,ES
cust_000227,2026-02-22,affiliate,ES
cust_000228,2026-05-31,paid_search,PT
cust_000229,2026-05-22,paid_search,BR
cust_000230,2026-02-17,social,BR
cust_000231,2026-06-21,paid_search,DE
cust_000232,2026-04-21,affiliate,BR
cust_000233,2026-01-06,paid_search,BR
cust_000234,2026-04-05,organic,DE
cust_000235,2026-03-08,organic,US
cust_000236,2026-06-20,organic,BR
cust_000237,2026-02-07,organic,US
cust_000238,2026-04-05,paid_search,BR
cust_000239,2026-04-03,affiliate,PT
cust_000240,2026-06-03,organic,BR
cust_000241,2026-03-20,affiliate,BR
cust_000242,2026-04-23,paid_search,US
cust_000243,2026-03-08,paid_search,US
cust_000244,2026-03-06,paid_search,PT
cust_000245,2026-03-01,organic,BR
cust_000246,2026-02-07,organic,US
cust_000247,2026-05-29,affiliate,BR
cust_000248,2026-05-24,paid_search,US
cust_000249,2026-05-28,paid_search,BR
cust_000250,2026-01-20,social,BR
cust_000251,2026-03-12,organic,BR
cust_000252,2026-04-14,organic,BR
cust_000253,2026-01-11,paid_search,US
cust_000254,2026-01-25,affiliate,DE
cust_000255,2026-01-20,social,US
cust_000256,2026-04-02,paid_search,BR
cust_000257,2026-01-10,organic,DE
cust_000258,2026-01-23,social,PT
cust_000259,2026-01-15,paid_search,US
cust_000260,2026-01-30,organic,US
cust_000261,2026-02-28,organic,BR
cust_000262,2026-04-19,affiliate,US
cust_000263,2026-06-03,affiliate,DE
cust_000264,2026-03-15,paid_search,PT
cust_000265,2026-06-17,paid_search,PT
cust_000266,2026-04-21,affiliate,US
cust_000267,2026-05-24,organic,DE
cust_000268,2026-05-02,organic,US
cust_000269,2026-01-31,organic,US
cust_000270,2026-01-31,organic,PT
cust_000271,2026-04-26,paid_search,BR
cust_000272,2026-02-25,affiliate,US
cust_000273,2026-03-30,organic,BR
cust_000274,2026-02-21,affiliate,US
cust_000275,2026-05-09,social,BR
cust_000276,2026-01-23,paid_search,US
cust_000277,2026-06-26,organic,BR
cust_000278,2026-01-12,organic,BR
cust_000279,2026-05-26,social,ES
cust_000280,2026-03-27,organic,US
cust_000281,2026-05-16,paid_search,BR
cust_000282,2026-04-15,paid_search,BR
cust_000283,2026-01-08,social,US
cust_000284,2026-04-28,organic,BR
cust_000285,2026-05-11,social,US
cust_000286,2026-01-05,referral,US
cust_000287,2026-02-22,paid_search,DE
cust_000288,2026-02-04,paid_search,US
cust_000289,2026-06-27,organic,ES
cust_000290,2026-03-26,affiliate,PT
cust_000291,2026-01-18,paid_search,PT
cust_000292,2026-03-04,affiliate,DE
cust_000293,2026-03-06,paid_search,PT
cust_000294,2026-05-09,referral,DE
cust_000295,2026-04-17,organic,BR
cust_000296,2026-02-19,organic,ES
cust_000297,2026-03-20,social,DE
cust_000298,2026-01-01,affiliate,PT
cust_000299,2026-03-22,organic,PT
cust_000300,2026-05-01,affiliate,US
cust_000301,2026-05-28,organic,BR
cust_000302,2026-01-26,referral,PT
cust_000303,2026-05-16,paid_search,BR
cust_000304,2026-05-03,affiliate,BR
cust_000305,2026-01-31,organic,BR
cust_000306,2026-03-21,organic,ES
cust_000307,2026-06-27,organic,ES
cust_000308,2026-05-06,social,PT
cust_000309,2026-05-20,organic,US
cust_000310,2026-03-22,social,ES
cust_000311,2026-02-17,paid_search,BR
cust_000312,2026-02-07,referral,PT
cust_000313,2026-06-20,organic,BR
cust_000314,2026-05-31,affiliate,PT
cust_000315,2026-06-02,paid_search,DE
cust_000316,2026-02-24,affiliate,DE
cust_000317,2026-04-23,referral,PT
cust_000318,2026-01-29,paid_search,PT
cust_000319,2026-03-06,paid_search,PT
cust_000320,2026-03-30,referral,DE
cust_000321,2026-05-16,organic,BR
cust_000322,2026-06-16,affiliate,BR
cust_000323,2026-05-25,paid_search,ES
cust_000324,2026-03-16,paid_search,US
cust_000325,2026-06-09,affiliate,BR
cust_000326,2026-01-08,organic,ES
cust_000327,2026-03-06,social,DE
cust_000328,2026-03-27,organic,ES
cust_000329,2026-01-03,affiliate,PT
cust_000330,2026-05-08,referral,BR
cust_000331,2026-06-01,referral,BR
cust_000332,2026-05-15,paid_search,BR
cust_000333,2026-03-05,social,DE
cust_000334,2026-03-15,referral,US
cust_000335,2026-06-22,affiliate,DE
cust_000336,2026-01-07,affiliate,BR
cust_000337,2026-05-13,referral,ES
cust_000338,2026-05-26,organic,ES
cust_000339,2026-05-28,affiliate,DE
cust_000340,2026-03-28,organic,BR
cust_000341,2026-01-06,organic,DE
cust_000342,2026-02-26,paid_search,PT
cust_000343,2026-02-17,paid_search,US
cust_000344,2026-06-03,organic,BR
cust_000345,2026-04-29,social,US
cust_000346,2026-02-16,paid_search,US
cust_000347,2026-02-15,paid_search,BR
cust_000348,2026-02-19,affiliate,DE
cust_000349,2026-04-01,social,US
cust_000350,2026-01-31,organic,ES
cust_000351,2026-04-25,organic,ES
cust_000352,2026-05-15,organic,DE
cust_000353,2026-02-08,referral,DE
cust_000354,2026-01-21,organic,US
cust_000355,2026-04-22,organic,US
cust_000356,2026-01-05,referral,US
cust_000357,2026-02-23,organic,DE
cust_000358,2026-06-01,affiliate,BR
cust_000359,2026-04-28,affiliate,DE
cust_000360,2026-06-25,organic,DE
cust_000361,2026-04-28,social,BR
cust_000362,2026-02-06,affiliate,US
cust_000363,2026-05-20,affiliate,US
cust_000364,2026-01-27,affiliate,ES
cust_000365,2026-05-06,organic,DE
cust_000366,2026-01-07,paid_search,US
cust_000367,2026-01-18,social,BR
cust_000368,2026-03-22,organic,BR
cust_000369,2026-04-15,social,BR
cust_000370,2026-04-08,social,DE
cust_000371,2026-02-19,social,ES
cust_000372,2026-06-06,organic,DE
cust_000373,2026-06-06,organic,ES
cust_000374,2026-01-28,affiliate,BR
cust_000375,2026-05-12,affiliate,ES
cust_000376,2026-06-14,social,BR
cust_000377,2026-06-03,paid_search,BR
cust_000378,2026-01-24,paid_search,US
cust_000379,2026-05-11,organic,BR
cust_000380,2026-05-04,referral,BR
cust_000381,2026-02-15,paid_search,US
cust_000382,2026-04-20,organic,US
cust_000383,2026-05-06,organic,DE
cust_000384,2026-06-26,affiliate,US
cust_000385,2026-01-23,organic,ES
cust_000386,2026-03-01,referral,BR
cust_000387,2026-02-15,social,BR
cust_000388,2026-03-30,paid_search,ES
cust_000389,2026-05-16,referral,PT
cust_000390,2026-05-25,affiliate,DE
cust_000391,2026-05-08,organic,PT
cust_000392,2026-03-21,referral,BR
cust_000393,2026-05-15,paid_search,PT
cust_000394,2026-02-15,social,BR
cust_000395,2026-05-14,paid_search,ES
cust_000396,2026-05-06,paid_search,BR
cust_000397,2026-02-06,referral,ES
cust_000398,2026-06-10,paid_search,US
cust_000399,2026-05-05,affiliate,ES
cust_000400,2026-01-10,affiliate,BR
cust_000401,2026-01-25,affiliate,BR
cust_000402,2026-06-11,affiliate,BR
cust_000403,2026-02-11,social,BR
cust_000404,2026-05-31,organic,ES
cust_000405,2026-01-01,organic,ES
cust_000406,2026-01-26,paid_search,DE
cust_000407,2026-01-22,affiliate,BR
cust_000408,2026-01-03,paid_search,DE
cust_000409,2026-04-25,organic,BR
cust_000410,2026-01-11,organic,PT
cust_000411,2026-01-23,affiliate,PT
cust_000412,2026-06-01,paid_search,US
cust_000413,2026-03-29,paid_search,ES
cust_000414,2026-01-09,affiliate,ES
cust_000415,2026-05-08,paid_search,PT
cust_000416,2026-01-07,organic,PT
cust_000417,2026-03-19,paid_search,BR
cust_000418,2026-05-19,social,BR
cust_000419,2026-01-16,organic,BR
cust_000420,2026-01-25,organic,US
cust_000421,2026-04-17,affiliate,BR
cust_000422,2026-04-27,paid_search,PT
cust_000423,2026-04-28,paid_search,DE
cust_000424,2026-01-23,social,US
cust_000425,2026-05-30,paid_search,DE
cust_000426,2026-03-25,paid_search,BR
cust_000427,2026-03-07,social,BR
cust_000428,2026-05-22,organic,PT
cust_000429,2026-05-10,organic,ES
cust_000430,2026-05-14,referral,BR
cust_000431,2026-06-11,organic,PT
cust_000432,2026-05-25,affiliate,DE
cust_000433,2026-04-19,organic,ES
cust_000434,2026-04-20,organic,BR
cust_000435,2026-03-10,social,ES
cust_000436,2026-03-24,social,US
cust_000437,2026-02-25,affiliate,BR
cust_000438,2026-04-23,paid_search,BR
cust_000439,2026-04-04,organic,BR
cust_000440,2026-06-14,paid_search,BR
cust_000441,2026-02-24,paid_search,DE
cust_000442,2026-06-14,paid_search,DE
cust_000443,2026-05-01,affiliate,US
cust_000444,2026-01-06,affiliate,US
cust_000445,2026-05-15,organic,BR
cust_000446,2026-05-17,affiliate,ES
cust_000447,2026-03-10,organic,DE
cust_000448,2026-04-20,affiliate,BR
cust_000449,2026-05-24,affiliate,BR
cust_000450,2026-05-25,paid_search,BR
cust_000451,2026-03-30,organic,BR
cust_000452,2026-05-21,organic,ES
cust_000453,2026-04-26,organic,BR
cust_000454,2026-01-31,affiliate,BR
cust_000455,2026-01-16,organic,US
cust_000456,2026-04-05,affiliate,PT
cust_000457,2026-02-11,affiliate,BR
cust_000458,2026-03-25,organic,US
cust_000459,2026-04-26,paid_search,US
cust_000460,2026-01-09,organic,ES
cust_000461,2026-01-11,organic,BR
cust_000462,2026-02-11,affiliate,DE
cust_000463,2026-02-26,organic,BR
cust_000464,2026-05-26,paid_search,BR
cust_000465,2026-04-14,affiliate,PT
cust_000466,2026-06-11,affiliate,BR
cust_000467,2026-03-19,social,BR
cust_000468,2026-01-04,paid_search,BR
cust_000469,2026-03-02,paid_search,US
cust_000470,2026-05-18,affiliate,BR
cust_000471,2026-03-20,organic,BR
cust_000472,2026-06-05,referral,PT
cust_000473,2026-05-14,social,BR
cust_000474,2026-06-13,organic,PT
cust_000475,2026-03-19,paid_search,BR
cust_000476,2026-03-02,affiliate,BR
cust_000477,2026-06-01,organic,PT
cust_000478,2026-01-23,paid_search,BR
cust_000479,2026-05-31,organic,US
cust_000480,2026-06-09,affiliate,BR
cust_000481,2026-01-20,organic,BR
cust_000482,2026-04-27,organic,DE
cust_000483,2026-01-15,organic,DE
cust_000484,2026-04-06,paid_search,US
cust_000485,2026-04-23,paid_search,ES
cust_000486,2026-04-20,affiliate,ES
cust_000487,2026-03-04,social,US
cust_000488,2026-01-30,paid_search,PT
cust_000489,2026-05-03,organic,BR
cust_000490,2026-01-11,paid_search,BR
cust_000491,2026-03-31,paid_search,BR
cust_000492,2026-06-11,organic,US
cust_000493,2026-06-16,organic,US
cust_000494,2026-03-16,paid_search,US
cust_000495,2026-06-03,affiliate,BR
cust_000496,2026-06-26,social,US
cust_000497,2026-03-04,affiliate,PT
cust_000498,2026-01-13,paid_search,DE
cust_000499,2026-06-12,organic,US
cust_000500,2026-04-08,affiliate,BR
cust_000501,2026-05-18,paid_search,PT
cust_000502,2026-04-12,affiliate,BR
cust_000503,2026-06-28,organic,PT
cust_000504,2026-03-07,affiliate,BR
cust_000505,2026-05-03,affiliate,BR
cust_000506,2026-01-19,paid_search,BR
cust_000507,2026-02-18,affiliate,US
cust_000508,2026-06-25,affiliate,BR
cust_000509,2026-01-16,paid_search,BR
cust_000510,2026-03-09,organic,US
cust_000511,2026-05-09,paid_search,US
cust_000512,2026-01-17,organic,BR
cust_000513,2026-06-03,organic,BR
cust_000514,2026-05-17,social,US
cust_000515,2026-05-14,social,BR
cust_000516,2026-05-11,paid_search,BR
cust_000517,2026-03-12,organic,ES
cust_000518,2026-03-08,referral,PT
cust_000519,2026-02-13,referral,BR
cust_000520,2026-02-27,social,BR
cust_000521,2026-05-30,paid_search,US
cust_000522,2026-04-13,organic,BR
cust_000523,2026-05-29,affiliate,US
cust_000524,2026-01-30,organic,DE
cust_000525,2026-05-30,affiliate,ES
cust_000526,2026-05-21,paid_search,PT
cust_000527,2026-05-12,affiliate,ES
cust_000528,2026-04-29,organic,US
cust_000529,2026-03-29,organic,BR
cust_000530,2026-06-07,affiliate,ES
cust_000531,2026-02-07,paid_search,ES
cust_000532,2026-03-27,paid_search,BR
cust_000533,2026-03-16,paid_search,PT
cust_000534,2026-02-01,social,DE
cust_000535,2026-01-27,social,BR
cust_000536,2026-04-04,social,US
cust_000537,2026-01-20,affiliate,PT
cust_000538,2026-01-25,organic,DE
cust_000539,2026-02-22,paid_search,PT
cust_000540,2026-06-11,paid_search,ES
cust_000541,2026-02-13,social,DE
cust_000542,2026-01-06,paid_search,BR
cust_000543,2026-03-14,organic,ES
cust_000544,2026-03-14,organic,BR
cust_000545,2026-01-20,social,US
cust_000546,2026-06-03,organic,BR
cust_000547,2026-06-28,social,US
cust_000548,2026-01-27,affiliate,PT
cust_000549,2026-04-30,organic,BR
cust_000550,2026-02-19,organic,BR
cust_000551,2026-05-22,affiliate,PT
cust_000552,2026-05-31,organic,BR
cust_000553,2026-01-10,organic,US
cust_000554,2026-05-01,paid_search,BR
cust_000555,2026-06-25,paid_search,PT
cust_000556,2026-05-03,paid_search,BR
cust_000557,2026-01-28,organic,BR
cust_000558,2026-03-10,organic,PT
cust_000559,2026-05-10,affiliate,PT
cust_000560,2026-03-12,organic,PT
cust_000561,2026-04-09,affiliate,PT
cust_000562,2026-01-04,paid_search,PT
cust_000563,2026-05-04,paid_search,BR
cust_000564,2026-05-26,organic,DE
cust_000565,2026-03-08,organic,US
cust_000566,2026-01-21,affiliate,US
cust_000567,2026-03-06,organic,BR
cust_000568,2026-03-07,social,BR
cust_000569,2026-06-01,affiliate,ES
cust_000570,2026-04-03,affiliate,DE
cust_000571,2026-01-13,affiliate,ES
cust_000572,2026-01-08,organic,BR
cust_000573,2026-02-08,social,BR
cust_000574,2026-03-02,paid_search,ES
cust_000575,2026-04-16,paid_search,BR
cust_000576,2026-05-06,organic,BR
cust_000577,2026-06-01,organic,US
cust_000578,2026-02-23,organic,BR
cust_000579,2026-06-22,paid_search,PT
cust_000580,2026-03-17,organic,BR
cust_000581,2026-05-15,paid_search,ES
cust_000582,2026-04-11,organic,BR
cust_000583,2026-03-24,organic,US
cust_000584,2026-06-09,organic,BR
cust_000585,2026-01-20,organic,US
cust_000586,2026-03-01,paid_search,US
cust_000587,2026-02-02,affiliate,BR
cust_000588,2026-01-09,affiliate,ES
cust_000589,2026-04-30,referral,BR
cust_000590,2026-06-03,referral,BR
cust_000591,2026-05-04,paid_search,PT
cust_000592,2026-05-26,affiliate,ES
cust_000593,2026-01-28,social,US
cust_000594,2026-03-27,organic,BR
cust_000595,2026-06-01,affiliate,BR
cust_000596,2026-04-21,organic,BR
cust_000597,2026-03-29,referral,BR
cust_000598,2026-05-29,organic,BR
cust_000599,2026-03-13,paid_search,US
cust_000600,2026-02-18,referral,BR
cust_000601,2026-02-06,paid_search,BR
cust_000602,2026-04-20,organic,DE
cust_000603,2026-05-17,paid_search,ES
cust_000604,2026-02-25,affiliate,ES
cust_000605,2026-02-08,organic,DE
cust_000606,2026-03-29,organic,US
cust_000607,2026-01-18,social,ES
cust_000608,2026-03-04,affiliate,US
cust_000609,2026-04-17,paid_search,DE
cust_000610,2026-06-15,organic,US
cust_000611,2026-05-16,affiliate,DE
cust_000612,2026-04-09,organic,ES
cust_000613,2026-06-03,organic,DE
cust_000614,2026-01-06,paid_search,US
cust_000615,2026-04-01,social,US
cust_000616,2026-04-29,social,BR
cust_000617,2026-03-19,referral,US
cust_000618,2026-04-13,paid_search,PT
cust_000619,2026-04-22,organic,ES
cust_000620,2026-05-05,organic,PT
cust_000621,2026-04-11,organic,DE
cust_000622,2026-06-01,paid_search,US
cust_000623,2026-05-30,referral,PT
cust_000624,2026-06-26,social,DE
cust_000625,2026-04-11,organic,BR
cust_000626,2026-03-04,referral,BR
cust_000627,2026-04-11,social,DE
cust_000628,2026-02-18,organic,ES
cust_000629,2026-02-23,organic,BR
cust_000630,2026-04-14,organic,US
cust_000631,2026-04-25,referral,BR
cust_000632,2026-05-08,affiliate,ES
cust_000633,2026-03-07,social,US
cust_000634,2026-06-10,social,BR
cust_000635,2026-05-05,affiliate,BR
cust_000636,2026-02-10,affiliate,PT
cust_000637,2026-05-05,organic,DE
cust_000638,2026-04-16,organic,ES
cust_000639,2026-04-04,organic,DE
cust_000640,2026-03-20,organic,BR
cust_000641,2026-01-12,organic,PT
cust_000642,2026-04-01,organic,US
cust_000643,2026-03-02,social,BR
cust_000644,2026-06-17,organic,BR
cust_000645,2026-05-28,paid_search,US
cust_000646,2026-03-03,organic,BR
cust_000647,2026-03-29,organic,BR
cust_000648,2026-02-26,referral,DE
cust_000649,2026-03-23,organic,DE
cust_000650,2026-02-01,social,ES
cust_000651,2026-05-21,organic,DE
cust_000652,2026-04-07,referral,PT
cust_000653,2026-06-20,organic,BR
cust_000654,2026-03-18,paid_search,ES
cust_000655,2026-02-11,paid_search,BR
cust_000656,2026-02-24,paid_search,DE
cust_000657,2026-05-08,affiliate,BR
cust_000658,2026-01-02,social,PT
cust_000659,2026-06-21,organic,BR
cust_000660,2026-03-20,paid_search,PT
cust_000661,2026-04-21,paid_search,BR
cust_000662,2026-02-26,organic,PT
cust_000663,2026-05-29,paid_search,DE
cust_000664,2026-05-02,affiliate,BR
cust_000665,2026-01-19,paid_search,DE
cust_000666,2026-03-07,paid_search,BR
cust_000667,2026-01-29,organic,PT
cust_000668,2026-04-08,organic,BR
cust_000669,2026-05-19,organic,PT
cust_000670,2026-03-30,organic,DE
cust_000671,2026-01-28,organic,US
cust_000672,2026-02-01,paid_search,US
cust_000673,2026-06-13,organic,BR
cust_000674,2026-06-10,paid_search,PT
cust_000675,2026-04-20,organic,DE
cust_000676,2026-03-13,organic,BR
cust_000677,2026-03-22,paid_search,DE
cust_000678,2026-05-21,social,US
cust_000679,2026-04-26,paid_search,ES
cust_000680,2026-06-02,referral,US
cust_000681,2026-02-14,affiliate,US
cust_000682,2026-02-03,paid_search,US
cust_000683,2026-05-31,social,BR
cust_000684,2026-05-13,organic,US
cust_000685,2026-05-17,organic,BR
cust_000686,2026-03-02,paid_search,PT
cust_000687,2026-02-09,paid_search,DE
cust_000688,2026-06-28,paid_search,DE
cust_000689,2026-05-22,organic,BR
cust_000690,2026-02-10,paid_search,ES
cust_000691,2026-04-03,paid_search,BR
cust_000692,2026-02-03,paid_search,PT
cust_000693,2026-04-17,paid_search,DE
cust_000694,2026-05-20,affiliate,DE
cust_000695,2026-02-21,affiliate,BR
cust_000696,2026-02-17,organic,BR
cust_000697,2026-02-27,affiliate,US
cust_000698,2026-05-15,affiliate,BR
cust_000699,2026-03-09,paid_search,ES
cust_000700,2026-05-21,organic,BR
cust_000701,2026-05-12,paid_search,DE
cust_000702,2026-03-18,social,ES
cust_000703,2026-06-06,organic,BR
cust_000704,2026-05-19,organic,ES
cust_000705,2026-05-08,organic,PT
cust_000706,2026-02-09,social,BR
cust_000707,2026-04-20,affiliate,BR
cust_000708,2026-04-30,affiliate,BR
cust_000709,2026-01-10,affiliate,PT
cust_000710,2026-05-04,organic,BR
cust_000711,2026-03-06,affiliate,BR
cust_000712,2026-05-30,organic,ES
cust_000713,2026-01-31,paid_search,ES
cust_000714,2026-06-20,paid_search,US
cust_000715,2026-05-27,referral,BR
cust_000716,2026-05-06,organic,DE
cust_000717,2026-05-07,paid_search,PT
cust_000718,2026-05-21,social,BR
cust_000719,2026-06-28,organic,DE
cust_000720,2026-02-04,referral,BR
cust_000721,2026-06-12,paid_search,PT
cust_000722,2026-05-26,referral,ES
cust_000723,2026-06-20,organic,BR
cust_000724,2026-04-28,organic,ES
cust_000725,2026-02-25,paid_search,US
cust_000726,2026-04-12,paid_search,ES
cust_000727,2026-06-15,paid_search,BR
cust_000728,2026-06-07,organic,BR
cust_000729,2026-03-31,affiliate,US
cust_000730,2026-01-03,affiliate,DE
cust_000731,2026-04-21,affiliate,BR
cust_000732,2026-04-29,social,DE
cust_000733,2026-06-10,paid_search,BR
cust_000734,2026-03-19,affiliate,BR
cust_000735,2026-01-28,paid_search,ES
cust_000736,2026-01-02,organic,BR
cust_000737,2026-05-27,organic,BR
cust_000738,2026-04-24,affiliate,BR
cust_000739,2026-05-07,paid_search,BR
cust_000740,2026-05-10,organic,BR
cust_000741,2026-03-20,affiliate,ES
cust_000742,2026-06-22,affiliate,BR
cust_000743,2026-01-23,affiliate,ES
cust_000744,2026-03-13,affiliate,BR
cust_000745,2026-01-26,paid_search,PT
cust_000746,2026-04-28,paid_search,US
cust_000747,2026-06-27,paid_search,PT
cust_000748,2026-05-09,social,DE
cust_000749,2026-05-13,affiliate,DE
cust_000750,2026-01-16,paid_search,PT
cust_000751,2026-03-12,organic,US
cust_000752,2026-01-12,social,ES
cust_000753,2026-02-09,paid_search,BR
cust_000754,2026-03-05,social,PT
cust_000755,2026-05-13,organic,US
cust_000756,2026-01-18,social,PT
cust_000757,2026-01-11,paid_search,PT
cust_000758,2026-03-30,paid_search,US
cust_000759,2026-05-11,social,US
cust_000760,2026-03-18,organic,BR
cust_000761,2026-02-12,paid_search,BR
cust_000762,2026-03-08,affiliate,PT
cust_000763,2026-01-12,referral,BR
cust_000764,2026-04-02,organic,PT
cust_000765,2026-05-30,organic,US
cust_000766,2026-05-22,affiliate,PT
cust_000767,2026-06-23,paid_search,DE
cust_000768,2026-06-26,paid_search,BR
cust_000769,2026-05-09,social,BR
cust_000770,2026-06-17,organic,BR
cust_000771,2026-04-15,paid_search,BR
cust_000772,2026-02-13,social,DE
cust_000773,2026-02-27,paid_search,US
cust_000774,2026-03-24,paid_search,DE
cust_000775,2026-02-18,paid_search,BR
cust_000776,2026-02-06,referral,US
cust_000777,2026-01-22,organic,US
cust_000778,2026-04-30,affiliate,DE
cust_000779,2026-01-04,organic,BR
cust_000780,2026-04-26,organic,US
cust_000781,2026-05-17,social,BR
cust_000782,2026-01-09,paid_search,BR
cust_000783,2026-02-12,affiliate,DE
cust_000784,2026-01-28,paid_search,BR
cust_000785,2026-06-08,social,US
cust_000786,2026-04-23,paid_search,US
cust_000787,2026-03-04,organic,DE
cust_000788,2026-05-09,paid_search,PT
cust_000789,2026-02-23,organic,ES
cust_000790,2026-06-20,affiliate,BR
cust_000791,2026-05-12,paid_search,PT
cust_000792,2026-03-08,referral,US
cust_000793,2026-06-02,paid_search,US
cust_000794,2026-03-21,organic,BR
cust_000795,2026-05-27,paid_search,BR
cust_000796,2026-02-13,organic,US
cust_000797,2026-06-06,paid_search,BR
cust_000798,2026-03-22,referral,US
cust_000799,2026-01-27,paid_search,BR
cust_000800,2026-03-06,affiliate,ES
cust_000801,2026-06-14,paid_search,PT
cust_000802,2026-06-11,organic,BR
cust_000803,2026-05-11,affiliate,BR
cust_000804,2026-01-15,organic,DE
cust_000805,2026-05-21,affiliate,BR
cust_000806,2026-02-10,social,BR
cust_000807,2026-06-26,organic,ES
cust_000808,2026-05-24,organic,ES
cust_000809,2026-04-03,social,US
cust_000810,2026-05-17,organic,ES
cust_000811,2026-04-18,organic,BR
cust_000812,2026-04-01,paid_search,BR
cust_000813,2026-02-20,paid_search,DE
cust_000814,2026-04-01,organic,ES
cust_000815,2026-04-02,affiliate,BR
cust_000816,2026-02-09,paid_search,PT
cust_000817,2026-04-20,social,US
cust_000818,2026-01-04,organic,ES
cust_000819,2026-04-23,affiliate,BR
cust_000820,2026-02-08,organic,BR
cust_000821,2026-06-11,organic,US
cust_000822,2026-05-13,organic,DE
cust_000823,2026-04-05,referral,US
cust_000824,2026-04-06,paid_search,US
cust_000825,2026-03-10,organic,US
cust_000826,2026-04-05,organic,DE
cust_000827,2026-05-05,referral,PT
cust_000828,2026-06-12,social,ES
cust_000829,2026-05-10,organic,BR
cust_000830,2026-01-27,social,BR
cust_000831,2026-05-18,organic,BR
cust_000832,2026-03-30,paid_search,US
cust_000833,2026-05-10,referral,ES
cust_000834,2026-05-09,paid_search,BR
cust_000835,2026-04-18,paid_search,BR
cust_000836,2026-05-21,organic,ES
cust_000837,2026-01-04,paid_search,US
cust_000838,2026-03-25,social,ES
cust_000839,2026-01-21,social,PT
cust_000840,2026-02-16,organic,PT
cust_000841,2026-06-08,paid_search,DE
cust_000842,2026-01-16,paid_search,PT
cust_000843,2026-04-20,organic,US
cust_000844,2026-02-28,affiliate,DE
cust_000845,2026-05-07,referral,US
cust_000846,2026-01-07,organic,BR
cust_000847,2026-04-18,paid_search,US
cust_000848,2026-05-17,organic,PT
cust_000849,2026-03-26,affiliate,BR
cust_000850,2026-06-16,referral,DE
cust_000851,2026-06-28,organic,BR
cust_000852,2026-06-18,affiliate,US
cust_000853,2026-02-22,organic,BR
cust_000854,2026-06-29,organic,PT
cust_000855,2026-05-08,organic,ES
cust_000856,2026-03-03,organic,BR
cust_000857,2026-01-28,affiliate,US
cust_000858,2026-03-19,referral,BR
cust_000859,2026-04-20,organic,DE
cust_000860,2026-03-17,affiliate,PT
cust_000861,2026-03-16,affiliate,BR
cust_000862,2026-05-14,affiliate,PT
cust_000863,2026-03-09,organic,PT
cust_000864,2026-06-12,organic,US
cust_000865,2026-04-30,referral,BR
cust_000866,2026-05-31,organic,US
cust_000867,2026-06-02,referral,PT
cust_000868,2026-03-11,paid_search,BR
cust_000869,2026-02-06,affiliate,US
cust_000870,2026-01-17,affiliate,BR
cust_000871,2026-02-17,affiliate,BR
cust_000872,2026-01-30,paid_search,DE
cust_000873,2026-01-30,affiliate,BR
cust_000874,2026-01-21,organic,ES
cust_000875,2026-03-28,paid_search,BR
cust_000876,2026-01-26,organic,PT
cust_000877,2026-04-19,paid_search,PT
cust_000878,2026-01-06,organic,US
cust_000879,2026-04-26,paid_search,BR
cust_000880,2026-03-16,organic,PT
cust_000881,2026-06-01,organic,ES
cust_000882,2026-06-25,referral,BR
cust_000883,2026-04-12,organic,BR
cust_000884,2026-01-27,organic,BR
cust_000885,2026-01-29,organic,PT
cust_000886,2026-03-23,organic,DE
cust_000887,2026-03-12,organic,BR
cust_000888,2026-05-02,paid_search,US
cust_000889,2026-03-30,organic,BR
cust_000890,2026-03-18,organic,US
cust_000891,2026-06-06,social,PT
cust_000892,2026-03-25,social,DE
cust_000893,2026-04-26,organic,BR
cust_000894,2026-05-16,organic,BR
cust_000895,2026-03-19,referral,BR
cust_000896,2026-05-15,affiliate,ES
cust_000897,2026-06-01,organic,BR
cust_000898,2026-06-08,affiliate,BR
cust_000899,2026-04-20,organic,ES
cust_000900,2026-02-04,affiliate,US
cust_000901,2026-05-22,paid_search,US
cust_000902,2026-03-27,affiliate,DE
cust_000903,2026-01-14,social,DE
cust_000904,2026-03-21,affiliate,BR
cust_000905,2026-02-28,organic,US
cust_000906,2026-05-19,paid_search,BR
cust_000907,2026-03-29,referral,PT
cust_000908,2026-03-19,paid_search,ES
cust_000909,2026-06-18,affiliate,PT
cust_000910,2026-06-03,referral,US
cust_000911,2026-06-07,paid_search,US
cust_000912,2026-01-17,organic,BR
cust_000913,2026-05-10,paid_search,US
cust_000914,2026-01-09,paid_search,US
cust_000915,2026-05-06,paid_search,DE
cust_000916,2026-06-04,paid_search,BR
cust_000917,2026-02-20,organic,US
cust_000918,2026-04-19,paid_search,US
cust_000919,2026-03-28,paid_search,PT
cust_000920,2026-05-12,paid_search,PT
cust_000921,2026-03-08,referral,PT
cust_000922,2026-02-27,paid_search,ES
cust_000923,2026-01-23,social,US
cust_000924,2026-03-09,organic,PT
cust_000925,2026-02-10,paid_search,BR
cust_000926,2026-01-19,paid_search,US
cust_000927,2026-03-03,organic,BR
cust_000928,2026-05-19,organic,DE
cust_000929,2026-05-06,organic,DE
cust_000930,2026-05-24,organic,BR
cust_000931,2026-02-01,organic,PT
cust_000932,2026-03-31,organic,PT
cust_000933,2026-02-05,organic,US
cust_000934,2026-03-18,organic,US
cust_000935,2026-02-08,paid_search,PT
cust_000936,2026-01-01,affiliate,BR
cust_000937,2026-05-27,affiliate,DE
cust_000938,2026-04-23,organic,DE
cust_000939,2026-02-06,paid_search,BR
cust_000940,2026-01-23,organic,DE
cust_000941,2026-04-13,referral,BR
cust_000942,2026-03-17,affiliate,US
cust_000943,2026-03-09,paid_search,PT
cust_000944,2026-02-03,social,US
cust_000945,2026-02-27,social,US
cust_000946,2026-05-11,organic,BR
cust_000947,2026-03-01,organic,BR
cust_000948,2026-01-28,paid_search,PT
cust_000949,2026-01-27,paid_search,PT
cust_000950,2026-04-05,affiliate,US
cust_000951,2026-05-06,referral,BR
cust_000952,2026-02-02,paid_search,BR
cust_000953,2026-03-03,social,US
cust_000954,2026-06-18,paid_search,BR
cust_000955,2026-01-27,organic,BR
cust_000956,2026-04-20,paid_search,PT
cust_000957,2026-05-13,paid_search,US
cust_000958,2026-03-28,paid_search,BR
cust_000959,2026-01-06,affiliate,BR
cust_000960,2026-01-07,organic,PT
cust_000961,2026-02-02,affiliate,US
cust_000962,2026-05-31,affiliate,PT
cust_000963,2026-01-22,paid_search,BR
cust_000964,2026-04-16,social,BR
cust_000965,2026-06-09,affiliate,DE
cust_000966,2026-03-27,paid_search,ES
cust_000967,2026-01-20,affiliate,US
cust_000968,2026-02-18,organic,ES
cust_000969,2026-03-29,organic,DE
cust_000970,2026-01-17,paid_search,ES
cust_000971,2026-05-31,social,BR
cust_000972,2026-05-24,paid_search,BR
cust_000973,2026-05-19,affiliate,PT
cust_000974,2026-04-30,organic,BR
cust_000975,2026-02-10,social,US
cust_000976,2026-04-14,organic,PT
cust_000977,2026-03-04,referral,BR
cust_000978,2026-04-22,organic,DE
cust_000979,2026-06-24,affiliate,BR
cust_000980,2026-05-26,affiliate,ES
cust_000981,2026-02-23,social,BR
cust_000982,2026-06-18,organic,BR
cust_000983,2026-03-04,social,DE
cust_000984,2026-05-12,paid_search,BR
cust_000985,2026-05-03,organic,PT
cust_000986,2026-03-29,organic,DE
cust_000987,2026-05-30,organic,PT
cust_000988,2026-02-24,affiliate,DE
cust_000989,2026-03-30,referral,BR
cust_000990,2026-01-01,social,DE
cust_000991,2026-01-19,affiliate,PT
cust_000992,2026-05-09,affiliate,DE
cust_000993,2026-06-04,paid_search,BR
cust_000994,2026-03-25,social,PT
cust_000995,2026-03-04,social,BR
cust_000996,2026-04-23,organic,DE
cust_000997,2026-06-03,organic,US
cust_000998,2026-01-10,organic,US
cust_000999,2026-06-12,paid_search,BR
cust_001000,2026-06-16,organic,PT
cust_001001,2026-03-25,organic,US
cust_001002,2026-01-26,social,BR
cust_001003,2026-06-19,referral,BR
cust_001004,2026-05-08,paid_search,BR
cust_001005,2026-05-10,social,BR
cust_001006,2026-03-18,affiliate,US
cust_001007,2026-05-27,organic,US
cust_001008,2026-05-17,organic,BR
cust_001009,2026-01-16,organic,BR
cust_001010,2026-05-13,paid_search,BR
cust_001011,2026-03-08,social,ES
cust_001012,2026-03-24,affiliate,PT
cust_001013,2026-02-14,paid_search,US
cust_001014,2026-01-20,organic,BR
cust_001015,2026-02-28,organic,DE
cust_001016,2026-05-27,social,US
cust_001017,2026-05-12,organic,PT
cust_001018,2026-01-02,affiliate,BR
cust_001019,2026-03-10,affiliate,US
cust_001020,2026-01-30,social,US
cust_001021,2026-03-27,social,BR
cust_001022,2026-01-20,organic,BR
cust_001023,2026-05-22,paid_search,ES
cust_001024,2026-03-03,affiliate,BR
cust_001025,2026-05-06,organic,US
cust_001026,2026-04-27,affiliate,BR
cust_001027,2026-05-15,organic,DE
cust_001028,2026-06-20,organic,PT
cust_001029,2026-04-09,organic,BR
cust_001030,2026-05-06,organic,DE
cust_001031,2026-02-16,paid_search,BR
cust_001032,2026-04-08,affiliate,BR
cust_001033,2026-06-22,referral,ES
cust_001034,2026-03-03,organic,DE
cust_001035,2026-04-21,paid_search,PT
cust_001036,2026-02-03,affiliate,ES
cust_001037,2026-05-30,organic,US
cust_001038,2026-01-03,organic,BR
cust_001039,2026-01-12,referral,BR
cust_001040,2026-02-25,affiliate,PT
cust_001041,2026-03-22,paid_search,PT
cust_001042,2026-05-05,paid_search,US
cust_001043,2026-02-23,organic,BR
cust_001044,2026-06-28,organic,DE
cust_001045,2026-04-15,organic,US
cust_001046,2026-05-29,social,US
cust_001047,2026-01-13,organic,PT
cust_001048,2026-06-14,organic,BR
cust_001049,2026-06-29,paid_search,PT
cust_001050,2026-04-29,organic,US
cust_001051,2026-05-08,affiliate,BR
cust_001052,2026-05-18,organic,BR
cust_001053,2026-04-07,referral,PT
cust_001054,2026-06-02,social,BR
cust_001055,2026-03-14,organic,DE
cust_001056,2026-02-22,affiliate,BR
cust_001057,2026-06-24,organic,DE
cust_001058,2026-02-22,paid_search,BR
cust_001059,2026-04-22,affiliate,PT
cust_001060,2026-04-10,paid_search,PT
cust_001061,2026-04-21,organic,BR
cust_001062,2026-05-31,organic,US
cust_001063,2026-05-21,organic,US
cust_001064,2026-01-01,organic,DE
cust_001065,2026-02-17,organic,BR
cust_001066,2026-06-28,organic,ES
cust_001067,2026-06-16,organic,DE
cust_001068,2026-05-19,affiliate,PT
cust_001069,2026-03-04,organic,ES
cust_001070,2026-03-04,organic,BR
cust_001071,2026-03-14,organic,US
cust_001072,2026-01-11,organic,DE
cust_001073,2026-01-09,referral,BR
cust_001074,2026-04-01,social,DE
cust_001075,2026-03-02,organic,US
cust_001076,2026-01-02,paid_search,BR
cust_001077,2026-06-02,organic,US
cust_001078,2026-04-01,paid_search,ES
cust_001079,2026-05-31,affiliate,US
cust_001080,2026-04-17,affiliate,BR
cust_001081,2026-01-02,referral,BR
cust_001082,2026-04-16,organic,DE
cust_001083,2026-06-20,organic,BR
cust_001084,2026-05-28,affiliate,DE
cust_001085,2026-05-22,organic,BR
cust_001086,2026-02-16,paid_search,ES
cust_001087,2026-01-28,affiliate,BR
cust_001088,2026-06-28,organic,DE
cust_001089,2026-03-22,affiliate,BR
cust_001090,2026-05-26,organic,BR
cust_001091,2026-01-26,affiliate,BR
cust_001092,2026-04-25,paid_search,PT
cust_001093,2026-01-26,organic,BR
cust_001094,2026-03-03,referral,BR
cust_001095,2026-06-11,affiliate,BR
cust_001096,2026-02-22,organic,ES
cust_001097,2026-01-27,affiliate,US
cust_001098,2026-01-31,organic,PT
cust_001099,2026-03-02,paid_search,PT
cust_001100,2026-05-30,organic,BR
cust_001101,2026-02-21,social,BR
cust_001102,2026-06-06,affiliate,DE
cust_001103,2026-05-16,affiliate,BR
cust_001104,2026-06-16,organic,BR
cust_001105,2026-02-18,referral,BR
cust_001106,2026-01-10,affiliate,BR
cust_001107,2026-02-03,organic,PT
cust_001108,2026-03-29,paid_search,US
cust_001109,2026-01-19,paid_search,DE
cust_001110,2026-01-28,organic,BR
cust_001111,2026-06-01,referral,BR
cust_001112,2026-06-09,paid_search,US
cust_001113,2026-05-06,organic,US
cust_001114,2026-06-28,social,BR
cust_001115,2026-01-13,organic,US
cust_001116,2026-06-07,organic,ES
cust_001117,2026-06-11,social,BR
cust_001118,2026-03-31,organic,ES
cust_001119,2026-03-26,social,BR
cust_001120,2026-01-06,paid_search,PT
cust_001121,2026-03-10,organic,BR
cust_001122,2026-02-24,paid_search,BR
cust_001123,2026-04-30,affiliate,BR
cust_001124,2026-02-27,paid_search,DE
cust_001125,2026-04-04,organic,BR
cust_001126,2026-01-27,paid_search,US
cust_001127,2026-06-04,paid_search,US
cust_001128,2026-06-05,paid_search,BR
cust_001129,2026-03-16,affiliate,BR
cust_001130,2026-04-16,affiliate,BR
cust_001131,2026-04-20,paid_search,BR
cust_001132,2026-02-04,organic,US
cust_001133,2026-01-06,social,DE
cust_001134,2026-01-12,social,PT
cust_001135,2026-03-11,affiliate,ES
cust_001136,2026-01-31,organic,US
cust_001137,2026-02-21,paid_search,DE
cust_001138,2026-05-24,organic,ES
cust_001139,2026-02-12,paid_search,ES
cust_001140,2026-03-17,paid_search,DE
cust_001141,2026-06-14,organic,BR
cust_001142,2026-03-03,social,US
cust_001143,2026-06-27,paid_search,US
cust_001144,2026-03-10,referral,US
cust_001145,2026-04-20,referral,DE
cust_001146,2026-06-07,social,PT
cust_001147,2026-03-02,organic,BR
cust_001148,2026-01-11,organic,BR
cust_001149,2026-04-13,paid_search,BR
cust_001150,2026-04-30,organic,BR
cust_001151,2026-05-20,organic,DE
cust_001152,2026-06-18,organic,BR
cust_001153,2026-04-24,affiliate,BR
cust_001154,2026-01-22,social,DE
cust_001155,2026-01-15,paid_search,ES
cust_001156,2026-03-18,paid_search,BR
cust_001157,2026-03-04,organic,BR
cust_001158,2026-03-26,affiliate,ES
cust_001159,2026-05-07,organic,US
cust_001160,2026-04-20,affiliate,ES
cust_001161,2026-06-02,paid_search,US
cust_001162,2026-06-08,organic,BR
cust_001163,2026-05-14,organic,BR
cust_001164,2026-01-01,referral,ES
cust_001165,2026-03-18,social,DE
cust_001166,2026-04-21,organic,US
cust_001167,2026-06-28,social,US
cust_001168,2026-05-05,paid_search,ES
cust_001169,2026-01-28,organic,BR
cust_001170,2026-03-09,referral,BR
cust_001171,2026-06-21,referral,DE
cust_001172,2026-05-11,affiliate,DE
cust_001173,2026-03-28,organic,BR
cust_001174,2026-05-15,organic,BR
cust_001175,2026-01-21,affiliate,BR
cust_001176,2026-03-27,affiliate,ES
cust_001177,2026-06-21,paid_search,DE
cust_001178,2026-03-10,paid_search,BR
cust_001179,2026-04-04,affiliate,US
cust_001180,2026-05-28,affiliate,BR
cust_001181,2026-01-15,affiliate,BR
cust_001182,2026-01-04,organic,ES
cust_001183,2026-01-15,organic,DE
cust_001184,2026-02-01,affiliate,PT
cust_001185,2026-06-24,referral,BR
cust_001186,2026-04-30,social,US
cust_001187,2026-03-25,referral,BR
cust_001188,2026-06-22,paid_search,BR
cust_001189,2026-03-06,organic,BR
cust_001190,2026-05-16,paid_search,ES
cust_001191,2026-04-15,organic,BR
cust_001192,2026-02-16,organic,BR
cust_001193,2026-04-17,social,BR
cust_001194,2026-03-12,organic,BR
cust_001195,2026-06-09,affiliate,US
cust_001196,2026-02-08,organic,BR
cust_001197,2026-05-04,organic,BR
cust_001198,2026-06-13,organic,DE
cust_001199,2026-04-02,paid_search,US
cust_001200,2026-01-18,affiliate,BR
cust_001201,2026-03-14,social,BR
cust_001202,2026-03-28,organic,PT
cust_001203,2026-02-21,organic,BR
cust_001204,2026-01-12,organic,US
cust_001205,2026-01-19,organic,BR
cust_001206,2026-04-16,paid_search,DE
cust_001207,2026-02-14,paid_search,DE
cust_001208,2026-06-08,paid_search,ES
cust_001209,2026-05-14,social,PT
cust_001210,2026-06-21,organic,BR
cust_001211,2026-03-18,social,US
cust_001212,2026-04-08,paid_search,PT
cust_001213,2026-04-21,affiliate,US
cust_001214,2026-01-24,referral,PT
cust_001215,2026-02-02,referral,DE
cust_001216,2026-01-25,organic,BR
cust_001217,2026-05-13,paid_search,ES
cust_001218,2026-05-02,organic,US
cust_001219,2026-03-04,social,ES
cust_001220,2026-01-14,organic,US
cust_001221,2026-04-18,organic,BR
cust_001222,2026-03-30,social,BR
cust_001223,2026-05-17,affiliate,PT
cust_001224,2026-03-23,organic,BR
cust_001225,2026-04-21,paid_search,DE
cust_001226,2026-01-20,referral,US
cust_001227,2026-01-20,affiliate,DE
cust_001228,2026-06-20,organic,PT
cust_001229,2026-03-16,affiliate,US
cust_001230,2026-04-02,organic,BR
cust_001231,2026-01-28,affiliate,US
cust_001232,2026-03-20,organic,DE
cust_001233,2026-03-06,affiliate,BR
cust_001234,2026-04-03,referral,DE
cust_001235,2026-01-04,organic,DE
cust_001236,2026-03-02,organic,PT
cust_001237,2026-05-16,affiliate,ES
cust_001238,2026-02-14,organic,ES
cust_001239,2026-03-28,affiliate,BR
cust_001240,2026-05-22,paid_search,US
cust_001241,2026-02-06,paid_search,ES
cust_001242,2026-03-21,affiliate,DE
cust_001243,2026-06-18,paid_search,BR
cust_001244,2026-06-03,organic,BR
cust_001245,2026-04-09,paid_search,DE
cust_001246,2026-04-12,social,BR
cust_001247,2026-02-07,social,BR
cust_001248,2026-01-12,organic,PT
cust_001249,2026-06-28,paid_search,BR
cust_001250,2026-03-13,social,PT
cust_001251,2026-05-04,referral,US
cust_001252,2026-02-16,paid_search,US
cust_001253,2026-02-04,referral,PT
cust_001254,2026-04-18,organic,BR
cust_001255,2026-06-23,organic,DE
cust_001256,2026-01-18,organic,BR
cust_001257,2026-02-01,social,DE
cust_001258,2026-02-11,social,US
cust_001259,2026-05-12,organic,US
cust_001260,2026-04-10,organic,DE
cust_001261,2026-05-30,affiliate,PT
cust_001262,2026-01-26,affiliate,US
cust_001263,2026-01-02,organic,US
cust_001264,2026-03-01,affiliate,US
cust_001265,2026-02-23,paid_search,BR
cust_001266,2026-03-09,paid_search,BR
cust_001267,2026-02-28,affiliate,DE
cust_001268,2026-03-19,paid_search,BR
cust_001269,2026-05-09,referral,DE
cust_001270,2026-04-20,affiliate,US
cust_001271,2026-02-27,affiliate,PT
cust_001272,2026-03-07,referral,US
cust_001273,2026-06-17,organic,US
cust_001274,2026-06-23,affiliate,BR
cust_001275,2026-04-11,affiliate,DE
cust_001276,2026-06-06,social,DE
cust_001277,2026-03-20,affiliate,US
cust_001278,2026-05-21,organic,PT
cust_001279,2026-02-27,organic,PT
cust_001280,2026-03-17,affiliate,US
cust_001281,2026-04-22,social,BR
cust_001282,2026-05-19,organic,PT
cust_001283,2026-06-02,paid_search,ES
cust_001284,2026-03-11,paid_search,DE
cust_001285,2026-06-13,affiliate,US
cust_001286,2026-02-27,organic,BR
cust_001287,2026-02-20,affiliate,US
cust_001288,2026-06-27,organic,US
cust_001289,2026-03-07,affiliate,BR
cust_001290,2026-02-13,affiliate,BR
cust_001291,2026-06-03,social,BR
cust_001292,2026-04-24,organic,DE
cust_001293,2026-04-02,organic,US
cust_001294,2026-04-23,referral,BR
cust_001295,2026-06-22,organic,BR
cust_001296,2026-05-13,paid_search,BR
cust_001297,2026-01-11,social,BR
cust_001298,2026-02-08,organic,ES
cust_001299,2026-06-23,social,PT
cust_001300,2026-03-03,social,BR
cust_001301,2026-01-16,paid_search,US
cust_001302,2026-02-04,organic,BR
cust_001303,2026-03-29,organic,DE
cust_001304,2026-02-02,paid_search,BR
cust_001305,2026-06-02,affiliate,BR
cust_001306,2026-04-30,paid_search,PT
cust_001307,2026-03-25,referral,BR
cust_001308,2026-01-08,paid_search,US
cust_001309,2026-01-03,social,DE
cust_001310,2026-04-14,organic,US
cust_001311,2026-05-02,affiliate,BR
cust_001312,2026-06-20,organic,BR
cust_001313,2026-03-16,paid_search,BR
cust_001314,2026-01-13,social,BR
cust_001315,2026-02-26,paid_search,PT
cust_001316,2026-04-12,organic,DE
cust_001317,2026-01-26,organic,ES
cust_001318,2026-03-11,affiliate,BR
cust_001319,2026-06-26,social,PT
cust_001320,2026-02-14,organic,ES
cust_001321,2026-02-11,affiliate,US
cust_001322,2026-02-02,organic,US
cust_001323,2026-06-03,organic,DE
cust_001324,2026-02-19,affiliate,US
cust_001325,2026-04-26,referral,US
cust_001326,2026-05-07,social,BR
cust_001327,2026-01-23,paid_search,BR
cust_001328,2026-04-17,organic,US
cust_001329,2026-02-09,affiliate,US
cust_001330,2026-02-28,paid_search,BR
cust_001331,2026-04-12,organic,US
cust_001332,2026-01-27,paid_search,DE
cust_001333,2026-04-10,affiliate,BR
cust_001334,2026-01-23,affiliate,PT
cust_001335,2026-04-29,organic,BR
cust_001336,2026-04-12,referral,BR
cust_001337,2026-03-21,organic,BR
cust_001338,2026-04-07,social,US
cust_001339,2026-04-04,organic,BR
cust_001340,2026-05-11,organic,BR
cust_001341,2026-04-22,affiliate,BR
cust_001342,2026-01-18,affiliate,BR
cust_001343,2026-05-21,organic,BR
cust_001344,2026-02-14,paid_search,ES
cust_001345,2026-02-21,paid_search,BR
cust_001346,2026-02-03,social,DE
cust_001347,2026-03-11,social,BR
cust_001348,2026-05-24,organic,DE
cust_001349,2026-06-22,organic,DE
cust_001350,2026-05-09,affiliate,BR
cust_001351,2026-06-23,paid_search,US
cust_001352,2026-06-20,affiliate,BR
cust_001353,2026-03-08,organic,PT
cust_001354,2026-03-30,organic,BR
cust_001355,2026-06-15,paid_search,PT
cust_001356,2026-06-22,affiliate,BR
cust_001357,2026-05-16,affiliate,ES
cust_001358,2026-06-13,organic,PT
cust_001359,2026-04-25,paid_search,US
cust_001360,2026-03-27,organic,BR
cust_001361,2026-03-11,affiliate,DE
cust_001362,2026-06-20,social,ES
cust_001363,2026-01-26,paid_search,PT
cust_001364,2026-06-22,paid_search,BR
cust_001365,2026-02-20,affiliate,BR
cust_001366,2026-06-18,affiliate,DE
cust_001367,2026-04-22,affiliate,BR
cust_001368,2026-05-11,social,PT
cust_001369,2026-05-14,affiliate,BR
cust_001370,2026-05-09,affiliate,PT
cust_001371,2026-05-09,affiliate,BR
cust_001372,2026-06-12,social,DE
cust_001373,2026-04-30,organic,US
cust_001374,2026-01-31,paid_search,PT
cust_001375,2026-04-07,social,BR
cust_001376,2026-04-06,organic,BR
cust_001377,2026-02-24,organic,BR
cust_001378,2026-05-05,paid_search,DE
cust_001379,2026-01-16,paid_search,DE
cust_001380,2026-03-29,organic,PT
cust_001381,2026-03-03,organic,PT
cust_001382,2026-05-07,organic,PT
cust_001383,2026-01-07,paid_search,BR
cust_001384,2026-01-18,affiliate,ES
cust_001385,2026-05-04,organic,PT
cust_001386,2026-02-10,affiliate,PT
cust_001387,2026-03-08,paid_search,BR
cust_001388,2026-02-13,social,BR
cust_001389,2026-05-30,affiliate,PT
cust_001390,2026-05-08,paid_search,PT
cust_001391,2026-01-19,affiliate,BR
cust_001392,2026-03-08,paid_search,US
cust_001393,2026-06-05,organic,PT
cust_001394,2026-05-17,organic,DE
cust_001395,2026-04-06,organic,US
cust_001396,2026-05-21,paid_search,BR
cust_001397,2026-02-08,organic,ES
cust_001398,2026-03-18,organic,DE
cust_001399,2026-02-07,affiliate,BR
cust_001400,2026-03-22,organic,US
cust_001401,2026-05-11,paid_search,DE
cust_001402,2026-03-29,paid_search,US
cust_001403,2026-04-08,organic,PT
cust_001404,2026-04-13,affiliate,US
cust_001405,2026-03-26,social,PT
cust_001406,2026-04-09,affiliate,ES
cust_001407,2026-05-15,paid_search,US
cust_001408,2026-01-25,organic,US
cust_001409,2026-04-28,social,PT
cust_001410,2026-03-16,paid_search,US
cust_001411,2026-05-15,affiliate,BR
cust_001412,2026-03-08,referral,PT
cust_001413,2026-01-26,organic,US
cust_001414,2026-06-22,affiliate,BR
cust_001415,2026-05-17,paid_search,BR
cust_001416,2026-05-24,referral,US
cust_001417,2026-02-09,organic,US
cust_001418,2026-05-14,organic,US
cust_001419,2026-05-18,affiliate,ES
cust_001420,2026-04-08,paid_search,US
cust_001421,2026-05-18,organic,BR
cust_001422,2026-04-04,paid_search,ES
cust_001423,2026-05-18,paid_search,US
cust_001424,2026-06-13,paid_search,DE
cust_001425,2026-03-24,social,PT
cust_001426,2026-01-05,paid_search,BR
cust_001427,2026-01-11,organic,DE
cust_001428,2026-02-01,referral,US
cust_001429,2026-01-29,social,US
cust_001430,2026-02-27,organic,PT
cust_001431,2026-03-11,social,BR
cust_001432,2026-06-18,affiliate,US
cust_001433,2026-02-13,affiliate,US
cust_001434,2026-02-16,paid_search,DE
cust_001435,2026-05-16,organic,US
cust_001436,2026-06-29,paid_search,PT
cust_001437,2026-06-03,referral,BR
cust_001438,2026-04-18,organic,US
cust_001439,2026-02-09,affiliate,DE
cust_001440,2026-06-18,paid_search,BR
cust_001441,2026-05-04,affiliate,US
cust_001442,2026-05-27,paid_search,US
cust_001443,2026-02-08,affiliate,ES
cust_001444,2026-02-27,paid_search,ES
cust_001445,2026-01-15,organic,BR
cust_001446,2026-04-10,organic,BR
cust_001447,2026-02-24,paid_search,BR
cust_001448,2026-04-24,social,BR
cust_001449,2026-04-01,affiliate,BR
cust_001450,2026-01-30,referral,US
cust_001451,2026-05-31,referral,US
cust_001452,2026-05-09,organic,DE
cust_001453,2026-04-17,paid_search,DE
cust_001454,2026-03-03,paid_search,ES
cust_001455,2026-04-12,organic,PT
cust_001456,2026-03-22,paid_search,PT
cust_001457,2026-03-09,organic,BR
cust_001458,2026-03-06,organic,BR
cust_001459,2026-05-27,affiliate,PT
cust_001460,2026-04-20,social,ES
cust_001461,2026-01-02,organic,BR
cust_001462,2026-02-16,social,US
cust_001463,2026-05-01,organic,BR
cust_001464,2026-06-21,organic,ES
cust_001465,2026-01-23,paid_search,PT
cust_001466,2026-02-24,organic,PT
cust_001467,2026-05-30,paid_search,DE
cust_001468,2026-03-28,paid_search,BR
cust_001469,2026-05-07,organic,PT
cust_001470,2026-01-19,organic,ES
cust_001471,2026-04-15,paid_search,US
cust_001472,2026-02-10,affiliate,DE
cust_001473,2026-06-17,affiliate,DE
cust_001474,2026-02-09,paid_search,US
cust_001475,2026-05-24,affiliate,US
cust_001476,2026-01-15,affiliate,BR
cust_001477,2026-03-31,affiliate,BR
cust_001478,2026-01-15,organic,DE
cust_001479,2026-04-19,organic,DE
cust_001480,2026-06-26,organic,BR
cust_001481,2026-05-03,paid_search,BR
cust_001482,2026-03-17,affiliate,PT
cust_001483,2026-05-05,affiliate,BR
cust_001484,2026-05-25,paid_search,US
cust_001485,2026-01-15,paid_search,PT
cust_001486,2026-02-26,affiliate,BR
cust_001487,2026-01-17,organic,ES
cust_001488,2026-03-16,paid_search,US
cust_001489,2026-04-03,organic,BR
cust_001490,2026-05-26,paid_search,DE
cust_001491,2026-04-16,organic,US
cust_001492,2026-02-27,affiliate,ES
cust_001493,2026-06-04,social,US
cust_001494,2026-01-03,paid_search,US
cust_001495,2026-01-24,organic,US
cust_001496,2026-03-18,paid_search,ES
cust_001497,2026-03-01,organic,US
cust_001498,2026-05-21,organic,PT
cust_001499,2026-05-06,social,BR
cust_001500,2026-02-05,organic,DE
cust_001501,2026-02-07,organic,US
cust_001502,2026-04-21,social,DE
cust_001503,2026-04-17,paid_search,PT
cust_001504,2026-02-26,affiliate,BR
cust_001505,2026-02-08,affiliate,PT
cust_001506,2026-03-06,paid_search,US
cust_001507,2026-02-15,organic,US
cust_001508,2026-06-24,organic,PT
cust_001509,2026-03-05,affiliate,BR
cust_001510,2026-04-24,organic,US
cust_001511,2026-06-06,organic,PT
cust_001512,2026-01-01,organic,DE
cust_001513,2026-05-19,affiliate,PT
cust_001514,2026-06-13,paid_search,US
cust_001515,2026-03-06,social,PT
cust_001516,2026-03-11,affiliate,PT
cust_001517,2026-01-22,organic,US
cust_001518,2026-06-13,organic,DE
cust_001519,2026-06-23,paid_search,BR
cust_001520,2026-06-22,affiliate,US
cust_001521,2026-06-23,organic,PT
cust_001522,2026-01-07,social,US
cust_001523,2026-05-30,paid_search,ES
cust_001524,2026-04-18,organic,DE
cust_001525,2026-04-15,paid_search,DE
cust_001526,2026-03-13,paid_search,DE
cust_001527,2026-04-25,affiliate,BR
cust_001528,2026-04-01,paid_search,BR
cust_001529,2026-03-12,paid_search,US
cust_001530,2026-06-14,referral,ES
cust_001531,2026-05-13,organic,PT
cust_001532,2026-03-28,organic,US
cust_001533,2026-04-20,affiliate,ES
cust_001534,2026-05-23,affiliate,ES
cust_001535,2026-01-08,organic,PT
cust_001536,2026-01-13,organic,BR
cust_001537,2026-05-10,organic,ES
cust_001538,2026-03-12,paid_search,ES
cust_001539,2026-06-21,organic,ES
cust_001540,2026-03-04,organic,ES
cust_001541,2026-05-04,social,DE
cust_001542,2026-02-21,paid_search,US
cust_001543,2026-03-15,affiliate,BR
cust_001544,2026-05-07,social,BR
cust_001545,2026-02-18,paid_search,ES
cust_001546,2026-04-11,paid_search,DE
cust_001547,2026-03-08,paid_search,PT
cust_001548,2026-04-28,organic,DE
cust_001549,2026-03-27,organic,BR
cust_001550,2026-05-05,organic,BR
cust_001551,2026-01-31,paid_search,US
cust_001552,2026-01-23,affiliate,PT
cust_001553,2026-03-06,affiliate,PT
cust_001554,2026-04-03,paid_search,US
cust_001555,2026-05-06,social,BR
cust_001556,2026-01-09,organic,US
cust_001557,2026-01-27,affiliate,BR
cust_001558,2026-04-22,organic,BR
cust_001559,2026-06-29,organic,ES
cust_001560,2026-04-27,referral,US
cust_001561,2026-06-20,affiliate,US
cust_001562,2026-02-25,referral,BR
cust_001563,2026-04-28,referral,DE
cust_001564,2026-02-03,organic,PT
cust_001565,2026-01-28,affiliate,DE
cust_001566,2026-02-05,affiliate,PT
cust_001567,2026-02-02,affiliate,BR
cust_001568,2026-03-30,paid_search,BR
cust_001569,2026-03-15,paid_search,BR
cust_001570,2026-02-09,paid_search,ES
cust_001571,2026-05-13,paid_search,BR
cust_001572,2026-01-19,organic,ES
cust_001573,2026-04-27,organic,DE
cust_001574,2026-04-08,affiliate,BR
cust_001575,2026-05-09,organic,US
cust_001576,2026-06-10,organic,ES
cust_001577,2026-05-12,affiliate,PT
cust_001578,2026-03-13,social,US
cust_001579,2026-03-25,organic,DE
cust_001580,2026-06-03,affiliate,BR
cust_001581,2026-06-06,affiliate,DE
cust_001582,2026-05-16,paid_search,PT
cust_001583,2026-02-19,paid_search,BR
cust_001584,2026-06-16,organic,US
cust_001585,2026-04-16,paid_search,BR
cust_001586,2026-05-18,affiliate,BR
cust_001587,2026-04-12,organic,BR
cust_001588,2026-05-08,organic,DE
cust_001589,2026-03-21,paid_search,BR
cust_001590,2026-05-07,paid_search,BR
cust_001591,2026-04-15,paid_search,BR
cust_001592,2026-02-23,referral,BR
cust_001593,2026-02-09,paid_search,DE
cust_001594,2026-04-04,organic,US
cust_001595,2026-04-04,organic,BR
cust_001596,2026-03-08,affiliate,BR
cust_001597,2026-01-27,social,US
cust_001598,2026-05-26,organic,DE
cust_001599,2026-02-01,organic,PT
cust_001600,2026-06-02,organic,US
cust_001601,2026-05-16,affiliate,BR
cust_001602,2026-03-17,referral,BR
cust_001603,2026-01-18,social,PT
cust_001604,2026-04-27,paid_search,BR
cust_001605,2026-02-13,paid_search,US
cust_001606,2026-05-21,paid_search,ES
cust_001607,2026-04-30,affiliate,BR
cust_001608,2026-04-27,organic,DE
cust_001609,2026-02-04,affiliate,PT
cust_001610,2026-02-09,social,ES
cust_001611,2026-04-11,organic,BR
cust_001612,2026-04-27,paid_search,US
cust_001613,2026-04-30,organic,BR
cust_001614,2026-02-16,affiliate,ES
cust_001615,2026-01-17,referral,DE
cust_001616,2026-03-10,affiliate,PT
cust_001617,2026-02-08,paid_search,US
cust_001618,2026-01-14,social,PT
cust_001619,2026-05-22,social,ES
cust_001620,2026-03-09,organic,DE
cust_001621,2026-02-13,affiliate,BR
cust_001622,2026-03-20,paid_search,BR
cust_001623,2026-03-21,paid_search,US
cust_001624,2026-04-08,organic,ES
cust_001625,2026-06-05,paid_search,BR
cust_001626,2026-04-15,social,US
cust_001627,2026-05-15,paid_search,BR
cust_001628,2026-04-04,affiliate,DE
cust_001629,2026-05-31,paid_search,PT
cust_001630,2026-04-24,social,PT
cust_001631,2026-02-20,organic,US
cust_001632,2026-02-12,affiliate,BR
cust_001633,2026-03-03,paid_search,BR
cust_001634,2026-04-15,organic,DE
cust_001635,2026-02-18,organic,BR
cust_001636,2026-05-26,social,BR
cust_001637,2026-02-04,paid_search,BR
cust_001638,2026-06-23,paid_search,BR
cust_001639,2026-05-25,affiliate,ES
cust_001640,2026-04-07,affiliate,BR
cust_001641,2026-02-17,social,BR
cust_001642,2026-02-09,social,DE
cust_001643,2026-03-11,organic,BR
cust_001644,2026-06-28,organic,ES
cust_001645,2026-04-06,affiliate,DE
cust_001646,2026-04-16,referral,DE
cust_001647,2026-03-14,affiliate,PT
cust_001648,2026-06-21,social,DE
cust_001649,2026-04-06,organic,DE
cust_001650,2026-04-10,organic,BR
cust_001651,2026-04-22,organic,PT
cust_001652,2026-03-24,paid_search,PT
cust_001653,2026-04-08,organic,DE
cust_001654,2026-05-31,organic,ES
cust_001655,2026-05-16,paid_search,BR
cust_001656,2026-01-02,organic,BR
cust_001657,2026-04-23,organic,BR
cust_001658,2026-06-17,organic,PT
cust_001659,2026-02-16,organic,ES
cust_001660,2026-03-08,paid_search,PT
cust_001661,2026-02-10,paid_search,DE
cust_001662,2026-03-12,social,BR
cust_001663,2026-02-04,paid_search,ES
cust_001664,2026-05-14,organic,BR
cust_001665,2026-02-22,social,US
cust_001666,2026-06-16,paid_search,BR
cust_001667,2026-05-24,organic,DE
cust_001668,2026-02-04,paid_search,BR
cust_001669,2026-06-23,social,PT
cust_001670,2026-05-20,organic,PT
cust_001671,2026-02-18,paid_search,US
cust_001672,2026-03-19,organic,BR
cust_001673,2026-02-11,social,PT
cust_001674,2026-05-03,organic,US
cust_001675,2026-02-20,paid_search,US
cust_001676,2026-06-07,organic,BR
cust_001677,2026-01-24,paid_search,US
cust_001678,2026-04-28,organic,US
cust_001679,2026-05-07,paid_search,ES
cust_001680,2026-02-25,paid_search,US
cust_001681,2026-04-05,affiliate,PT
cust_001682,2026-01-16,paid_search,BR
cust_001683,2026-05-03,referral,DE
cust_001684,2026-05-05,social,BR
cust_001685,2026-05-03,affiliate,PT
cust_001686,2026-06-26,organic,BR
cust_001687,2026-02-14,organic,US
cust_001688,2026-05-18,organic,US
cust_001689,2026-02-22,social,DE
cust_001690,2026-03-12,affiliate,PT
cust_001691,2026-03-29,paid_search,BR
cust_001692,2026-01-05,organic,BR
cust_001693,2026-02-18,referral,US
cust_001694,2026-01-16,organic,BR
cust_001695,2026-01-19,organic,DE
cust_001696,2026-04-17,organic,DE
cust_001697,2026-04-12,affiliate,BR
cust_001698,2026-02-20,affiliate,BR
cust_001699,2026-06-21,paid_search,BR
cust_001700,2026-05-24,organic,US
cust_001701,2026-01-26,paid_search,BR
cust_001702,2026-01-07,affiliate,DE
cust_001703,2026-03-05,social,PT
cust_001704,2026-06-19,paid_search,BR
cust_001705,2026-03-28,organic,ES
cust_001706,2026-04-15,organic,US
cust_001707,2026-05-03,affiliate,DE
cust_001708,2026-03-26,paid_search,US
cust_001709,2026-03-02,social,PT
cust_001710,2026-02-14,social,PT
cust_001711,2026-03-13,paid_search,BR
cust_001712,2026-01-03,organic,DE
cust_001713,2026-06-14,organic,BR
cust_001714,2026-04-14,organic,ES
cust_001715,2026-05-27,paid_search,BR
cust_001716,2026-03-25,affiliate,US
cust_001717,2026-06-04,organic,BR
cust_001718,2026-03-21,social,PT
cust_001719,2026-02-18,organic,US
cust_001720,2026-03-17,social,BR
cust_001721,2026-01-16,paid_search,BR
cust_001722,2026-05-29,affiliate,US
cust_001723,2026-05-15,affiliate,BR
cust_001724,2026-05-25,paid_search,BR
cust_001725,2026-02-06,social,BR
cust_001726,2026-02-26,organic,PT
cust_001727,2026-03-29,organic,US
cust_001728,2026-02-06,organic,BR
cust_001729,2026-04-14,organic,ES
cust_001730,2026-02-24,organic,US
cust_001731,2026-05-22,organic,BR
cust_001732,2026-01-03,paid_search,BR
cust_001733,2026-03-02,affiliate,PT
cust_001734,2026-03-14,paid_search,DE
cust_001735,2026-03-06,organic,DE
cust_001736,2026-01-29,organic,DE
cust_001737,2026-01-14,paid_search,BR
cust_001738,2026-06-23,social,DE
cust_001739,2026-06-10,organic,ES
cust_001740,2026-05-19,organic,DE
cust_001741,2026-03-28,organic,ES
cust_001742,2026-02-08,paid_search,DE
cust_001743,2026-04-12,affiliate,BR
cust_001744,2026-03-17,affiliate,BR
cust_001745,2026-03-04,organic,US
cust_001746,2026-05-25,referral,PT
cust_001747,2026-02-19,paid_search,BR
cust_001748,2026-03-11,social,DE
cust_001749,2026-02-12,referral,BR
cust_001750,2026-03-26,organic,BR
cust_001751,2026-02-23,paid_search,BR
cust_001752,2026-02-17,organic,BR
cust_001753,2026-06-02,affiliate,US
cust_001754,2026-01-31,paid_search,BR
cust_001755,2026-01-31,paid_search,US
cust_001756,2026-03-07,referral,ES
cust_001757,2026-05-02,organic,BR
cust_001758,2026-01-30,affiliate,DE
cust_001759,2026-01-25,paid_search,BR
cust_001760,2026-04-19,affiliate,DE
cust_001761,2026-06-06,social,US
cust_001762,2026-01-05,affiliate,BR
cust_001763,2026-01-27,organic,BR
cust_001764,2026-05-18,paid_search,BR
cust_001765,2026-05-16,paid_search,US
cust_001766,2026-04-16,organic,US
cust_001767,2026-02-23,social,US
cust_001768,2026-06-17,paid_search,BR
cust_001769,2026-01-31,paid_search,DE
cust_001770,2026-04-16,paid_search,BR
cust_001771,2026-05-04,paid_search,US
cust_001772,2026-06-21,organic,DE
cust_001773,2026-05-31,affiliate,BR
cust_001774,2026-01-13,affiliate,PT
cust_001775,2026-03-17,organic,US
cust_001776,2026-05-29,paid_search,US
cust_001777,2026-03-04,paid_search,BR
cust_001778,2026-01-19,paid_search,BR
cust_001779,2026-06-12,referral,BR
cust_001780,2026-01-07,organic,PT
cust_001781,2026-01-20,organic,US
cust_001782,2026-03-17,affiliate,PT
cust_001783,2026-05-17,paid_search,BR
cust_001784,2026-02-12,affiliate,BR
cust_001785,2026-06-28,organic,PT
cust_001786,2026-06-22,social,PT
cust_001787,2026-05-05,organic,US
cust_001788,2026-06-22,paid_search,BR
cust_001789,2026-05-18,organic,US
cust_001790,2026-04-13,organic,BR
cust_001791,2026-03-01,organic,BR
cust_001792,2026-04-11,organic,US
cust_001793,2026-04-14,paid_search,BR
cust_001794,2026-05-08,organic,US
cust_001795,2026-02-04,paid_search,US
cust_001796,2026-05-25,organic,US
cust_001797,2026-03-11,affiliate,US
cust_001798,2026-03-24,social,BR
cust_001799,2026-02-05,paid_search,PT
cust_001800,2026-05-08,organic,ES
cust_001801,2026-03-28,referral,ES
cust_001802,2026-04-17,referral,BR
cust_001803,2026-03-14,paid_search,US
cust_001804,2026-06-10,affiliate,US
cust_001805,2026-04-20,paid_search,BR
cust_001806,2026-04-17,referral,BR
cust_001807,2026-03-29,paid_search,BR
cust_001808,2026-05-22,organic,BR
cust_001809,2026-01-04,paid_search,ES
cust_001810,2026-02-28,organic,ES
cust_001811,2026-02-11,social,BR
cust_001812,2026-06-09,referral,DE
cust_001813,2026-06-28,paid_search,US
cust_001814,2026-06-29,paid_search,BR
cust_001815,2026-03-31,paid_search,BR
cust_001816,2026-03-13,social,BR
cust_001817,2026-02-19,social,BR
cust_001818,2026-03-19,paid_search,BR
cust_001819,2026-01-15,affiliate,DE
cust_001820,2026-02-03,paid_search,DE
cust_001821,2026-05-17,paid_search,ES
cust_001822,2026-04-26,affiliate,BR
cust_001823,2026-06-06,paid_search,BR
cust_001824,2026-01-11,referral,BR
cust_001825,2026-06-20,social,PT
cust_001826,2026-06-18,organic,DE
cust_001827,2026-05-26,affiliate,US
cust_001828,2026-01-03,affiliate,US
cust_001829,2026-01-11,organic,BR
cust_001830,2026-04-15,paid_search,BR
cust_001831,2026-05-16,organic,BR
cust_001832,2026-05-23,referral,ES
cust_001833,2026-05-27,paid_search,PT
cust_001834,2026-02-13,paid_search,DE
cust_001835,2026-01-29,organic,BR
cust_001836,2026-04-21,affiliate,PT
cust_001837,2026-02-20,organic,PT
cust_001838,2026-05-31,affiliate,DE
cust_001839,2026-04-04,paid_search,PT
cust_001840,2026-05-07,paid_search,US
cust_001841,2026-05-23,paid_search,BR
cust_001842,2026-02-21,affiliate,BR
cust_001843,2026-06-29,paid_search,BR
cust_001844,2026-03-22,paid_search,BR
cust_001845,2026-03-04,organic,US
cust_001846,2026-05-30,organic,ES
cust_001847,2026-04-30,social,DE
cust_001848,2026-05-02,organic,BR
cust_001849,2026-06-08,organic,US
cust_001850,2026-01-31,affiliate,DE
cust_001851,2026-01-22,affiliate,BR
cust_001852,2026-05-01,referral,DE
cust_001853,2026-06-09,organic,BR
cust_001854,2026-06-06,organic,PT
cust_001855,2026-01-05,organic,US
cust_001856,2026-02-11,organic,PT
cust_001857,2026-02-20,paid_search,US
cust_001858,2026-01-28,affiliate,US
cust_001859,2026-03-15,paid_search,US
cust_001860,2026-01-09,organic,BR
cust_001861,2026-02-08,affiliate,US
cust_001862,2026-01-11,paid_search,ES
cust_001863,2026-01-13,paid_search,BR
cust_001864,2026-06-15,social,BR
cust_001865,2026-01-21,organic,DE
cust_001866,2026-05-07,paid_search,ES
cust_001867,2026-04-09,referral,BR
cust_001868,2026-03-03,paid_search,US
cust_001869,2026-01-18,organic,PT
cust_001870,2026-03-30,paid_search,US
cust_001871,2026-01-08,organic,PT
cust_001872,2026-03-06,paid_search,US
cust_001873,2026-01-04,organic,BR
cust_001874,2026-05-02,organic,ES
cust_001875,2026-04-08,organic,BR
cust_001876,2026-02-20,social,DE
cust_001877,2026-06-08,referral,ES
cust_001878,2026-02-24,organic,BR
cust_001879,2026-03-18,affiliate,BR
cust_001880,2026-03-16,paid_search,US
cust_001881,2026-06-19,affiliate,BR
cust_001882,2026-02-16,paid_search,PT
cust_001883,2026-03-02,social,BR
cust_001884,2026-04-16,organic,US
cust_001885,2026-04-23,paid_search,DE
cust_001886,2026-06-17,organic,US
cust_001887,2026-06-24,paid_search,BR
cust_001888,2026-06-26,referral,BR
cust_001889,2026-04-20,social,BR
cust_001890,2026-04-19,paid_search,US
cust_001891,2026-02-05,organic,DE
cust_001892,2026-05-22,organic,BR
cust_001893,2026-03-22,referral,BR
cust_001894,2026-05-25,referral,DE
cust_001895,2026-05-24,organic,DE
cust_001896,2026-01-21,organic,BR
cust_001897,2026-04-29,affiliate,US
cust_001898,2026-04-29,organic,BR
cust_001899,2026-05-14,organic,BR
cust_001900,2026-06-01,paid_search,PT
cust_001901,2026-04-28,paid_search,US
cust_001902,2026-02-05,social,PT
cust_001903,2026-01-27,organic,BR
cust_001904,2026-03-21,affiliate,BR
cust_001905,2026-02-22,referral,BR
cust_001906,2026-05-11,referral,DE
cust_001907,2026-01-13,organic,ES
cust_001908,2026-03-27,social,PT
cust_001909,2026-03-05,social,DE
cust_001910,2026-03-25,paid_search,BR
cust_001911,2026-05-23,social,US
cust_001912,2026-03-18,affiliate,US
cust_001913,2026-04-26,paid_search,US
cust_001914,2026-05-17,affiliate,PT
cust_001915,2026-03-29,paid_search,DE
cust_001916,2026-06-20,referral,PT
cust_001917,2026-03-18,referral,BR
cust_001918,2026-03-17,paid_search,US
cust_001919,2026-01-10,organic,PT
cust_001920,2026-06-21,organic,DE
cust_001921,2026-03-31,organic,BR
cust_001922,2026-06-28,organic,PT
cust_001923,2026-01-28,paid_search,US
cust_001924,2026-01-18,affiliate,BR
cust_001925,2026-06-01,paid_search,DE
cust_001926,2026-04-17,organic,PT
cust_001927,2026-03-29,organic,PT
cust_001928,2026-06-24,affiliate,BR
cust_001929,2026-03-30,organic,BR
cust_001930,2026-05-06,social,DE
cust_001931,2026-05-20,affiliate,BR
cust_001932,2026-05-18,paid_search,BR
cust_001933,2026-04-12,affiliate,US
cust_001934,2026-04-10,affiliate,BR
cust_001935,2026-04-17,paid_search,DE
cust_001936,2026-06-27,organic,DE
cust_001937,2026-06-17,organic,DE
cust_001938,2026-02-04,affiliate,BR
cust_001939,2026-03-01,organic,DE
cust_001940,2026-03-28,organic,BR
cust_001941,2026-06-24,organic,BR
cust_001942,2026-05-01,affiliate,BR
cust_001943,2026-04-07,social,PT
cust_001944,2026-01-02,affiliate,PT
cust_001945,2026-02-12,paid_search,PT
cust_001946,2026-03-21,paid_search,US
cust_001947,2026-01-02,organic,PT
cust_001948,2026-05-01,affiliate,DE
cust_001949,2026-02-10,organic,BR
cust_001950,2026-05-07,organic,BR
cust_001951,2026-01-07,affiliate,DE
cust_001952,2026-02-27,organic,BR
cust_001953,2026-01-22,paid_search,BR
cust_001954,2026-05-11,organic,US
cust_001955,2026-05-16,paid_search,DE
cust_001956,2026-02-04,referral,US
cust_001957,2026-03-11,referral,BR
cust_001958,2026-02-28,organic,DE
cust_001959,2026-06-09,organic,PT
cust_001960,2026-04-17,organic,PT
cust_001961,2026-01-24,affiliate,BR
cust_001962,2026-04-13,paid_search,BR
cust_001963,2026-02-10,affiliate,BR
cust_001964,2026-05-22,referral,PT
cust_001965,2026-01-18,paid_search,US
cust_001966,2026-06-03,referral,BR
cust_001967,2026-04-29,social,BR
cust_001968,2026-04-22,referral,BR
cust_001969,2026-01-26,affiliate,PT
cust_001970,2026-05-22,affiliate,PT
cust_001971,2026-02-04,social,BR
cust_001972,2026-02-26,referral,BR
cust_001973,2026-01-05,paid_search,DE
cust_001974,2026-05-24,social,DE
cust_001975,2026-03-22,paid_search,BR
cust_001976,2026-04-19,social,BR
cust_001977,2026-05-05,organic,BR
cust_001978,2026-06-03,organic,BR
cust_001979,2026-04-17,organic,BR
cust_001980,2026-05-14,organic,BR
cust_001981,2026-04-21,affiliate,BR
cust_001982,2026-02-04,organic,DE
cust_001983,2026-06-29,affiliate,ES
cust_001984,2026-06-04,organic,BR
cust_001985,2026-01-31,affiliate,DE
cust_001986,2026-04-15,social,PT
cust_001987,2026-06-08,paid_search,US
cust_001988,2026-06-12,paid_search,US
cust_001989,2026-05-12,organic,PT
cust_001990,2026-02-10,paid_search,BR
cust_001991,2026-06-27,social,BR
cust_001992,2026-01-29,organic,BR
cust_001993,2026-03-14,affiliate,DE
cust_001994,2026-04-21,affiliate,BR
cust_001995,2026-01-23,social,DE
cust_001996,2026-05-17,social,US
cust_001997,2026-02-22,paid_search,PT
cust_001998,2026-02-16,paid_search,DE
cust_001999,2026-02-28,organic,BR
cust_002000,2026-01-22,paid_search,BR
cust_002001,2026-02-09,social,PT
cust_002002,2026-01-05,affiliate,ES
cust_002003,2026-01-30,organic,ES
cust_002004,2026-05-23,social,BR
cust_002005,2026-03-05,organic,DE
cust_002006,2026-06-09,referral,PT
cust_002007,2026-01-26,organic,BR
cust_002008,2026-03-17,affiliate,PT
cust_002009,2026-01-01,organic,BR
cust_002010,2026-06-14,paid_search,BR
cust_002011,2026-04-01,social,BR
cust_002012,2026-05-29,affiliate,BR
cust_002013,2026-04-23,affiliate,US
cust_002014,2026-02-10,organic,BR
cust_002015,2026-02-23,paid_search,DE
cust_002016,2026-05-11,organic,BR
cust_002017,2026-02-23,organic,ES
cust_002018,2026-04-19,paid_search,BR
cust_002019,2026-03-10,paid_search,BR
cust_002020,2026-05-17,social,US
cust_002021,2026-02-03,organic,US
cust_002022,2026-03-07,paid_search,BR
cust_002023,2026-01-06,paid_search,US
cust_002024,2026-01-21,paid_search,BR
cust_002025,2026-03-18,organic,US
cust_002026,2026-04-26,affiliate,US
cust_002027,2026-03-28,affiliate,BR
cust_002028,2026-06-08,organic,DE
cust_002029,2026-06-07,paid_search,ES
cust_002030,2026-05-27,affiliate,US
cust_002031,2026-01-19,social,ES
cust_002032,2026-04-01,organic,BR
cust_002033,2026-05-06,affiliate,PT
cust_002034,2026-02-14,referral,BR
cust_002035,2026-06-23,affiliate,ES
cust_002036,2026-03-18,organic,ES
cust_002037,2026-03-06,affiliate,DE
cust_002038,2026-03-30,paid_search,BR
cust_002039,2026-01-22,paid_search,PT
cust_002040,2026-02-03,organic,BR
cust_002041,2026-04-22,organic,BR
cust_002042,2026-06-08,affiliate,BR
cust_002043,2026-04-18,affiliate,DE
cust_002044,2026-04-14,paid_search,US
cust_002045,2026-02-16,affiliate,PT
cust_002046,2026-04-04,paid_search,BR
cust_002047,2026-06-08,affiliate,PT
cust_002048,2026-03-26,paid_search,BR
cust_002049,2026-05-15,organic,US
cust_002050,2026-01-16,affiliate,US
cust_002051,2026-06-12,paid_search,US
cust_002052,2026-03-31,organic,BR
cust_002053,2026-03-28,organic,ES
cust_002054,2026-01-14,paid_search,US
cust_002055,2026-04-26,affiliate,BR
cust_002056,2026-04-06,affiliate,BR
cust_002057,2026-02-12,social,DE
cust_002058,2026-06-25,affiliate,DE
cust_002059,2026-05-28,organic,BR
cust_002060,2026-04-14,organic,US
cust_002061,2026-03-28,organic,US
cust_002062,2026-03-03,organic,DE
cust_002063,2026-05-12,organic,ES
cust_002064,2026-03-26,affiliate,ES
cust_002065,2026-01-18,paid_search,US
cust_002066,2026-04-10,paid_search,BR
cust_002067,2026-02-27,organic,ES
cust_002068,2026-01-11,organic,US
cust_002069,2026-03-11,organic,BR
cust_002070,2026-01-07,organic,US
cust_002071,2026-03-18,affiliate,US
cust_002072,2026-03-20,paid_search,PT
cust_002073,2026-05-09,organic,BR
cust_002074,2026-04-18,paid_search,ES
cust_002075,2026-06-13,paid_search,BR
cust_002076,2026-06-19,affiliate,BR
cust_002077,2026-01-14,affiliate,BR
cust_002078,2026-06-21,paid_search,PT
cust_002079,2026-01-27,organic,US
cust_002080,2026-03-22,social,DE
cust_002081,2026-05-16,affiliate,PT
cust_002082,2026-02-04,paid_search,PT
cust_002083,2026-06-09,paid_search,BR
cust_002084,2026-02-06,paid_search,BR
cust_002085,2026-04-07,social,BR
cust_002086,2026-04-08,organic,ES
cust_002087,2026-04-22,paid_search,ES
cust_002088,2026-04-21,paid_search,BR
cust_002089,2026-04-23,paid_search,US
cust_002090,2026-01-28,affiliate,PT
cust_002091,2026-06-16,referral,DE
cust_002092,2026-04-01,paid_search,PT
cust_002093,2026-04-29,organic,PT
cust_002094,2026-05-25,affiliate,US
cust_002095,2026-05-13,affiliate,DE
cust_002096,2026-03-02,affiliate,ES
cust_002097,2026-04-14,affiliate,PT
cust_002098,2026-04-10,social,US
cust_002099,2026-03-06,paid_search,ES
cust_002100,2026-06-04,organic,BR
cust_002101,2026-05-15,referral,US
cust_002102,2026-05-22,affiliate,BR
cust_002103,2026-05-03,paid_search,BR
cust_002104,2026-01-11,affiliate,BR
cust_002105,2026-05-24,affiliate,BR
cust_002106,2026-01-17,organic,BR
cust_002107,2026-06-02,organic,BR
cust_002108,2026-02-24,organic,BR
cust_002109,2026-05-24,organic,BR
cust_002110,2026-04-25,affiliate,US
cust_002111,2026-03-13,social,BR
cust_002112,2026-05-17,organic,BR
cust_002113,2026-04-13,social,BR
cust_002114,2026-01-17,referral,US
cust_002115,2026-06-09,organic,PT
cust_002116,2026-03-22,affiliate,BR
cust_002117,2026-03-27,affiliate,BR
cust_002118,2026-04-23,affiliate,BR
cust_002119,2026-05-05,organic,DE
cust_002120,2026-01-11,organic,BR
cust_002121,2026-02-28,paid_search,ES
cust_002122,2026-06-29,paid_search,BR
cust_002123,2026-05-18,paid_search,BR
cust_002124,2026-04-14,social,BR
cust_002125,2026-06-04,paid_search,US
cust_002126,2026-04-13,affiliate,BR
cust_002127,2026-06-28,paid_search,BR
cust_002128,2026-06-13,paid_search,ES
cust_002129,2026-06-16,organic,BR
cust_002130,2026-06-05,organic,US
cust_002131,2026-03-17,paid_search,US
cust_002132,2026-02-16,affiliate,US
cust_002133,2026-02-07,paid_search,US
cust_002134,2026-02-04,organic,BR
cust_002135,2026-01-02,social,BR
cust_002136,2026-01-19,paid_search,US
cust_002137,2026-03-10,organic,BR
cust_002138,2026-02-07,organic,US
cust_002139,2026-01-12,referral,US
cust_002140,2026-06-12,organic,US
cust_002141,2026-01-24,affiliate,BR
cust_002142,2026-06-16,affiliate,BR
cust_002143,2026-05-29,social,US
cust_002144,2026-02-05,social,US
cust_002145,2026-02-19,organic,US
cust_002146,2026-01-15,affiliate,ES
cust_002147,2026-02-23,affiliate,US
cust_002148,2026-05-10,affiliate,BR
cust_002149,2026-02-01,affiliate,BR
cust_002150,2026-01-13,paid_search,BR
cust_002151,2026-01-12,organic,DE
cust_002152,2026-02-04,paid_search,PT
cust_002153,2026-02-08,affiliate,BR
cust_002154,2026-04-06,organic,PT
cust_002155,2026-03-25,organic,US
cust_002156,2026-06-27,paid_search,BR
cust_002157,2026-01-07,organic,US
cust_002158,2026-02-18,affiliate,BR
cust_002159,2026-04-07,organic,US
cust_002160,2026-01-08,affiliate,BR
cust_002161,2026-05-16,organic,BR
cust_002162,2026-01-01,paid_search,ES
cust_002163,2026-04-06,paid_search,PT
cust_002164,2026-05-22,affiliate,DE
cust_002165,2026-04-15,organic,BR
cust_002166,2026-05-14,social,PT
cust_002167,2026-04-21,paid_search,ES
cust_002168,2026-03-06,affiliate,PT
cust_002169,2026-05-03,referral,US
cust_002170,2026-03-12,paid_search,ES
cust_002171,2026-01-16,social,DE
cust_002172,2026-02-26,affiliate,BR
cust_002173,2026-01-08,referral,US
cust_002174,2026-02-28,affiliate,DE
cust_002175,2026-05-03,affiliate,PT
cust_002176,2026-06-21,affiliate,US
cust_002177,2026-01-28,organic,BR
cust_002178,2026-04-26,organic,BR
cust_002179,2026-06-03,paid_search,BR
cust_002180,2026-04-14,referral,DE
cust_002181,2026-01-04,organic,BR
cust_002182,2026-06-02,affiliate,PT
cust_002183,2026-02-11,social,US
cust_002184,2026-03-31,referral,DE
cust_002185,2026-04-15,organic,US
cust_002186,2026-06-29,organic,US
cust_002187,2026-04-05,affiliate,PT
cust_002188,2026-06-28,affiliate,BR
cust_002189,2026-05-06,organic,BR
cust_002190,2026-01-10,social,DE
cust_002191,2026-01-19,paid_search,BR
cust_002192,2026-04-25,organic,DE
cust_002193,2026-01-23,paid_search,DE
cust_002194,2026-02-12,organic,BR
cust_002195,2026-03-07,social,ES
cust_002196,2026-05-12,paid_search,BR
cust_002197,2026-05-13,paid_search,BR
cust_002198,2026-06-12,referral,BR
cust_002199,2026-01-09,paid_search,BR
cust_002200,2026-01-24,organic,DE
cust_002201,2026-02-02,affiliate,US
cust_002202,2026-03-27,organic,US
cust_002203,2026-01-26,organic,DE
cust_002204,2026-04-29,paid_search,BR
cust_002205,2026-06-20,paid_search,BR
cust_002206,2026-02-04,referral,US
cust_002207,2026-04-26,social,PT
cust_002208,2026-06-06,affiliate,PT
cust_002209,2026-01-25,organic,US
cust_002210,2026-04-12,paid_search,BR
cust_002211,2026-02-03,affiliate,BR
cust_002212,2026-02-04,affiliate,US
cust_002213,2026-01-18,affiliate,DE
cust_002214,2026-03-09,paid_search,US
cust_002215,2026-02-07,organic,PT
cust_002216,2026-01-19,affiliate,DE
cust_002217,2026-04-15,paid_search,PT
cust_002218,2026-05-02,affiliate,BR
cust_002219,2026-02-07,organic,BR
cust_002220,2026-06-13,referral,PT
cust_002221,2026-02-04,organic,ES
cust_002222,2026-01-11,affiliate,BR
cust_002223,2026-03-26,organic,US
cust_002224,2026-06-22,affiliate,BR
cust_002225,2026-05-24,organic,PT
cust_002226,2026-01-31,affiliate,PT
cust_002227,2026-01-23,organic,BR
cust_002228,2026-03-28,paid_search,BR
cust_002229,2026-02-08,affiliate,DE
cust_002230,2026-02-14,affiliate,BR
cust_002231,2026-01-20,organic,PT
cust_002232,2026-02-08,paid_search,BR
cust_002233,2026-04-02,paid_search,BR
cust_002234,2026-03-26,organic,ES
cust_002235,2026-03-30,organic,BR
cust_002236,2026-03-30,affiliate,US
cust_002237,2026-02-22,organic,BR
cust_002238,2026-05-15,paid_search,BR
cust_002239,2026-01-22,social,PT
cust_002240,2026-02-03,affiliate,BR
cust_002241,2026-02-27,affiliate,DE
cust_002242,2026-05-04,referral,ES
cust_002243,2026-04-23,referral,DE
cust_002244,2026-01-17,paid_search,PT
cust_002245,2026-06-17,referral,US
cust_002246,2026-06-12,paid_search,BR
cust_002247,2026-03-25,affiliate,BR
cust_002248,2026-03-05,paid_search,BR
cust_002249,2026-04-25,referral,ES
cust_002250,2026-06-24,organic,ES
cust_002251,2026-01-08,referral,US
cust_002252,2026-04-08,organic,PT
cust_002253,2026-04-04,social,US
cust_002254,2026-01-20,paid_search,BR
cust_002255,2026-04-19,affiliate,US
cust_002256,2026-03-20,referral,BR
cust_002257,2026-02-27,organic,ES
cust_002258,2026-01-04,paid_search,BR
cust_002259,2026-05-17,paid_search,US
cust_002260,2026-04-24,organic,PT
cust_002261,2026-05-30,organic,US
cust_002262,2026-02-05,affiliate,BR
cust_002263,2026-04-01,affiliate,BR
cust_002264,2026-05-02,organic,DE
cust_002265,2026-03-06,paid_search,BR
cust_002266,2026-05-27,organic,ES
cust_002267,2026-04-16,paid_search,BR
cust_002268,2026-05-13,organic,DE
cust_002269,2026-05-23,referral,PT
cust_002270,2026-06-26,affiliate,DE
cust_002271,2026-01-22,paid_search,PT
cust_002272,2026-01-08,paid_search,BR
cust_002273,2026-04-19,affiliate,US
cust_002274,2026-05-31,organic,ES
cust_002275,2026-02-16,paid_search,US
cust_002276,2026-05-24,referral,US
cust_002277,2026-05-17,organic,US
cust_002278,2026-02-13,organic,DE
cust_002279,2026-04-08,affiliate,BR
cust_002280,2026-01-13,paid_search,PT
cust_002281,2026-04-08,paid_search,BR
cust_002282,2026-05-18,paid_search,DE
cust_002283,2026-06-24,organic,US
cust_002284,2026-06-05,affiliate,US
cust_002285,2026-06-21,organic,DE
cust_002286,2026-03-30,organic,BR
cust_002287,2026-02-04,organic,ES
cust_002288,2026-01-22,organic,BR
cust_002289,2026-01-29,paid_search,DE
cust_002290,2026-04-12,referral,BR
cust_002291,2026-03-22,referral,PT
cust_002292,2026-01-26,paid_search,PT
cust_002293,2026-05-24,affiliate,BR
cust_002294,2026-01-13,organic,DE
cust_002295,2026-06-12,referral,US
cust_002296,2026-03-21,paid_search,US
cust_002297,2026-06-02,organic,US
cust_002298,2026-05-16,paid_search,PT
cust_002299,2026-03-30,organic,BR
cust_002300,2026-06-03,organic,DE
cust_002301,2026-02-14,paid_search,ES
cust_002302,2026-05-30,social,BR
cust_002303,2026-02-25,paid_search,BR
cust_002304,2026-06-29,organic,PT
cust_002305,2026-02-05,referral,DE
cust_002306,2026-05-15,social,DE
cust_002307,2026-02-01,organic,BR
cust_002308,2026-03-03,paid_search,PT
cust_002309,2026-03-13,organic,US
cust_002310,2026-01-07,affiliate,ES
cust_002311,2026-01-29,paid_search,PT
cust_002312,2026-02-01,paid_search,BR
cust_002313,2026-01-05,paid_search,PT
cust_002314,2026-01-29,referral,ES
cust_002315,2026-01-31,organic,US
cust_002316,2026-04-09,organic,US
cust_002317,2026-04-03,social,ES
cust_002318,2026-05-27,referral,US
cust_002319,2026-01-29,affiliate,US
cust_002320,2026-06-29,paid_search,US
cust_002321,2026-05-23,paid_search,BR
cust_002322,2026-05-12,paid_search,BR
cust_002323,2026-03-19,affiliate,BR
cust_002324,2026-03-11,organic,BR
cust_002325,2026-05-05,organic,PT
cust_002326,2026-06-01,referral,BR
cust_002327,2026-01-05,organic,DE
cust_002328,2026-05-12,affiliate,BR
cust_002329,2026-04-10,paid_search,PT
cust_002330,2026-04-28,affiliate,ES
cust_002331,2026-06-26,affiliate,BR
cust_002332,2026-05-20,social,BR
cust_002333,2026-03-14,organic,BR
cust_002334,2026-03-01,referral,DE
cust_002335,2026-01-18,organic,DE
cust_002336,2026-05-24,referral,DE
cust_002337,2026-02-26,organic,US
cust_002338,2026-06-24,paid_search,DE
cust_002339,2026-01-28,social,US
cust_002340,2026-01-28,organic,PT
cust_002341,2026-06-18,paid_search,BR
cust_002342,2026-04-25,affiliate,BR
cust_002343,2026-03-21,affiliate,BR
cust_002344,2026-02-03,paid_search,US
cust_002345,2026-05-27,social,BR
cust_002346,2026-06-11,paid_search,US
cust_002347,2026-01-09,social,BR
cust_002348,2026-04-24,organic,US
cust_002349,2026-03-31,organic,DE
cust_002350,2026-01-30,organic,ES
cust_002351,2026-06-11,affiliate,BR
cust_002352,2026-05-10,social,PT
cust_002353,2026-04-06,social,US
cust_002354,2026-01-06,organic,BR
cust_002355,2026-01-13,paid_search,BR
cust_002356,2026-04-04,paid_search,DE
cust_002357,2026-05-02,affiliate,ES
cust_002358,2026-06-08,organic,PT
cust_002359,2026-04-22,organic,BR
cust_002360,2026-04-23,organic,BR
cust_002361,2026-06-20,affiliate,BR
cust_002362,2026-01-11,organic,PT
cust_002363,2026-06-27,referral,BR
cust_002364,2026-02-26,paid_search,ES
cust_002365,2026-04-10,organic,US
cust_002366,2026-05-29,organic,DE
cust_002367,2026-04-16,organic,BR
cust_002368,2026-06-14,affiliate,BR
cust_002369,2026-05-14,affiliate,BR
cust_002370,2026-04-14,paid_search,DE
cust_002371,2026-01-03,organic,BR
cust_002372,2026-06-01,paid_search,BR
cust_002373,2026-06-26,organic,BR
cust_002374,2026-04-08,organic,BR
cust_002375,2026-06-24,paid_search,US
cust_002376,2026-04-13,social,US
cust_002377,2026-05-17,affiliate,BR
cust_002378,2026-03-31,social,BR
cust_002379,2026-01-26,referral,PT
cust_002380,2026-03-02,affiliate,BR
cust_002381,2026-03-27,social,US
cust_002382,2026-05-29,referral,BR
cust_002383,2026-03-01,organic,DE
cust_002384,2026-02-13,organic,US
cust_002385,2026-05-14,organic,BR
cust_002386,2026-01-26,referral,PT
cust_002387,2026-05-29,affiliate,BR
cust_002388,2026-05-31,paid_search,PT
cust_002389,2026-02-08,organic,DE
cust_002390,2026-04-10,paid_search,PT
cust_002391,2026-06-26,organic,BR
cust_002392,2026-05-10,organic,BR
cust_002393,2026-01-25,referral,BR
cust_002394,2026-06-24,organic,US
cust_002395,2026-01-06,organic,DE
cust_002396,2026-02-23,referral,BR
cust_002397,2026-02-01,social,DE
cust_002398,2026-04-30,organic,US
cust_002399,2026-01-20,social,DE
cust_002400,2026-04-13,organic,BR
cust_002401,2026-02-24,organic,DE
cust_002402,2026-01-01,referral,BR
cust_002403,2026-02-11,referral,DE
cust_002404,2026-04-03,paid_search,US
cust_002405,2026-03-27,affiliate,BR
cust_002406,2026-06-12,paid_search,BR
cust_002407,2026-02-11,paid_search,PT
cust_002408,2026-05-28,referral,BR
cust_002409,2026-01-22,paid_search,PT
cust_002410,2026-03-12,affiliate,US
cust_002411,2026-01-08,organic,PT
cust_002412,2026-03-16,organic,US
cust_002413,2026-03-02,affiliate,DE
cust_002414,2026-02-13,paid_search,BR
cust_002415,2026-06-16,paid_search,DE
cust_002416,2026-06-23,social,PT
cust_002417,2026-05-12,paid_search,BR
cust_002418,2026-05-11,paid_search,BR
cust_002419,2026-03-27,paid_search,US
cust_002420,2026-01-24,organic,PT
cust_002421,2026-04-25,referral,US
cust_002422,2026-06-23,referral,BR
cust_002423,2026-02-08,organic,US
cust_002424,2026-03-20,organic,DE
cust_002425,2026-05-21,paid_search,DE
cust_002426,2026-05-29,paid_search,BR
cust_002427,2026-06-03,social,ES
cust_002428,2026-03-11,paid_search,US
cust_002429,2026-03-20,referral,PT
cust_002430,2026-01-29,affiliate,BR
cust_002431,2026-02-18,paid_search,BR
cust_002432,2026-01-27,organic,US
cust_002433,2026-06-11,organic,US
cust_002434,2026-02-04,paid_search,US
cust_002435,2026-01-30,organic,US
cust_002436,2026-05-28,organic,DE
cust_002437,2026-05-30,paid_search,PT
cust_002438,2026-02-27,affiliate,PT
cust_002439,2026-02-20,paid_search,DE
cust_002440,2026-04-15,paid_search,ES
cust_002441,2026-01-07,referral,DE
cust_002442,2026-01-24,paid_search,BR
cust_002443,2026-03-15,paid_search,BR
cust_002444,2026-02-04,paid_search,DE
cust_002445,2026-02-28,social,BR
cust_002446,2026-03-25,organic,US
cust_002447,2026-04-05,affiliate,US
cust_002448,2026-04-06,affiliate,US
cust_002449,2026-04-22,paid_search,US
cust_002450,2026-01-31,paid_search,BR
cust_002451,2026-04-07,paid_search,BR
cust_002452,2026-05-12,paid_search,ES
cust_002453,2026-03-04,organic,US
cust_002454,2026-01-25,social,BR
cust_002455,2026-05-25,paid_search,DE
cust_002456,2026-05-02,organic,BR
cust_002457,2026-03-09,referral,PT
cust_002458,2026-01-11,affiliate,BR
cust_002459,2026-05-06,organic,BR
cust_002460,2026-05-14,organic,BR
cust_002461,2026-03-07,organic,PT
cust_002462,2026-01-08,paid_search,DE
cust_002463,2026-04-21,paid_search,PT
cust_002464,2026-01-04,affiliate,US
cust_002465,2026-03-03,paid_search,BR
cust_002466,2026-04-22,organic,PT
cust_002467,2026-05-15,affiliate,BR
cust_002468,2026-04-08,social,US
cust_002469,2026-02-02,affiliate,BR
cust_002470,2026-03-26,organic,US
cust_002471,2026-06-02,organic,DE
cust_002472,2026-02-11,organic,BR
cust_002473,2026-04-22,paid_search,BR
cust_002474,2026-05-25,referral,US
cust_002475,2026-04-23,organic,BR
cust_002476,2026-01-14,paid_search,PT
cust_002477,2026-03-24,organic,DE
cust_002478,2026-05-07,social,PT
cust_002479,2026-02-28,paid_search,PT
cust_002480,2026-02-08,paid_search,BR
cust_002481,2026-04-11,paid_search,DE
cust_002482,2026-02-05,social,US
cust_002483,2026-04-11,social,US
cust_002484,2026-02-11,affiliate,DE
cust_002485,2026-04-01,organic,US
cust_002486,2026-06-07,affiliate,DE
cust_002487,2026-03-26,referral,US
cust_002488,2026-01-12,paid_search,BR
cust_002489,2026-01-29,organic,US
cust_002490,2026-05-29,organic,PT
cust_002491,2026-03-03,social,ES
cust_002492,2026-05-04,organic,PT
cust_002493,2026-06-09,organic,BR
cust_002494,2026-05-14,affiliate,PT
cust_002495,2026-01-23,organic,BR
cust_002496,2026-06-04,social,PT
cust_002497,2026-04-19,referral,PT
cust_002498,2026-06-25,organic,BR
cust_002499,2026-01-27,organic,DE
cust_002500,2026-02-23,affiliate,BR
cust_002501,2026-06-15,organic,US
cust_002502,2026-06-01,organic,DE
cust_002503,2026-01-17,organic,BR
cust_002504,2026-01-13,social,PT
cust_002505,2026-03-12,affiliate,DE
cust_002506,2026-03-19,referral,US
cust_002507,2026-01-28,organic,US
cust_002508,2026-04-08,referral,PT
cust_002509,2026-06-10,paid_search,DE
cust_002510,2026-04-12,organic,DE
cust_002511,2026-02-16,paid_search,DE
cust_002512,2026-03-02,organic,US
cust_002513,2026-03-17,social,US
cust_002514,2026-03-24,organic,BR
cust_002515,2026-02-11,referral,PT
cust_002516,2026-02-19,social,BR
cust_002517,2026-04-14,paid_search,ES
cust_002518,2026-03-03,paid_search,PT
cust_002519,2026-02-17,referral,DE
cust_002520,2026-01-29,paid_search,US
cust_002521,2026-06-09,organic,US
cust_002522,2026-06-25,affiliate,DE
cust_002523,2026-05-09,affiliate,BR
cust_002524,2026-06-28,affiliate,BR
cust_002525,2026-04-18,paid_search,US
cust_002526,2026-05-17,paid_search,DE
cust_002527,2026-01-24,paid_search,BR
cust_002528,2026-03-27,paid_search,ES
cust_002529,2026-03-18,referral,ES
cust_002530,2026-02-28,organic,DE
cust_002531,2026-02-15,organic,DE
cust_002532,2026-02-01,social,US
cust_002533,2026-06-20,social,US
cust_002534,2026-06-03,organic,DE
cust_002535,2026-06-09,affiliate,PT
cust_002536,2026-05-24,paid_search,DE
cust_002537,2026-05-20,paid_search,ES
cust_002538,2026-01-20,social,US
cust_002539,2026-04-09,organic,PT
cust_002540,2026-05-22,social,US
cust_002541,2026-03-30,affiliate,DE
cust_002542,2026-05-05,affiliate,US
cust_002543,2026-06-03,affiliate,BR
cust_002544,2026-02-08,affiliate,BR
cust_002545,2026-01-16,organic,BR
cust_002546,2026-05-19,referral,DE
cust_002547,2026-05-29,organic,US
cust_002548,2026-03-21,affiliate,BR
cust_002549,2026-04-03,social,BR
cust_002550,2026-02-03,affiliate,DE
cust_002551,2026-06-05,organic,BR
cust_002552,2026-03-13,organic,DE
cust_002553,2026-06-12,social,BR
cust_002554,2026-01-05,referral,US
cust_002555,2026-05-02,organic,BR
cust_002556,2026-03-31,organic,US
cust_002557,2026-02-02,organic,US
cust_002558,2026-04-27,organic,BR
cust_002559,2026-03-13,organic,US
cust_002560,2026-01-03,affiliate,PT
cust_002561,2026-06-28,referral,DE
cust_002562,2026-04-06,organic,US
cust_002563,2026-02-07,referral,DE
cust_002564,2026-02-21,organic,PT
cust_002565,2026-01-26,paid_search,BR
cust_002566,2026-02-11,referral,BR
cust_002567,2026-05-12,organic,BR
cust_002568,2026-06-03,organic,BR
cust_002569,2026-02-20,organic,PT
cust_002570,2026-02-18,paid_search,US
cust_002571,2026-03-30,organic,PT
cust_002572,2026-06-19,organic,US
cust_002573,2026-05-14,organic,BR
cust_002574,2026-03-24,affiliate,BR
cust_002575,2026-01-19,paid_search,BR
cust_002576,2026-02-15,paid_search,BR
cust_002577,2026-04-28,referral,ES
cust_002578,2026-04-27,affiliate,DE
cust_002579,2026-01-02,organic,US
cust_002580,2026-02-28,referral,US
cust_002581,2026-01-26,referral,US
cust_002582,2026-04-23,organic,BR
cust_002583,2026-04-06,referral,DE
cust_002584,2026-01-26,organic,US
cust_002585,2026-03-26,organic,BR
cust_002586,2026-01-09,referral,PT
cust_002587,2026-06-12,organic,BR
cust_002588,2026-03-25,organic,DE
cust_002589,2026-04-30,social,ES
cust_002590,2026-04-11,organic,DE
cust_002591,2026-03-03,affiliate,PT
cust_002592,2026-01-30,paid_search,ES
cust_002593,2026-05-04,affiliate,BR
cust_002594,2026-01-29,organic,BR
cust_002595,2026-04-02,organic,US
cust_002596,2026-03-26,organic,DE
cust_002597,2026-04-07,organic,BR
cust_002598,2026-05-18,paid_search,PT
cust_002599,2026-01-22,social,DE
cust_002600,2026-01-25,organic,BR
cust_002601,2026-02-25,organic,BR
cust_002602,2026-04-09,social,US
cust_002603,2026-05-09,paid_search,US
cust_002604,2026-01-01,paid_search,US
cust_002605,2026-03-22,referral,BR
cust_002606,2026-04-07,affiliate,DE
cust_002607,2026-01-06,organic,ES
cust_002608,2026-01-24,paid_search,US
cust_002609,2026-01-21,social,BR
cust_002610,2026-01-16,paid_search,US
cust_002611,2026-04-04,paid_search,ES
cust_002612,2026-04-26,affiliate,BR
cust_002613,2026-01-09,affiliate,ES
cust_002614,2026-03-05,referral,ES
cust_002615,2026-06-26,referral,US
cust_002616,2026-02-11,social,DE
cust_002617,2026-02-24,organic,BR
cust_002618,2026-01-14,paid_search,US
cust_002619,2026-01-18,paid_search,BR
cust_002620,2026-05-30,social,BR
cust_002621,2026-06-15,organic,BR
cust_002622,2026-03-20,organic,DE
cust_002623,2026-05-08,organic,BR
cust_002624,2026-06-05,paid_search,DE
cust_002625,2026-03-02,social,US
cust_002626,2026-03-11,affiliate,DE
cust_002627,2026-04-10,organic,PT
cust_002628,2026-03-17,paid_search,US
cust_002629,2026-03-24,organic,PT
cust_002630,2026-03-13,affiliate,PT
cust_002631,2026-03-24,organic,PT
cust_002632,2026-04-01,affiliate,US
cust_002633,2026-05-19,organic,PT
cust_002634,2026-05-03,affiliate,BR
cust_002635,2026-04-01,paid_search,ES
cust_002636,2026-04-03,organic,ES
cust_002637,2026-05-13,social,DE
cust_002638,2026-04-12,paid_search,US
cust_002639,2026-04-17,organic,BR
cust_002640,2026-01-21,paid_search,PT
cust_002641,2026-04-01,affiliate,US
cust_002642,2026-02-19,paid_search,US
cust_002643,2026-05-30,paid_search,BR
cust_002644,2026-05-09,paid_search,DE
cust_002645,2026-06-13,paid_search,BR
cust_002646,2026-06-20,affiliate,BR
cust_002647,2026-05-21,paid_search,US
cust_002648,2026-05-02,social,BR
cust_002649,2026-06-28,social,BR
cust_002650,2026-02-05,organic,ES
cust_002651,2026-02-20,social,BR
cust_002652,2026-04-14,organic,BR
cust_002653,2026-01-03,organic,PT
cust_002654,2026-05-15,paid_search,US
cust_002655,2026-05-25,affiliate,PT
cust_002656,2026-05-01,social,US
cust_002657,2026-05-15,affiliate,US
cust_002658,2026-03-18,social,BR
cust_002659,2026-01-27,organic,BR
cust_002660,2026-01-04,affiliate,BR
cust_002661,2026-01-06,organic,US
cust_002662,2026-05-07,organic,DE
cust_002663,2026-06-16,affiliate,BR
cust_002664,2026-02-28,affiliate,BR
cust_002665,2026-03-23,organic,BR
cust_002666,2026-01-30,affiliate,PT
cust_002667,2026-04-05,paid_search,DE
cust_002668,2026-04-24,organic,BR
cust_002669,2026-06-11,social,BR
cust_002670,2026-01-02,organic,DE
cust_002671,2026-03-25,referral,DE
cust_002672,2026-05-24,paid_search,US
cust_002673,2026-02-26,organic,BR
cust_002674,2026-04-10,paid_search,US
cust_002675,2026-05-12,social,DE
cust_002676,2026-02-15,affiliate,PT
cust_002677,2026-03-23,paid_search,US
cust_002678,2026-02-22,social,PT
cust_002679,2026-04-02,organic,US
cust_002680,2026-05-06,organic,US
cust_002681,2026-01-05,organic,US
cust_002682,2026-04-02,organic,BR
cust_002683,2026-02-12,paid_search,US
cust_002684,2026-06-28,affiliate,DE
cust_002685,2026-05-08,paid_search,DE
cust_002686,2026-05-21,affiliate,ES
cust_002687,2026-06-11,referral,US
cust_002688,2026-03-11,affiliate,DE
cust_002689,2026-06-13,organic,BR
cust_002690,2026-05-15,affiliate,US
cust_002691,2026-01-26,organic,BR
cust_002692,2026-04-06,organic,PT
cust_002693,2026-04-06,organic,BR
cust_002694,2026-01-10,referral,BR
cust_002695,2026-02-20,paid_search,BR
cust_002696,2026-06-10,social,PT
cust_002697,2026-06-06,organic,PT
cust_002698,2026-04-30,organic,US
cust_002699,2026-04-05,organic,BR
cust_002700,2026-03-10,affiliate,DE
cust_002701,2026-04-19,organic,BR
cust_002702,2026-05-15,social,US
cust_002703,2026-01-21,affiliate,ES
cust_002704,2026-03-27,affiliate,ES
cust_002705,2026-05-27,organic,BR
cust_002706,2026-04-29,affiliate,DE
cust_002707,2026-01-20,social,BR
cust_002708,2026-01-21,organic,BR
cust_002709,2026-02-09,social,BR
cust_002710,2026-02-26,affiliate,DE
cust_002711,2026-04-07,affiliate,BR
cust_002712,2026-05-06,paid_search,DE
cust_002713,2026-01-24,social,PT
cust_002714,2026-03-22,affiliate,BR
cust_002715,2026-06-12,social,BR
cust_002716,2026-04-09,organic,BR
cust_002717,2026-05-19,affiliate,BR
cust_002718,2026-05-10,organic,DE
cust_002719,2026-04-13,paid_search,BR
cust_002720,2026-06-05,paid_search,ES
cust_002721,2026-06-24,paid_search,DE
cust_002722,2026-06-04,affiliate,ES
cust_002723,2026-03-27,organic,BR
cust_002724,2026-06-06,paid_search,BR
cust_002725,2026-03-07,organic,ES
cust_002726,2026-02-01,paid_search,BR
cust_002727,2026-01-08,affiliate,US
cust_002728,2026-06-25,paid_search,ES
cust_002729,2026-05-19,affiliate,DE
cust_002730,2026-02-27,paid_search,DE
cust_002731,2026-05-17,paid_search,BR
cust_002732,2026-05-25,organic,BR
cust_002733,2026-06-10,organic,PT
cust_002734,2026-06-28,organic,PT
cust_002735,2026-05-06,organic,PT
cust_002736,2026-06-03,affiliate,PT
cust_002737,2026-03-09,social,DE
cust_002738,2026-03-20,affiliate,DE
cust_002739,2026-01-17,organic,BR
cust_002740,2026-05-21,affiliate,DE
cust_002741,2026-04-12,referral,BR
cust_002742,2026-01-19,paid_search,BR
cust_002743,2026-03-08,affiliate,BR
cust_002744,2026-01-06,social,PT
cust_002745,2026-02-20,organic,DE
cust_002746,2026-05-22,paid_search,PT
cust_002747,2026-05-23,organic,BR
cust_002748,2026-05-02,paid_search,BR
cust_002749,2026-05-27,affiliate,BR
cust_002750,2026-02-27,paid_search,BR
cust_002751,2026-03-07,referral,DE
cust_002752,2026-04-23,paid_search,DE
cust_002753,2026-05-02,affiliate,DE
cust_002754,2026-02-15,paid_search,BR
cust_002755,2026-06-02,social,US
cust_002756,2026-01-28,affiliate,PT
cust_002757,2026-02-18,organic,PT
cust_002758,2026-02-07,social,BR
cust_002759,2026-01-20,organic,PT
cust_002760,2026-03-22,organic,BR
cust_002761,2026-06-22,organic,BR
cust_002762,2026-01-16,paid_search,PT
cust_002763,2026-04-25,paid_search,DE
cust_002764,2026-06-19,organic,PT
cust_002765,2026-03-24,referral,US
cust_002766,2026-04-06,affiliate,PT
cust_002767,2026-02-01,organic,BR
cust_002768,2026-05-19,paid_search,ES
cust_002769,2026-04-10,social,BR
cust_002770,2026-02-11,paid_search,BR
cust_002771,2026-01-31,referral,BR
cust_002772,2026-01-24,affiliate,PT
cust_002773,2026-01-24,paid_search,BR
cust_002774,2026-04-12,organic,BR
cust_002775,2026-03-14,organic,PT
cust_002776,2026-06-03,organic,DE
cust_002777,2026-03-23,organic,DE
cust_002778,2026-06-22,organic,BR
cust_002779,2026-05-24,paid_search,BR
cust_002780,2026-03-09,organic,BR
cust_002781,2026-04-04,paid_search,US
cust_002782,2026-06-24,organic,BR
cust_002783,2026-06-12,affiliate,US
cust_002784,2026-05-28,organic,US
cust_002785,2026-05-28,paid_search,PT
cust_002786,2026-06-18,affiliate,BR
cust_002787,2026-05-02,affiliate,PT
cust_002788,2026-02-15,social,BR
cust_002789,2026-01-09,referral,DE
cust_002790,2026-05-23,organic,BR
cust_002791,2026-02-02,affiliate,US
cust_002792,2026-06-04,affiliate,BR
cust_002793,2026-05-06,organic,US
cust_002794,2026-02-07,referral,PT
cust_002795,2026-05-28,organic,US
cust_002796,2026-02-06,affiliate,PT
cust_002797,2026-01-04,organic,ES
cust_002798,2026-02-04,referral,BR
cust_002799,2026-02-09,organic,US
cust_002800,2026-06-22,paid_search,BR
cust_002801,2026-04-14,affiliate,PT
cust_002802,2026-01-09,paid_search,ES
cust_002803,2026-03-08,paid_search,PT
cust_002804,2026-06-16,paid_search,BR
cust_002805,2026-01-18,organic,BR
cust_002806,2026-02-02,organic,BR
cust_002807,2026-05-30,organic,BR
cust_002808,2026-03-21,affiliate,BR
cust_002809,2026-03-05,organic,US
cust_002810,2026-02-27,paid_search,BR
cust_002811,2026-03-22,social,BR
cust_002812,2026-06-10,social,BR
cust_002813,2026-02-16,affiliate,US
cust_002814,2026-04-06,paid_search,PT
cust_002815,2026-01-23,organic,BR
cust_002816,2026-04-18,paid_search,PT
cust_002817,2026-03-21,affiliate,ES
cust_002818,2026-01-04,organic,ES
cust_002819,2026-05-12,organic,DE
cust_002820,2026-05-07,affiliate,BR
cust_002821,2026-03-20,paid_search,DE
cust_002822,2026-04-08,organic,ES
cust_002823,2026-03-14,paid_search,BR
cust_002824,2026-02-17,paid_search,PT
cust_002825,2026-06-26,paid_search,BR
cust_002826,2026-06-07,paid_search,DE
cust_002827,2026-02-26,affiliate,BR
cust_002828,2026-01-12,referral,PT
cust_002829,2026-04-27,organic,US
cust_002830,2026-03-10,social,BR
cust_002831,2026-06-13,paid_search,BR
cust_002832,2026-05-24,paid_search,BR
cust_002833,2026-01-18,paid_search,BR
cust_002834,2026-01-28,affiliate,ES
cust_002835,2026-06-20,paid_search,US
cust_002836,2026-06-05,organic,US
cust_002837,2026-03-08,affiliate,ES
cust_002838,2026-05-18,paid_search,BR
cust_002839,2026-03-04,organic,PT
cust_002840,2026-04-27,organic,ES
cust_002841,2026-01-26,affiliate,BR
cust_002842,2026-04-03,organic,BR
cust_002843,2026-02-03,paid_search,DE
cust_002844,2026-05-17,paid_search,BR
cust_002845,2026-01-16,affiliate,US
cust_002846,2026-01-16,paid_search,DE
cust_002847,2026-06-08,affiliate,US
cust_002848,2026-03-10,referral,BR
cust_002849,2026-04-27,paid_search,BR
cust_002850,2026-05-30,social,ES
cust_002851,2026-01-25,paid_search,ES
cust_002852,2026-03-28,organic,US
cust_002853,2026-05-28,organic,ES
cust_002854,2026-03-11,organic,DE
cust_002855,2026-05-02,organic,US
cust_002856,2026-02-15,referral,ES
cust_002857,2026-01-08,organic,ES
cust_002858,2026-05-18,affiliate,BR
cust_002859,2026-06-09,affiliate,BR
cust_002860,2026-02-23,paid_search,PT
cust_002861,2026-04-18,organic,US
cust_002862,2026-05-11,affiliate,US
cust_002863,2026-01-13,paid_search,US
cust_002864,2026-01-25,organic,US
cust_002865,2026-02-14,social,US
cust_002866,2026-02-23,organic,US
cust_002867,2026-05-15,affiliate,US
cust_002868,2026-05-13,paid_search,PT
cust_002869,2026-03-24,affiliate,ES
cust_002870,2026-01-11,social,BR
cust_002871,2026-06-13,referral,BR
cust_002872,2026-05-13,paid_search,PT
cust_002873,2026-04-11,affiliate,DE
cust_002874,2026-02-13,organic,ES
cust_002875,2026-04-14,paid_search,BR
cust_002876,2026-02-07,organic,DE
cust_002877,2026-06-06,organic,US
cust_002878,2026-05-14,paid_search,BR
cust_002879,2026-02-18,organic,BR
cust_002880,2026-01-13,affiliate,BR
cust_002881,2026-04-04,paid_search,BR
cust_002882,2026-06-04,affiliate,BR
cust_002883,2026-02-18,organic,PT
cust_002884,2026-03-08,social,DE
cust_002885,2026-04-11,affiliate,ES
cust_002886,2026-05-31,paid_search,PT
cust_002887,2026-01-19,affiliate,US
cust_002888,2026-01-17,referral,ES
cust_002889,2026-03-15,organic,DE
cust_002890,2026-01-13,affiliate,BR
cust_002891,2026-06-05,paid_search,BR
cust_002892,2026-05-02,paid_search,BR
cust_002893,2026-01-11,paid_search,BR
cust_002894,2026-03-16,paid_search,US
cust_002895,2026-03-21,organic,US
cust_002896,2026-05-09,affiliate,PT
cust_002897,2026-04-01,affiliate,DE
cust_002898,2026-05-01,organic,US
cust_002899,2026-05-12,affiliate,PT
cust_002900,2026-03-05,paid_search,BR
cust_002901,2026-01-03,paid_search,BR
cust_002902,2026-06-03,social,ES
cust_002903,2026-01-25,affiliate,BR
cust_002904,2026-03-23,paid_search,US
cust_002905,2026-02-06,organic,DE
cust_002906,2026-01-12,organic,US
cust_002907,2026-04-10,referral,DE
cust_002908,2026-03-02,paid_search,PT
cust_002909,2026-01-29,organic,BR
cust_002910,2026-03-08,organic,ES
cust_002911,2026-04-11,paid_search,US
cust_002912,2026-01-12,organic,DE
cust_002913,2026-04-19,social,PT
cust_002914,2026-02-07,referral,US
cust_002915,2026-02-09,affiliate,BR
cust_002916,2026-05-10,paid_search,US
cust_002917,2026-04-01,paid_search,BR
cust_002918,2026-04-23,paid_search,BR
cust_002919,2026-02-28,paid_search,BR
cust_002920,2026-03-30,social,ES
cust_002921,2026-04-07,organic,BR
cust_002922,2026-02-13,affiliate,PT
cust_002923,2026-02-11,organic,US
cust_002924,2026-06-08,organic,US
cust_002925,2026-02-09,paid_search,DE
cust_002926,2026-01-02,paid_search,BR
cust_002927,2026-01-06,paid_search,BR
cust_002928,2026-03-27,organic,US
cust_002929,2026-05-29,paid_search,ES
cust_002930,2026-02-08,organic,BR
cust_002931,2026-06-21,organic,BR
cust_002932,2026-06-14,paid_search,BR
cust_002933,2026-01-05,organic,BR
cust_002934,2026-01-20,organic,US
cust_002935,2026-03-15,affiliate,DE
cust_002936,2026-03-07,referral,BR
cust_002937,2026-02-16,paid_search,BR
cust_002938,2026-02-03,referral,ES
cust_002939,2026-05-02,social,DE
cust_002940,2026-01-13,organic,DE
cust_002941,2026-01-26,affiliate,BR
cust_002942,2026-03-15,affiliate,BR
cust_002943,2026-03-25,referral,BR
cust_002944,2026-01-09,affiliate,US
cust_002945,2026-06-15,paid_search,DE
cust_002946,2026-03-05,organic,US
cust_002947,2026-02-24,social,DE
cust_002948,2026-04-24,social,BR
cust_002949,2026-01-16,affiliate,DE
cust_002950,2026-04-30,organic,PT
cust_002951,2026-05-26,social,DE
cust_002952,2026-03-14,paid_search,PT
cust_002953,2026-03-04,affiliate,PT
cust_002954,2026-04-04,affiliate,PT
cust_002955,2026-02-22,paid_search,US
cust_002956,2026-06-03,paid_search,BR
cust_002957,2026-02-12,social,PT
cust_002958,2026-02-15,paid_search,BR
cust_002959,2026-06-22,paid_search,BR
cust_002960,2026-06-13,paid_search,US
cust_002961,2026-01-27,affiliate,BR
cust_002962,2026-04-11,paid_search,US
cust_002963,2026-04-01,paid_search,BR
cust_002964,2026-03-29,paid_search,PT
cust_002965,2026-06-06,paid_search,BR
cust_002966,2026-01-05,organic,BR
cust_002967,2026-05-06,organic,ES
cust_002968,2026-02-27,social,PT
cust_002969,2026-05-05,organic,BR
cust_002970,2026-02-14,organic,BR
cust_002971,2026-01-08,paid_search,BR
cust_002972,2026-05-12,organic,BR
cust_002973,2026-06-08,affiliate,DE
cust_002974,2026-02-07,affiliate,ES
cust_002975,2026-06-16,affiliate,US
cust_002976,2026-06-27,organic,DE
cust_002977,2026-02-24,social,DE
cust_002978,2026-03-20,referral,DE
cust_002979,2026-05-28,affiliate,PT
cust_002980,2026-04-10,referral,ES
cust_002981,2026-06-18,paid_search,BR
cust_002982,2026-05-26,organic,BR
cust_002983,2026-04-24,affiliate,DE
cust_002984,2026-05-21,social,BR
cust_002985,2026-01-17,organic,BR
cust_002986,2026-05-30,referral,PT
cust_002987,2026-03-27,paid_search,US
cust_002988,2026-03-14,organic,DE
cust_002989,2026-03-01,referral,BR
cust_002990,2026-06-07,affiliate,BR
cust_002991,2026-02-13,paid_search,US
cust_002992,2026-03-20,affiliate,US
cust_002993,2026-02-28,organic,BR
cust_002994,2026-06-02,organic,BR
cust_002995,2026-03-06,paid_search,DE
cust_002996,2026-06-27,affiliate,DE
cust_002997,2026-03-16,organic,BR
cust_002998,2026-04-14,paid_search,PT
cust_002999,2026-03-05,paid_search,PT
cust_003000,2026-06-23,organic,BR
