session_id,customer_id,started_at,duration_seconds,end_reason,device_type
sess_00000001,,2026-01-01 17:44:36,23,no_activity,mobile
sess_00000002,cust_001095,2026-01-01 20:20:44,11,no_activity,mobile
sess_00000003,cust_001176,2026-01-01 11:48:29,204,no_activity,tablet
sess_00000004,,2026-01-01 12:24:53,456,no_activity,mobile
sess_00000005,cust_001759,2026-01-01 16:28:29,6,no_activity,desktop
sess_00000006,,2026-01-01 20:46:43,11,no_activity,desktop
sess_00000007,,2026-01-01 05:09:31,15,no_activity,mobile
sess_00000008,,2026-01-01 19:30:53,251,no_activity,mobile
sess_00000009,cust_002270,2026-01-01 17:57:20,12,no_activity,desktop
sess_00000010,,2026-01-01 16:00:07,498,no_activity,desktop
sess_00000011,,2026-01-01 12:00:03,20,no_activity,mobile
sess_00000012,,2026-01-01 17:22:23,126,no_activity,mobile
sess_00000013,,2026-01-01 11:22:27,229,no_activity,tablet
sess_00000014,cust_001832,2026-01-01 11:49:05,1351,no_activity,desktop
sess_00000015,,2026-01-01 16:13:03,112,no_activity,desktop
sess_00000016,cust_000855,2026-01-01 12:42:43,716,no_activity,desktop
sess_00000017,,2026-01-01 08:50:04,429,no_activity,mobile
sess_00000018,,2026-01-01 07:52:12,862,no_activity,desktop
sess_00000019,cust_002361,2026-01-01 11:08:34,613,no_activity,tablet
sess_00000020,cust_001313,2026-01-01 10:49:41,227,no_activity,desktop
sess_00000021,cust_002989,2026-01-01 06:59:12,465,no_activity,desktop
sess_00000022,cust_001261,2026-01-01 18:33:36,1644,logout,desktop
sess_00000023,,2026-01-01 16:11:57,1142,no_activity,desktop
sess_00000024,,2026-01-01 13:09:14,26,no_activity,desktop
sess_00000025,cust_000399,2026-01-01 12:00:37,167,timeout,desktop
sess_00000026,,2026-01-01 20:49:43,196,no_activity,mobile
sess_00000027,,2026-01-01 13:03:54,1364,timeout,mobile
sess_00000028,,2026-01-01 13:31:34,32,no_activity,mobile
sess_00000029,cust_000782,2026-01-01 21:19:31,237,timeout,desktop
sess_00000030,,2026-01-01 09:44:50,1966,no_activity,mobile
sess_00000031,,2026-01-01 05:29:27,264,no_activity,desktop
sess_00000032,,2026-01-01 17:14:10,3,no_activity,mobile
sess_00000033,,2026-01-01 08:41:26,119,no_activity,mobile
sess_00000034,,2026-01-01 18:54:50,309,no_activity,mobile
sess_00000035,,2026-01-01 10:24:13,663,no_activity,mobile
sess_00000036,,2026-01-01 13:25:57,187,no_activity,desktop
sess_00000037,,2026-01-01 15:02:03,2095,no_activity,mobile
sess_00000038,,2026-01-01 15:20:30,145,no_activity,mobile
sess_00000039,,2026-01-01 19:21:29,449,no_activity,mobile
sess_00000040,,2026-01-01 19:39:59,157,no_activity,mobile
sess_00000041,cust_000380,2026-01-01 12:48:53,703,no_activity,mobile
sess_00000042,cust_001666,2026-01-01 17:21:16,3,no_activity,mobile
sess_00000043,,2026-01-01 13:09:58,306,no_activity,mobile
sess_00000044,,2026-01-01 10:55:40,398,no_activity,mobile
sess_00000045,cust_000756,2026-01-01 06:42:14,39,no_activity,desktop
sess_00000046,cust_000657,2026-01-01 22:32:54,685,no_activity,desktop
sess_00000047,cust_000818,2026-01-01 10:13:45,692,no_activity,desktop
sess_00000048,,2026-01-01 22:22:27,4,no_activity,mobile
sess_00000049,,2026-01-01 09:32:18,212,timeout,desktop
sess_00000050,cust_002863,2026-01-01 18:14:49,728,no_activity,tablet
sess_00000051,,2026-01-01 13:10:56,427,logout,mobile
sess_00000052,,2026-01-02 11:12:07,673,no_activity,desktop
sess_00000053,cust_001953,2026-01-02 13:28:17,15,no_activity,desktop
sess_00000054,,2026-01-02 16:06:47,303,no_activity,desktop
sess_00000055,cust_001296,2026-01-02 08:57:15,219,no_activity,desktop
sess_00000056,cust_001029,2026-01-02 11:37:57,1787,no_activity,desktop
sess_00000057,cust_002663,2026-01-02 21:54:49,15,no_activity,mobile
sess_00000058,cust_001473,2026-01-02 10:58:07,288,timeout,desktop
sess_00000059,,2026-01-02 08:27:43,22,no_activity,tablet
sess_00000060,cust_002578,2026-01-02 12:30:14,96,no_activity,desktop
sess_00000061,,2026-01-02 07:39:00,515,no_activity,mobile
sess_00000062,,2026-01-02 08:37:22,19,no_activity,mobile
sess_00000063,,2026-01-02 12:49:12,1091,no_activity,desktop
sess_00000064,,2026-01-02 13:46:04,430,no_activity,mobile
sess_00000065,,2026-01-02 12:34:19,3433,logout,desktop
sess_00000066,cust_000014,2026-01-02 16:02:29,2402,no_activity,desktop
sess_00000067,,2026-01-02 17:24:42,12,no_activity,desktop
sess_00000068,,2026-01-02 16:03:32,17,no_activity,desktop
sess_00000069,,2026-01-02 05:31:40,1066,no_activity,desktop
sess_00000070,cust_002659,2026-01-02 13:54:20,27,no_activity,desktop
sess_00000071,cust_002691,2026-01-02 06:37:03,226,timeout,mobile
sess_00000072,,2026-01-02 11:13:03,922,no_activity,desktop
sess_00000073,,2026-01-02 09:19:53,87,timeout,desktop
sess_00000074,,2026-01-02 13:40:24,1038,no_activity,desktop
sess_00000075,,2026-01-02 20:44:20,21,no_activity,desktop
sess_00000076,cust_001720,2026-01-02 19:18:05,1443,no_activity,desktop
sess_00000077,,2026-01-02 06:41:48,12,no_activity,mobile
sess_00000078,cust_002133,2026-01-02 09:02:02,489,no_activity,desktop
sess_00000079,,2026-01-02 12:29:38,88,no_activity,desktop
sess_00000080,,2026-01-02 20:36:10,3,no_activity,desktop
sess_00000081,cust_002110,2026-01-02 14:11:38,348,no_activity,mobile
sess_00000082,cust_001671,2026-01-02 19:43:56,242,no_activity,desktop
sess_00000083,cust_000523,2026-01-02 18:03:13,1,no_activity,mobile
sess_00000084,,2026-01-02 10:41:48,1949,timeout,mobile
sess_00000085,,2026-01-02 11:04:19,450,no_activity,mobile
sess_00000086,,2026-01-02 18:29:18,455,no_activity,tablet
sess_00000087,cust_000148,2026-01-02 15:08:23,28,no_activity,mobile
sess_00000088,cust_000802,2026-01-02 10:21:44,685,no_activity,mobile
sess_00000089,cust_001048,2026-01-02 11:24:26,1424,no_activity,desktop
sess_00000090,cust_002276,2026-01-02 21:30:49,1526,no_activity,desktop
sess_00000091,,2026-01-02 11:16:08,329,no_activity,mobile
sess_00000092,cust_002531,2026-01-02 08:16:20,378,no_activity,desktop
sess_00000093,,2026-01-02 15:28:31,3901,logout,mobile
sess_00000094,,2026-01-02 18:06:13,435,timeout,desktop
sess_00000095,,2026-01-02 12:50:17,596,no_activity,mobile
sess_00000096,cust_002881,2026-01-02 09:02:56,299,no_activity,desktop
sess_00000097,,2026-01-02 12:21:21,18,no_activity,desktop
sess_00000098,,2026-01-02 18:40:24,6,no_activity,desktop
sess_00000099,,2026-01-02 11:43:37,968,no_activity,tablet
sess_00000100,cust_002341,2026-01-02 16:23:00,495,no_activity,mobile
sess_00000101,,2026-01-02 10:33:06,1934,no_activity,mobile
sess_00000102,cust_001185,2026-01-02 11:07:11,797,no_activity,desktop
sess_00000103,,2026-01-02 12:31:54,426,no_activity,desktop
sess_00000104,,2026-01-02 12:12:10,80,timeout,desktop
sess_00000105,cust_000286,2026-01-02 13:27:51,546,timeout,desktop
sess_00000106,cust_002871,2026-01-02 09:04:03,675,timeout,mobile
sess_00000107,,2026-01-02 19:13:50,310,timeout,desktop
sess_00000108,,2026-01-02 12:28:31,2,no_activity,mobile
sess_00000109,,2026-01-02 23:49:09,459,timeout,mobile
sess_00000110,cust_000660,2026-01-02 12:24:39,181,no_activity,desktop
sess_00000111,,2026-01-03 12:47:06,23,no_activity,mobile
sess_00000112,cust_000183,2026-01-03 13:27:08,2543,timeout,mobile
sess_00000113,cust_001237,2026-01-03 06:36:55,3970,no_activity,mobile
sess_00000114,cust_000325,2026-01-03 11:22:50,12,no_activity,mobile
sess_00000115,cust_001699,2026-01-03 17:30:40,94,no_activity,desktop
sess_00000116,cust_002355,2026-01-03 20:10:51,357,no_activity,mobile
sess_00000117,cust_001160,2026-01-03 09:21:13,248,no_activity,mobile
sess_00000118,,2026-01-03 11:23:43,607,no_activity,desktop
sess_00000119,,2026-01-03 12:40:11,406,no_activity,desktop
sess_00000120,cust_002200,2026-01-03 09:19:50,321,no_activity,desktop
sess_00000121,,2026-01-03 19:00:10,25,no_activity,mobile
sess_00000122,,2026-01-03 03:27:43,926,no_activity,mobile
sess_00000123,cust_000835,2026-01-03 10:28:03,28,no_activity,desktop
sess_00000124,,2026-01-03 16:00:34,158,no_activity,desktop
sess_00000125,cust_000818,2026-01-03 14:49:23,644,no_activity,mobile
sess_00000126,,2026-01-03 09:24:36,310,no_activity,desktop
sess_00000127,,2026-01-03 20:04:59,3,no_activity,desktop
sess_00000128,cust_001508,2026-01-03 16:34:48,271,no_activity,desktop
sess_00000129,,2026-01-03 10:37:56,585,no_activity,mobile
sess_00000130,,2026-01-03 10:52:45,400,no_activity,mobile
sess_00000131,cust_001332,2026-01-03 12:47:59,124,no_activity,mobile
sess_00000132,,2026-01-03 19:32:42,60,no_activity,desktop
sess_00000133,,2026-01-03 11:54:26,345,no_activity,desktop
sess_00000134,cust_000027,2026-01-03 08:38:31,22,no_activity,tablet
sess_00000135,cust_001886,2026-01-03 11:09:12,146,no_activity,desktop
sess_00000136,cust_000777,2026-01-03 02:28:56,174,no_activity,mobile
sess_00000137,,2026-01-03 15:16:06,569,logout,desktop
sess_00000138,cust_000304,2026-01-03 21:59:19,30,no_activity,desktop
sess_00000139,,2026-01-03 20:16:43,220,no_activity,mobile
sess_00000140,cust_002105,2026-01-03 16:27:30,242,timeout,desktop
sess_00000141,cust_000544,2026-01-03 10:57:50,8,no_activity,desktop
sess_00000142,,2026-01-03 18:47:51,445,no_activity,desktop
sess_00000143,,2026-01-03 21:42:55,537,no_activity,mobile
sess_00000144,cust_000171,2026-01-03 19:22:07,357,no_activity,mobile
sess_00000145,,2026-01-03 15:37:20,125,timeout,desktop
sess_00000146,cust_000696,2026-01-03 11:25:04,1272,no_activity,mobile
sess_00000147,,2026-01-03 09:46:21,328,timeout,mobile
sess_00000148,,2026-01-03 06:36:00,66,logout,mobile
sess_00000149,cust_000871,2026-01-03 21:47:04,2,no_activity,desktop
sess_00000150,,2026-01-03 19:08:57,523,no_activity,desktop
sess_00000151,,2026-01-03 20:06:44,486,logout,desktop
sess_00000152,,2026-01-03 06:13:15,453,no_activity,desktop
sess_00000153,,2026-01-03 08:07:15,944,timeout,mobile
sess_00000154,cust_001604,2026-01-03 16:28:35,288,no_activity,desktop
sess_00000155,cust_001672,2026-01-03 15:18:11,25,no_activity,desktop
sess_00000156,,2026-01-03 11:43:16,272,no_activity,desktop
sess_00000157,,2026-01-03 04:33:04,2815,no_activity,mobile
sess_00000158,cust_001113,2026-01-03 08:32:44,413,no_activity,desktop
sess_00000159,,2026-01-03 17:37:07,2047,no_activity,desktop
sess_00000160,cust_001157,2026-01-03 21:28:37,79,no_activity,desktop
sess_00000161,,2026-01-03 19:10:28,27,no_activity,mobile
sess_00000162,,2026-01-03 20:00:09,953,no_activity,tablet
sess_00000163,cust_002008,2026-01-03 21:51:11,566,no_activity,desktop
sess_00000164,,2026-01-03 20:20:30,279,no_activity,desktop
sess_00000165,,2026-01-03 19:21:38,620,logout,desktop
sess_00000166,cust_001139,2026-01-03 12:51:27,398,timeout,mobile
sess_00000167,,2026-01-03 13:32:17,175,no_activity,mobile
sess_00000168,,2026-01-03 08:03:56,491,no_activity,mobile
sess_00000169,,2026-01-03 17:21:43,4,no_activity,desktop
sess_00000170,cust_000784,2026-01-04 20:52:03,13,no_activity,mobile
sess_00000171,,2026-01-04 12:56:21,524,no_activity,desktop
sess_00000172,,2026-01-04 11:03:34,5,no_activity,desktop
sess_00000173,cust_002389,2026-01-04 10:05:25,326,no_activity,desktop
sess_00000174,,2026-01-04 15:40:35,1487,no_activity,desktop
sess_00000175,cust_000188,2026-01-04 07:39:12,436,no_activity,desktop
sess_00000176,,2026-01-04 08:41:52,817,logout,mobile
sess_00000177,,2026-01-04 09:33:10,77,no_activity,desktop
sess_00000178,cust_001564,2026-01-04 16:54:05,258,no_activity,mobile
sess_00000179,,2026-01-04 15:37:18,11,no_activity,desktop
sess_00000180,,2026-01-04 15:53:48,1,no_activity,mobile
sess_00000181,cust_001492,2026-01-04 13:46:46,204,no_activity,desktop
sess_00000182,,2026-01-04 08:40:02,344,no_activity,desktop
sess_00000183,,2026-01-04 21:24:43,460,no_activity,desktop
sess_00000184,cust_002144,2026-01-04 20:50:41,1896,no_activity,mobile
sess_00000185,cust_001049,2026-01-04 20:32:06,556,no_activity,desktop
sess_00000186,cust_002338,2026-01-04 12:09:54,401,no_activity,desktop
sess_00000187,cust_000032,2026-01-04 10:25:09,19,no_activity,tablet
sess_00000188,,2026-01-04 22:37:43,1778,no_activity,desktop
sess_00000189,cust_002159,2026-01-04 16:04:28,26,no_activity,mobile
sess_00000190,,2026-01-04 10:28:08,18,no_activity,mobile
sess_00000191,cust_001249,2026-01-04 15:53:22,87,no_activity,desktop
sess_00000192,cust_002839,2026-01-04 18:59:23,147,no_activity,desktop
sess_00000193,,2026-01-04 17:20:25,361,no_activity,tablet
sess_00000194,,2026-01-04 19:08:02,969,no_activity,desktop
sess_00000195,cust_001414,2026-01-04 12:27:31,903,no_activity,desktop
sess_00000196,,2026-01-04 07:01:45,662,no_activity,mobile
sess_00000197,cust_000042,2026-01-04 13:32:27,894,no_activity,mobile
sess_00000198,cust_002826,2026-01-04 10:09:10,440,timeout,desktop
sess_00000199,cust_000195,2026-01-04 17:14:57,465,no_activity,desktop
sess_00000200,,2026-01-04 21:55:26,117,timeout,mobile
sess_00000201,cust_002246,2026-01-04 08:19:02,260,no_activity,desktop
sess_00000202,,2026-01-04 17:52:51,656,no_activity,mobile
sess_00000203,,2026-01-04 15:17:25,489,no_activity,desktop
sess_00000204,cust_002404,2026-01-04 18:49:33,79,no_activity,mobile
sess_00000205,,2026-01-04 13:26:44,385,timeout,desktop
sess_00000206,cust_000407,2026-01-04 13:59:43,140,no_activity,desktop
sess_00000207,,2026-01-04 11:34:40,1998,no_activity,desktop
sess_00000208,,2026-01-04 09:20:53,15,no_activity,desktop
sess_00000209,cust_001088,2026-01-04 12:50:34,201,no_activity,desktop
sess_00000210,,2026-01-04 19:05:34,3026,no_activity,mobile
sess_00000211,,2026-01-04 20:28:33,6117,no_activity,desktop
sess_00000212,cust_002930,2026-01-04 15:33:29,30,no_activity,desktop
sess_00000213,cust_001273,2026-01-04 20:01:06,1026,no_activity,desktop
sess_00000214,cust_000758,2026-01-04 12:19:30,601,no_activity,desktop
sess_00000215,cust_002685,2026-01-04 17:30:58,120,no_activity,desktop
sess_00000216,,2026-01-04 19:15:48,507,no_activity,desktop
sess_00000217,,2026-01-04 14:45:42,1008,logout,desktop
sess_00000218,,2026-01-04 20:36:39,1314,timeout,desktop
sess_00000219,cust_000380,2026-01-04 13:04:29,19,no_activity,mobile
sess_00000220,cust_000233,2026-01-04 10:53:22,1315,no_activity,tablet
sess_00000221,cust_002419,2026-01-04 18:38:02,1,no_activity,tablet
sess_00000222,cust_001566,2026-01-04 12:01:01,771,no_activity,mobile
sess_00000223,,2026-01-04 06:58:23,1556,no_activity,mobile
sess_00000224,cust_002870,2026-01-04 09:10:07,439,timeout,desktop
sess_00000225,cust_002725,2026-01-04 10:01:07,931,no_activity,desktop
sess_00000226,cust_002490,2026-01-04 01:53:13,24,no_activity,desktop
sess_00000227,,2026-01-04 18:14:41,310,timeout,desktop
sess_00000228,,2026-01-04 15:13:53,407,no_activity,desktop
sess_00000229,cust_001412,2026-01-04 15:02:56,64,logout,desktop
sess_00000230,,2026-01-04 17:28:35,964,no_activity,desktop
sess_00000231,,2026-01-04 13:15:16,3103,no_activity,desktop
sess_00000232,cust_001913,2026-01-04 13:09:11,350,no_activity,desktop
sess_00000233,,2026-01-04 13:16:40,10,no_activity,desktop
sess_00000234,cust_000075,2026-01-04 14:19:28,1267,no_activity,desktop
sess_00000235,,2026-01-04 15:28:54,388,logout,mobile
sess_00000236,,2026-01-04 17:32:50,219,timeout,desktop
sess_00000237,,2026-01-05 05:52:53,439,no_activity,desktop
sess_00000238,cust_001303,2026-01-05 11:26:21,24,no_activity,mobile
sess_00000239,cust_000957,2026-01-05 12:05:08,29,no_activity,mobile
sess_00000240,,2026-01-05 08:39:32,392,no_activity,mobile
sess_00000241,,2026-01-05 13:50:06,29,timeout,desktop
sess_00000242,,2026-01-05 03:49:47,186,no_activity,mobile
sess_00000243,cust_000548,2026-01-05 12:44:55,13,no_activity,desktop
sess_00000244,,2026-01-05 12:57:23,746,no_activity,tablet
sess_00000245,,2026-01-05 10:20:07,769,timeout,desktop
sess_00000246,,2026-01-05 17:32:03,3,no_activity,mobile
sess_00000247,,2026-01-05 06:46:48,46,no_activity,desktop
sess_00000248,,2026-01-05 17:13:09,123,no_activity,mobile
sess_00000249,cust_002120,2026-01-05 07:50:52,286,no_activity,desktop
sess_00000250,cust_002366,2026-01-05 16:41:00,273,no_activity,tablet
sess_00000251,,2026-01-05 13:20:32,290,no_activity,desktop
sess_00000252,,2026-01-05 16:16:58,1425,no_activity,mobile
sess_00000253,cust_000224,2026-01-05 05:03:24,1423,no_activity,mobile
sess_00000254,,2026-01-05 09:54:27,710,timeout,mobile
sess_00000255,cust_000573,2026-01-05 14:17:17,241,no_activity,mobile
sess_00000256,,2026-01-05 06:11:29,147,no_activity,mobile
sess_00000257,cust_001330,2026-01-05 09:02:11,409,no_activity,desktop
sess_00000258,,2026-01-05 08:24:42,1616,no_activity,mobile
sess_00000259,,2026-01-05 10:10:46,380,timeout,desktop
sess_00000260,cust_000254,2026-01-05 09:29:16,257,no_activity,mobile
sess_00000261,cust_001830,2026-01-05 23:08:13,507,no_activity,mobile
sess_00000262,,2026-01-05 21:30:15,12,no_activity,desktop
sess_00000263,,2026-01-05 07:27:56,1250,no_activity,desktop
sess_00000264,cust_002054,2026-01-05 10:58:08,866,logout,desktop
sess_00000265,cust_002226,2026-01-05 14:47:39,7,no_activity,desktop
sess_00000266,cust_002041,2026-01-05 08:59:49,341,no_activity,mobile
sess_00000267,,2026-01-05 17:46:46,1994,no_activity,mobile
sess_00000268,,2026-01-05 11:52:30,551,no_activity,desktop
sess_00000269,cust_001586,2026-01-05 18:26:51,392,no_activity,mobile
sess_00000270,cust_000408,2026-01-05 11:46:51,2200,no_activity,mobile
sess_00000271,cust_000780,2026-01-05 19:00:12,465,no_activity,mobile
sess_00000272,,2026-01-05 17:30:22,6,no_activity,desktop
sess_00000273,cust_002252,2026-01-05 09:19:11,1,no_activity,mobile
sess_00000274,cust_002657,2026-01-05 19:59:54,685,logout,mobile
sess_00000275,,2026-01-05 11:45:39,24,no_activity,desktop
sess_00000276,cust_000588,2026-01-05 19:42:40,97,no_activity,desktop
sess_00000277,,2026-01-05 12:01:11,3,no_activity,mobile
sess_00000278,cust_000538,2026-01-05 22:30:00,877,logout,mobile
sess_00000279,cust_000291,2026-01-05 06:37:15,66,no_activity,mobile
sess_00000280,,2026-01-05 08:54:00,27,no_activity,mobile
sess_00000281,,2026-01-05 20:39:46,4,no_activity,desktop
sess_00000282,,2026-01-05 06:25:26,930,no_activity,desktop
sess_00000283,,2026-01-05 13:02:11,296,no_activity,desktop
sess_00000284,cust_001751,2026-01-05 19:12:08,76,no_activity,mobile
sess_00000285,cust_001625,2026-01-05 11:49:40,340,no_activity,mobile
sess_00000286,,2026-01-05 21:46:45,7200,no_activity,desktop
sess_00000287,,2026-01-05 04:59:57,772,no_activity,desktop
sess_00000288,cust_000740,2026-01-05 13:17:31,83,no_activity,desktop
sess_00000289,,2026-01-05 19:42:43,161,timeout,mobile
sess_00000290,,2026-01-05 09:13:46,289,no_activity,desktop
sess_00000291,,2026-01-05 14:26:52,1267,no_activity,desktop
sess_00000292,cust_002723,2026-01-05 18:31:38,709,no_activity,mobile
sess_00000293,cust_001311,2026-01-05 11:08:25,601,timeout,tablet
sess_00000294,,2026-01-05 12:22:43,673,no_activity,desktop
sess_00000295,,2026-01-05 08:44:13,30,no_activity,mobile
sess_00000296,,2026-01-05 15:12:31,24,no_activity,desktop
sess_00000297,cust_001503,2026-01-05 12:59:40,173,no_activity,mobile
sess_00000298,cust_000925,2026-01-05 20:19:54,10,no_activity,desktop
sess_00000299,cust_000194,2026-01-05 13:17:20,27,no_activity,desktop
sess_00000300,,2026-01-05 10:02:22,976,no_activity,desktop
sess_00000301,cust_002980,2026-01-05 16:34:09,78,no_activity,mobile
sess_00000302,,2026-01-05 17:47:00,213,no_activity,desktop
sess_00000303,,2026-01-05 19:06:05,861,no_activity,mobile
sess_00000304,,2026-01-05 22:20:32,134,no_activity,desktop
sess_00000305,,2026-01-05 23:44:24,587,no_activity,desktop
sess_00000306,cust_002423,2026-01-05 17:20:41,345,no_activity,tablet
sess_00000307,cust_002326,2026-01-05 21:42:43,1,no_activity,mobile
sess_00000308,,2026-01-05 15:09:21,430,no_activity,desktop
sess_00000309,cust_001188,2026-01-05 07:44:45,359,logout,mobile
sess_00000310,,2026-01-06 18:55:02,287,logout,desktop
sess_00000311,,2026-01-06 07:38:53,57,no_activity,mobile
sess_00000312,,2026-01-06 20:32:50,62,no_activity,desktop
sess_00000313,,2026-01-06 21:05:35,22,no_activity,mobile
sess_00000314,cust_000715,2026-01-06 14:42:06,8,no_activity,desktop
sess_00000315,cust_001941,2026-01-06 20:55:14,401,no_activity,mobile
sess_00000316,,2026-01-06 07:17:40,160,timeout,desktop
sess_00000317,cust_001456,2026-01-06 08:52:35,52,no_activity,mobile
sess_00000318,,2026-01-06 15:46:56,5,no_activity,desktop
sess_00000319,,2026-01-06 09:18:15,290,no_activity,mobile
sess_00000320,,2026-01-06 13:36:56,29,no_activity,desktop
sess_00000321,,2026-01-06 19:13:58,118,no_activity,mobile
sess_00000322,,2026-01-06 16:37:06,180,no_activity,mobile
sess_00000323,,2026-01-06 18:14:33,1035,no_activity,desktop
sess_00000324,,2026-01-06 19:37:24,123,no_activity,desktop
sess_00000325,,2026-01-06 18:36:54,50,no_activity,desktop
sess_00000326,,2026-01-06 19:51:40,860,timeout,mobile
sess_00000327,,2026-01-06 18:23:53,48,no_activity,desktop
sess_00000328,cust_003000,2026-01-06 14:44:42,503,timeout,mobile
sess_00000329,,2026-01-06 15:12:41,756,timeout,desktop
sess_00000330,cust_001384,2026-01-06 18:44:05,783,no_activity,desktop
sess_00000331,,2026-01-06 13:41:52,1119,no_activity,mobile
sess_00000332,cust_001798,2026-01-06 09:29:56,175,no_activity,mobile
sess_00000333,cust_002048,2026-01-06 16:51:40,2550,timeout,desktop
sess_00000334,,2026-01-06 18:03:32,469,no_activity,mobile
sess_00000335,,2026-01-06 13:12:43,204,no_activity,desktop
sess_00000336,,2026-01-06 20:29:00,1251,no_activity,desktop
sess_00000337,cust_000828,2026-01-06 13:49:10,433,no_activity,desktop
sess_00000338,cust_001711,2026-01-06 19:46:54,20,no_activity,mobile
sess_00000339,,2026-01-06 16:49:44,72,no_activity,desktop
sess_00000340,,2026-01-06 19:23:55,350,no_activity,desktop
sess_00000341,cust_000185,2026-01-06 08:07:00,194,timeout,desktop
sess_00000342,cust_000144,2026-01-06 07:33:55,87,no_activity,desktop
sess_00000343,,2026-01-06 11:06:55,160,no_activity,mobile
sess_00000344,,2026-01-06 11:05:17,1336,no_activity,desktop
sess_00000345,,2026-01-06 10:13:59,313,timeout,mobile
sess_00000346,,2026-01-06 08:41:26,140,no_activity,desktop
sess_00000347,,2026-01-06 06:59:18,20,no_activity,desktop
sess_00000348,,2026-01-06 15:26:23,291,no_activity,mobile
sess_00000349,cust_000265,2026-01-06 14:32:40,28,no_activity,desktop
sess_00000350,,2026-01-06 12:17:54,1132,no_activity,desktop
sess_00000351,cust_001439,2026-01-06 12:01:36,9,no_activity,mobile
sess_00000352,cust_000855,2026-01-06 07:33:17,29,no_activity,mobile
sess_00000353,,2026-01-06 16:16:40,139,no_activity,desktop
sess_00000354,,2026-01-06 05:39:41,1210,logout,desktop
sess_00000355,,2026-01-06 18:33:16,1567,no_activity,desktop
sess_00000356,,2026-01-06 04:03:59,101,logout,mobile
sess_00000357,cust_002845,2026-01-06 19:08:20,317,timeout,mobile
sess_00000358,,2026-01-06 16:45:18,655,no_activity,desktop
sess_00000359,,2026-01-06 20:27:11,664,no_activity,mobile
sess_00000360,,2026-01-06 09:23:07,512,no_activity,mobile
sess_00000361,cust_000612,2026-01-06 02:39:51,16,no_activity,desktop
sess_00000362,,2026-01-06 21:45:20,233,no_activity,desktop
sess_00000363,cust_002596,2026-01-06 13:45:48,372,no_activity,desktop
sess_00000364,,2026-01-06 11:59:58,465,timeout,desktop
sess_00000365,cust_001170,2026-01-06 19:35:10,506,no_activity,desktop
sess_00000366,,2026-01-06 09:58:06,237,no_activity,mobile
sess_00000367,cust_002936,2026-01-06 11:55:44,2593,no_activity,desktop
sess_00000368,cust_002279,2026-01-06 20:08:16,14,no_activity,mobile
sess_00000369,cust_001403,2026-01-06 13:47:05,9,no_activity,tablet
sess_00000370,cust_001908,2026-01-06 21:49:31,462,no_activity,desktop
sess_00000371,,2026-01-07 10:17:04,15,no_activity,mobile
sess_00000372,cust_001225,2026-01-07 05:44:20,295,no_activity,mobile
sess_00000373,cust_000022,2026-01-07 17:48:14,242,no_activity,mobile
sess_00000374,,2026-01-07 17:38:28,1078,no_activity,desktop
sess_00000375,cust_001757,2026-01-07 12:28:01,330,no_activity,mobile
sess_00000376,cust_000530,2026-01-07 09:19:12,471,no_activity,desktop
sess_00000377,,2026-01-07 12:59:33,1081,no_activity,desktop
sess_00000378,,2026-01-07 18:55:35,409,no_activity,desktop
sess_00000379,,2026-01-07 14:57:11,208,no_activity,mobile
sess_00000380,,2026-01-07 18:12:40,156,no_activity,desktop
sess_00000381,cust_002755,2026-01-07 18:08:37,475,no_activity,mobile
sess_00000382,,2026-01-07 09:38:35,151,no_activity,mobile
sess_00000383,,2026-01-07 14:33:15,1108,no_activity,desktop
sess_00000384,,2026-01-07 18:14:11,187,timeout,mobile
sess_00000385,cust_001343,2026-01-07 03:30:49,374,no_activity,desktop
sess_00000386,cust_002764,2026-01-07 12:32:32,521,timeout,desktop
sess_00000387,,2026-01-07 12:22:05,319,no_activity,mobile
sess_00000388,cust_001662,2026-01-07 18:44:18,344,no_activity,desktop
sess_00000389,,2026-01-07 20:46:31,151,no_activity,desktop
sess_00000390,,2026-01-07 08:20:38,412,no_activity,mobile
sess_00000391,cust_001279,2026-01-07 22:59:43,496,no_activity,tablet
sess_00000392,cust_002544,2026-01-07 23:55:11,1012,no_activity,mobile
sess_00000393,,2026-01-07 16:57:20,72,no_activity,desktop
sess_00000394,cust_000773,2026-01-07 06:05:38,1643,timeout,desktop
sess_00000395,,2026-01-07 19:57:22,190,logout,desktop
sess_00000396,cust_002698,2026-01-07 11:46:59,1701,timeout,mobile
sess_00000397,cust_001245,2026-01-07 17:34:29,4,no_activity,desktop
sess_00000398,cust_001052,2026-01-07 20:07:07,1645,no_activity,mobile
sess_00000399,,2026-01-07 20:39:09,222,no_activity,desktop
sess_00000400,,2026-01-07 17:27:19,265,timeout,desktop
sess_00000401,cust_000480,2026-01-07 18:00:44,18,no_activity,mobile
sess_00000402,,2026-01-07 01:26:15,192,no_activity,mobile
sess_00000403,,2026-01-07 18:05:42,620,no_activity,mobile
sess_00000404,cust_002286,2026-01-07 12:20:04,521,timeout,mobile
sess_00000405,,2026-01-07 06:41:57,182,no_activity,desktop
sess_00000406,,2026-01-07 23:39:17,2,no_activity,desktop
sess_00000407,cust_000781,2026-01-07 21:26:37,499,no_activity,desktop
sess_00000408,,2026-01-07 14:48:10,329,timeout,mobile
sess_00000409,cust_002114,2026-01-07 13:00:21,460,logout,desktop
sess_00000410,,2026-01-07 12:07:03,343,no_activity,tablet
sess_00000411,cust_002967,2026-01-07 16:53:53,13,no_activity,desktop
sess_00000412,cust_002994,2026-01-07 15:22:44,463,no_activity,desktop
sess_00000413,,2026-01-07 18:21:16,1177,no_activity,mobile
sess_00000414,,2026-01-07 18:26:33,1189,no_activity,tablet
sess_00000415,cust_002010,2026-01-07 17:42:15,105,no_activity,mobile
sess_00000416,,2026-01-07 15:29:47,87,no_activity,desktop
sess_00000417,cust_001486,2026-01-07 07:47:45,549,no_activity,mobile
sess_00000418,,2026-01-07 15:28:32,259,no_activity,mobile
sess_00000419,cust_001387,2026-01-07 04:16:55,1939,no_activity,desktop
sess_00000420,cust_001602,2026-01-07 20:34:19,297,timeout,desktop
sess_00000421,cust_002701,2026-01-07 15:57:39,28,no_activity,mobile
sess_00000422,,2026-01-07 05:56:37,37,no_activity,mobile
sess_00000423,,2026-01-07 09:07:26,669,no_activity,mobile
sess_00000424,,2026-01-07 10:37:56,697,no_activity,desktop
sess_00000425,cust_001422,2026-01-07 17:54:16,972,no_activity,mobile
sess_00000426,cust_001341,2026-01-07 07:08:17,95,no_activity,desktop
sess_00000427,,2026-01-07 19:26:47,1789,logout,mobile
sess_00000428,cust_000348,2026-01-07 13:10:13,512,no_activity,desktop
sess_00000429,cust_001781,2026-01-07 16:28:11,234,timeout,desktop
sess_00000430,,2026-01-07 12:50:16,450,no_activity,mobile
sess_00000431,,2026-01-07 20:03:10,1013,no_activity,mobile
sess_00000432,cust_002856,2026-01-07 14:19:01,234,no_activity,desktop
sess_00000433,cust_000437,2026-01-07 12:26:11,2191,no_activity,mobile
sess_00000434,cust_002883,2026-01-07 11:59:59,214,no_activity,mobile
sess_00000435,,2026-01-07 16:16:23,379,no_activity,desktop
sess_00000436,,2026-01-07 06:08:10,25,no_activity,mobile
sess_00000437,,2026-01-07 14:29:00,5,no_activity,desktop
sess_00000438,,2026-01-07 17:57:56,275,timeout,mobile
sess_00000439,,2026-01-08 21:48:23,4,no_activity,desktop
sess_00000440,cust_002356,2026-01-08 20:12:18,21,no_activity,mobile
sess_00000441,,2026-01-08 16:19:17,1062,timeout,mobile
sess_00000442,cust_000504,2026-01-08 21:48:45,255,timeout,mobile
sess_00000443,,2026-01-08 06:19:23,384,no_activity,desktop
sess_00000444,,2026-01-08 12:55:51,1056,no_activity,desktop
sess_00000445,cust_000890,2026-01-08 22:08:14,349,no_activity,mobile
sess_00000446,,2026-01-08 10:51:54,307,no_activity,mobile
sess_00000447,,2026-01-08 09:04:04,5,no_activity,mobile
sess_00000448,,2026-01-08 13:54:00,658,no_activity,mobile
sess_00000449,,2026-01-08 08:40:45,399,no_activity,desktop
sess_00000450,,2026-01-08 07:39:55,22,no_activity,desktop
sess_00000451,,2026-01-08 06:21:11,61,timeout,desktop
sess_00000452,,2026-01-08 13:22:05,18,no_activity,desktop
sess_00000453,,2026-01-08 14:40:11,25,no_activity,desktop
sess_00000454,cust_002166,2026-01-08 19:57:11,112,no_activity,desktop
sess_00000455,cust_001938,2026-01-08 20:01:31,172,no_activity,mobile
sess_00000456,cust_000967,2026-01-08 11:13:36,491,no_activity,mobile
sess_00000457,,2026-01-08 09:41:49,617,no_activity,tablet
sess_00000458,cust_001907,2026-01-08 20:04:25,17,no_activity,desktop
sess_00000459,,2026-01-08 21:35:10,7,no_activity,desktop
sess_00000460,,2026-01-08 11:36:51,269,timeout,desktop
sess_00000461,cust_001076,2026-01-08 18:25:49,1017,logout,desktop
sess_00000462,cust_000264,2026-01-08 16:29:08,492,no_activity,desktop
sess_00000463,,2026-01-08 18:05:17,449,timeout,desktop
sess_00000464,,2026-01-08 18:13:46,249,timeout,desktop
sess_00000465,cust_000043,2026-01-08 12:36:49,7,no_activity,mobile
sess_00000466,,2026-01-08 19:28:40,1757,no_activity,mobile
sess_00000467,,2026-01-08 10:25:35,91,logout,mobile
sess_00000468,,2026-01-08 19:05:48,445,logout,desktop
sess_00000469,cust_002616,2026-01-08 19:13:56,232,no_activity,mobile
sess_00000470,,2026-01-08 12:23:02,120,no_activity,desktop
sess_00000471,,2026-01-08 22:26:10,30,no_activity,mobile
sess_00000472,cust_001250,2026-01-08 21:43:29,196,no_activity,desktop
sess_00000473,,2026-01-08 12:55:52,148,no_activity,desktop
sess_00000474,cust_000513,2026-01-08 11:47:13,220,no_activity,mobile
sess_00000475,,2026-01-08 09:58:39,1731,no_activity,desktop
sess_00000476,,2026-01-08 08:03:22,151,no_activity,desktop
sess_00000477,cust_002785,2026-01-08 15:09:41,90,no_activity,desktop
sess_00000478,cust_001675,2026-01-08 15:44:35,6,no_activity,desktop
sess_00000479,cust_002698,2026-01-08 07:59:01,386,no_activity,desktop
sess_00000480,cust_000663,2026-01-08 12:53:38,133,timeout,desktop
sess_00000481,cust_002600,2026-01-08 10:12:27,255,no_activity,desktop
sess_00000482,cust_002979,2026-01-08 13:18:01,93,no_activity,desktop
sess_00000483,,2026-01-08 19:48:44,154,logout,mobile
sess_00000484,cust_002441,2026-01-08 18:56:35,1100,no_activity,desktop
sess_00000485,,2026-01-08 12:22:33,609,no_activity,desktop
sess_00000486,,2026-01-08 18:36:12,783,timeout,mobile
sess_00000487,,2026-01-08 17:26:56,462,no_activity,desktop
sess_00000488,cust_001043,2026-01-08 18:56:46,198,logout,mobile
sess_00000489,cust_002699,2026-01-08 18:27:53,400,no_activity,mobile
sess_00000490,,2026-01-08 16:22:03,1158,no_activity,mobile
sess_00000491,,2026-01-08 23:38:58,919,no_activity,desktop
sess_00000492,cust_000430,2026-01-08 16:22:49,480,no_activity,mobile
sess_00000493,,2026-01-08 14:06:16,17,no_activity,mobile
sess_00000494,,2026-01-08 14:31:52,120,no_activity,mobile
sess_00000495,cust_002589,2026-01-08 19:08:37,21,no_activity,mobile
sess_00000496,cust_002553,2026-01-08 05:04:25,3735,no_activity,mobile
sess_00000497,,2026-01-08 21:19:30,511,timeout,mobile
sess_00000498,,2026-01-08 09:56:32,146,no_activity,desktop
sess_00000499,,2026-01-08 08:21:15,213,no_activity,mobile
sess_00000500,,2026-01-08 19:13:43,306,no_activity,desktop
sess_00000501,,2026-01-08 21:51:33,396,no_activity,desktop
sess_00000502,,2026-01-08 13:15:17,190,no_activity,desktop
sess_00000503,,2026-01-08 17:51:59,226,no_activity,desktop
sess_00000504,,2026-01-08 07:05:05,359,no_activity,tablet
sess_00000505,cust_000278,2026-01-09 08:37:55,912,no_activity,desktop
sess_00000506,,2026-01-09 12:44:34,28,no_activity,mobile
sess_00000507,cust_001103,2026-01-09 14:01:47,528,no_activity,mobile
sess_00000508,,2026-01-09 13:18:10,181,no_activity,desktop
sess_00000509,,2026-01-09 20:40:20,639,no_activity,mobile
sess_00000510,cust_000476,2026-01-09 00:49:44,372,no_activity,mobile
sess_00000511,,2026-01-09 15:28:01,244,no_activity,mobile
sess_00000512,,2026-01-09 11:14:37,45,no_activity,mobile
sess_00000513,,2026-01-09 17:32:46,107,no_activity,mobile
sess_00000514,cust_002836,2026-01-09 11:59:59,17,no_activity,desktop
sess_00000515,,2026-01-09 12:58:45,537,no_activity,desktop
sess_00000516,,2026-01-09 22:38:03,371,no_activity,mobile
sess_00000517,,2026-01-09 13:40:01,130,no_activity,desktop
sess_00000518,,2026-01-09 14:00:43,22,no_activity,mobile
sess_00000519,cust_001285,2026-01-09 15:26:40,722,no_activity,desktop
sess_00000520,,2026-01-09 16:09:11,105,no_activity,desktop
sess_00000521,cust_001250,2026-01-09 21:52:34,624,no_activity,desktop
sess_00000522,,2026-01-09 11:57:49,1392,no_activity,mobile
sess_00000523,,2026-01-09 10:34:37,71,no_activity,desktop
sess_00000524,,2026-01-09 14:46:19,1113,no_activity,desktop
sess_00000525,,2026-01-09 14:06:49,1010,no_activity,mobile
sess_00000526,cust_001830,2026-01-09 18:43:54,837,no_activity,desktop
sess_00000527,,2026-01-09 14:45:03,2914,logout,mobile
sess_00000528,,2026-01-09 09:11:42,715,no_activity,desktop
sess_00000529,cust_000207,2026-01-09 19:41:03,957,no_activity,mobile
sess_00000530,cust_001781,2026-01-09 20:03:25,120,no_activity,mobile
sess_00000531,,2026-01-09 12:48:23,241,timeout,mobile
sess_00000532,cust_002416,2026-01-09 20:20:29,199,no_activity,tablet
sess_00000533,,2026-01-09 09:34:46,133,no_activity,desktop
sess_00000534,cust_002149,2026-01-09 19:24:48,20,no_activity,desktop
sess_00000535,,2026-01-09 18:57:02,527,no_activity,mobile
sess_00000536,cust_001006,2026-01-09 12:10:16,772,no_activity,mobile
sess_00000537,cust_001316,2026-01-09 13:03:05,4000,no_activity,mobile
sess_00000538,,2026-01-09 12:25:29,252,no_activity,desktop
sess_00000539,cust_002906,2026-01-09 11:19:16,4303,no_activity,desktop
sess_00000540,cust_000075,2026-01-09 08:25:31,498,no_activity,mobile
sess_00000541,,2026-01-09 22:48:36,91,no_activity,mobile
sess_00000542,cust_002805,2026-01-09 10:07:57,731,no_activity,desktop
sess_00000543,,2026-01-09 19:39:40,748,logout,desktop
sess_00000544,,2026-01-09 12:13:06,79,no_activity,mobile
sess_00000545,,2026-01-09 19:01:50,482,timeout,desktop
sess_00000546,,2026-01-09 18:34:31,374,no_activity,mobile
sess_00000547,,2026-01-09 14:02:39,1005,timeout,mobile
sess_00000548,cust_000128,2026-01-09 13:55:36,2,no_activity,desktop
sess_00000549,cust_002341,2026-01-09 13:29:35,242,no_activity,mobile
sess_00000550,cust_001051,2026-01-09 15:30:02,237,no_activity,desktop
sess_00000551,cust_001370,2026-01-09 11:04:07,247,no_activity,mobile
sess_00000552,,2026-01-09 10:47:06,984,no_activity,desktop
sess_00000553,,2026-01-09 10:08:10,68,timeout,mobile
sess_00000554,,2026-01-09 12:07:43,1834,logout,mobile
sess_00000555,cust_000278,2026-01-09 09:04:55,9,no_activity,mobile
sess_00000556,,2026-01-09 12:55:14,313,no_activity,desktop
sess_00000557,,2026-01-09 13:07:41,720,no_activity,desktop
sess_00000558,,2026-01-09 13:46:21,150,no_activity,mobile
sess_00000559,cust_002847,2026-01-09 10:44:41,301,no_activity,desktop
sess_00000560,cust_000080,2026-01-09 22:50:10,645,no_activity,desktop
sess_00000561,,2026-01-09 18:38:00,377,timeout,desktop
sess_00000562,,2026-01-10 22:46:26,521,no_activity,desktop
sess_00000563,cust_000815,2026-01-10 20:11:20,17,no_activity,desktop
sess_00000564,,2026-01-10 17:10:30,224,no_activity,desktop
sess_00000565,,2026-01-10 22:49:18,1602,timeout,mobile
sess_00000566,,2026-01-10 11:51:28,834,timeout,desktop
sess_00000567,cust_001540,2026-01-10 20:35:24,2505,no_activity,desktop
sess_00000568,cust_002952,2026-01-10 14:38:34,172,timeout,mobile
sess_00000569,,2026-01-10 20:13:58,16,no_activity,mobile
sess_00000570,,2026-01-10 15:38:04,318,timeout,mobile
sess_00000571,cust_000699,2026-01-10 12:30:04,29,no_activity,mobile
sess_00000572,,2026-01-10 18:47:06,162,timeout,mobile
sess_00000573,cust_000407,2026-01-10 11:31:43,738,no_activity,mobile
sess_00000574,cust_000191,2026-01-10 12:44:08,9,no_activity,mobile
sess_00000575,cust_001716,2026-01-10 07:10:32,159,timeout,desktop
sess_00000576,,2026-01-10 19:29:32,224,no_activity,desktop
sess_00000577,,2026-01-10 16:56:30,173,timeout,mobile
sess_00000578,,2026-01-10 15:19:47,1612,no_activity,tablet
sess_00000579,cust_001023,2026-01-10 08:18:52,680,no_activity,mobile
sess_00000580,,2026-01-10 12:58:36,280,no_activity,mobile
sess_00000581,,2026-01-10 20:54:13,95,timeout,mobile
sess_00000582,,2026-01-10 22:39:30,28,no_activity,desktop
sess_00000583,,2026-01-10 18:42:45,186,no_activity,mobile
sess_00000584,,2026-01-10 17:56:48,376,timeout,mobile
sess_00000585,cust_002362,2026-01-10 12:20:40,22,no_activity,desktop
sess_00000586,cust_000045,2026-01-10 08:16:50,581,no_activity,tablet
sess_00000587,,2026-01-10 11:05:26,91,no_activity,mobile
sess_00000588,cust_002529,2026-01-10 03:44:37,1731,no_activity,tablet
sess_00000589,,2026-01-10 08:24:17,239,no_activity,desktop
sess_00000590,cust_001331,2026-01-10 05:45:11,2497,no_activity,mobile
sess_00000591,cust_001344,2026-01-10 11:19:04,250,no_activity,mobile
sess_00000592,,2026-01-10 05:08:08,198,no_activity,mobile
sess_00000593,cust_002208,2026-01-10 20:32:40,333,no_activity,desktop
sess_00000594,,2026-01-10 21:30:00,799,no_activity,desktop
sess_00000595,,2026-01-10 16:05:28,30,no_activity,mobile
sess_00000596,,2026-01-10 05:43:52,39,no_activity,desktop
sess_00000597,,2026-01-10 16:25:06,350,no_activity,desktop
sess_00000598,,2026-01-10 23:32:52,2046,no_activity,mobile
sess_00000599,cust_002250,2026-01-10 19:27:45,746,no_activity,tablet
sess_00000600,cust_002624,2026-01-10 20:35:28,211,timeout,desktop
sess_00000601,cust_000163,2026-01-10 14:20:18,199,no_activity,desktop
sess_00000602,,2026-01-10 16:21:47,1276,no_activity,mobile
sess_00000603,,2026-01-10 11:46:14,3175,no_activity,desktop
sess_00000604,cust_000346,2026-01-10 19:27:23,15,no_activity,mobile
sess_00000605,,2026-01-10 12:24:10,2366,no_activity,mobile
sess_00000606,,2026-01-10 08:51:37,2,no_activity,desktop
sess_00000607,,2026-01-10 10:06:27,1577,no_activity,mobile
sess_00000608,,2026-01-10 10:21:21,462,no_activity,desktop
sess_00000609,,2026-01-10 08:37:15,286,no_activity,desktop
sess_00000610,,2026-01-10 19:40:11,337,no_activity,mobile
sess_00000611,,2026-01-10 18:02:36,5,no_activity,mobile
sess_00000612,,2026-01-10 00:01:13,817,timeout,desktop
sess_00000613,,2026-01-10 18:52:25,167,no_activity,desktop
sess_00000614,,2026-01-11 17:49:26,42,no_activity,desktop
sess_00000615,,2026-01-11 07:05:09,29,no_activity,desktop
sess_00000616,cust_002427,2026-01-11 10:12:29,1564,logout,desktop
sess_00000617,cust_002483,2026-01-11 13:25:58,6,no_activity,mobile
sess_00000618,cust_001944,2026-01-11 09:33:01,22,no_activity,mobile
sess_00000619,cust_002291,2026-01-11 06:28:29,1106,no_activity,mobile
sess_00000620,,2026-01-11 11:07:31,868,timeout,desktop
sess_00000621,,2026-01-11 19:54:43,529,no_activity,desktop
sess_00000622,,2026-01-11 05:48:40,278,no_activity,mobile
sess_00000623,cust_002654,2026-01-11 17:33:43,569,timeout,desktop
sess_00000624,,2026-01-11 15:02:10,154,timeout,desktop
sess_00000625,,2026-01-11 12:58:22,62,timeout,desktop
sess_00000626,cust_000031,2026-01-11 17:45:37,28,no_activity,desktop
sess_00000627,,2026-01-11 15:23:17,391,logout,tablet
sess_00000628,cust_000154,2026-01-11 12:42:37,248,timeout,mobile
sess_00000629,,2026-01-11 10:34:42,514,timeout,desktop
sess_00000630,cust_000026,2026-01-11 11:08:04,30,no_activity,desktop
sess_00000631,cust_001422,2026-01-11 13:31:38,140,no_activity,mobile
sess_00000632,,2026-01-11 12:27:45,777,no_activity,mobile
sess_00000633,cust_001568,2026-01-11 19:18:51,3,no_activity,desktop
sess_00000634,,2026-01-11 16:09:39,2378,no_activity,desktop
sess_00000635,,2026-01-11 02:24:16,540,no_activity,tablet
sess_00000636,,2026-01-11 23:48:46,1231,no_activity,desktop
sess_00000637,,2026-01-11 14:23:40,10,no_activity,desktop
sess_00000638,cust_001893,2026-01-11 11:12:44,15,no_activity,mobile
sess_00000639,,2026-01-11 20:23:21,190,no_activity,mobile
sess_00000640,,2026-01-11 09:08:21,28,no_activity,desktop
sess_00000641,,2026-01-11 10:15:57,179,timeout,desktop
sess_00000642,,2026-01-11 07:38:20,276,no_activity,mobile
sess_00000643,cust_000178,2026-01-11 19:07:44,238,no_activity,mobile
sess_00000644,,2026-01-11 06:37:37,222,no_activity,mobile
sess_00000645,cust_001341,2026-01-11 06:33:59,1957,no_activity,desktop
sess_00000646,cust_002840,2026-01-11 11:10:22,364,no_activity,desktop
sess_00000647,cust_000861,2026-01-11 18:18:19,531,no_activity,desktop
sess_00000648,,2026-01-11 12:45:26,257,timeout,desktop
sess_00000649,,2026-01-11 13:03:39,296,timeout,mobile
sess_00000650,cust_000903,2026-01-11 13:44:18,200,timeout,desktop
sess_00000651,,2026-01-11 10:18:37,168,logout,desktop
sess_00000652,,2026-01-11 12:13:46,5396,logout,desktop
sess_00000653,,2026-01-11 20:45:27,458,no_activity,tablet
sess_00000654,,2026-01-11 11:51:40,473,no_activity,mobile
sess_00000655,,2026-01-11 10:01:40,391,no_activity,desktop
sess_00000656,,2026-01-11 11:49:43,791,no_activity,mobile
sess_00000657,cust_000407,2026-01-11 10:34:29,598,no_activity,mobile
sess_00000658,,2026-01-11 12:49:22,102,no_activity,desktop
sess_00000659,cust_000295,2026-01-11 15:25:50,81,no_activity,mobile
sess_00000660,cust_001663,2026-01-11 13:08:37,160,no_activity,desktop
sess_00000661,cust_002560,2026-01-11 20:11:03,70,no_activity,mobile
sess_00000662,,2026-01-11 14:39:00,64,timeout,mobile
sess_00000663,,2026-01-11 18:49:04,1084,no_activity,desktop
sess_00000664,cust_000742,2026-01-11 19:30:50,244,no_activity,desktop
sess_00000665,cust_002920,2026-01-11 06:12:55,914,no_activity,desktop
sess_00000666,,2026-01-11 19:56:05,673,no_activity,mobile
sess_00000667,,2026-01-11 13:49:52,3,no_activity,desktop
sess_00000668,,2026-01-11 20:29:55,3,no_activity,desktop
sess_00000669,cust_001210,2026-01-11 21:13:22,11,no_activity,desktop
sess_00000670,cust_002365,2026-01-11 09:35:06,136,timeout,mobile
sess_00000671,cust_000026,2026-01-11 10:52:06,1489,logout,desktop
sess_00000672,,2026-01-11 19:16:48,89,no_activity,mobile
sess_00000673,,2026-01-11 11:26:35,189,no_activity,desktop
sess_00000674,,2026-01-11 16:35:41,15,no_activity,mobile
sess_00000675,cust_000725,2026-01-11 19:28:48,729,no_activity,desktop
sess_00000676,,2026-01-11 13:30:24,97,no_activity,mobile
sess_00000677,,2026-01-11 08:11:28,1990,no_activity,desktop
sess_00000678,cust_000032,2026-01-11 21:45:51,293,no_activity,mobile
sess_00000679,,2026-01-11 22:12:00,695,timeout,desktop
sess_00000680,,2026-01-11 17:16:10,165,no_activity,tablet
sess_00000681,,2026-01-11 22:26:33,627,no_activity,desktop
sess_00000682,,2026-01-11 09:21:54,834,no_activity,desktop
sess_00000683,,2026-01-11 13:41:25,160,no_activity,desktop
sess_00000684,,2026-01-11 17:31:46,162,no_activity,desktop
sess_00000685,cust_000861,2026-01-11 21:03:12,1185,no_activity,desktop
sess_00000686,,2026-01-11 05:03:08,22,no_activity,desktop
sess_00000687,,2026-01-11 10:24:26,542,timeout,mobile
sess_00000688,,2026-01-11 20:39:04,359,no_activity,mobile
sess_00000689,,2026-01-11 17:57:19,252,no_activity,desktop
sess_00000690,,2026-01-11 09:54:20,858,no_activity,desktop
sess_00000691,,2026-01-11 17:06:25,321,no_activity,mobile
sess_00000692,,2026-01-11 16:06:21,103,no_activity,desktop
sess_00000693,,2026-01-11 18:43:16,1099,no_activity,desktop
sess_00000694,,2026-01-11 11:31:25,267,timeout,tablet
sess_00000695,,2026-01-12 20:29:22,291,no_activity,desktop
sess_00000696,cust_002179,2026-01-12 19:13:14,543,no_activity,desktop
sess_00000697,cust_001492,2026-01-12 17:56:13,394,no_activity,mobile
sess_00000698,cust_000400,2026-01-12 13:10:17,448,no_activity,desktop
sess_00000699,cust_002754,2026-01-12 14:37:53,2377,no_activity,desktop
sess_00000700,cust_002672,2026-01-12 16:51:18,164,no_activity,mobile
sess_00000701,,2026-01-12 16:33:59,655,no_activity,desktop
sess_00000702,,2026-01-12 17:56:52,1277,no_activity,desktop
sess_00000703,,2026-01-12 08:29:04,1586,no_activity,mobile
sess_00000704,,2026-01-12 22:25:48,416,no_activity,desktop
sess_00000705,,2026-01-12 18:35:43,643,no_activity,mobile
sess_00000706,,2026-01-12 16:45:56,439,timeout,mobile
sess_00000707,cust_000688,2026-01-12 11:24:05,133,no_activity,mobile
sess_00000708,cust_001885,2026-01-12 15:21:54,1329,no_activity,desktop
sess_00000709,,2026-01-12 08:47:15,605,no_activity,desktop
sess_00000710,cust_000618,2026-01-12 05:41:55,160,timeout,desktop
sess_00000711,cust_002672,2026-01-12 12:42:41,369,no_activity,desktop
sess_00000712,,2026-01-12 14:00:35,363,timeout,mobile
sess_00000713,,2026-01-12 12:43:28,1334,no_activity,desktop
sess_00000714,cust_002052,2026-01-12 09:41:33,28,no_activity,desktop
sess_00000715,cust_002124,2026-01-12 15:58:31,507,no_activity,mobile
sess_00000716,,2026-01-12 11:11:05,10,no_activity,desktop
sess_00000717,cust_000571,2026-01-12 16:41:13,110,no_activity,desktop
sess_00000718,cust_001772,2026-01-12 17:50:13,428,no_activity,desktop
sess_00000719,,2026-01-12 16:17:31,1701,logout,desktop
sess_00000720,,2026-01-12 13:26:07,480,no_activity,desktop
sess_00000721,,2026-01-12 20:22:25,408,no_activity,mobile
sess_00000722,cust_000857,2026-01-12 15:21:14,220,no_activity,desktop
sess_00000723,cust_002220,2026-01-12 16:59:04,470,no_activity,mobile
sess_00000724,,2026-01-12 17:25:07,816,no_activity,mobile
sess_00000725,cust_002205,2026-01-12 09:25:34,238,no_activity,mobile
sess_00000726,cust_001338,2026-01-12 04:18:25,566,timeout,desktop
sess_00000727,,2026-01-12 13:14:44,823,logout,mobile
sess_00000728,cust_002435,2026-01-12 10:39:09,88,no_activity,mobile
sess_00000729,,2026-01-12 22:35:52,90,no_activity,desktop
sess_00000730,,2026-01-12 18:11:14,2274,no_activity,desktop
sess_00000731,cust_002786,2026-01-12 18:38:00,20,no_activity,mobile
sess_00000732,cust_001171,2026-01-12 16:56:01,7,no_activity,desktop
sess_00000733,,2026-01-12 14:17:45,18,no_activity,desktop
sess_00000734,cust_000637,2026-01-12 18:30:45,7200,no_activity,desktop
sess_00000735,,2026-01-12 10:26:37,264,timeout,mobile
sess_00000736,cust_000964,2026-01-12 08:35:00,645,no_activity,mobile
sess_00000737,,2026-01-12 18:47:49,70,no_activity,desktop
sess_00000738,,2026-01-12 14:26:04,94,no_activity,desktop
sess_00000739,,2026-01-12 17:00:25,525,timeout,mobile
sess_00000740,,2026-01-12 15:10:59,912,no_activity,mobile
sess_00000741,cust_002785,2026-01-12 18:33:37,527,timeout,mobile
sess_00000742,cust_002756,2026-01-12 19:44:04,386,no_activity,mobile
sess_00000743,cust_000507,2026-01-12 14:47:28,711,timeout,desktop
sess_00000744,cust_001093,2026-01-12 21:13:19,253,no_activity,mobile
sess_00000745,cust_002392,2026-01-12 11:51:31,473,no_activity,desktop
sess_00000746,cust_000281,2026-01-12 17:12:05,3,no_activity,mobile
sess_00000747,cust_000983,2026-01-12 08:18:41,804,no_activity,tablet
sess_00000748,,2026-01-12 20:01:42,544,no_activity,mobile
sess_00000749,,2026-01-12 13:35:18,77,timeout,desktop
sess_00000750,,2026-01-12 17:34:39,606,no_activity,desktop
sess_00000751,cust_000383,2026-01-12 20:19:10,378,no_activity,mobile
sess_00000752,,2026-01-12 20:04:03,984,no_activity,desktop
sess_00000753,,2026-01-12 06:22:06,14,no_activity,mobile
sess_00000754,,2026-01-13 20:57:50,2007,no_activity,mobile
sess_00000755,,2026-01-13 19:17:26,321,no_activity,mobile
sess_00000756,,2026-01-13 17:05:30,3618,no_activity,mobile
sess_00000757,cust_002139,2026-01-13 19:35:34,289,no_activity,mobile
sess_00000758,,2026-01-13 11:14:14,167,timeout,desktop
sess_00000759,cust_000879,2026-01-13 10:47:30,5,no_activity,desktop
sess_00000760,,2026-01-13 09:21:51,282,timeout,desktop
sess_00000761,,2026-01-13 06:32:54,429,logout,desktop
sess_00000762,,2026-01-13 12:19:14,55,no_activity,mobile
sess_00000763,,2026-01-13 17:32:36,10,no_activity,mobile
sess_00000764,cust_000066,2026-01-13 13:18:41,255,logout,desktop
sess_00000765,cust_002715,2026-01-13 20:42:42,867,no_activity,desktop
sess_00000766,,2026-01-13 12:21:00,298,no_activity,mobile
sess_00000767,cust_000803,2026-01-13 18:38:51,1255,no_activity,desktop
sess_00000768,,2026-01-13 07:52:53,137,no_activity,desktop
sess_00000769,,2026-01-13 18:21:55,251,no_activity,mobile
sess_00000770,cust_000870,2026-01-13 17:56:44,20,no_activity,mobile
sess_00000771,,2026-01-13 21:47:17,164,no_activity,desktop
sess_00000772,cust_002986,2026-01-13 13:40:10,24,no_activity,desktop
sess_00000773,,2026-01-13 20:59:14,4874,no_activity,desktop
sess_00000774,,2026-01-13 05:46:51,353,timeout,desktop
sess_00000775,cust_002238,2026-01-13 09:23:23,286,logout,desktop
sess_00000776,,2026-01-13 19:59:42,1,no_activity,mobile
sess_00000777,cust_000934,2026-01-13 06:08:20,389,timeout,desktop
sess_00000778,,2026-01-13 16:11:09,1165,logout,desktop
sess_00000779,cust_002299,2026-01-13 22:31:45,251,no_activity,mobile
sess_00000780,cust_002182,2026-01-13 06:53:10,280,no_activity,mobile
sess_00000781,,2026-01-13 11:24:46,1023,no_activity,mobile
sess_00000782,cust_001417,2026-01-13 09:41:39,1950,timeout,desktop
sess_00000783,,2026-01-13 07:51:23,303,timeout,desktop
sess_00000784,,2026-01-13 18:00:18,649,no_activity,mobile
sess_00000785,,2026-01-13 19:44:24,255,no_activity,desktop
sess_00000786,cust_000083,2026-01-13 22:40:59,20,no_activity,desktop
sess_00000787,cust_000476,2026-01-13 08:43:50,20,no_activity,mobile
sess_00000788,,2026-01-13 03:22:23,310,no_activity,mobile
sess_00000789,,2026-01-13 10:19:47,268,no_activity,mobile
sess_00000790,cust_000939,2026-01-13 22:57:22,17,no_activity,mobile
sess_00000791,cust_001873,2026-01-13 15:34:35,13,no_activity,mobile
sess_00000792,cust_001406,2026-01-13 16:20:43,123,no_activity,desktop
sess_00000793,,2026-01-13 15:27:52,217,no_activity,mobile
sess_00000794,,2026-01-13 13:03:13,121,no_activity,desktop
sess_00000795,,2026-01-13 11:16:15,264,no_activity,mobile
sess_00000796,,2026-01-13 11:35:59,8,no_activity,desktop
sess_00000797,cust_002793,2026-01-13 05:06:32,178,no_activity,mobile
sess_00000798,,2026-01-13 10:42:33,196,no_activity,mobile
sess_00000799,,2026-01-13 06:36:16,401,timeout,mobile
sess_00000800,cust_000294,2026-01-13 21:04:46,987,no_activity,mobile
sess_00000801,,2026-01-13 22:06:14,243,no_activity,desktop
sess_00000802,,2026-01-13 18:20:22,815,no_activity,mobile
sess_00000803,,2026-01-13 08:56:41,359,no_activity,mobile
sess_00000804,,2026-01-13 22:12:39,340,no_activity,mobile
sess_00000805,cust_001430,2026-01-13 08:00:32,353,no_activity,mobile
sess_00000806,cust_001759,2026-01-13 16:48:38,12,no_activity,mobile
sess_00000807,cust_000945,2026-01-13 22:30:53,210,no_activity,desktop
sess_00000808,,2026-01-13 09:18:25,401,no_activity,desktop
sess_00000809,cust_001471,2026-01-13 19:16:10,324,no_activity,mobile
sess_00000810,,2026-01-13 21:31:18,889,no_activity,desktop
sess_00000811,,2026-01-13 09:25:01,266,timeout,mobile
sess_00000812,,2026-01-13 18:39:13,602,timeout,mobile
sess_00000813,,2026-01-13 12:30:51,1310,no_activity,desktop
sess_00000814,,2026-01-14 12:51:06,119,no_activity,desktop
sess_00000815,,2026-01-14 07:33:34,539,no_activity,desktop
sess_00000816,,2026-01-14 13:37:05,354,no_activity,mobile
sess_00000817,,2026-01-14 17:58:28,912,no_activity,mobile
sess_00000818,,2026-01-14 05:17:21,771,timeout,desktop
sess_00000819,cust_002358,2026-01-14 13:29:25,27,no_activity,desktop
sess_00000820,,2026-01-14 20:48:25,91,no_activity,desktop
sess_00000821,,2026-01-14 10:49:52,469,no_activity,mobile
sess_00000822,,2026-01-14 12:26:14,92,no_activity,desktop
sess_00000823,,2026-01-14 12:24:41,513,no_activity,desktop
sess_00000824,,2026-01-14 06:54:43,625,no_activity,desktop
sess_00000825,,2026-01-14 12:00:02,306,no_activity,mobile
sess_00000826,cust_002995,2026-01-14 09:14:54,615,no_activity,mobile
sess_00000827,,2026-01-14 16:02:34,228,timeout,desktop
sess_00000828,cust_000076,2026-01-14 19:14:39,193,no_activity,mobile
sess_00000829,,2026-01-14 13:23:00,577,no_activity,desktop
sess_00000830,,2026-01-14 14:03:06,11,no_activity,mobile
sess_00000831,,2026-01-14 17:00:51,739,logout,mobile
sess_00000832,cust_002893,2026-01-14 16:32:46,574,no_activity,desktop
sess_00000833,cust_000700,2026-01-14 13:02:56,532,timeout,mobile
sess_00000834,cust_001774,2026-01-14 09:19:18,342,no_activity,desktop
sess_00000835,,2026-01-14 23:54:25,401,timeout,desktop
sess_00000836,cust_001620,2026-01-14 10:36:11,138,no_activity,mobile
sess_00000837,cust_001820,2026-01-14 07:25:49,482,logout,desktop
sess_00000838,cust_001319,2026-01-14 11:35:16,1054,timeout,desktop
sess_00000839,,2026-01-14 09:48:39,9,no_activity,desktop
sess_00000840,,2026-01-14 12:09:37,339,no_activity,desktop
sess_00000841,cust_000189,2026-01-14 19:04:44,462,timeout,desktop
sess_00000842,cust_000057,2026-01-14 07:28:36,22,no_activity,desktop
sess_00000843,cust_001309,2026-01-14 20:44:44,733,no_activity,desktop
sess_00000844,,2026-01-14 05:19:06,9,no_activity,mobile
sess_00000845,,2026-01-14 13:40:40,24,no_activity,desktop
sess_00000846,,2026-01-14 12:52:41,467,timeout,desktop
sess_00000847,cust_002466,2026-01-14 11:10:21,135,no_activity,mobile
sess_00000848,,2026-01-14 05:38:41,291,no_activity,mobile
sess_00000849,cust_000969,2026-01-14 14:03:46,255,no_activity,mobile
sess_00000850,,2026-01-14 14:23:33,277,no_activity,desktop
sess_00000851,,2026-01-14 16:46:47,446,timeout,desktop
sess_00000852,cust_001730,2026-01-14 11:03:31,4,no_activity,desktop
sess_00000853,,2026-01-14 15:39:03,264,no_activity,desktop
sess_00000854,,2026-01-14 05:38:06,26,no_activity,mobile
sess_00000855,,2026-01-14 16:02:21,1266,no_activity,desktop
sess_00000856,,2026-01-14 19:21:13,239,timeout,tablet
sess_00000857,,2026-01-14 10:47:57,978,no_activity,mobile
sess_00000858,,2026-01-14 10:05:16,767,timeout,desktop
sess_00000859,,2026-01-14 17:39:56,82,timeout,mobile
sess_00000860,,2026-01-14 19:59:00,23,no_activity,mobile
sess_00000861,,2026-01-14 12:34:24,957,no_activity,desktop
sess_00000862,cust_001167,2026-01-14 16:19:54,3,no_activity,desktop
sess_00000863,,2026-01-14 11:29:20,392,no_activity,desktop
sess_00000864,cust_002988,2026-01-14 12:26:04,225,no_activity,mobile
sess_00000865,,2026-01-14 15:09:16,2382,logout,desktop
sess_00000866,,2026-01-14 12:45:13,123,no_activity,desktop
sess_00000867,cust_000479,2026-01-14 13:31:13,128,no_activity,desktop
sess_00000868,cust_000225,2026-01-14 18:24:12,556,timeout,mobile
sess_00000869,cust_000310,2026-01-14 15:41:48,112,no_activity,mobile
sess_00000870,,2026-01-14 10:29:01,145,no_activity,desktop
sess_00000871,cust_001513,2026-01-14 04:10:39,293,no_activity,mobile
sess_00000872,,2026-01-14 16:43:43,443,no_activity,mobile
sess_00000873,,2026-01-14 08:57:55,5,no_activity,desktop
sess_00000874,,2026-01-14 22:45:18,339,timeout,tablet
sess_00000875,,2026-01-14 18:08:33,2233,timeout,desktop
sess_00000876,cust_001567,2026-01-14 08:02:44,710,no_activity,mobile
sess_00000877,cust_000535,2026-01-14 14:35:43,362,no_activity,mobile
sess_00000878,cust_001848,2026-01-14 16:43:53,106,no_activity,mobile
sess_00000879,cust_002121,2026-01-14 11:53:22,112,no_activity,mobile
sess_00000880,,2026-01-15 21:40:49,64,no_activity,desktop
sess_00000881,,2026-01-15 14:34:38,147,no_activity,mobile
sess_00000882,,2026-01-15 19:25:02,13,no_activity,mobile
sess_00000883,,2026-01-15 15:23:38,191,no_activity,mobile
sess_00000884,,2026-01-15 04:58:00,399,no_activity,desktop
sess_00000885,cust_000831,2026-01-15 08:14:01,19,no_activity,tablet
sess_00000886,,2026-01-15 19:29:28,5,no_activity,mobile
sess_00000887,cust_002852,2026-01-15 12:34:19,25,no_activity,desktop
sess_00000888,,2026-01-15 16:50:14,8,no_activity,desktop
sess_00000889,cust_000324,2026-01-15 12:48:35,126,logout,desktop
sess_00000890,,2026-01-15 14:11:08,22,no_activity,desktop
sess_00000891,,2026-01-15 19:53:58,587,timeout,desktop
sess_00000892,,2026-01-15 17:48:26,267,timeout,desktop
sess_00000893,,2026-01-15 14:43:37,396,no_activity,mobile
sess_00000894,cust_000997,2026-01-15 17:40:50,205,no_activity,mobile
sess_00000895,,2026-01-15 21:50:19,10,no_activity,desktop
sess_00000896,cust_001639,2026-01-15 07:35:21,924,no_activity,desktop
sess_00000897,cust_000979,2026-01-15 12:52:02,20,no_activity,desktop
sess_00000898,cust_002500,2026-01-15 09:27:34,323,no_activity,tablet
sess_00000899,,2026-01-15 19:49:42,62,no_activity,desktop
sess_00000900,,2026-01-15 08:32:53,73,no_activity,mobile
sess_00000901,cust_002111,2026-01-15 14:52:02,10,no_activity,desktop
sess_00000902,cust_001598,2026-01-15 21:50:40,321,timeout,desktop
sess_00000903,cust_002119,2026-01-15 18:05:19,791,no_activity,mobile
sess_00000904,,2026-01-15 10:49:16,1459,no_activity,desktop
sess_00000905,cust_002423,2026-01-15 18:28:43,226,no_activity,mobile
sess_00000906,cust_000022,2026-01-15 09:10:41,8,no_activity,mobile
sess_00000907,cust_001520,2026-01-15 07:25:43,155,no_activity,desktop
sess_00000908,,2026-01-15 12:44:26,568,no_activity,desktop
sess_00000909,cust_001389,2026-01-15 16:12:17,640,no_activity,mobile
sess_00000910,cust_001217,2026-01-15 06:20:55,111,no_activity,desktop
sess_00000911,cust_001537,2026-01-15 09:06:18,22,no_activity,desktop
sess_00000912,,2026-01-15 07:25:03,788,no_activity,mobile
sess_00000913,,2026-01-15 22:00:58,603,no_activity,mobile
sess_00000914,,2026-01-15 10:18:30,1433,no_activity,desktop
sess_00000915,,2026-01-15 18:19:49,910,no_activity,desktop
sess_00000916,cust_002925,2026-01-15 19:42:31,409,no_activity,mobile
sess_00000917,,2026-01-15 19:35:29,844,no_activity,desktop
sess_00000918,,2026-01-15 16:44:54,23,no_activity,desktop
sess_00000919,,2026-01-15 13:25:05,279,no_activity,desktop
sess_00000920,,2026-01-15 12:33:59,2103,no_activity,desktop
sess_00000921,,2026-01-15 07:24:22,688,no_activity,desktop
sess_00000922,cust_000108,2026-01-15 13:20:04,133,no_activity,mobile
sess_00000923,,2026-01-15 14:56:48,291,logout,mobile
sess_00000924,cust_002293,2026-01-15 09:15:12,397,no_activity,desktop
sess_00000925,cust_000926,2026-01-15 19:34:37,322,no_activity,desktop
sess_00000926,cust_002900,2026-01-15 21:10:37,198,no_activity,mobile
sess_00000927,,2026-01-15 19:59:23,27,no_activity,desktop
sess_00000928,cust_001530,2026-01-15 06:17:52,103,no_activity,mobile
sess_00000929,cust_002621,2026-01-15 06:20:36,9,no_activity,tablet
sess_00000930,,2026-01-16 14:21:33,240,no_activity,desktop
sess_00000931,,2026-01-16 08:34:47,114,no_activity,desktop
sess_00000932,,2026-01-16 19:16:39,304,no_activity,mobile
sess_00000933,cust_000356,2026-01-16 08:45:30,791,no_activity,mobile
sess_00000934,,2026-01-16 07:15:35,1420,no_activity,desktop
sess_00000935,,2026-01-16 10:29:44,135,no_activity,desktop
sess_00000936,cust_001348,2026-01-16 18:17:51,207,timeout,mobile
sess_00000937,,2026-01-16 13:41:04,2403,no_activity,desktop
sess_00000938,,2026-01-16 14:54:27,2164,no_activity,desktop
sess_00000939,cust_002574,2026-01-16 21:24:54,28,no_activity,desktop
sess_00000940,,2026-01-16 04:18:58,91,no_activity,desktop
sess_00000941,,2026-01-16 21:31:12,27,no_activity,mobile
sess_00000942,cust_001604,2026-01-16 16:55:37,724,no_activity,desktop
sess_00000943,,2026-01-16 16:44:34,125,no_activity,mobile
sess_00000944,,2026-01-16 17:01:42,421,no_activity,mobile
sess_00000945,cust_002594,2026-01-16 23:47:51,1031,no_activity,desktop
sess_00000946,cust_000088,2026-01-16 13:38:30,435,no_activity,desktop
sess_00000947,,2026-01-16 18:14:54,16,no_activity,desktop
sess_00000948,cust_002367,2026-01-16 16:05:25,783,no_activity,desktop
sess_00000949,,2026-01-16 15:43:44,513,logout,desktop
sess_00000950,cust_002596,2026-01-16 19:43:59,1212,no_activity,mobile
sess_00000951,cust_000894,2026-01-16 16:28:49,301,no_activity,mobile
sess_00000952,cust_002519,2026-01-16 11:17:03,133,timeout,desktop
sess_00000953,,2026-01-16 21:59:30,25,no_activity,tablet
sess_00000954,,2026-01-16 17:53:15,769,timeout,desktop
sess_00000955,,2026-01-16 15:50:33,114,logout,mobile
sess_00000956,cust_001729,2026-01-16 06:30:35,346,no_activity,mobile
sess_00000957,,2026-01-16 16:46:45,87,no_activity,mobile
sess_00000958,cust_001768,2026-01-16 11:56:50,276,no_activity,mobile
sess_00000959,,2026-01-16 17:22:58,11,no_activity,desktop
sess_00000960,cust_000747,2026-01-16 11:23:30,414,timeout,desktop
sess_00000961,,2026-01-16 19:55:47,105,timeout,mobile
sess_00000962,,2026-01-16 14:28:19,269,no_activity,mobile
sess_00000963,,2026-01-16 10:18:09,13,no_activity,mobile
sess_00000964,cust_002968,2026-01-16 14:59:11,16,no_activity,desktop
sess_00000965,,2026-01-16 15:30:41,1843,timeout,desktop
sess_00000966,cust_001596,2026-01-16 07:27:30,8,no_activity,mobile
sess_00000967,,2026-01-16 14:56:25,593,no_activity,mobile
sess_00000968,cust_000671,2026-01-16 13:26:22,2627,no_activity,desktop
sess_00000969,,2026-01-16 21:55:53,13,no_activity,mobile
sess_00000970,cust_002339,2026-01-16 09:15:54,23,no_activity,mobile
sess_00000971,cust_001090,2026-01-16 19:38:36,908,no_activity,desktop
sess_00000972,cust_000064,2026-01-16 18:48:35,23,no_activity,tablet
sess_00000973,,2026-01-16 14:44:54,194,timeout,desktop
sess_00000974,cust_000966,2026-01-16 12:27:54,1671,no_activity,mobile
sess_00000975,,2026-01-16 09:23:00,22,no_activity,mobile
sess_00000976,,2026-01-16 19:05:02,98,no_activity,desktop
sess_00000977,cust_000311,2026-01-16 12:30:43,23,no_activity,mobile
sess_00000978,cust_001926,2026-01-16 16:54:33,115,no_activity,mobile
sess_00000979,cust_000931,2026-01-16 16:05:38,520,no_activity,desktop
sess_00000980,cust_000642,2026-01-16 18:28:56,1400,no_activity,desktop
sess_00000981,cust_002772,2026-01-16 20:46:01,2067,no_activity,mobile
sess_00000982,,2026-01-16 19:37:38,209,no_activity,desktop
sess_00000983,,2026-01-16 18:16:01,39,timeout,mobile
sess_00000984,cust_000771,2026-01-17 06:37:31,650,no_activity,mobile
sess_00000985,,2026-01-17 15:22:51,582,no_activity,mobile
sess_00000986,cust_002160,2026-01-17 17:10:17,2538,no_activity,mobile
sess_00000987,,2026-01-17 15:07:51,399,no_activity,mobile
sess_00000988,,2026-01-17 13:12:09,316,no_activity,desktop
sess_00000989,cust_001073,2026-01-17 09:30:01,3945,no_activity,mobile
sess_00000990,,2026-01-17 18:47:39,108,timeout,desktop
sess_00000991,,2026-01-17 06:44:27,323,timeout,mobile
sess_00000992,cust_002371,2026-01-17 06:09:46,131,timeout,desktop
sess_00000993,,2026-01-17 17:40:07,38,timeout,mobile
sess_00000994,cust_000948,2026-01-17 19:15:05,839,no_activity,desktop
sess_00000995,,2026-01-17 16:09:36,380,no_activity,desktop
sess_00000996,,2026-01-17 21:47:02,1381,no_activity,desktop
sess_00000997,cust_002942,2026-01-17 16:00:47,3148,no_activity,desktop
sess_00000998,,2026-01-17 13:02:38,437,no_activity,mobile
sess_00000999,cust_002929,2026-01-17 16:04:12,259,no_activity,desktop
sess_00001000,cust_001152,2026-01-17 17:16:34,157,timeout,mobile
sess_00001001,,2026-01-17 17:13:16,56,no_activity,mobile
sess_00001002,cust_000329,2026-01-17 20:00:33,2993,no_activity,desktop
sess_00001003,,2026-01-17 19:50:50,507,timeout,mobile
sess_00001004,,2026-01-17 13:08:52,1356,logout,desktop
sess_00001005,cust_002935,2026-01-17 18:50:27,311,no_activity,desktop
sess_00001006,cust_002489,2026-01-17 19:42:59,14,no_activity,desktop
sess_00001007,cust_002293,2026-01-17 20:30:16,167,logout,mobile
sess_00001008,,2026-01-17 19:55:56,178,no_activity,mobile
sess_00001009,cust_002359,2026-01-17 04:03:40,262,no_activity,mobile
sess_00001010,cust_001962,2026-01-17 10:01:24,172,logout,mobile
sess_00001011,cust_001676,2026-01-17 18:55:18,11,no_activity,mobile
sess_00001012,cust_001998,2026-01-17 20:07:38,39,no_activity,mobile
sess_00001013,,2026-01-17 17:01:49,275,no_activity,desktop
sess_00001014,,2026-01-17 11:13:21,753,no_activity,desktop
sess_00001015,,2026-01-17 10:17:26,301,no_activity,mobile
sess_00001016,cust_002305,2026-01-17 17:31:51,388,no_activity,tablet
sess_00001017,cust_002559,2026-01-17 19:32:32,194,no_activity,desktop
sess_00001018,,2026-01-17 13:59:22,120,logout,desktop
sess_00001019,cust_001255,2026-01-17 10:17:31,512,no_activity,desktop
sess_00001020,cust_000952,2026-01-17 13:38:37,187,no_activity,desktop
sess_00001021,,2026-01-17 16:35:01,21,no_activity,desktop
sess_00001022,cust_000120,2026-01-17 09:41:12,1695,timeout,mobile
sess_00001023,cust_000505,2026-01-17 22:40:41,891,no_activity,desktop
sess_00001024,,2026-01-17 06:34:52,1351,no_activity,mobile
sess_00001025,,2026-01-17 19:54:27,7200,no_activity,mobile
sess_00001026,,2026-01-17 07:52:19,21,no_activity,desktop
sess_00001027,,2026-01-17 12:15:51,26,no_activity,mobile
sess_00001028,,2026-01-17 19:04:24,119,no_activity,mobile
sess_00001029,,2026-01-17 19:14:27,2384,logout,desktop
sess_00001030,,2026-01-17 09:57:46,399,no_activity,desktop
sess_00001031,,2026-01-17 15:34:36,1,no_activity,desktop
sess_00001032,,2026-01-17 04:29:05,198,no_activity,mobile
sess_00001033,cust_001047,2026-01-17 15:42:03,305,timeout,desktop
sess_00001034,cust_002635,2026-01-17 18:45:28,419,no_activity,desktop
sess_00001035,,2026-01-17 19:17:20,520,timeout,mobile
sess_00001036,,2026-01-17 10:14:59,8,no_activity,desktop
sess_00001037,cust_002644,2026-01-17 08:42:25,174,no_activity,mobile
sess_00001038,cust_002408,2026-01-17 22:58:08,474,no_activity,desktop
sess_00001039,cust_001426,2026-01-17 06:42:46,506,no_activity,desktop
sess_00001040,,2026-01-17 13:15:28,2,no_activity,mobile
sess_00001041,,2026-01-17 10:42:30,157,logout,desktop
sess_00001042,,2026-01-17 11:47:10,22,no_activity,mobile
sess_00001043,,2026-01-17 13:59:25,91,timeout,mobile
sess_00001044,cust_002485,2026-01-17 15:58:58,5,no_activity,desktop
sess_00001045,,2026-01-17 15:23:06,716,no_activity,desktop
sess_00001046,cust_001286,2026-01-17 11:32:38,151,no_activity,mobile
sess_00001047,,2026-01-17 18:57:36,1376,no_activity,desktop
sess_00001048,cust_001204,2026-01-17 10:01:02,773,no_activity,desktop
sess_00001049,cust_000448,2026-01-18 08:01:30,940,no_activity,desktop
sess_00001050,cust_000347,2026-01-18 18:02:37,240,no_activity,mobile
sess_00001051,,2026-01-18 15:23:29,414,no_activity,tablet
sess_00001052,cust_000282,2026-01-18 09:02:45,159,no_activity,desktop
sess_00001053,,2026-01-18 14:36:31,1020,no_activity,desktop
sess_00001054,,2026-01-18 21:20:34,213,no_activity,desktop
sess_00001055,cust_001176,2026-01-18 11:06:18,1137,no_activity,desktop
sess_00001056,,2026-01-18 22:32:18,340,timeout,mobile
sess_00001057,,2026-01-18 11:47:09,2225,no_activity,mobile
sess_00001058,cust_000069,2026-01-18 10:31:21,461,no_activity,desktop
sess_00001059,,2026-01-18 00:27:12,425,no_activity,mobile
sess_00001060,,2026-01-18 17:11:58,240,timeout,desktop
sess_00001061,,2026-01-18 18:56:03,67,no_activity,desktop
sess_00001062,cust_001131,2026-01-18 08:33:15,293,no_activity,desktop
sess_00001063,cust_000146,2026-01-18 20:21:01,120,no_activity,desktop
sess_00001064,,2026-01-18 08:01:17,993,no_activity,mobile
sess_00001065,,2026-01-18 11:01:25,2725,no_activity,desktop
sess_00001066,,2026-01-18 13:59:12,143,no_activity,desktop
sess_00001067,cust_000763,2026-01-18 21:54:46,217,no_activity,mobile
sess_00001068,,2026-01-18 10:38:40,78,no_activity,mobile
sess_00001069,,2026-01-18 08:02:13,202,logout,desktop
sess_00001070,cust_001856,2026-01-18 05:28:47,741,no_activity,mobile
sess_00001071,cust_000804,2026-01-18 17:26:55,282,no_activity,mobile
sess_00001072,,2026-01-18 13:02:38,147,no_activity,mobile
sess_00001073,,2026-01-18 16:02:06,217,no_activity,desktop
sess_00001074,cust_001297,2026-01-18 21:33:38,384,timeout,mobile
sess_00001075,,2026-01-18 19:11:23,279,logout,mobile
sess_00001076,,2026-01-18 09:01:02,544,no_activity,desktop
sess_00001077,cust_002564,2026-01-18 19:31:14,250,no_activity,desktop
sess_00001078,cust_001582,2026-01-18 19:59:57,655,timeout,mobile
sess_00001079,,2026-01-18 09:19:14,353,timeout,mobile
sess_00001080,cust_001610,2026-01-18 08:32:02,29,no_activity,mobile
sess_00001081,,2026-01-18 16:12:59,495,logout,desktop
sess_00001082,,2026-01-18 13:08:23,11,no_activity,desktop
sess_00001083,,2026-01-18 14:37:59,12,no_activity,desktop
sess_00001084,cust_001260,2026-01-18 23:26:22,1546,logout,desktop
sess_00001085,,2026-01-18 16:39:03,27,no_activity,desktop
sess_00001086,cust_000543,2026-01-18 05:16:11,26,no_activity,desktop
sess_00001087,,2026-01-18 12:01:24,640,no_activity,desktop
sess_00001088,,2026-01-18 08:08:46,404,no_activity,tablet
sess_00001089,cust_001937,2026-01-18 14:49:57,503,no_activity,mobile
sess_00001090,,2026-01-18 15:42:05,379,no_activity,desktop
sess_00001091,cust_000965,2026-01-18 16:54:32,2242,no_activity,mobile
sess_00001092,,2026-01-18 17:08:28,251,no_activity,desktop
sess_00001093,cust_002106,2026-01-18 14:55:48,2199,no_activity,desktop
sess_00001094,,2026-01-18 11:10:58,303,no_activity,mobile
sess_00001095,cust_001776,2026-01-18 10:19:58,848,no_activity,mobile
sess_00001096,,2026-01-18 15:15:06,3,no_activity,desktop
sess_00001097,,2026-01-18 19:46:04,511,timeout,mobile
sess_00001098,,2026-01-18 15:10:12,344,no_activity,desktop
sess_00001099,,2026-01-18 10:23:06,22,no_activity,mobile
sess_00001100,cust_001648,2026-01-18 09:46:16,892,no_activity,desktop
sess_00001101,,2026-01-18 08:52:53,885,no_activity,desktop
sess_00001102,,2026-01-18 08:05:17,192,logout,mobile
sess_00001103,cust_001665,2026-01-18 23:48:23,720,no_activity,desktop
sess_00001104,cust_002308,2026-01-18 22:53:32,249,logout,desktop
sess_00001105,cust_000314,2026-01-18 12:57:50,722,no_activity,mobile
sess_00001106,,2026-01-18 13:57:07,5014,no_activity,mobile
sess_00001107,cust_000043,2026-01-18 17:20:05,52,timeout,desktop
sess_00001108,,2026-01-18 12:14:33,1917,no_activity,desktop
sess_00001109,,2026-01-18 22:29:48,1200,no_activity,mobile
sess_00001110,cust_002047,2026-01-18 16:50:37,1545,no_activity,desktop
sess_00001111,,2026-01-18 19:59:33,750,timeout,mobile
sess_00001112,cust_001934,2026-01-18 08:54:31,29,no_activity,desktop
sess_00001113,,2026-01-18 15:57:27,1314,no_activity,mobile
sess_00001114,cust_000248,2026-01-18 04:35:59,115,no_activity,desktop
sess_00001115,,2026-01-18 19:58:18,130,no_activity,mobile
sess_00001116,,2026-01-19 15:05:05,140,no_activity,desktop
sess_00001117,,2026-01-19 10:57:25,347,no_activity,mobile
sess_00001118,,2026-01-19 11:08:12,26,no_activity,mobile
sess_00001119,,2026-01-19 11:11:43,89,no_activity,desktop
sess_00001120,cust_001731,2026-01-19 08:14:52,1441,no_activity,desktop
sess_00001121,cust_002582,2026-01-19 11:04:40,24,no_activity,mobile
sess_00001122,cust_002201,2026-01-19 09:33:48,2780,logout,desktop
sess_00001123,,2026-01-19 11:29:25,223,no_activity,desktop
sess_00001124,cust_000023,2026-01-19 15:10:09,635,no_activity,mobile
sess_00001125,,2026-01-19 15:23:12,340,no_activity,desktop
sess_00001126,cust_000991,2026-01-19 14:17:56,363,no_activity,desktop
sess_00001127,cust_002942,2026-01-19 11:50:52,87,no_activity,desktop
sess_00001128,cust_002950,2026-01-19 19:36:16,760,no_activity,mobile
sess_00001129,,2026-01-19 07:37:59,30,no_activity,tablet
sess_00001130,cust_000683,2026-01-19 13:39:33,133,timeout,mobile
sess_00001131,,2026-01-19 15:34:35,893,no_activity,mobile
sess_00001132,cust_001230,2026-01-19 13:02:55,22,no_activity,mobile
sess_00001133,,2026-01-19 22:18:15,30,no_activity,mobile
sess_00001134,,2026-01-19 10:09:06,7,no_activity,desktop
sess_00001135,,2026-01-19 19:52:02,6,no_activity,desktop
sess_00001136,,2026-01-19 18:46:16,1,no_activity,desktop
sess_00001137,cust_002217,2026-01-19 08:55:32,723,timeout,mobile
sess_00001138,,2026-01-19 16:56:02,743,no_activity,desktop
sess_00001139,cust_002271,2026-01-19 20:40:22,983,no_activity,desktop
sess_00001140,cust_000640,2026-01-19 21:17:32,660,no_activity,desktop
sess_00001141,cust_001892,2026-01-19 09:34:25,40,no_activity,desktop
sess_00001142,,2026-01-19 17:53:47,391,no_activity,desktop
sess_00001143,cust_000105,2026-01-19 19:58:03,186,timeout,desktop
sess_00001144,,2026-01-19 13:02:51,26,no_activity,mobile
sess_00001145,cust_001870,2026-01-19 23:53:35,23,no_activity,desktop
sess_00001146,cust_000742,2026-01-19 18:01:37,247,no_activity,desktop
sess_00001147,cust_000143,2026-01-19 15:30:11,156,no_activity,mobile
sess_00001148,,2026-01-19 08:16:13,32,no_activity,mobile
sess_00001149,,2026-01-19 19:44:24,1702,no_activity,mobile
sess_00001150,,2026-01-19 18:58:50,16,no_activity,desktop
sess_00001151,cust_001095,2026-01-19 19:36:31,30,no_activity,desktop
sess_00001152,cust_001788,2026-01-19 04:28:18,860,no_activity,mobile
sess_00001153,,2026-01-19 10:44:09,152,no_activity,desktop
sess_00001154,,2026-01-19 10:27:42,278,no_activity,desktop
sess_00001155,cust_001220,2026-01-19 19:54:36,261,no_activity,desktop
sess_00001156,,2026-01-19 13:57:19,461,no_activity,mobile
sess_00001157,cust_000910,2026-01-19 18:26:46,700,no_activity,mobile
sess_00001158,cust_001971,2026-01-19 18:57:45,287,timeout,desktop
sess_00001159,cust_000850,2026-01-19 14:53:05,30,no_activity,desktop
sess_00001160,,2026-01-19 21:31:22,583,no_activity,mobile
sess_00001161,,2026-01-19 14:26:17,325,logout,tablet
sess_00001162,,2026-01-19 18:14:19,3312,logout,desktop
sess_00001163,cust_001447,2026-01-19 11:09:10,23,no_activity,desktop
sess_00001164,cust_000055,2026-01-19 09:43:18,148,no_activity,desktop
sess_00001165,cust_001200,2026-01-19 15:12:20,639,no_activity,desktop
sess_00001166,cust_001691,2026-01-19 07:38:42,30,no_activity,desktop
sess_00001167,,2026-01-19 16:36:48,11,no_activity,desktop
sess_00001168,cust_002695,2026-01-19 18:05:01,401,timeout,mobile
sess_00001169,cust_000516,2026-01-19 10:20:17,305,no_activity,mobile
sess_00001170,cust_000784,2026-01-19 16:19:11,769,no_activity,tablet
sess_00001171,,2026-01-19 08:50:48,142,no_activity,mobile
sess_00001172,cust_001385,2026-01-19 18:36:49,146,no_activity,desktop
sess_00001173,cust_002646,2026-01-19 19:24:51,18,no_activity,desktop
sess_00001174,cust_001455,2026-01-19 00:08:35,8,no_activity,desktop
sess_00001175,cust_001714,2026-01-19 10:04:56,599,no_activity,desktop
sess_00001176,cust_001206,2026-01-19 11:54:34,3,no_activity,mobile
sess_00001177,cust_000856,2026-01-20 13:31:11,171,no_activity,desktop
sess_00001178,cust_002569,2026-01-20 18:16:22,7,no_activity,mobile
sess_00001179,cust_000481,2026-01-20 13:29:14,22,no_activity,desktop
sess_00001180,,2026-01-20 19:49:04,931,no_activity,desktop
sess_00001181,,2026-01-20 17:08:53,158,no_activity,desktop
sess_00001182,cust_002266,2026-01-20 12:04:53,344,no_activity,desktop
sess_00001183,cust_001214,2026-01-20 15:16:59,221,timeout,desktop
sess_00001184,cust_001815,2026-01-20 20:54:43,187,no_activity,desktop
sess_00001185,,2026-01-20 14:43:00,268,no_activity,desktop
sess_00001186,,2026-01-20 18:32:27,721,no_activity,desktop
sess_00001187,cust_001018,2026-01-20 14:39:00,5127,no_activity,desktop
sess_00001188,cust_002127,2026-01-20 13:12:06,117,no_activity,desktop
sess_00001189,cust_000807,2026-01-20 10:36:29,395,no_activity,mobile
sess_00001190,,2026-01-20 12:52:51,970,no_activity,tablet
sess_00001191,,2026-01-20 14:47:49,26,no_activity,desktop
sess_00001192,cust_002275,2026-01-20 18:56:26,1230,no_activity,mobile
sess_00001193,cust_002141,2026-01-20 11:29:29,261,no_activity,tablet
sess_00001194,cust_001332,2026-01-20 09:54:37,84,timeout,mobile
sess_00001195,,2026-01-20 13:33:19,592,no_activity,mobile
sess_00001196,cust_000450,2026-01-20 16:01:25,892,no_activity,mobile
sess_00001197,,2026-01-20 16:30:59,408,no_activity,mobile
sess_00001198,,2026-01-20 13:43:45,2531,no_activity,desktop
sess_00001199,cust_002115,2026-01-20 14:52:24,104,no_activity,desktop
sess_00001200,,2026-01-20 16:38:41,6943,no_activity,mobile
sess_00001201,cust_002783,2026-01-20 18:38:05,37,no_activity,desktop
sess_00001202,,2026-01-20 09:06:07,1015,no_activity,tablet
sess_00001203,,2026-01-20 08:37:50,381,no_activity,mobile
sess_00001204,,2026-01-20 14:44:16,146,no_activity,mobile
sess_00001205,cust_002606,2026-01-20 11:20:39,2009,no_activity,mobile
sess_00001206,cust_001736,2026-01-20 23:57:19,568,no_activity,mobile
sess_00001207,cust_001923,2026-01-20 18:25:21,17,no_activity,desktop
sess_00001208,cust_001544,2026-01-20 13:45:10,368,no_activity,mobile
sess_00001209,cust_001508,2026-01-20 09:46:08,30,no_activity,desktop
sess_00001210,,2026-01-20 18:49:59,547,no_activity,mobile
sess_00001211,,2026-01-20 21:40:11,300,no_activity,desktop
sess_00001212,,2026-01-20 10:48:23,1277,no_activity,desktop
sess_00001213,,2026-01-20 11:59:22,6,no_activity,mobile
sess_00001214,,2026-01-20 14:02:11,558,no_activity,mobile
sess_00001215,,2026-01-20 19:08:10,130,no_activity,mobile
sess_00001216,,2026-01-20 19:55:50,136,no_activity,desktop
sess_00001217,cust_000883,2026-01-20 10:41:23,727,timeout,desktop
sess_00001218,,2026-01-20 06:40:04,1515,no_activity,mobile
sess_00001219,cust_000490,2026-01-20 14:27:12,29,no_activity,desktop
sess_00001220,,2026-01-20 13:04:56,170,no_activity,mobile
sess_00001221,cust_002891,2026-01-20 10:18:52,331,timeout,desktop
sess_00001222,,2026-01-20 12:32:29,642,no_activity,desktop
sess_00001223,cust_002107,2026-01-20 10:48:04,460,no_activity,mobile
sess_00001224,,2026-01-20 12:07:28,9,no_activity,desktop
sess_00001225,,2026-01-20 10:18:05,12,no_activity,mobile
sess_00001226,,2026-01-20 15:51:33,1023,no_activity,desktop
sess_00001227,,2026-01-20 18:36:28,83,no_activity,tablet
sess_00001228,cust_001331,2026-01-20 06:44:30,86,logout,mobile
sess_00001229,,2026-01-20 12:21:11,133,timeout,desktop
sess_00001230,cust_001437,2026-01-20 12:04:07,76,no_activity,desktop
sess_00001231,,2026-01-20 07:27:40,1711,no_activity,desktop
sess_00001232,,2026-01-20 18:55:13,1394,no_activity,desktop
sess_00001233,,2026-01-20 07:47:54,276,no_activity,desktop
sess_00001234,cust_000392,2026-01-20 18:27:03,599,no_activity,desktop
sess_00001235,,2026-01-20 10:35:46,3668,no_activity,desktop
sess_00001236,cust_000600,2026-01-20 16:17:12,899,no_activity,mobile
sess_00001237,cust_001068,2026-01-20 13:22:57,175,no_activity,desktop
sess_00001238,,2026-01-20 20:52:59,14,no_activity,mobile
sess_00001239,,2026-01-20 20:24:23,193,no_activity,mobile
sess_00001240,,2026-01-20 16:50:32,231,no_activity,mobile
sess_00001241,cust_000331,2026-01-20 12:25:32,267,no_activity,mobile
sess_00001242,,2026-01-20 14:42:37,462,no_activity,desktop
sess_00001243,,2026-01-20 11:51:41,653,no_activity,mobile
sess_00001244,,2026-01-21 14:16:38,805,no_activity,desktop
sess_00001245,,2026-01-21 23:19:41,158,no_activity,desktop
sess_00001246,,2026-01-21 13:53:04,413,timeout,desktop
sess_00001247,cust_002163,2026-01-21 07:57:57,488,no_activity,desktop
sess_00001248,,2026-01-21 08:18:29,21,no_activity,desktop
sess_00001249,cust_002845,2026-01-21 18:16:20,637,no_activity,desktop
sess_00001250,,2026-01-21 17:21:04,78,no_activity,mobile
sess_00001251,cust_000045,2026-01-21 13:57:48,299,timeout,mobile
sess_00001252,cust_001876,2026-01-21 01:32:34,571,timeout,mobile
sess_00001253,,2026-01-21 09:11:32,1524,no_activity,desktop
sess_00001254,,2026-01-21 19:17:36,176,no_activity,desktop
sess_00001255,,2026-01-21 09:26:55,596,no_activity,desktop
sess_00001256,,2026-01-21 13:30:28,899,timeout,tablet
sess_00001257,,2026-01-21 11:58:37,213,no_activity,mobile
sess_00001258,,2026-01-21 16:36:17,1,no_activity,mobile
sess_00001259,,2026-01-21 13:54:30,19,no_activity,mobile
sess_00001260,cust_000193,2026-01-21 19:59:33,89,no_activity,desktop
sess_00001261,,2026-01-21 19:48:43,22,no_activity,mobile
sess_00001262,cust_001510,2026-01-21 12:20:34,733,no_activity,desktop
sess_00001263,,2026-01-21 13:29:26,27,timeout,desktop
sess_00001264,,2026-01-21 20:59:31,88,no_activity,desktop
sess_00001265,,2026-01-21 08:35:01,185,no_activity,tablet
sess_00001266,,2026-01-21 20:27:11,652,no_activity,desktop
sess_00001267,cust_002811,2026-01-21 11:33:36,577,no_activity,desktop
sess_00001268,,2026-01-21 13:00:40,1201,logout,desktop
sess_00001269,,2026-01-21 14:38:38,238,no_activity,mobile
sess_00001270,,2026-01-21 10:46:02,274,no_activity,desktop
sess_00001271,,2026-01-21 17:49:22,213,no_activity,desktop
sess_00001272,cust_000391,2026-01-21 18:41:18,1793,no_activity,desktop
sess_00001273,cust_000161,2026-01-21 06:14:14,986,no_activity,desktop
sess_00001274,,2026-01-21 20:25:01,734,no_activity,desktop
sess_00001275,,2026-01-21 16:00:48,18,no_activity,desktop
sess_00001276,,2026-01-21 14:32:56,383,logout,mobile
sess_00001277,,2026-01-21 20:09:09,855,timeout,desktop
sess_00001278,,2026-01-21 16:56:55,1638,no_activity,mobile
sess_00001279,,2026-01-21 06:23:50,1147,no_activity,desktop
sess_00001280,,2026-01-21 13:31:50,212,no_activity,tablet
sess_00001281,cust_000985,2026-01-21 11:25:05,421,no_activity,mobile
sess_00001282,,2026-01-21 17:51:30,1,no_activity,mobile
sess_00001283,,2026-01-21 11:41:56,257,no_activity,mobile
sess_00001284,cust_002787,2026-01-21 17:45:26,446,no_activity,tablet
sess_00001285,,2026-01-21 10:24:56,12,no_activity,desktop
sess_00001286,cust_002280,2026-01-21 08:21:15,749,no_activity,mobile
sess_00001287,cust_000379,2026-01-21 07:34:31,181,no_activity,desktop
sess_00001288,,2026-01-21 07:27:43,911,no_activity,mobile
sess_00001289,,2026-01-21 08:39:12,532,no_activity,tablet
sess_00001290,,2026-01-21 18:19:22,3,no_activity,mobile
sess_00001291,cust_000307,2026-01-21 15:55:03,872,no_activity,desktop
sess_00001292,,2026-01-21 07:10:48,1008,no_activity,desktop
sess_00001293,cust_002673,2026-01-21 16:05:08,143,no_activity,mobile
sess_00001294,cust_000963,2026-01-21 16:50:51,372,no_activity,mobile
sess_00001295,,2026-01-21 19:51:32,257,no_activity,desktop
sess_00001296,,2026-01-21 21:47:44,2995,no_activity,desktop
sess_00001297,,2026-01-21 09:30:08,678,no_activity,mobile
sess_00001298,cust_000639,2026-01-21 10:15:01,486,no_activity,mobile
sess_00001299,cust_001398,2026-01-21 09:23:20,3424,timeout,tablet
sess_00001300,,2026-01-22 20:16:05,2085,no_activity,desktop
sess_00001301,cust_002575,2026-01-22 13:06:15,87,no_activity,mobile
sess_00001302,,2026-01-22 08:07:42,242,no_activity,mobile
sess_00001303,,2026-01-22 14:44:39,6,no_activity,desktop
sess_00001304,,2026-01-22 10:55:23,78,logout,mobile
sess_00001305,,2026-01-22 06:30:37,927,no_activity,desktop
sess_00001306,,2026-01-22 19:38:05,7200,timeout,desktop
sess_00001307,,2026-01-22 04:48:52,103,no_activity,desktop
sess_00001308,,2026-01-22 08:07:17,420,no_activity,desktop
sess_00001309,,2026-01-22 18:00:23,486,no_activity,mobile
sess_00001310,cust_000650,2026-01-22 14:29:26,465,no_activity,mobile
sess_00001311,,2026-01-22 17:59:36,235,no_activity,mobile
sess_00001312,cust_000594,2026-01-22 17:30:01,799,timeout,mobile
sess_00001313,,2026-01-22 21:59:57,497,no_activity,desktop
sess_00001314,cust_002552,2026-01-22 15:54:52,250,no_activity,desktop
sess_00001315,cust_001111,2026-01-22 18:24:26,616,no_activity,desktop
sess_00001316,cust_000706,2026-01-22 10:21:17,295,timeout,mobile
sess_00001317,,2026-01-22 09:16:22,99,logout,desktop
sess_00001318,,2026-01-22 19:45:18,327,no_activity,desktop
sess_00001319,cust_001052,2026-01-22 17:51:59,382,no_activity,mobile
sess_00001320,cust_001545,2026-01-22 21:10:42,3945,timeout,mobile
sess_00001321,cust_002440,2026-01-22 14:54:22,2026,timeout,mobile
sess_00001322,,2026-01-22 11:27:01,179,logout,mobile
sess_00001323,,2026-01-22 17:46:48,4,no_activity,desktop
sess_00001324,,2026-01-22 18:28:25,65,timeout,mobile
sess_00001325,,2026-01-22 16:58:32,203,no_activity,desktop
sess_00001326,,2026-01-22 12:39:44,89,no_activity,desktop
sess_00001327,,2026-01-22 10:59:00,561,no_activity,desktop
sess_00001328,,2026-01-22 22:52:12,241,no_activity,tablet
sess_00001329,cust_001055,2026-01-22 14:18:39,584,logout,desktop
sess_00001330,cust_000624,2026-01-22 09:57:07,126,no_activity,desktop
sess_00001331,,2026-01-22 20:13:58,15,no_activity,mobile
sess_00001332,cust_000132,2026-01-22 19:40:58,349,no_activity,desktop
sess_00001333,cust_000675,2026-01-22 11:01:47,120,timeout,desktop
sess_00001334,,2026-01-22 18:02:05,450,no_activity,mobile
sess_00001335,cust_000423,2026-01-22 08:58:04,584,no_activity,mobile
sess_00001336,cust_000897,2026-01-22 18:37:17,1029,no_activity,desktop
sess_00001337,,2026-01-22 19:16:27,364,timeout,desktop
sess_00001338,cust_000455,2026-01-22 15:12:20,379,no_activity,desktop
sess_00001339,,2026-01-22 17:50:28,116,no_activity,desktop
sess_00001340,cust_000423,2026-01-22 17:52:38,360,no_activity,mobile
sess_00001341,cust_002800,2026-01-22 18:21:22,740,no_activity,mobile
sess_00001342,cust_000618,2026-01-22 13:44:01,444,no_activity,desktop
sess_00001343,,2026-01-22 15:56:58,330,no_activity,mobile
sess_00001344,cust_002807,2026-01-22 21:46:32,916,no_activity,mobile
sess_00001345,,2026-01-22 14:44:33,316,no_activity,mobile
sess_00001346,,2026-01-22 20:24:43,120,no_activity,desktop
sess_00001347,,2026-01-22 21:24:40,3406,timeout,mobile
sess_00001348,,2026-01-22 18:36:31,1317,no_activity,mobile
sess_00001349,cust_000783,2026-01-22 22:44:15,845,no_activity,desktop
sess_00001350,cust_001034,2026-01-22 12:43:09,651,no_activity,mobile
sess_00001351,,2026-01-22 13:56:12,797,no_activity,desktop
sess_00001352,,2026-01-22 11:24:29,23,timeout,mobile
sess_00001353,cust_001855,2026-01-22 20:36:21,679,timeout,mobile
sess_00001354,,2026-01-22 08:18:55,627,no_activity,mobile
sess_00001355,,2026-01-22 10:46:29,188,no_activity,desktop
sess_00001356,,2026-01-22 05:47:50,553,no_activity,mobile
sess_00001357,,2026-01-22 10:29:20,911,no_activity,mobile
sess_00001358,cust_002826,2026-01-22 12:00:11,122,no_activity,desktop
sess_00001359,,2026-01-22 18:46:54,683,no_activity,desktop
sess_00001360,,2026-01-22 17:17:09,277,no_activity,desktop
sess_00001361,,2026-01-22 23:48:00,23,no_activity,desktop
sess_00001362,,2026-01-22 08:56:19,1346,no_activity,mobile
sess_00001363,cust_000008,2026-01-22 00:23:20,390,no_activity,mobile
sess_00001364,cust_002917,2026-01-22 20:17:06,411,no_activity,mobile
sess_00001365,cust_000733,2026-01-22 18:36:23,1,no_activity,desktop
sess_00001366,,2026-01-22 18:46:48,127,no_activity,desktop
sess_00001367,cust_000564,2026-01-22 21:53:32,255,no_activity,desktop
sess_00001368,cust_002379,2026-01-22 11:59:51,329,no_activity,desktop
sess_00001369,,2026-01-22 17:05:00,365,logout,mobile
sess_00001370,,2026-01-22 19:42:34,10,no_activity,mobile
sess_00001371,,2026-01-22 16:53:07,541,no_activity,mobile
sess_00001372,,2026-01-22 21:50:34,390,no_activity,mobile
sess_00001373,,2026-01-22 19:48:06,9,no_activity,desktop
sess_00001374,cust_001426,2026-01-22 08:27:44,454,no_activity,desktop
sess_00001375,,2026-01-22 09:40:01,515,no_activity,desktop
sess_00001376,,2026-01-22 12:41:44,633,no_activity,desktop
sess_00001377,cust_002525,2026-01-22 13:46:29,222,timeout,desktop
sess_00001378,cust_002581,2026-01-23 10:22:36,274,no_activity,mobile
sess_00001379,,2026-01-23 19:29:42,295,no_activity,mobile
sess_00001380,cust_002874,2026-01-23 13:07:36,5834,timeout,desktop
sess_00001381,,2026-01-23 06:00:09,1119,no_activity,desktop
sess_00001382,,2026-01-23 19:47:41,11,no_activity,desktop
sess_00001383,,2026-01-23 08:48:01,49,no_activity,mobile
sess_00001384,cust_001982,2026-01-23 15:18:57,301,no_activity,desktop
sess_00001385,,2026-01-23 08:25:36,264,no_activity,desktop
sess_00001386,cust_002464,2026-01-23 15:52:13,21,no_activity,desktop
sess_00001387,cust_000205,2026-01-23 14:12:13,23,no_activity,desktop
sess_00001388,cust_001047,2026-01-23 17:02:41,137,no_activity,desktop
sess_00001389,,2026-01-23 15:22:27,551,no_activity,desktop
sess_00001390,,2026-01-23 10:38:49,122,no_activity,mobile
sess_00001391,cust_001312,2026-01-23 17:44:36,3170,no_activity,desktop
sess_00001392,cust_001106,2026-01-23 21:05:11,477,timeout,mobile
sess_00001393,,2026-01-23 09:32:15,21,no_activity,mobile
sess_00001394,,2026-01-23 20:55:18,30,no_activity,mobile
sess_00001395,,2026-01-23 20:47:14,9,no_activity,desktop
sess_00001396,cust_001779,2026-01-23 17:01:36,476,no_activity,desktop
sess_00001397,cust_002065,2026-01-23 15:10:32,459,no_activity,mobile
sess_00001398,,2026-01-23 20:24:10,1503,timeout,desktop
sess_00001399,cust_001624,2026-01-23 20:27:55,119,timeout,mobile
sess_00001400,,2026-01-23 03:42:57,4345,no_activity,mobile
sess_00001401,cust_000609,2026-01-23 11:24:46,414,timeout,desktop
sess_00001402,cust_001491,2026-01-23 14:29:16,548,timeout,desktop
sess_00001403,cust_002084,2026-01-23 13:20:57,234,no_activity,desktop
sess_00001404,cust_000753,2026-01-23 13:05:03,1126,no_activity,desktop
sess_00001405,cust_001733,2026-01-23 16:26:59,10,no_activity,mobile
sess_00001406,cust_002158,2026-01-23 09:58:20,14,no_activity,desktop
sess_00001407,cust_001013,2026-01-23 14:49:18,513,no_activity,desktop
sess_00001408,cust_001372,2026-01-23 21:07:03,341,no_activity,desktop
sess_00001409,,2026-01-23 12:35:53,1663,no_activity,desktop
sess_00001410,cust_002271,2026-01-23 11:46:56,568,timeout,mobile
sess_00001411,cust_000106,2026-01-23 14:00:33,269,no_activity,desktop
sess_00001412,cust_002547,2026-01-23 12:56:12,904,no_activity,tablet
sess_00001413,,2026-01-23 09:29:14,765,no_activity,tablet
sess_00001414,,2026-01-23 07:58:43,87,no_activity,mobile
sess_00001415,,2026-01-23 21:42:12,750,logout,desktop
sess_00001416,,2026-01-23 12:51:47,380,no_activity,desktop
sess_00001417,,2026-01-23 08:45:42,182,timeout,desktop
sess_00001418,cust_002204,2026-01-23 21:46:28,898,no_activity,mobile
sess_00001419,,2026-01-23 09:06:19,512,no_activity,mobile
sess_00001420,,2026-01-23 14:51:04,161,no_activity,desktop
sess_00001421,,2026-01-23 16:47:07,751,no_activity,desktop
sess_00001422,,2026-01-23 17:03:25,645,no_activity,desktop
sess_00001423,cust_002223,2026-01-23 18:05:04,7,no_activity,mobile
sess_00001424,,2026-01-23 16:55:22,81,no_activity,desktop
sess_00001425,,2026-01-23 11:17:06,118,no_activity,desktop
sess_00001426,,2026-01-23 00:12:20,220,no_activity,mobile
sess_00001427,cust_002673,2026-01-23 19:00:18,1111,timeout,desktop
sess_00001428,,2026-01-23 11:55:43,809,no_activity,mobile
sess_00001429,,2026-01-23 19:10:19,178,timeout,mobile
sess_00001430,,2026-01-23 09:36:44,1329,timeout,desktop
sess_00001431,,2026-01-23 20:57:47,548,no_activity,desktop
sess_00001432,,2026-01-23 07:07:37,243,no_activity,mobile
sess_00001433,cust_000193,2026-01-23 13:33:10,214,no_activity,desktop
sess_00001434,,2026-01-23 09:58:05,1777,no_activity,tablet
sess_00001435,,2026-01-23 10:48:59,249,no_activity,desktop
sess_00001436,,2026-01-23 06:46:40,854,no_activity,desktop
sess_00001437,cust_001318,2026-01-23 08:54:27,6,no_activity,desktop
sess_00001438,cust_002191,2026-01-23 08:15:16,381,timeout,desktop
sess_00001439,cust_000582,2026-01-23 12:11:33,3486,no_activity,tablet
sess_00001440,,2026-01-23 12:19:51,945,no_activity,desktop
sess_00001441,,2026-01-23 16:44:03,463,no_activity,desktop
sess_00001442,,2026-01-24 17:20:51,192,no_activity,desktop
sess_00001443,cust_001671,2026-01-24 17:07:55,2000,no_activity,mobile
sess_00001444,cust_000089,2026-01-24 07:48:44,2629,no_activity,desktop
sess_00001445,cust_001114,2026-01-24 13:10:27,477,no_activity,tablet
sess_00001446,cust_002272,2026-01-24 06:09:32,228,no_activity,desktop
sess_00001447,,2026-01-24 22:06:40,14,no_activity,mobile
sess_00001448,,2026-01-24 10:10:04,634,no_activity,desktop
sess_00001449,,2026-01-24 19:43:16,253,no_activity,desktop
sess_00001450,,2026-01-24 05:31:13,163,no_activity,mobile
sess_00001451,cust_001848,2026-01-24 19:17:14,227,timeout,desktop
sess_00001452,,2026-01-24 11:47:48,295,no_activity,desktop
sess_00001453,cust_002228,2026-01-24 14:16:11,19,no_activity,desktop
sess_00001454,,2026-01-24 18:43:50,1754,no_activity,desktop
sess_00001455,,2026-01-24 01:07:33,352,no_activity,desktop
sess_00001456,,2026-01-24 18:14:36,943,timeout,desktop
sess_00001457,,2026-01-24 18:27:50,1,no_activity,mobile
sess_00001458,cust_002153,2026-01-24 09:02:37,543,logout,mobile
sess_00001459,,2026-01-24 16:59:19,600,no_activity,desktop
sess_00001460,cust_002822,2026-01-24 18:13:59,176,timeout,desktop
sess_00001461,,2026-01-24 14:16:49,1537,no_activity,desktop
sess_00001462,,2026-01-24 16:51:44,298,no_activity,mobile
sess_00001463,cust_002343,2026-01-24 15:18:34,15,no_activity,desktop
sess_00001464,cust_002136,2026-01-24 17:36:12,23,no_activity,mobile
sess_00001465,,2026-01-24 12:33:25,2969,no_activity,mobile
sess_00001466,,2026-01-24 12:46:31,4,no_activity,mobile
sess_00001467,cust_000795,2026-01-24 17:48:19,2084,no_activity,mobile
sess_00001468,,2026-01-24 13:11:54,37,timeout,mobile
sess_00001469,cust_000875,2026-01-24 14:47:26,166,no_activity,desktop
sess_00001470,cust_002771,2026-01-24 18:14:58,4,no_activity,mobile
sess_00001471,cust_002504,2026-01-24 11:35:27,29,no_activity,mobile
sess_00001472,cust_002435,2026-01-24 14:56:19,579,no_activity,desktop
sess_00001473,cust_000449,2026-01-24 10:10:30,474,no_activity,desktop
sess_00001474,,2026-01-24 16:00:10,784,no_activity,desktop
sess_00001475,,2026-01-24 20:50:11,7,no_activity,mobile
sess_00001476,cust_002517,2026-01-24 20:34:47,121,no_activity,mobile
sess_00001477,cust_001908,2026-01-24 19:28:04,147,timeout,mobile
sess_00001478,cust_002666,2026-01-24 12:07:44,2201,no_activity,mobile
sess_00001479,,2026-01-24 14:48:25,101,no_activity,mobile
sess_00001480,cust_002923,2026-01-24 17:17:49,663,timeout,mobile
sess_00001481,,2026-01-24 17:56:57,6050,no_activity,desktop
sess_00001482,cust_000006,2026-01-24 16:23:41,412,logout,desktop
sess_00001483,,2026-01-24 18:40:16,135,timeout,desktop
sess_00001484,,2026-01-24 11:48:33,451,logout,desktop
sess_00001485,cust_000710,2026-01-24 16:08:43,2903,no_activity,tablet
sess_00001486,,2026-01-24 17:53:03,516,no_activity,desktop
sess_00001487,cust_000524,2026-01-24 22:01:33,783,no_activity,desktop
sess_00001488,,2026-01-24 14:42:32,3285,no_activity,desktop
sess_00001489,,2026-01-24 09:50:20,29,no_activity,desktop
sess_00001490,cust_001527,2026-01-24 08:03:24,10,no_activity,desktop
sess_00001491,cust_001889,2026-01-24 23:40:42,1080,no_activity,desktop
sess_00001492,cust_001699,2026-01-24 09:39:09,1400,timeout,mobile
sess_00001493,cust_000210,2026-01-24 21:26:50,1472,no_activity,mobile
sess_00001494,cust_002080,2026-01-24 20:58:23,1422,logout,mobile
sess_00001495,cust_000422,2026-01-24 21:08:21,362,no_activity,desktop
sess_00001496,,2026-01-24 18:53:43,1340,logout,mobile
sess_00001497,,2026-01-24 17:45:46,679,timeout,desktop
sess_00001498,,2026-01-24 15:50:07,560,no_activity,desktop
sess_00001499,cust_000201,2026-01-24 15:30:05,151,no_activity,mobile
sess_00001500,,2026-01-24 11:31:45,3048,no_activity,mobile
sess_00001501,cust_001820,2026-01-24 14:51:37,2,no_activity,mobile
sess_00001502,cust_001884,2026-01-24 20:59:26,44,no_activity,mobile
sess_00001503,,2026-01-24 09:30:50,106,no_activity,desktop
sess_00001504,,2026-01-24 01:05:09,108,no_activity,mobile
sess_00001505,cust_000385,2026-01-24 09:39:08,1691,no_activity,tablet
sess_00001506,,2026-01-24 10:09:55,23,no_activity,desktop
sess_00001507,cust_000074,2026-01-24 10:09:45,327,no_activity,desktop
sess_00001508,,2026-01-25 15:12:23,179,no_activity,desktop
sess_00001509,,2026-01-25 20:46:18,427,no_activity,desktop
sess_00001510,cust_000533,2026-01-25 14:34:07,230,no_activity,mobile
sess_00001511,cust_000834,2026-01-25 09:48:14,3708,no_activity,mobile
sess_00001512,,2026-01-25 14:23:59,389,no_activity,mobile
sess_00001513,cust_000648,2026-01-25 13:53:39,16,no_activity,mobile
sess_00001514,,2026-01-25 11:39:07,1320,no_activity,desktop
sess_00001515,cust_002033,2026-01-25 18:47:13,748,no_activity,mobile
sess_00001516,cust_001280,2026-01-25 10:13:29,5222,no_activity,desktop
sess_00001517,cust_002424,2026-01-25 21:46:07,6,no_activity,desktop
sess_00001518,cust_002375,2026-01-25 07:41:56,134,timeout,desktop
sess_00001519,cust_002464,2026-01-25 09:22:45,82,no_activity,desktop
sess_00001520,cust_001783,2026-01-25 04:59:36,428,no_activity,mobile
sess_00001521,,2026-01-25 05:13:55,470,no_activity,desktop
sess_00001522,,2026-01-25 10:31:24,260,no_activity,mobile
sess_00001523,cust_000106,2026-01-25 17:07:34,243,no_activity,desktop
sess_00001524,,2026-01-25 19:44:20,272,no_activity,desktop
sess_00001525,cust_001483,2026-01-25 12:40:50,377,no_activity,desktop
sess_00001526,,2026-01-25 23:38:06,540,no_activity,desktop
sess_00001527,cust_000870,2026-01-25 23:16:00,465,no_activity,desktop
sess_00001528,cust_002626,2026-01-25 17:07:23,841,no_activity,mobile
sess_00001529,,2026-01-25 08:34:15,1016,no_activity,desktop
sess_00001530,,2026-01-25 08:52:35,446,no_activity,tablet
sess_00001531,,2026-01-25 14:22:31,635,no_activity,desktop
sess_00001532,cust_001297,2026-01-25 13:44:59,364,timeout,mobile
sess_00001533,cust_001646,2026-01-25 10:47:51,7200,no_activity,desktop
sess_00001534,cust_000119,2026-01-25 13:27:31,1311,no_activity,desktop
sess_00001535,,2026-01-25 14:42:44,496,no_activity,desktop
sess_00001536,,2026-01-25 11:38:55,460,no_activity,desktop
sess_00001537,cust_001918,2026-01-25 18:20:41,346,no_activity,desktop
sess_00001538,cust_002829,2026-01-25 13:26:33,8,no_activity,desktop
sess_00001539,,2026-01-25 19:08:27,3,no_activity,desktop
sess_00001540,,2026-01-25 08:11:58,1599,no_activity,mobile
sess_00001541,cust_000558,2026-01-25 17:59:52,5,no_activity,desktop
sess_00001542,,2026-01-25 10:49:48,923,no_activity,desktop
sess_00001543,,2026-01-25 05:51:40,1489,no_activity,desktop
sess_00001544,cust_001522,2026-01-25 16:46:29,17,no_activity,mobile
sess_00001545,cust_000683,2026-01-25 07:44:04,727,timeout,mobile
sess_00001546,,2026-01-25 13:48:59,380,no_activity,desktop
sess_00001547,,2026-01-25 02:39:37,20,no_activity,desktop
sess_00001548,cust_001242,2026-01-25 20:06:38,9,no_activity,desktop
sess_00001549,cust_002319,2026-01-25 12:34:32,111,no_activity,desktop
sess_00001550,,2026-01-25 10:18:34,203,timeout,mobile
sess_00001551,cust_000751,2026-01-25 21:47:11,2065,no_activity,mobile
sess_00001552,,2026-01-25 17:46:42,387,no_activity,mobile
sess_00001553,,2026-01-25 20:35:12,77,no_activity,mobile
sess_00001554,cust_001521,2026-01-25 22:59:40,432,no_activity,desktop
sess_00001555,cust_000540,2026-01-25 14:30:01,344,logout,tablet
sess_00001556,cust_000847,2026-01-25 14:03:54,76,no_activity,mobile
sess_00001557,,2026-01-25 18:14:35,118,no_activity,desktop
sess_00001558,,2026-01-25 04:46:29,730,timeout,desktop
sess_00001559,,2026-01-25 00:52:33,186,no_activity,desktop
sess_00001560,,2026-01-25 15:16:19,133,no_activity,desktop
sess_00001561,cust_000956,2026-01-25 13:26:49,2139,no_activity,desktop
sess_00001562,cust_002529,2026-01-26 20:55:39,1250,no_activity,desktop
sess_00001563,,2026-01-26 14:43:29,12,no_activity,mobile
sess_00001564,cust_002758,2026-01-26 19:26:07,331,no_activity,mobile
sess_00001565,,2026-01-26 14:04:51,356,no_activity,mobile
sess_00001566,,2026-01-26 15:36:54,2094,no_activity,mobile
sess_00001567,,2026-01-26 15:03:52,336,no_activity,mobile
sess_00001568,cust_002071,2026-01-26 13:24:42,171,no_activity,desktop
sess_00001569,cust_000472,2026-01-26 18:29:12,447,no_activity,mobile
sess_00001570,,2026-01-26 09:17:52,22,no_activity,desktop
sess_00001571,,2026-01-26 13:08:12,500,no_activity,desktop
sess_00001572,,2026-01-26 20:51:53,207,timeout,desktop
sess_00001573,,2026-01-26 04:33:23,276,no_activity,tablet
sess_00001574,cust_000213,2026-01-26 18:46:18,781,no_activity,desktop
sess_00001575,cust_002092,2026-01-26 14:20:47,84,no_activity,desktop
sess_00001576,cust_000441,2026-01-26 15:52:03,2,no_activity,mobile
sess_00001577,cust_002017,2026-01-26 19:25:59,689,no_activity,desktop
sess_00001578,cust_002439,2026-01-26 14:46:48,350,timeout,desktop
sess_00001579,,2026-01-26 13:50:32,1447,no_activity,mobile
sess_00001580,cust_001879,2026-01-26 17:07:40,1186,no_activity,desktop
sess_00001581,,2026-01-26 16:37:44,905,no_activity,desktop
sess_00001582,,2026-01-26 22:05:33,1660,no_activity,desktop
sess_00001583,cust_002745,2026-01-26 12:44:03,280,no_activity,desktop
sess_00001584,cust_002710,2026-01-26 15:53:53,263,no_activity,desktop
sess_00001585,,2026-01-26 10:03:11,455,timeout,tablet
sess_00001586,,2026-01-26 07:29:28,11,no_activity,desktop
sess_00001587,cust_000250,2026-01-26 17:20:31,414,no_activity,desktop
sess_00001588,cust_000502,2026-01-26 21:13:35,78,no_activity,desktop
sess_00001589,,2026-01-26 13:38:37,687,no_activity,desktop
sess_00001590,,2026-01-26 08:39:49,200,no_activity,desktop
sess_00001591,cust_002018,2026-01-26 10:01:45,312,no_activity,desktop
sess_00001592,cust_001065,2026-01-26 21:49:24,147,no_activity,desktop
sess_00001593,cust_002925,2026-01-26 19:56:27,296,no_activity,mobile
sess_00001594,cust_001488,2026-01-26 15:41:03,318,no_activity,desktop
sess_00001595,cust_002263,2026-01-26 22:10:52,6,no_activity,mobile
sess_00001596,,2026-01-26 13:40:57,225,timeout,mobile
sess_00001597,,2026-01-26 08:15:59,977,no_activity,desktop
sess_00001598,,2026-01-26 10:37:55,406,no_activity,desktop
sess_00001599,,2026-01-26 04:51:05,551,no_activity,mobile
sess_00001600,cust_002296,2026-01-26 09:26:33,950,no_activity,desktop
sess_00001601,,2026-01-26 14:17:18,181,no_activity,mobile
sess_00001602,cust_001871,2026-01-26 12:54:23,889,no_activity,mobile
sess_00001603,,2026-01-26 06:04:58,403,no_activity,tablet
sess_00001604,cust_002396,2026-01-26 19:17:19,133,timeout,mobile
sess_00001605,cust_001807,2026-01-26 21:20:46,1974,no_activity,desktop
sess_00001606,cust_002297,2026-01-26 21:24:35,2,no_activity,desktop
sess_00001607,cust_000521,2026-01-26 09:39:40,596,no_activity,mobile
sess_00001608,,2026-01-26 15:34:14,540,no_activity,desktop
sess_00001609,cust_001211,2026-01-26 15:07:37,765,no_activity,mobile
sess_00001610,cust_000188,2026-01-26 20:07:04,510,no_activity,mobile
sess_00001611,cust_002831,2026-01-26 13:48:27,442,no_activity,desktop
sess_00001612,cust_001611,2026-01-26 14:00:59,109,no_activity,desktop
sess_00001613,,2026-01-26 10:02:21,191,no_activity,desktop
sess_00001614,,2026-01-26 08:22:10,126,no_activity,desktop
sess_00001615,,2026-01-26 13:07:18,16,no_activity,desktop
sess_00001616,cust_002208,2026-01-26 19:46:23,2088,no_activity,desktop
sess_00001617,,2026-01-26 16:38:07,1230,no_activity,mobile
sess_00001618,,2026-01-26 21:17:57,71,no_activity,mobile
sess_00001619,,2026-01-26 10:10:14,537,no_activity,mobile
sess_00001620,cust_001962,2026-01-26 11:09:18,210,timeout,desktop
sess_00001621,cust_002812,2026-01-27 10:47:15,13,no_activity,mobile
sess_00001622,,2026-01-27 09:09:42,263,timeout,desktop
sess_00001623,,2026-01-27 10:43:17,104,no_activity,desktop
sess_00001624,,2026-01-27 20:05:46,1866,no_activity,desktop
sess_00001625,,2026-01-27 18:55:42,4,no_activity,desktop
sess_00001626,,2026-01-27 13:14:22,397,no_activity,desktop
sess_00001627,,2026-01-27 18:14:37,163,timeout,mobile
sess_00001628,cust_002434,2026-01-27 16:26:28,315,logout,desktop
sess_00001629,,2026-01-27 11:19:09,656,timeout,desktop
sess_00001630,,2026-01-27 09:50:14,1219,no_activity,desktop
sess_00001631,cust_002434,2026-01-27 17:40:40,1390,no_activity,desktop
sess_00001632,,2026-01-27 20:06:55,316,no_activity,desktop
sess_00001633,cust_000439,2026-01-27 21:44:47,348,no_activity,mobile
sess_00001634,,2026-01-27 14:23:39,564,no_activity,desktop
sess_00001635,,2026-01-27 13:49:40,322,no_activity,desktop
sess_00001636,cust_002712,2026-01-27 18:03:45,618,timeout,desktop
sess_00001637,cust_001865,2026-01-27 21:40:41,2,no_activity,desktop
sess_00001638,,2026-01-27 19:11:54,14,no_activity,desktop
sess_00001639,cust_000944,2026-01-27 19:34:25,1694,no_activity,desktop
sess_00001640,,2026-01-27 14:39:39,1278,no_activity,mobile
sess_00001641,cust_002332,2026-01-27 18:32:54,2376,no_activity,mobile
sess_00001642,cust_000059,2026-01-27 15:05:05,155,no_activity,mobile
sess_00001643,cust_002815,2026-01-27 10:59:28,1345,no_activity,mobile
sess_00001644,,2026-01-27 07:59:05,1970,timeout,mobile
sess_00001645,,2026-01-27 10:15:38,128,no_activity,mobile
sess_00001646,cust_001692,2026-01-27 12:19:56,122,no_activity,mobile
sess_00001647,cust_002159,2026-01-27 16:09:12,584,no_activity,desktop
sess_00001648,,2026-01-27 11:00:12,230,timeout,mobile
sess_00001649,,2026-01-27 11:59:42,462,logout,desktop
sess_00001650,,2026-01-27 20:52:01,145,no_activity,desktop
sess_00001651,,2026-01-27 09:45:00,984,no_activity,desktop
sess_00001652,cust_002546,2026-01-27 18:07:27,3,no_activity,mobile
sess_00001653,,2026-01-27 09:53:35,211,no_activity,desktop
sess_00001654,,2026-01-27 22:48:06,14,no_activity,mobile
sess_00001655,,2026-01-27 16:51:32,390,logout,mobile
sess_00001656,,2026-01-27 16:43:54,1055,timeout,desktop
sess_00001657,,2026-01-27 22:03:38,296,no_activity,mobile
sess_00001658,cust_001973,2026-01-27 11:08:58,85,no_activity,mobile
sess_00001659,,2026-01-27 09:43:22,13,no_activity,desktop
sess_00001660,cust_001063,2026-01-27 19:49:29,239,no_activity,desktop
sess_00001661,cust_000335,2026-01-27 07:59:59,174,timeout,desktop
sess_00001662,cust_000667,2026-01-27 14:47:50,189,timeout,desktop
sess_00001663,cust_000134,2026-01-27 20:20:30,235,no_activity,desktop
sess_00001664,cust_002755,2026-01-27 10:32:39,232,no_activity,desktop
sess_00001665,cust_000581,2026-01-27 22:43:54,1195,no_activity,mobile
sess_00001666,cust_001126,2026-01-27 10:18:58,168,no_activity,tablet
sess_00001667,,2026-01-27 09:57:00,896,no_activity,desktop
sess_00001668,cust_002528,2026-01-27 16:22:07,234,no_activity,desktop
sess_00001669,cust_002118,2026-01-27 14:36:56,752,no_activity,desktop
sess_00001670,,2026-01-27 21:52:53,1645,no_activity,desktop
sess_00001671,,2026-01-27 16:28:52,595,no_activity,mobile
sess_00001672,,2026-01-27 12:41:35,736,no_activity,mobile
sess_00001673,cust_001864,2026-01-27 20:23:38,516,no_activity,mobile
sess_00001674,cust_001553,2026-01-27 13:48:17,452,no_activity,desktop
sess_00001675,cust_000653,2026-01-27 11:28:42,83,no_activity,tablet
sess_00001676,cust_001179,2026-01-27 18:33:04,169,timeout,desktop
sess_00001677,,2026-01-27 12:56:20,21,no_activity,desktop
sess_00001678,cust_000179,2026-01-27 12:54:52,266,no_activity,mobile
sess_00001679,cust_000823,2026-01-27 06:46:47,2,no_activity,desktop
sess_00001680,cust_001477,2026-01-27 18:29:36,1152,no_activity,mobile
sess_00001681,cust_001759,2026-01-27 09:32:34,1944,no_activity,mobile
sess_00001682,cust_002190,2026-01-27 14:35:07,7,no_activity,desktop
sess_00001683,,2026-01-27 11:34:03,293,no_activity,desktop
sess_00001684,,2026-01-27 16:43:02,243,no_activity,desktop
sess_00001685,cust_001243,2026-01-27 20:58:30,387,timeout,desktop
sess_00001686,,2026-01-27 09:35:28,1208,timeout,desktop
sess_00001687,,2026-01-27 15:17:58,271,timeout,desktop
sess_00001688,cust_000847,2026-01-27 17:32:55,638,logout,desktop
sess_00001689,cust_001621,2026-01-27 13:08:40,507,no_activity,desktop
sess_00001690,,2026-01-27 15:15:05,563,no_activity,desktop
sess_00001691,cust_000969,2026-01-27 20:41:27,11,no_activity,mobile
sess_00001692,cust_002530,2026-01-27 16:17:36,593,no_activity,desktop
sess_00001693,,2026-01-27 18:28:39,1238,no_activity,desktop
sess_00001694,cust_001703,2026-01-28 12:56:19,728,no_activity,desktop
sess_00001695,,2026-01-28 03:41:05,2044,no_activity,mobile
sess_00001696,cust_000729,2026-01-28 10:12:18,1200,no_activity,mobile
sess_00001697,,2026-01-28 12:17:17,690,no_activity,desktop
sess_00001698,cust_000465,2026-01-28 08:21:56,17,no_activity,desktop
sess_00001699,,2026-01-28 21:06:23,102,no_activity,mobile
sess_00001700,,2026-01-28 15:28:41,745,no_activity,tablet
sess_00001701,,2026-01-28 22:06:08,1102,no_activity,mobile
sess_00001702,cust_001679,2026-01-28 21:16:58,1335,no_activity,desktop
sess_00001703,,2026-01-28 16:52:21,26,no_activity,mobile
sess_00001704,,2026-01-28 17:11:53,19,no_activity,mobile
sess_00001705,,2026-01-28 20:48:44,1008,no_activity,desktop
sess_00001706,cust_002384,2026-01-28 05:25:21,135,no_activity,desktop
sess_00001707,cust_001565,2026-01-28 09:23:04,733,no_activity,mobile
sess_00001708,cust_000502,2026-01-28 18:52:55,402,no_activity,desktop
sess_00001709,cust_002254,2026-01-28 21:04:38,94,no_activity,tablet
sess_00001710,,2026-01-28 19:47:40,1555,timeout,desktop
sess_00001711,,2026-01-28 11:06:08,6,no_activity,tablet
sess_00001712,cust_002592,2026-01-28 12:32:59,170,no_activity,mobile
sess_00001713,cust_001046,2026-01-28 09:40:54,44,logout,desktop
sess_00001714,cust_000681,2026-01-28 14:04:46,493,logout,mobile
sess_00001715,,2026-01-28 10:04:19,308,no_activity,mobile
sess_00001716,,2026-01-28 02:55:39,1608,no_activity,tablet
sess_00001717,,2026-01-28 07:55:45,266,no_activity,desktop
sess_00001718,cust_001877,2026-01-28 17:57:32,83,no_activity,mobile
sess_00001719,cust_000329,2026-01-28 20:17:12,15,no_activity,desktop
sess_00001720,,2026-01-28 23:28:26,199,timeout,desktop
sess_00001721,cust_002338,2026-01-28 18:34:35,724,no_activity,desktop
sess_00001722,,2026-01-28 11:05:07,120,timeout,desktop
sess_00001723,,2026-01-28 21:58:33,19,no_activity,desktop
sess_00001724,,2026-01-28 17:46:02,120,timeout,desktop
sess_00001725,cust_000095,2026-01-28 13:57:22,658,timeout,desktop
sess_00001726,cust_000959,2026-01-28 09:43:56,305,timeout,mobile
sess_00001727,,2026-01-28 19:59:21,233,no_activity,desktop
sess_00001728,cust_000739,2026-01-28 07:26:37,2906,no_activity,mobile
sess_00001729,,2026-01-28 10:59:01,611,no_activity,desktop
sess_00001730,cust_002194,2026-01-28 19:35:39,586,no_activity,desktop
sess_00001731,,2026-01-28 06:03:05,816,logout,desktop
sess_00001732,cust_001377,2026-01-28 15:44:27,36,no_activity,tablet
sess_00001733,cust_000941,2026-01-28 12:10:36,9,no_activity,desktop
sess_00001734,,2026-01-28 19:04:29,396,timeout,mobile
sess_00001735,,2026-01-28 17:14:41,745,timeout,desktop
sess_00001736,cust_002452,2026-01-28 21:22:39,582,timeout,tablet
sess_00001737,,2026-01-28 08:39:55,54,no_activity,desktop
sess_00001738,cust_002130,2026-01-28 10:05:06,29,no_activity,desktop
sess_00001739,cust_000238,2026-01-28 14:44:05,19,no_activity,mobile
sess_00001740,,2026-01-28 10:21:53,166,no_activity,desktop
sess_00001741,cust_001710,2026-01-28 15:19:20,6647,no_activity,desktop
sess_00001742,,2026-01-28 19:57:52,344,no_activity,tablet
sess_00001743,,2026-01-28 12:59:48,422,no_activity,mobile
sess_00001744,,2026-01-28 21:50:29,928,no_activity,desktop
sess_00001745,cust_001436,2026-01-28 11:53:45,66,no_activity,mobile
sess_00001746,cust_000291,2026-01-28 07:56:02,212,no_activity,desktop
sess_00001747,cust_002495,2026-01-28 16:04:11,204,no_activity,mobile
sess_00001748,,2026-01-28 15:17:28,1738,no_activity,desktop
sess_00001749,,2026-01-28 19:59:36,360,no_activity,desktop
sess_00001750,cust_000133,2026-01-28 15:53:51,848,timeout,tablet
sess_00001751,cust_001282,2026-01-29 18:08:10,725,no_activity,tablet
sess_00001752,cust_002828,2026-01-29 08:09:53,217,no_activity,mobile
sess_00001753,,2026-01-29 07:36:19,15,no_activity,mobile
sess_00001754,,2026-01-29 11:40:58,6,no_activity,desktop
sess_00001755,,2026-01-29 11:23:52,1,no_activity,desktop
sess_00001756,cust_001213,2026-01-29 17:45:28,26,no_activity,mobile
sess_00001757,,2026-01-29 07:26:36,205,no_activity,desktop
sess_00001758,cust_001892,2026-01-29 13:38:30,1441,no_activity,desktop
sess_00001759,,2026-01-29 21:47:57,446,no_activity,desktop
sess_00001760,,2026-01-29 16:01:45,288,no_activity,desktop
sess_00001761,cust_002988,2026-01-29 15:15:19,343,no_activity,desktop
sess_00001762,cust_001123,2026-01-29 08:05:55,158,no_activity,desktop
sess_00001763,cust_001531,2026-01-29 19:58:18,222,timeout,mobile
sess_00001764,cust_001764,2026-01-29 07:26:32,1121,no_activity,desktop
sess_00001765,cust_002932,2026-01-29 14:18:24,1261,timeout,desktop
sess_00001766,cust_001041,2026-01-29 14:39:38,1035,no_activity,mobile
sess_00001767,cust_001318,2026-01-29 11:44:10,580,no_activity,mobile
sess_00001768,cust_001245,2026-01-29 14:46:13,171,timeout,desktop
sess_00001769,,2026-01-29 20:25:53,200,no_activity,tablet
sess_00001770,,2026-01-29 16:45:47,1061,no_activity,mobile
sess_00001771,,2026-01-29 18:13:01,1594,timeout,mobile
sess_00001772,cust_000276,2026-01-29 13:07:37,1597,logout,desktop
sess_00001773,,2026-01-29 13:31:06,76,no_activity,desktop
sess_00001774,cust_000300,2026-01-29 10:10:58,26,no_activity,mobile
sess_00001775,,2026-01-29 20:05:51,4215,timeout,mobile
sess_00001776,,2026-01-29 13:09:29,1059,timeout,mobile
sess_00001777,,2026-01-29 15:16:09,457,timeout,desktop
sess_00001778,cust_001547,2026-01-29 12:34:22,542,no_activity,desktop
sess_00001779,cust_002774,2026-01-29 14:15:30,9,no_activity,mobile
sess_00001780,,2026-01-29 19:29:30,23,no_activity,desktop
sess_00001781,,2026-01-29 19:38:47,2334,no_activity,mobile
sess_00001782,,2026-01-29 16:14:13,517,no_activity,mobile
sess_00001783,,2026-01-29 10:32:26,255,no_activity,desktop
sess_00001784,,2026-01-29 19:04:00,810,no_activity,desktop
sess_00001785,,2026-01-29 16:51:35,1683,no_activity,mobile
sess_00001786,cust_001074,2026-01-29 09:48:54,1344,no_activity,mobile
sess_00001787,,2026-01-29 19:21:42,22,no_activity,desktop
sess_00001788,,2026-01-29 11:59:29,24,no_activity,desktop
sess_00001789,,2026-01-29 18:31:25,359,no_activity,desktop
sess_00001790,,2026-01-29 11:16:07,732,no_activity,mobile
sess_00001791,cust_000829,2026-01-29 16:55:31,10,no_activity,tablet
sess_00001792,cust_002432,2026-01-29 12:26:00,445,no_activity,mobile
sess_00001793,cust_000929,2026-01-29 12:00:13,2498,no_activity,desktop
sess_00001794,,2026-01-29 04:47:53,106,timeout,mobile
sess_00001795,,2026-01-29 11:03:24,727,timeout,tablet
sess_00001796,cust_001345,2026-01-29 18:33:30,913,timeout,desktop
sess_00001797,,2026-01-29 06:01:26,236,no_activity,mobile
sess_00001798,,2026-01-29 11:01:40,3347,no_activity,tablet
sess_00001799,cust_001015,2026-01-29 16:57:01,393,no_activity,mobile
sess_00001800,cust_000253,2026-01-29 15:06:19,137,no_activity,mobile
sess_00001801,,2026-01-29 18:25:23,192,no_activity,desktop
sess_00001802,,2026-01-29 06:11:45,14,no_activity,tablet
sess_00001803,cust_001139,2026-01-29 20:27:31,573,no_activity,mobile
sess_00001804,,2026-01-29 18:06:56,500,timeout,mobile
sess_00001805,,2026-01-29 15:45:24,302,no_activity,tablet
sess_00001806,,2026-01-29 20:44:04,91,no_activity,desktop
sess_00001807,cust_001263,2026-01-29 22:10:58,413,no_activity,mobile
sess_00001808,cust_002212,2026-01-29 19:34:24,574,no_activity,desktop
sess_00001809,,2026-01-29 20:08:45,1921,no_activity,mobile
sess_00001810,,2026-01-29 08:11:29,7,no_activity,mobile
sess_00001811,,2026-01-29 18:59:45,11,no_activity,mobile
sess_00001812,cust_001652,2026-01-29 12:21:13,684,no_activity,mobile
sess_00001813,,2026-01-29 21:02:27,243,no_activity,mobile
sess_00001814,cust_001245,2026-01-29 18:00:45,18,no_activity,desktop
sess_00001815,cust_000369,2026-01-30 19:45:07,114,no_activity,mobile
sess_00001816,cust_000213,2026-01-30 12:55:50,1091,no_activity,desktop
sess_00001817,,2026-01-30 12:55:33,221,no_activity,mobile
sess_00001818,,2026-01-30 19:01:45,597,no_activity,desktop
sess_00001819,,2026-01-30 11:47:24,168,no_activity,desktop
sess_00001820,cust_000136,2026-01-30 08:13:04,477,no_activity,desktop
sess_00001821,,2026-01-30 11:17:58,1575,no_activity,desktop
sess_00001822,,2026-01-30 19:59:11,104,no_activity,desktop
sess_00001823,,2026-01-30 09:44:18,1569,no_activity,desktop
sess_00001824,cust_002966,2026-01-30 17:27:02,532,no_activity,desktop
sess_00001825,cust_000030,2026-01-30 18:47:40,226,timeout,desktop
sess_00001826,cust_000382,2026-01-30 11:40:54,779,timeout,desktop
sess_00001827,cust_002801,2026-01-30 18:21:24,23,no_activity,desktop
sess_00001828,cust_002090,2026-01-30 13:57:26,586,no_activity,mobile
sess_00001829,,2026-01-30 16:44:55,1037,no_activity,mobile
sess_00001830,cust_000525,2026-01-30 05:20:38,1491,no_activity,desktop
sess_00001831,cust_001492,2026-01-30 19:25:48,729,no_activity,mobile
sess_00001832,cust_000665,2026-01-30 05:29:51,8,no_activity,desktop
sess_00001833,,2026-01-30 14:30:26,1036,no_activity,mobile
sess_00001834,,2026-01-30 13:18:05,2,no_activity,mobile
sess_00001835,cust_001163,2026-01-30 21:00:30,2354,no_activity,mobile
sess_00001836,cust_001160,2026-01-30 15:22:07,509,no_activity,mobile
sess_00001837,cust_002674,2026-01-30 08:51:56,2,no_activity,mobile
sess_00001838,,2026-01-30 12:31:40,29,no_activity,mobile
sess_00001839,cust_001536,2026-01-30 21:41:50,503,no_activity,desktop
sess_00001840,,2026-01-30 10:57:35,106,timeout,desktop
sess_00001841,,2026-01-30 18:24:59,109,logout,desktop
sess_00001842,cust_002892,2026-01-30 13:50:06,309,logout,desktop
sess_00001843,cust_001744,2026-01-30 21:22:18,24,no_activity,desktop
sess_00001844,,2026-01-30 11:09:24,484,no_activity,tablet
sess_00001845,,2026-01-30 10:39:15,19,no_activity,desktop
sess_00001846,,2026-01-30 17:17:55,106,no_activity,desktop
sess_00001847,cust_000419,2026-01-30 14:07:45,263,no_activity,mobile
sess_00001848,cust_002367,2026-01-30 19:37:59,3479,timeout,mobile
sess_00001849,,2026-01-30 06:12:55,315,no_activity,mobile
sess_00001850,cust_000577,2026-01-30 15:27:49,1508,no_activity,desktop
sess_00001851,,2026-01-30 17:30:55,761,no_activity,desktop
sess_00001852,cust_001491,2026-01-30 16:16:09,14,no_activity,desktop
sess_00001853,,2026-01-30 05:12:07,25,no_activity,desktop
sess_00001854,cust_001954,2026-01-30 11:47:12,136,no_activity,mobile
sess_00001855,cust_000304,2026-01-30 08:16:27,157,no_activity,mobile
sess_00001856,,2026-01-30 09:40:00,124,no_activity,desktop
sess_00001857,cust_000789,2026-01-30 19:45:31,218,no_activity,desktop
sess_00001858,,2026-01-30 18:48:36,1380,timeout,mobile
sess_00001859,,2026-01-30 20:55:49,486,no_activity,desktop
sess_00001860,,2026-01-30 14:04:23,435,timeout,desktop
sess_00001861,cust_002815,2026-01-30 18:16:50,2,no_activity,tablet
sess_00001862,,2026-01-30 16:42:10,23,no_activity,desktop
sess_00001863,,2026-01-30 22:14:09,243,no_activity,mobile
sess_00001864,cust_001308,2026-01-31 15:13:19,481,timeout,desktop
sess_00001865,cust_002247,2026-01-31 14:41:18,148,no_activity,desktop
sess_00001866,cust_001405,2026-01-31 18:07:18,131,no_activity,desktop
sess_00001867,,2026-01-31 21:57:22,411,no_activity,mobile
sess_00001868,cust_001881,2026-01-31 15:48:58,30,no_activity,mobile
sess_00001869,,2026-01-31 10:47:39,154,no_activity,desktop
sess_00001870,,2026-01-31 19:53:04,78,no_activity,mobile
sess_00001871,,2026-01-31 20:06:54,125,timeout,mobile
sess_00001872,,2026-01-31 13:08:22,1150,no_activity,mobile
sess_00001873,cust_001335,2026-01-31 09:40:42,550,logout,mobile
sess_00001874,,2026-01-31 09:32:06,2,no_activity,desktop
sess_00001875,cust_001048,2026-01-31 19:55:39,733,no_activity,desktop
sess_00001876,cust_000856,2026-01-31 06:50:15,319,logout,mobile
sess_00001877,cust_000987,2026-01-31 21:24:09,29,no_activity,mobile
sess_00001878,cust_001474,2026-01-31 22:24:17,478,no_activity,mobile
sess_00001879,cust_002284,2026-01-31 20:57:54,12,no_activity,desktop
sess_00001880,,2026-01-31 06:57:13,15,no_activity,desktop
sess_00001881,,2026-01-31 17:39:43,16,no_activity,desktop
sess_00001882,cust_001852,2026-01-31 16:23:11,81,no_activity,tablet
sess_00001883,cust_000153,2026-01-31 20:21:50,1,no_activity,desktop
sess_00001884,,2026-01-31 15:02:30,1689,no_activity,mobile
sess_00001885,,2026-01-31 14:37:39,86,no_activity,mobile
sess_00001886,cust_001622,2026-01-31 21:13:17,12,no_activity,mobile
sess_00001887,,2026-01-31 23:25:28,369,no_activity,desktop
sess_00001888,,2026-01-31 14:09:35,161,no_activity,mobile
sess_00001889,,2026-01-31 15:43:25,182,no_activity,desktop
sess_00001890,cust_001280,2026-01-31 16:57:39,201,no_activity,desktop
sess_00001891,,2026-01-31 11:54:30,304,no_activity,desktop
sess_00001892,,2026-01-31 14:14:24,927,timeout,desktop
sess_00001893,cust_002158,2026-01-31 17:03:37,145,no_activity,mobile
sess_00001894,,2026-01-31 07:53:22,303,no_activity,mobile
sess_00001895,,2026-01-31 07:11:48,300,no_activity,mobile
sess_00001896,,2026-01-31 10:34:36,375,no_activity,desktop
sess_00001897,,2026-01-31 09:33:30,7,no_activity,desktop
sess_00001898,cust_000163,2026-01-31 20:07:53,1463,no_activity,desktop
sess_00001899,cust_002578,2026-01-31 20:08:32,553,no_activity,desktop
sess_00001900,,2026-01-31 11:43:39,190,no_activity,desktop
sess_00001901,cust_001904,2026-01-31 23:46:58,183,no_activity,tablet
sess_00001902,,2026-01-31 07:51:32,658,no_activity,desktop
sess_00001903,cust_002314,2026-01-31 22:05:37,25,no_activity,desktop
sess_00001904,,2026-01-31 23:49:00,152,no_activity,desktop
sess_00001905,,2026-01-31 12:24:53,29,no_activity,desktop
sess_00001906,cust_001311,2026-01-31 17:06:10,904,no_activity,tablet
sess_00001907,,2026-01-31 20:35:32,29,no_activity,desktop
sess_00001908,,2026-01-31 09:02:18,144,no_activity,desktop
sess_00001909,cust_000736,2026-01-31 19:15:15,693,no_activity,mobile
sess_00001910,,2026-01-31 05:28:08,955,timeout,mobile
sess_00001911,,2026-01-31 10:46:39,391,no_activity,mobile
sess_00001912,,2026-01-31 10:39:55,1,no_activity,mobile
sess_00001913,cust_000992,2026-01-31 17:55:02,78,timeout,mobile
sess_00001914,,2026-01-31 00:13:03,895,no_activity,desktop
sess_00001915,cust_002001,2026-01-31 11:46:38,626,no_activity,mobile
sess_00001916,,2026-01-31 15:42:07,198,timeout,tablet
sess_00001917,cust_002769,2026-01-31 19:03:34,690,no_activity,desktop
sess_00001918,,2026-01-31 08:57:01,734,logout,mobile
sess_00001919,,2026-01-31 19:03:10,304,no_activity,desktop
sess_00001920,cust_000598,2026-01-31 17:32:37,168,no_activity,mobile
sess_00001921,cust_000458,2026-01-31 10:42:05,765,timeout,mobile
sess_00001922,cust_000277,2026-01-31 21:30:26,327,no_activity,mobile
sess_00001923,,2026-01-31 20:26:13,269,no_activity,desktop
sess_00001924,,2026-01-31 11:04:02,309,no_activity,desktop
sess_00001925,,2026-01-31 17:16:48,5,no_activity,desktop
sess_00001926,,2026-01-31 08:06:38,326,no_activity,desktop
sess_00001927,,2026-01-31 14:30:38,200,no_activity,mobile
sess_00001928,,2026-01-31 22:28:53,18,no_activity,desktop
sess_00001929,,2026-01-31 20:09:22,66,no_activity,mobile
sess_00001930,,2026-01-31 08:23:58,299,no_activity,mobile
sess_00001931,,2026-01-31 20:32:30,1,no_activity,desktop
sess_00001932,,2026-01-31 20:33:01,195,no_activity,desktop
sess_00001933,cust_001714,2026-01-31 17:03:45,2295,no_activity,mobile
sess_00001934,,2026-02-01 16:28:32,10,no_activity,desktop
sess_00001935,,2026-02-01 13:14:46,454,no_activity,desktop
sess_00001936,cust_001370,2026-02-01 13:56:31,15,no_activity,desktop
sess_00001937,,2026-02-01 15:44:24,50,no_activity,desktop
sess_00001938,,2026-02-01 19:40:06,466,no_activity,mobile
sess_00001939,cust_001159,2026-02-01 17:10:24,109,no_activity,desktop
sess_00001940,cust_000277,2026-02-01 10:07:51,133,no_activity,mobile
sess_00001941,cust_002704,2026-02-01 19:28:15,606,timeout,desktop
sess_00001942,,2026-02-01 15:55:37,289,timeout,desktop
sess_00001943,,2026-02-01 18:36:28,770,no_activity,desktop
sess_00001944,cust_002792,2026-02-01 19:16:02,818,no_activity,desktop
sess_00001945,,2026-02-01 16:44:13,1892,no_activity,desktop
sess_00001946,,2026-02-01 15:38:30,11,no_activity,mobile
sess_00001947,,2026-02-01 20:56:42,22,no_activity,desktop
sess_00001948,cust_000193,2026-02-01 21:46:54,286,timeout,mobile
sess_00001949,,2026-02-01 17:26:49,488,no_activity,desktop
sess_00001950,,2026-02-01 11:45:48,822,no_activity,desktop
sess_00001951,cust_000285,2026-02-01 17:10:55,129,no_activity,desktop
sess_00001952,,2026-02-01 16:39:06,16,no_activity,mobile
sess_00001953,,2026-02-01 10:24:25,1592,timeout,desktop
sess_00001954,cust_000954,2026-02-01 11:56:17,372,no_activity,mobile
sess_00001955,,2026-02-01 20:22:08,103,no_activity,mobile
sess_00001956,cust_001466,2026-02-01 21:26:56,186,timeout,desktop
sess_00001957,,2026-02-01 11:20:22,145,no_activity,desktop
sess_00001958,cust_002677,2026-02-01 17:54:00,2342,no_activity,mobile
sess_00001959,cust_001932,2026-02-01 11:12:35,242,no_activity,desktop
sess_00001960,cust_000865,2026-02-01 13:31:33,475,no_activity,mobile
sess_00001961,,2026-02-01 17:59:46,228,no_activity,mobile
sess_00001962,cust_001508,2026-02-01 07:53:35,3603,no_activity,mobile
sess_00001963,,2026-02-01 15:50:00,168,no_activity,desktop
sess_00001964,cust_002521,2026-02-01 10:12:20,30,no_activity,desktop
sess_00001965,,2026-02-01 09:53:15,112,timeout,mobile
sess_00001966,,2026-02-01 18:42:15,510,no_activity,desktop
sess_00001967,,2026-02-01 17:31:13,65,no_activity,desktop
sess_00001968,,2026-02-01 16:53:51,478,no_activity,desktop
sess_00001969,cust_001233,2026-02-01 14:00:20,260,no_activity,desktop
sess_00001970,cust_002147,2026-02-01 23:11:29,141,no_activity,desktop
sess_00001971,,2026-02-01 11:08:33,138,no_activity,mobile
sess_00001972,,2026-02-01 16:39:18,203,no_activity,desktop
sess_00001973,cust_001859,2026-02-01 16:56:15,699,timeout,desktop
sess_00001974,cust_002020,2026-02-01 02:17:37,29,no_activity,mobile
sess_00001975,cust_000214,2026-02-01 14:50:21,3235,no_activity,mobile
sess_00001976,cust_002310,2026-02-01 14:04:14,1215,no_activity,desktop
sess_00001977,,2026-02-01 09:08:04,27,no_activity,desktop
sess_00001978,cust_000124,2026-02-01 16:58:47,13,no_activity,mobile
sess_00001979,,2026-02-01 03:50:19,25,no_activity,tablet
sess_00001980,,2026-02-01 14:49:16,14,no_activity,mobile
sess_00001981,,2026-02-01 21:40:16,2563,no_activity,mobile
sess_00001982,,2026-02-01 16:22:12,241,no_activity,mobile
sess_00001983,cust_002971,2026-02-01 20:40:52,83,no_activity,mobile
sess_00001984,,2026-02-01 20:54:14,339,no_activity,mobile
sess_00001985,cust_000923,2026-02-01 21:10:24,145,no_activity,mobile
sess_00001986,,2026-02-01 08:46:36,2197,timeout,desktop
sess_00001987,cust_002163,2026-02-01 20:28:15,840,no_activity,tablet
sess_00001988,,2026-02-01 08:29:07,447,no_activity,desktop
sess_00001989,,2026-02-01 05:22:09,443,no_activity,mobile
sess_00001990,cust_001073,2026-02-01 20:56:41,194,no_activity,desktop
sess_00001991,cust_000667,2026-02-01 07:29:37,521,no_activity,desktop
sess_00001992,cust_001438,2026-02-01 21:05:07,15,no_activity,desktop
sess_00001993,cust_000641,2026-02-01 06:23:48,449,no_activity,desktop
sess_00001994,cust_000642,2026-02-01 09:01:41,174,timeout,desktop
sess_00001995,,2026-02-01 22:18:32,332,no_activity,desktop
sess_00001996,cust_002333,2026-02-02 15:57:47,6205,no_activity,desktop
sess_00001997,cust_000552,2026-02-02 12:19:17,279,no_activity,desktop
sess_00001998,,2026-02-02 14:41:21,187,no_activity,tablet
sess_00001999,cust_002279,2026-02-02 14:33:48,106,no_activity,desktop
sess_00002000,cust_000250,2026-02-02 15:33:01,116,no_activity,desktop
sess_00002001,cust_002976,2026-02-02 14:17:28,420,no_activity,desktop
sess_00002002,,2026-02-02 23:47:26,2406,no_activity,mobile
sess_00002003,,2026-02-02 17:28:25,543,logout,mobile
sess_00002004,,2026-02-02 15:21:56,26,no_activity,desktop
sess_00002005,,2026-02-02 19:13:01,423,no_activity,desktop
sess_00002006,,2026-02-02 17:26:10,26,no_activity,desktop
sess_00002007,,2026-02-02 15:14:08,12,no_activity,desktop
sess_00002008,cust_001436,2026-02-02 22:57:12,1440,timeout,desktop
sess_00002009,,2026-02-02 10:06:21,235,no_activity,mobile
sess_00002010,cust_001785,2026-02-02 12:20:51,88,no_activity,mobile
sess_00002011,,2026-02-02 17:16:04,460,timeout,desktop
sess_00002012,cust_000592,2026-02-02 10:08:36,45,no_activity,desktop
sess_00002013,cust_002665,2026-02-02 18:57:42,8,no_activity,mobile
sess_00002014,,2026-02-02 15:34:38,1947,logout,desktop
sess_00002015,,2026-02-02 16:08:03,907,timeout,desktop
sess_00002016,cust_002251,2026-02-02 16:42:44,732,no_activity,desktop
sess_00002017,,2026-02-02 17:30:30,318,no_activity,mobile
sess_00002018,,2026-02-02 20:42:30,6,no_activity,mobile
sess_00002019,,2026-02-02 04:46:17,122,no_activity,tablet
sess_00002020,,2026-02-02 09:13:35,1426,no_activity,mobile
sess_00002021,,2026-02-02 07:03:36,110,no_activity,mobile
sess_00002022,,2026-02-02 18:40:12,200,timeout,mobile
sess_00002023,cust_002261,2026-02-02 11:05:04,572,no_activity,mobile
sess_00002024,cust_002917,2026-02-02 17:04:42,341,no_activity,desktop
sess_00002025,cust_000160,2026-02-02 07:33:33,71,no_activity,mobile
sess_00002026,,2026-02-02 15:22:17,25,no_activity,desktop
sess_00002027,,2026-02-02 14:55:01,1152,no_activity,mobile
sess_00002028,cust_000600,2026-02-02 18:39:11,426,timeout,desktop
sess_00002029,,2026-02-02 17:48:28,1598,no_activity,desktop
sess_00002030,,2026-02-02 14:21:11,338,no_activity,desktop
sess_00002031,,2026-02-02 11:43:34,195,no_activity,mobile
sess_00002032,cust_001258,2026-02-02 21:12:51,174,no_activity,desktop
sess_00002033,,2026-02-02 15:00:16,1,no_activity,tablet
sess_00002034,,2026-02-02 12:55:58,329,no_activity,mobile
sess_00002035,cust_002013,2026-02-02 09:24:31,841,no_activity,desktop
sess_00002036,cust_000154,2026-02-02 12:44:47,100,no_activity,desktop
sess_00002037,cust_000622,2026-02-02 11:08:08,201,no_activity,desktop
sess_00002038,cust_001214,2026-02-02 13:22:31,304,no_activity,mobile
sess_00002039,,2026-02-02 14:54:28,315,no_activity,desktop
sess_00002040,,2026-02-02 17:28:35,346,logout,tablet
sess_00002041,cust_001035,2026-02-02 22:31:31,360,logout,mobile
sess_00002042,cust_002474,2026-02-02 20:01:25,2467,no_activity,mobile
sess_00002043,,2026-02-02 21:05:22,757,timeout,mobile
sess_00002044,,2026-02-02 16:25:09,582,no_activity,mobile
sess_00002045,,2026-02-02 10:12:35,145,no_activity,mobile
sess_00002046,,2026-02-02 21:10:43,83,no_activity,desktop
sess_00002047,cust_000291,2026-02-02 18:02:12,590,timeout,desktop
sess_00002048,,2026-02-02 19:04:04,80,no_activity,desktop
sess_00002049,cust_000474,2026-02-02 09:15:29,574,logout,desktop
sess_00002050,cust_000014,2026-02-02 15:18:37,2784,no_activity,desktop
sess_00002051,,2026-02-02 07:03:22,155,no_activity,mobile
sess_00002052,cust_000826,2026-02-02 14:24:44,555,logout,desktop
sess_00002053,cust_002578,2026-02-02 10:14:13,26,no_activity,mobile
sess_00002054,cust_000781,2026-02-02 13:01:12,16,no_activity,mobile
sess_00002055,,2026-02-02 10:36:26,228,no_activity,desktop
sess_00002056,,2026-02-02 19:36:34,42,no_activity,mobile
sess_00002057,,2026-02-02 12:57:23,1,no_activity,desktop
sess_00002058,cust_001945,2026-02-02 22:22:21,939,no_activity,desktop
sess_00002059,cust_000409,2026-02-02 15:02:52,3144,no_activity,mobile
sess_00002060,cust_002763,2026-02-03 20:25:12,425,no_activity,mobile
sess_00002061,,2026-02-03 19:28:35,26,no_activity,desktop
sess_00002062,,2026-02-03 06:34:26,540,no_activity,desktop
sess_00002063,cust_001797,2026-02-03 20:19:51,20,no_activity,desktop
sess_00002064,,2026-02-03 16:46:23,202,no_activity,desktop
sess_00002065,cust_001537,2026-02-03 12:26:45,929,no_activity,desktop
sess_00002066,,2026-02-03 11:38:22,29,no_activity,desktop
sess_00002067,,2026-02-03 08:41:37,364,no_activity,desktop
sess_00002068,,2026-02-03 14:54:36,1230,no_activity,mobile
sess_00002069,,2026-02-03 12:34:33,916,no_activity,tablet
sess_00002070,,2026-02-03 13:09:07,877,no_activity,desktop
sess_00002071,cust_000381,2026-02-03 15:52:24,420,no_activity,desktop
sess_00002072,cust_000207,2026-02-03 19:08:42,296,no_activity,desktop
sess_00002073,,2026-02-03 10:37:53,1120,no_activity,desktop
sess_00002074,,2026-02-03 09:54:11,58,no_activity,desktop
sess_00002075,cust_002535,2026-02-03 22:01:27,355,no_activity,desktop
sess_00002076,cust_001791,2026-02-03 17:46:41,1365,no_activity,mobile
sess_00002077,cust_002840,2026-02-03 18:41:36,672,no_activity,mobile
sess_00002078,cust_002999,2026-02-03 13:21:43,385,no_activity,desktop
sess_00002079,,2026-02-03 14:11:07,1852,no_activity,mobile
sess_00002080,cust_001144,2026-02-03 19:35:36,15,no_activity,mobile
sess_00002081,cust_000571,2026-02-03 04:45:21,217,no_activity,desktop
sess_00002082,cust_001542,2026-02-03 19:27:08,568,timeout,mobile
sess_00002083,,2026-02-03 16:55:54,144,no_activity,mobile
sess_00002084,,2026-02-03 07:09:33,163,no_activity,mobile
sess_00002085,cust_001020,2026-02-03 19:01:39,194,no_activity,desktop
sess_00002086,,2026-02-03 09:37:13,72,no_activity,mobile
sess_00002087,,2026-02-03 20:59:28,872,no_activity,mobile
sess_00002088,cust_000545,2026-02-03 13:22:01,861,no_activity,mobile
sess_00002089,,2026-02-03 18:28:52,733,no_activity,desktop
sess_00002090,,2026-02-03 20:35:14,1024,no_activity,desktop
sess_00002091,cust_002461,2026-02-03 23:04:32,1433,no_activity,mobile
sess_00002092,,2026-02-03 07:55:54,846,timeout,mobile
sess_00002093,,2026-02-03 07:56:56,221,no_activity,desktop
sess_00002094,cust_000737,2026-02-03 13:09:07,396,no_activity,desktop
sess_00002095,,2026-02-03 19:27:34,844,no_activity,mobile
sess_00002096,cust_002985,2026-02-03 16:35:26,554,no_activity,desktop
sess_00002097,,2026-02-03 23:06:34,2124,no_activity,mobile
sess_00002098,,2026-02-03 09:56:54,986,no_activity,desktop
sess_00002099,,2026-02-03 18:08:43,102,no_activity,desktop
sess_00002100,,2026-02-03 12:52:10,241,timeout,mobile
sess_00002101,,2026-02-03 18:45:34,217,timeout,desktop
sess_00002102,,2026-02-03 02:01:57,297,no_activity,desktop
sess_00002103,cust_001112,2026-02-03 21:06:57,1151,no_activity,mobile
sess_00002104,,2026-02-03 09:06:26,300,no_activity,mobile
sess_00002105,cust_002373,2026-02-03 23:53:55,211,no_activity,desktop
sess_00002106,,2026-02-03 09:50:29,165,no_activity,mobile
sess_00002107,,2026-02-03 11:56:56,89,no_activity,desktop
sess_00002108,,2026-02-03 20:07:50,747,no_activity,mobile
sess_00002109,,2026-02-03 11:34:36,1719,no_activity,desktop
sess_00002110,,2026-02-03 13:14:44,99,timeout,mobile
sess_00002111,,2026-02-03 15:55:13,7,no_activity,mobile
sess_00002112,,2026-02-04 12:02:00,1226,no_activity,desktop
sess_00002113,cust_001071,2026-02-04 09:26:36,90,no_activity,desktop
sess_00002114,cust_001784,2026-02-04 17:37:37,1508,no_activity,desktop
sess_00002115,,2026-02-04 07:07:41,4,no_activity,desktop
sess_00002116,cust_001731,2026-02-04 17:52:34,895,no_activity,mobile
sess_00002117,cust_001277,2026-02-04 16:30:17,1869,timeout,desktop
sess_00002118,,2026-02-04 08:36:46,186,no_activity,mobile
sess_00002119,cust_000789,2026-02-04 17:52:05,99,no_activity,desktop
sess_00002120,,2026-02-04 08:21:54,22,no_activity,mobile
sess_00002121,cust_000388,2026-02-04 15:48:13,27,no_activity,mobile
sess_00002122,,2026-02-04 15:44:24,859,no_activity,desktop
sess_00002123,,2026-02-04 08:03:59,324,no_activity,desktop
sess_00002124,,2026-02-04 13:18:47,72,timeout,desktop
sess_00002125,,2026-02-04 11:06:46,405,no_activity,mobile
sess_00002126,,2026-02-04 19:57:34,1527,no_activity,mobile
sess_00002127,,2026-02-04 09:17:33,845,no_activity,mobile
sess_00002128,cust_002262,2026-02-04 12:06:48,220,no_activity,desktop
sess_00002129,cust_002421,2026-02-04 22:35:34,16,no_activity,desktop
sess_00002130,,2026-02-04 18:49:22,2241,no_activity,mobile
sess_00002131,,2026-02-04 09:41:51,429,no_activity,desktop
sess_00002132,cust_000769,2026-02-04 19:04:12,24,no_activity,desktop
sess_00002133,cust_002898,2026-02-04 17:09:06,359,no_activity,mobile
sess_00002134,,2026-02-04 21:29:40,714,no_activity,desktop
sess_00002135,,2026-02-04 16:34:49,281,no_activity,desktop
sess_00002136,cust_000124,2026-02-04 10:14:25,2098,timeout,tablet
sess_00002137,,2026-02-04 11:17:31,22,no_activity,mobile
sess_00002138,,2026-02-04 13:42:52,9,no_activity,desktop
sess_00002139,cust_002082,2026-02-04 16:44:39,1388,timeout,desktop
sess_00002140,,2026-02-04 19:09:58,916,timeout,desktop
sess_00002141,cust_002868,2026-02-04 16:53:11,15,no_activity,desktop
sess_00002142,,2026-02-04 17:03:20,131,no_activity,mobile
sess_00002143,,2026-02-04 10:42:27,13,no_activity,desktop
sess_00002144,cust_002906,2026-02-04 19:36:36,662,no_activity,tablet
sess_00002145,,2026-02-04 19:33:51,11,no_activity,mobile
sess_00002146,cust_000576,2026-02-04 06:45:55,1516,timeout,mobile
sess_00002147,cust_001061,2026-02-04 13:08:01,1274,no_activity,desktop
sess_00002148,cust_002285,2026-02-04 15:26:09,1261,timeout,desktop
sess_00002149,cust_001228,2026-02-04 21:52:49,282,timeout,desktop
sess_00002150,cust_001702,2026-02-04 14:47:16,1440,no_activity,mobile
sess_00002151,,2026-02-04 09:00:17,119,no_activity,mobile
sess_00002152,cust_000568,2026-02-04 20:43:30,125,no_activity,desktop
sess_00002153,cust_000235,2026-02-04 14:05:17,13,no_activity,mobile
sess_00002154,cust_000195,2026-02-04 15:52:46,545,no_activity,desktop
sess_00002155,cust_001979,2026-02-04 20:16:35,1288,no_activity,mobile
sess_00002156,,2026-02-04 16:13:11,230,no_activity,desktop
sess_00002157,,2026-02-04 09:33:04,326,logout,desktop
sess_00002158,,2026-02-04 19:34:07,506,no_activity,mobile
sess_00002159,cust_001122,2026-02-04 20:13:24,452,no_activity,mobile
sess_00002160,,2026-02-04 17:26:31,425,no_activity,mobile
sess_00002161,,2026-02-04 17:06:55,126,no_activity,desktop
sess_00002162,cust_001009,2026-02-04 11:20:42,915,no_activity,desktop
sess_00002163,cust_001830,2026-02-04 17:56:48,17,no_activity,desktop
sess_00002164,cust_001280,2026-02-04 13:43:56,1619,no_activity,tablet
sess_00002165,cust_002209,2026-02-04 15:32:20,346,no_activity,desktop
sess_00002166,,2026-02-04 06:42:16,894,no_activity,desktop
sess_00002167,,2026-02-04 21:52:19,172,no_activity,desktop
sess_00002168,,2026-02-04 09:11:34,826,no_activity,desktop
sess_00002169,cust_002994,2026-02-04 08:40:41,150,no_activity,mobile
sess_00002170,cust_002660,2026-02-04 17:07:34,1851,timeout,desktop
sess_00002171,,2026-02-04 12:49:41,22,no_activity,mobile
sess_00002172,,2026-02-04 03:59:26,10,no_activity,desktop
sess_00002173,,2026-02-04 21:35:46,256,no_activity,mobile
sess_00002174,,2026-02-04 03:39:33,11,no_activity,desktop
sess_00002175,cust_002798,2026-02-04 09:03:06,270,no_activity,desktop
sess_00002176,cust_000035,2026-02-04 12:47:00,221,no_activity,mobile
sess_00002177,cust_002773,2026-02-04 14:49:23,87,no_activity,desktop
sess_00002178,cust_001220,2026-02-04 18:30:06,264,no_activity,desktop
sess_00002179,cust_000022,2026-02-04 17:25:46,631,timeout,mobile
sess_00002180,cust_001580,2026-02-04 08:33:46,72,timeout,mobile
sess_00002181,cust_000219,2026-02-04 19:23:12,275,no_activity,mobile
sess_00002182,cust_001860,2026-02-04 10:30:24,656,no_activity,desktop
sess_00002183,cust_001174,2026-02-04 07:40:50,1968,no_activity,mobile
sess_00002184,cust_001864,2026-02-04 11:33:11,746,timeout,desktop
sess_00002185,,2026-02-04 14:49:36,411,no_activity,mobile
sess_00002186,cust_000831,2026-02-04 07:37:12,21,no_activity,mobile
sess_00002187,,2026-02-04 23:51:54,1176,timeout,mobile
sess_00002188,cust_002442,2026-02-04 23:59:13,490,logout,mobile
sess_00002189,,2026-02-04 18:23:29,5,no_activity,mobile
sess_00002190,,2026-02-04 08:46:32,251,no_activity,desktop
sess_00002191,,2026-02-04 18:15:32,13,no_activity,desktop
sess_00002192,,2026-02-04 18:38:18,484,no_activity,desktop
sess_00002193,cust_001047,2026-02-04 18:04:33,30,no_activity,mobile
sess_00002194,,2026-02-04 17:37:05,22,no_activity,desktop
sess_00002195,,2026-02-04 10:09:09,3036,no_activity,desktop
sess_00002196,,2026-02-04 18:53:04,267,timeout,desktop
sess_00002197,cust_001818,2026-02-04 20:34:46,300,no_activity,mobile
sess_00002198,cust_002231,2026-02-04 23:01:15,370,no_activity,desktop
sess_00002199,,2026-02-05 21:43:20,285,no_activity,desktop
sess_00002200,,2026-02-05 12:55:02,304,no_activity,desktop
sess_00002201,,2026-02-05 20:11:56,72,no_activity,mobile
sess_00002202,cust_002971,2026-02-05 10:02:19,353,no_activity,desktop
sess_00002203,,2026-02-05 19:01:34,5,no_activity,tablet
sess_00002204,,2026-02-05 18:17:45,140,no_activity,desktop
sess_00002205,cust_001538,2026-02-05 09:10:29,709,no_activity,desktop
sess_00002206,,2026-02-05 16:30:53,309,no_activity,mobile
sess_00002207,,2026-02-05 16:20:07,1344,no_activity,desktop
sess_00002208,cust_000422,2026-02-05 06:51:43,320,no_activity,desktop
sess_00002209,cust_002593,2026-02-05 20:21:15,655,no_activity,mobile
sess_00002210,,2026-02-05 14:17:17,258,timeout,mobile
sess_00002211,,2026-02-05 16:37:44,546,timeout,tablet
sess_00002212,,2026-02-05 16:12:30,805,no_activity,mobile
sess_00002213,cust_001415,2026-02-05 12:26:42,326,timeout,desktop
sess_00002214,,2026-02-05 21:25:22,12,no_activity,desktop
sess_00002215,,2026-02-05 12:23:35,28,no_activity,desktop
sess_00002216,,2026-02-05 21:43:48,13,no_activity,desktop
sess_00002217,cust_000165,2026-02-05 19:48:30,1660,no_activity,desktop
sess_00002218,,2026-02-05 11:46:54,1045,no_activity,mobile
sess_00002219,,2026-02-05 19:27:37,76,no_activity,mobile
sess_00002220,,2026-02-05 13:53:56,4,no_activity,desktop
sess_00002221,cust_001106,2026-02-05 01:42:48,148,no_activity,mobile
sess_00002222,cust_000241,2026-02-05 09:20:12,538,no_activity,mobile
sess_00002223,,2026-02-05 02:42:46,168,no_activity,mobile
sess_00002224,,2026-02-05 13:33:37,2,no_activity,mobile
sess_00002225,cust_002720,2026-02-05 16:49:16,5,no_activity,desktop
sess_00002226,cust_000068,2026-02-05 19:41:12,173,timeout,desktop
sess_00002227,,2026-02-05 16:15:08,16,no_activity,mobile
sess_00002228,cust_002479,2026-02-05 03:16:52,180,no_activity,mobile
sess_00002229,cust_002623,2026-02-05 14:07:53,24,no_activity,mobile
sess_00002230,cust_000812,2026-02-05 03:46:53,322,no_activity,desktop
sess_00002231,cust_000286,2026-02-05 17:46:15,1066,no_activity,mobile
sess_00002232,cust_001970,2026-02-05 14:43:02,803,no_activity,mobile
sess_00002233,,2026-02-05 12:26:01,164,no_activity,mobile
sess_00002234,,2026-02-05 20:18:55,2751,no_activity,desktop
sess_00002235,,2026-02-05 20:15:00,554,no_activity,desktop
sess_00002236,,2026-02-05 19:11:59,29,no_activity,desktop
sess_00002237,,2026-02-05 20:08:40,541,no_activity,desktop
sess_00002238,cust_002284,2026-02-05 09:15:38,744,no_activity,mobile
sess_00002239,,2026-02-05 12:24:17,893,no_activity,desktop
sess_00002240,,2026-02-05 20:09:50,117,no_activity,mobile
sess_00002241,,2026-02-05 10:05:49,4442,timeout,desktop
sess_00002242,,2026-02-05 20:39:21,47,no_activity,mobile
sess_00002243,cust_001464,2026-02-05 20:31:41,310,timeout,desktop
sess_00002244,cust_002613,2026-02-05 10:32:27,23,no_activity,mobile
sess_00002245,cust_000059,2026-02-05 11:33:30,260,logout,desktop
sess_00002246,cust_001581,2026-02-05 16:31:24,232,no_activity,desktop
sess_00002247,cust_000600,2026-02-05 18:35:35,19,no_activity,mobile
sess_00002248,cust_001218,2026-02-05 10:31:23,538,timeout,desktop
sess_00002249,cust_000828,2026-02-05 10:33:35,457,no_activity,mobile
sess_00002250,,2026-02-05 14:32:59,439,timeout,desktop
sess_00002251,,2026-02-05 18:56:32,732,no_activity,desktop
sess_00002252,,2026-02-05 07:48:03,10,no_activity,desktop
sess_00002253,,2026-02-05 21:56:54,5339,no_activity,desktop
sess_00002254,,2026-02-05 15:30:52,28,no_activity,mobile
sess_00002255,,2026-02-05 14:00:15,1680,no_activity,desktop
sess_00002256,,2026-02-05 11:50:14,292,no_activity,desktop
sess_00002257,,2026-02-05 15:02:57,131,no_activity,tablet
sess_00002258,cust_000499,2026-02-05 19:09:17,350,no_activity,desktop
sess_00002259,cust_001966,2026-02-05 14:28:08,1116,no_activity,desktop
sess_00002260,cust_001140,2026-02-05 11:44:35,243,no_activity,desktop
sess_00002261,,2026-02-05 13:20:14,305,logout,mobile
sess_00002262,cust_002605,2026-02-05 13:44:31,492,no_activity,desktop
sess_00002263,cust_000594,2026-02-05 20:03:01,124,no_activity,mobile
sess_00002264,,2026-02-05 09:22:43,252,no_activity,desktop
sess_00002265,,2026-02-05 18:34:59,94,no_activity,desktop
sess_00002266,cust_002935,2026-02-05 21:21:16,3,no_activity,desktop
sess_00002267,,2026-02-05 09:26:03,530,no_activity,desktop
sess_00002268,cust_002119,2026-02-05 17:47:49,2379,no_activity,mobile
sess_00002269,,2026-02-05 10:57:42,383,no_activity,mobile
sess_00002270,cust_002416,2026-02-05 17:35:25,702,no_activity,mobile
sess_00002271,,2026-02-06 20:49:33,388,no_activity,desktop
sess_00002272,,2026-02-06 13:59:27,372,no_activity,desktop
sess_00002273,cust_000269,2026-02-06 13:49:28,157,no_activity,desktop
sess_00002274,cust_002755,2026-02-06 17:39:14,49,no_activity,desktop
sess_00002275,,2026-02-06 21:45:01,690,timeout,desktop
sess_00002276,cust_000694,2026-02-06 18:17:05,560,no_activity,desktop
sess_00002277,,2026-02-06 12:09:21,61,no_activity,desktop
sess_00002278,cust_002755,2026-02-06 10:13:34,304,timeout,mobile
sess_00002279,cust_001243,2026-02-06 18:08:02,147,no_activity,mobile
sess_00002280,cust_002119,2026-02-06 16:50:42,915,no_activity,desktop
sess_00002281,,2026-02-06 19:56:08,314,no_activity,desktop
sess_00002282,,2026-02-06 19:25:18,13,no_activity,desktop
sess_00002283,cust_001883,2026-02-06 20:41:02,1017,no_activity,tablet
sess_00002284,,2026-02-06 13:45:49,23,no_activity,tablet
sess_00002285,,2026-02-06 08:03:02,30,no_activity,desktop
sess_00002286,,2026-02-06 18:54:07,1535,no_activity,desktop
sess_00002287,cust_002490,2026-02-06 18:41:57,227,no_activity,mobile
sess_00002288,,2026-02-06 16:31:07,431,no_activity,tablet
sess_00002289,,2026-02-06 17:05:23,301,no_activity,desktop
sess_00002290,,2026-02-06 17:41:01,198,no_activity,mobile
sess_00002291,,2026-02-06 09:22:14,1777,no_activity,mobile
sess_00002292,,2026-02-06 15:51:04,1781,no_activity,mobile
sess_00002293,cust_000482,2026-02-06 10:45:26,715,no_activity,desktop
sess_00002294,,2026-02-06 09:59:31,240,no_activity,mobile
sess_00002295,,2026-02-06 18:13:57,1066,no_activity,desktop
sess_00002296,cust_001945,2026-02-06 17:01:15,7,no_activity,mobile
sess_00002297,cust_000025,2026-02-06 08:04:32,335,no_activity,mobile
sess_00002298,cust_000051,2026-02-06 18:44:48,209,no_activity,desktop
sess_00002299,cust_001697,2026-02-06 18:25:01,10,no_activity,desktop
sess_00002300,cust_001217,2026-02-06 23:17:02,410,no_activity,desktop
sess_00002301,,2026-02-06 07:48:33,943,no_activity,mobile
sess_00002302,,2026-02-06 12:09:25,136,no_activity,mobile
sess_00002303,cust_000884,2026-02-06 14:39:38,79,timeout,desktop
sess_00002304,cust_001758,2026-02-06 11:38:40,701,no_activity,desktop
sess_00002305,cust_000599,2026-02-06 08:42:27,347,logout,mobile
sess_00002306,cust_002470,2026-02-06 07:11:03,4,no_activity,mobile
sess_00002307,,2026-02-06 16:07:43,309,logout,desktop
sess_00002308,,2026-02-06 16:29:39,445,no_activity,desktop
sess_00002309,cust_000959,2026-02-06 12:00:40,509,no_activity,desktop
sess_00002310,cust_002585,2026-02-06 09:49:48,28,no_activity,mobile
sess_00002311,,2026-02-06 09:23:13,222,no_activity,desktop
sess_00002312,,2026-02-06 08:40:20,3,no_activity,mobile
sess_00002313,,2026-02-06 16:34:28,14,no_activity,desktop
sess_00002314,,2026-02-06 18:50:28,371,timeout,mobile
sess_00002315,cust_002059,2026-02-06 14:12:54,21,no_activity,desktop
sess_00002316,cust_000533,2026-02-06 14:00:58,23,no_activity,mobile
sess_00002317,,2026-02-06 13:36:34,280,logout,mobile
sess_00002318,cust_000010,2026-02-06 10:29:54,866,no_activity,desktop
sess_00002319,,2026-02-06 07:46:56,294,no_activity,desktop
sess_00002320,,2026-02-06 12:34:13,73,no_activity,desktop
sess_00002321,,2026-02-06 09:21:25,30,no_activity,desktop
sess_00002322,,2026-02-06 18:33:19,327,no_activity,desktop
sess_00002323,,2026-02-06 12:43:36,45,no_activity,mobile
sess_00002324,,2026-02-06 17:23:09,2037,no_activity,desktop
sess_00002325,cust_000991,2026-02-06 11:45:11,1472,no_activity,mobile
sess_00002326,cust_002930,2026-02-06 19:46:51,426,no_activity,desktop
sess_00002327,,2026-02-06 19:19:56,399,no_activity,desktop
sess_00002328,,2026-02-06 12:04:10,604,no_activity,mobile
sess_00002329,cust_001564,2026-02-06 20:46:57,404,no_activity,mobile
sess_00002330,,2026-02-06 12:06:43,23,no_activity,desktop
sess_00002331,,2026-02-06 05:12:11,1960,no_activity,desktop
sess_00002332,,2026-02-06 19:05:50,172,no_activity,desktop
sess_00002333,cust_002434,2026-02-06 12:20:32,26,no_activity,mobile
sess_00002334,cust_002720,2026-02-06 16:17:10,275,no_activity,desktop
sess_00002335,,2026-02-06 18:23:50,523,no_activity,desktop
sess_00002336,,2026-02-06 18:13:50,223,no_activity,desktop
sess_00002337,,2026-02-06 22:00:30,14,no_activity,mobile
sess_00002338,cust_001414,2026-02-06 19:32:38,375,timeout,mobile
sess_00002339,cust_002178,2026-02-06 09:58:30,332,timeout,desktop
sess_00002340,cust_000206,2026-02-06 15:34:37,227,no_activity,mobile
sess_00002341,,2026-02-06 07:10:21,1563,no_activity,desktop
sess_00002342,,2026-02-06 08:13:01,59,no_activity,desktop
sess_00002343,,2026-02-06 19:23:40,618,timeout,desktop
sess_00002344,,2026-02-06 11:50:53,311,no_activity,desktop
sess_00002345,,2026-02-06 05:57:46,402,no_activity,desktop
sess_00002346,,2026-02-06 04:45:56,786,no_activity,mobile
sess_00002347,cust_002804,2026-02-06 18:13:11,914,logout,desktop
sess_00002348,,2026-02-06 05:38:51,16,no_activity,desktop
sess_00002349,,2026-02-06 13:20:01,154,no_activity,desktop
sess_00002350,,2026-02-06 09:52:53,107,no_activity,desktop
sess_00002351,cust_000071,2026-02-06 11:34:41,123,timeout,mobile
sess_00002352,cust_001470,2026-02-06 16:31:01,1153,no_activity,desktop
sess_00002353,,2026-02-06 12:20:08,758,timeout,tablet
sess_00002354,,2026-02-07 18:10:46,1282,no_activity,desktop
sess_00002355,,2026-02-07 16:28:50,14,no_activity,mobile
sess_00002356,,2026-02-07 17:17:22,20,no_activity,desktop
sess_00002357,,2026-02-07 14:15:16,18,no_activity,mobile
sess_00002358,,2026-02-07 14:14:07,548,no_activity,mobile
sess_00002359,,2026-02-07 19:06:43,278,no_activity,desktop
sess_00002360,,2026-02-07 06:42:20,903,no_activity,mobile
sess_00002361,,2026-02-07 07:10:22,28,no_activity,desktop
sess_00002362,cust_001316,2026-02-07 16:42:45,4130,no_activity,desktop
sess_00002363,,2026-02-07 19:32:18,209,no_activity,desktop
sess_00002364,cust_000637,2026-02-07 19:59:20,151,logout,desktop
sess_00002365,,2026-02-07 15:11:00,267,timeout,mobile
sess_00002366,,2026-02-07 13:11:38,1721,no_activity,desktop
sess_00002367,cust_001987,2026-02-07 14:30:01,287,no_activity,mobile
sess_00002368,,2026-02-07 09:54:07,2316,no_activity,mobile
sess_00002369,,2026-02-07 18:19:07,682,no_activity,desktop
sess_00002370,,2026-02-07 11:55:31,1725,no_activity,desktop
sess_00002371,,2026-02-07 12:27:25,28,no_activity,mobile
sess_00002372,cust_002511,2026-02-07 20:28:55,1,no_activity,mobile
sess_00002373,,2026-02-07 15:51:00,3,no_activity,desktop
sess_00002374,cust_000472,2026-02-07 05:12:07,324,timeout,tablet
sess_00002375,,2026-02-07 13:23:39,182,no_activity,desktop
sess_00002376,,2026-02-07 21:28:27,199,timeout,mobile
sess_00002377,,2026-02-07 19:39:15,537,no_activity,mobile
sess_00002378,cust_000787,2026-02-07 08:19:08,657,no_activity,tablet
sess_00002379,,2026-02-07 18:47:13,213,no_activity,desktop
sess_00002380,cust_002346,2026-02-07 20:16:48,19,no_activity,desktop
sess_00002381,cust_000105,2026-02-07 14:12:00,89,no_activity,desktop
sess_00002382,cust_002332,2026-02-07 12:41:17,565,no_activity,desktop
sess_00002383,,2026-02-07 12:02:58,600,no_activity,desktop
sess_00002384,cust_000975,2026-02-07 07:53:43,136,no_activity,desktop
sess_00002385,cust_002751,2026-02-07 13:34:08,5387,no_activity,desktop
sess_00002386,cust_001452,2026-02-07 13:37:48,191,timeout,desktop
sess_00002387,,2026-02-07 14:23:04,844,no_activity,desktop
sess_00002388,,2026-02-07 16:37:04,440,no_activity,mobile
sess_00002389,,2026-02-07 07:58:36,337,no_activity,desktop
sess_00002390,,2026-02-07 19:29:41,80,no_activity,tablet
sess_00002391,,2026-02-07 15:52:25,51,no_activity,desktop
sess_00002392,,2026-02-07 18:19:06,275,no_activity,mobile
sess_00002393,,2026-02-07 14:57:21,1554,no_activity,desktop
sess_00002394,cust_001126,2026-02-07 20:50:07,70,no_activity,desktop
sess_00002395,,2026-02-07 21:20:10,95,no_activity,mobile
sess_00002396,cust_002969,2026-02-07 21:05:12,9,no_activity,desktop
sess_00002397,cust_000729,2026-02-07 14:03:46,339,timeout,mobile
sess_00002398,cust_000918,2026-02-07 10:52:11,240,no_activity,desktop
sess_00002399,cust_000895,2026-02-07 05:41:59,12,no_activity,mobile
sess_00002400,cust_001775,2026-02-07 16:52:58,588,no_activity,desktop
sess_00002401,,2026-02-07 15:49:09,696,no_activity,desktop
sess_00002402,cust_001194,2026-02-07 08:21:32,111,no_activity,mobile
sess_00002403,,2026-02-07 05:28:54,28,no_activity,desktop
sess_00002404,,2026-02-07 15:19:14,1171,timeout,mobile
sess_00002405,cust_002083,2026-02-07 09:30:46,684,no_activity,desktop
sess_00002406,,2026-02-07 19:24:35,523,no_activity,mobile
sess_00002407,cust_002507,2026-02-07 17:52:52,551,no_activity,desktop
sess_00002408,cust_000435,2026-02-07 17:14:39,332,no_activity,mobile
sess_00002409,,2026-02-07 14:19:01,1785,no_activity,desktop
sess_00002410,,2026-02-07 11:03:23,24,no_activity,mobile
sess_00002411,cust_000213,2026-02-07 08:31:58,294,no_activity,mobile
sess_00002412,,2026-02-07 13:07:37,1428,timeout,desktop
sess_00002413,,2026-02-07 13:53:03,776,logout,mobile
sess_00002414,,2026-02-08 16:19:17,273,no_activity,desktop
sess_00002415,cust_000728,2026-02-08 13:54:22,750,no_activity,desktop
sess_00002416,cust_001910,2026-02-08 13:28:15,291,timeout,mobile
sess_00002417,cust_002208,2026-02-08 23:58:11,5,no_activity,tablet
sess_00002418,cust_001335,2026-02-08 15:33:23,13,no_activity,tablet
sess_00002419,cust_002674,2026-02-08 15:21:26,2682,no_activity,tablet
sess_00002420,cust_002525,2026-02-08 14:53:47,232,no_activity,desktop
sess_00002421,cust_001431,2026-02-08 20:40:30,1,no_activity,desktop
sess_00002422,cust_002076,2026-02-08 10:11:30,993,logout,desktop
sess_00002423,cust_001277,2026-02-08 07:16:00,404,no_activity,desktop
sess_00002424,cust_002905,2026-02-08 19:04:49,1680,no_activity,desktop
sess_00002425,,2026-02-08 05:26:06,21,no_activity,mobile
sess_00002426,cust_002211,2026-02-08 13:39:22,725,no_activity,desktop
sess_00002427,,2026-02-08 19:12:14,293,timeout,mobile
sess_00002428,,2026-02-08 16:15:51,283,no_activity,desktop
sess_00002429,cust_000418,2026-02-08 22:33:54,11,no_activity,desktop
sess_00002430,cust_002647,2026-02-08 16:48:44,22,no_activity,desktop
sess_00002431,cust_000562,2026-02-08 18:54:40,6,no_activity,desktop
sess_00002432,,2026-02-08 15:25:23,492,no_activity,desktop
sess_00002433,cust_002523,2026-02-08 13:27:35,247,timeout,mobile
sess_00002434,,2026-02-08 04:47:55,20,no_activity,desktop
sess_00002435,,2026-02-08 05:55:08,39,no_activity,mobile
sess_00002436,,2026-02-08 17:50:24,87,no_activity,desktop
sess_00002437,,2026-02-08 08:33:21,279,no_activity,desktop
sess_00002438,,2026-02-08 20:41:02,429,no_activity,mobile
sess_00002439,cust_002303,2026-02-08 10:35:41,488,no_activity,desktop
sess_00002440,,2026-02-08 20:30:36,189,no_activity,desktop
sess_00002441,cust_000806,2026-02-08 14:01:56,893,no_activity,desktop
sess_00002442,,2026-02-08 17:38:40,54,no_activity,mobile
sess_00002443,cust_000754,2026-02-08 18:58:04,4767,no_activity,mobile
sess_00002444,,2026-02-08 17:36:03,636,no_activity,desktop
sess_00002445,,2026-02-08 14:11:20,896,no_activity,mobile
sess_00002446,,2026-02-08 14:42:15,1329,no_activity,desktop
sess_00002447,cust_001058,2026-02-08 10:40:55,972,no_activity,mobile
sess_00002448,cust_000514,2026-02-08 16:09:20,298,no_activity,desktop
sess_00002449,,2026-02-08 03:39:28,318,no_activity,mobile
sess_00002450,cust_000886,2026-02-08 17:39:21,59,no_activity,desktop
sess_00002451,cust_001928,2026-02-08 21:07:57,447,timeout,desktop
sess_00002452,cust_002446,2026-02-08 14:11:25,1199,no_activity,desktop
sess_00002453,cust_001604,2026-02-08 16:06:12,156,no_activity,desktop
sess_00002454,cust_000610,2026-02-08 19:24:13,265,no_activity,desktop
sess_00002455,cust_002597,2026-02-08 09:20:30,147,no_activity,desktop
sess_00002456,cust_002501,2026-02-08 12:14:38,270,no_activity,mobile
sess_00002457,,2026-02-08 18:39:51,333,no_activity,desktop
sess_00002458,,2026-02-08 18:13:21,392,no_activity,desktop
sess_00002459,cust_002282,2026-02-08 12:07:15,823,no_activity,desktop
sess_00002460,cust_000911,2026-02-08 10:03:08,1,no_activity,mobile
sess_00002461,cust_000265,2026-02-08 15:20:39,558,no_activity,desktop
sess_00002462,,2026-02-08 16:31:16,1,no_activity,desktop
sess_00002463,,2026-02-08 22:15:28,547,no_activity,desktop
sess_00002464,,2026-02-08 06:26:44,163,no_activity,desktop
sess_00002465,cust_001992,2026-02-08 12:11:28,181,no_activity,desktop
sess_00002466,cust_002277,2026-02-08 22:38:56,579,no_activity,tablet
sess_00002467,cust_000404,2026-02-08 11:52:08,207,timeout,desktop
sess_00002468,,2026-02-08 06:13:42,813,no_activity,mobile
sess_00002469,cust_000223,2026-02-08 14:36:08,135,no_activity,desktop
sess_00002470,,2026-02-08 12:51:47,2122,timeout,mobile
sess_00002471,,2026-02-08 04:31:32,207,logout,desktop
sess_00002472,,2026-02-08 17:14:39,120,no_activity,mobile
sess_00002473,,2026-02-08 16:21:51,905,no_activity,mobile
sess_00002474,,2026-02-08 08:52:16,425,timeout,mobile
sess_00002475,cust_002808,2026-02-08 16:14:15,17,no_activity,tablet
sess_00002476,,2026-02-09 22:36:08,159,no_activity,mobile
sess_00002477,cust_001630,2026-02-09 14:51:07,9,no_activity,desktop
sess_00002478,,2026-02-09 20:58:21,949,no_activity,mobile
sess_00002479,cust_000453,2026-02-09 13:53:02,1612,no_activity,desktop
sess_00002480,,2026-02-09 15:27:39,8,no_activity,desktop
sess_00002481,,2026-02-09 07:19:41,765,no_activity,desktop
sess_00002482,cust_000075,2026-02-09 11:33:20,2414,logout,mobile
sess_00002483,,2026-02-09 12:31:47,217,no_activity,desktop
sess_00002484,,2026-02-09 07:14:53,238,no_activity,mobile
sess_00002485,,2026-02-09 14:09:49,12,no_activity,mobile
sess_00002486,cust_002434,2026-02-09 10:57:45,257,timeout,mobile
sess_00002487,,2026-02-09 10:06:26,1679,timeout,mobile
sess_00002488,cust_002151,2026-02-09 21:00:34,174,no_activity,mobile
sess_00002489,,2026-02-09 06:56:44,12,no_activity,mobile
sess_00002490,,2026-02-09 02:45:17,1240,no_activity,desktop
sess_00002491,,2026-02-09 12:04:31,24,no_activity,mobile
sess_00002492,cust_001571,2026-02-09 18:10:36,5,no_activity,desktop
sess_00002493,cust_000128,2026-02-09 12:18:16,19,no_activity,desktop
sess_00002494,cust_000673,2026-02-09 19:39:00,463,no_activity,desktop
sess_00002495,,2026-02-09 17:14:50,273,no_activity,mobile
sess_00002496,,2026-02-09 06:27:36,767,timeout,mobile
sess_00002497,cust_000950,2026-02-09 11:26:54,293,no_activity,tablet
sess_00002498,cust_002197,2026-02-09 03:08:33,1147,logout,desktop
sess_00002499,cust_002532,2026-02-09 11:20:48,128,no_activity,mobile
sess_00002500,cust_000215,2026-02-09 09:34:01,383,no_activity,desktop
sess_00002501,,2026-02-09 00:21:27,384,logout,mobile
sess_00002502,cust_001650,2026-02-09 20:38:24,60,timeout,mobile
sess_00002503,,2026-02-09 19:33:38,727,no_activity,tablet
sess_00002504,,2026-02-09 16:53:18,307,timeout,mobile
sess_00002505,cust_000490,2026-02-09 11:49:43,574,no_activity,tablet
sess_00002506,cust_000963,2026-02-09 06:47:23,374,no_activity,desktop
sess_00002507,cust_002140,2026-02-09 15:34:17,499,no_activity,mobile
sess_00002508,,2026-02-09 19:45:04,2007,timeout,mobile
sess_00002509,cust_000729,2026-02-09 12:03:38,2340,no_activity,mobile
sess_00002510,cust_002553,2026-02-09 09:44:08,94,no_activity,tablet
sess_00002511,cust_000854,2026-02-09 17:33:49,1235,no_activity,desktop
sess_00002512,cust_001360,2026-02-09 09:39:41,103,no_activity,desktop
sess_00002513,,2026-02-09 17:09:28,389,no_activity,mobile
sess_00002514,cust_002642,2026-02-09 16:18:35,582,no_activity,mobile
sess_00002515,cust_000461,2026-02-09 18:39:09,24,no_activity,desktop
sess_00002516,,2026-02-09 19:31:16,30,no_activity,tablet
sess_00002517,,2026-02-09 13:18:40,383,no_activity,desktop
sess_00002518,,2026-02-09 18:23:55,1915,no_activity,desktop
sess_00002519,cust_001068,2026-02-09 07:57:03,17,no_activity,mobile
sess_00002520,cust_001434,2026-02-09 16:08:05,412,no_activity,desktop
sess_00002521,,2026-02-09 01:50:14,199,no_activity,desktop
sess_00002522,cust_002605,2026-02-09 13:00:49,1303,timeout,desktop
sess_00002523,cust_000583,2026-02-09 18:18:54,20,no_activity,mobile
sess_00002524,,2026-02-09 15:51:15,192,no_activity,mobile
sess_00002525,,2026-02-09 06:45:51,4,no_activity,desktop
sess_00002526,cust_002024,2026-02-09 10:51:00,163,no_activity,mobile
sess_00002527,cust_002887,2026-02-09 11:13:52,1084,timeout,desktop
sess_00002528,,2026-02-09 08:11:05,152,no_activity,desktop
sess_00002529,,2026-02-09 09:14:58,391,logout,desktop
sess_00002530,,2026-02-09 13:47:44,605,no_activity,mobile
sess_00002531,cust_000245,2026-02-09 16:05:00,61,no_activity,mobile
sess_00002532,,2026-02-09 15:04:26,807,timeout,mobile
sess_00002533,cust_002528,2026-02-09 12:42:04,548,timeout,desktop
sess_00002534,,2026-02-09 10:23:15,825,no_activity,desktop
sess_00002535,cust_002564,2026-02-09 22:45:46,834,no_activity,desktop
sess_00002536,,2026-02-09 17:50:37,102,no_activity,mobile
sess_00002537,,2026-02-09 09:33:58,136,no_activity,desktop
sess_00002538,cust_001828,2026-02-09 08:45:26,646,no_activity,desktop
sess_00002539,cust_002213,2026-02-09 22:50:10,540,no_activity,desktop
sess_00002540,,2026-02-09 14:12:09,550,no_activity,mobile
sess_00002541,cust_001648,2026-02-09 08:27:39,478,no_activity,desktop
sess_00002542,cust_000397,2026-02-10 08:11:17,141,no_activity,mobile
sess_00002543,cust_000091,2026-02-10 13:42:43,315,no_activity,desktop
sess_00002544,,2026-02-10 19:17:52,72,timeout,mobile
sess_00002545,,2026-02-10 14:33:26,1195,no_activity,desktop
sess_00002546,cust_002067,2026-02-10 09:24:38,167,no_activity,desktop
sess_00002547,cust_001666,2026-02-10 21:41:41,70,no_activity,mobile
sess_00002548,,2026-02-10 18:58:39,203,no_activity,mobile
sess_00002549,,2026-02-10 14:18:40,21,no_activity,mobile
sess_00002550,,2026-02-10 15:16:56,5,no_activity,mobile
sess_00002551,cust_000106,2026-02-10 09:41:48,16,no_activity,desktop
sess_00002552,cust_000084,2026-02-10 08:12:13,16,no_activity,mobile
sess_00002553,,2026-02-10 16:11:50,4,no_activity,mobile
sess_00002554,,2026-02-10 19:32:48,9,no_activity,mobile
sess_00002555,,2026-02-10 14:50:21,91,no_activity,mobile
sess_00002556,,2026-02-10 14:01:20,555,no_activity,mobile
sess_00002557,,2026-02-10 10:20:01,64,no_activity,mobile
sess_00002558,,2026-02-10 10:29:29,122,no_activity,mobile
sess_00002559,,2026-02-10 21:20:58,876,no_activity,desktop
sess_00002560,cust_002996,2026-02-10 18:55:01,2688,timeout,desktop
sess_00002561,,2026-02-10 04:20:57,1429,no_activity,desktop
sess_00002562,,2026-02-10 18:24:16,2025,no_activity,desktop
sess_00002563,,2026-02-10 21:22:45,428,no_activity,tablet
sess_00002564,cust_001380,2026-02-10 19:55:59,1181,no_activity,desktop
sess_00002565,cust_001249,2026-02-10 11:05:53,433,no_activity,desktop
sess_00002566,,2026-02-10 16:35:10,12,no_activity,desktop
sess_00002567,,2026-02-10 17:05:40,4,no_activity,mobile
sess_00002568,cust_001300,2026-02-10 12:42:19,1348,no_activity,desktop
sess_00002569,cust_001358,2026-02-10 18:02:41,64,no_activity,desktop
sess_00002570,cust_002260,2026-02-10 15:50:09,246,no_activity,desktop
sess_00002571,cust_001518,2026-02-10 14:35:08,1044,no_activity,desktop
sess_00002572,cust_001236,2026-02-10 17:24:01,5,no_activity,mobile
sess_00002573,,2026-02-10 13:29:56,1090,no_activity,desktop
sess_00002574,cust_000952,2026-02-10 10:28:21,137,no_activity,desktop
sess_00002575,cust_001468,2026-02-10 17:12:54,74,no_activity,desktop
sess_00002576,,2026-02-10 09:38:52,854,timeout,desktop
sess_00002577,,2026-02-10 14:37:12,1504,no_activity,desktop
sess_00002578,cust_000096,2026-02-10 16:40:08,3611,no_activity,desktop
sess_00002579,,2026-02-10 22:54:33,112,logout,desktop
sess_00002580,cust_000895,2026-02-10 16:28:37,202,no_activity,mobile
sess_00002581,cust_002823,2026-02-10 11:26:44,903,no_activity,desktop
sess_00002582,,2026-02-10 19:25:48,376,no_activity,desktop
sess_00002583,cust_001968,2026-02-10 11:07:57,320,no_activity,desktop
sess_00002584,,2026-02-10 13:04:58,73,no_activity,desktop
sess_00002585,cust_002534,2026-02-10 14:53:55,352,no_activity,mobile
sess_00002586,cust_002991,2026-02-10 17:03:39,366,no_activity,desktop
sess_00002587,,2026-02-10 15:31:18,452,no_activity,desktop
sess_00002588,cust_001164,2026-02-10 08:41:27,18,no_activity,mobile
sess_00002589,cust_001930,2026-02-10 12:34:14,1959,no_activity,desktop
sess_00002590,,2026-02-10 20:28:40,86,no_activity,desktop
sess_00002591,cust_002720,2026-02-10 05:51:44,224,no_activity,desktop
sess_00002592,,2026-02-10 07:09:34,7,no_activity,mobile
sess_00002593,,2026-02-10 11:50:33,25,no_activity,desktop
sess_00002594,cust_002102,2026-02-10 22:55:45,142,no_activity,desktop
sess_00002595,,2026-02-10 19:36:40,73,no_activity,desktop
sess_00002596,,2026-02-10 15:32:08,666,logout,desktop
sess_00002597,,2026-02-11 19:09:09,7,no_activity,desktop
sess_00002598,cust_000258,2026-02-11 15:14:00,274,no_activity,mobile
sess_00002599,cust_002690,2026-02-11 18:26:29,20,no_activity,mobile
sess_00002600,,2026-02-11 21:06:34,699,logout,mobile
sess_00002601,,2026-02-11 07:27:15,1673,no_activity,mobile
sess_00002602,cust_002324,2026-02-11 15:49:20,2213,no_activity,mobile
sess_00002603,cust_000495,2026-02-11 17:58:18,569,no_activity,desktop
sess_00002604,,2026-02-11 11:08:50,609,no_activity,desktop
sess_00002605,,2026-02-11 08:22:35,409,no_activity,mobile
sess_00002606,,2026-02-11 03:05:00,118,timeout,desktop
sess_00002607,cust_000002,2026-02-11 17:54:06,472,no_activity,mobile
sess_00002608,,2026-02-11 16:27:43,22,no_activity,mobile
sess_00002609,,2026-02-11 07:34:59,391,no_activity,desktop
sess_00002610,cust_002415,2026-02-11 19:40:32,568,no_activity,desktop
sess_00002611,cust_002015,2026-02-11 19:13:39,1481,no_activity,mobile
sess_00002612,,2026-02-11 18:14:00,531,no_activity,mobile
sess_00002613,,2026-02-11 10:10:05,576,no_activity,desktop
sess_00002614,,2026-02-11 09:25:29,190,no_activity,desktop
sess_00002615,cust_001390,2026-02-11 08:31:52,131,no_activity,mobile
sess_00002616,,2026-02-11 10:04:59,3326,no_activity,mobile
sess_00002617,,2026-02-11 12:02:19,173,logout,mobile
sess_00002618,,2026-02-11 13:41:33,28,no_activity,desktop
sess_00002619,cust_000110,2026-02-11 07:34:47,520,no_activity,desktop
sess_00002620,cust_002911,2026-02-11 10:25:46,381,no_activity,tablet
sess_00002621,cust_001069,2026-02-11 11:15:21,787,no_activity,mobile
sess_00002622,cust_002240,2026-02-11 19:40:31,727,no_activity,mobile
sess_00002623,,2026-02-11 13:34:55,584,no_activity,desktop
sess_00002624,cust_002012,2026-02-11 19:27:53,1065,no_activity,tablet
sess_00002625,,2026-02-11 15:09:26,2345,no_activity,desktop
sess_00002626,,2026-02-11 15:01:21,11,no_activity,mobile
sess_00002627,,2026-02-11 20:48:39,21,no_activity,mobile
sess_00002628,,2026-02-11 07:54:06,360,no_activity,desktop
sess_00002629,cust_000622,2026-02-11 05:08:25,387,no_activity,desktop
sess_00002630,,2026-02-11 22:02:41,369,no_activity,mobile
sess_00002631,cust_001044,2026-02-11 21:34:47,853,no_activity,mobile
sess_00002632,cust_001211,2026-02-11 07:04:37,283,no_activity,mobile
sess_00002633,cust_002845,2026-02-11 05:12:18,890,no_activity,desktop
sess_00002634,,2026-02-11 08:03:07,30,no_activity,mobile
sess_00002635,cust_002466,2026-02-11 23:04:22,1951,timeout,mobile
sess_00002636,cust_001394,2026-02-11 01:37:56,449,no_activity,desktop
sess_00002637,,2026-02-11 15:07:40,628,no_activity,desktop
sess_00002638,,2026-02-11 07:47:47,2805,no_activity,desktop
sess_00002639,,2026-02-11 17:42:33,83,timeout,tablet
sess_00002640,cust_002608,2026-02-11 07:56:15,258,no_activity,mobile
sess_00002641,cust_000205,2026-02-11 09:31:06,142,no_activity,desktop
sess_00002642,,2026-02-11 19:17:42,814,no_activity,mobile
sess_00002643,,2026-02-11 18:34:33,215,no_activity,desktop
sess_00002644,cust_002877,2026-02-11 17:20:58,988,no_activity,desktop
sess_00002645,cust_002901,2026-02-11 19:18:12,23,no_activity,desktop
sess_00002646,cust_002965,2026-02-11 16:11:03,433,no_activity,mobile
sess_00002647,,2026-02-11 19:37:35,506,no_activity,mobile
sess_00002648,,2026-02-11 07:40:29,30,no_activity,desktop
sess_00002649,cust_000870,2026-02-11 16:23:06,293,logout,desktop
sess_00002650,,2026-02-11 14:50:37,33,no_activity,desktop
sess_00002651,,2026-02-11 13:23:20,1254,no_activity,tablet
sess_00002652,,2026-02-11 18:05:14,99,no_activity,mobile
sess_00002653,,2026-02-11 08:56:41,2081,timeout,desktop
sess_00002654,cust_001915,2026-02-11 15:07:23,366,no_activity,desktop
sess_00002655,,2026-02-11 14:02:28,1080,timeout,desktop
sess_00002656,,2026-02-11 10:50:00,2615,no_activity,desktop
sess_00002657,,2026-02-11 10:36:00,2988,no_activity,mobile
sess_00002658,,2026-02-11 11:40:22,315,no_activity,desktop
sess_00002659,,2026-02-11 16:36:21,152,no_activity,desktop
sess_00002660,,2026-02-11 13:06:45,75,no_activity,desktop
sess_00002661,,2026-02-11 16:51:35,267,timeout,desktop
sess_00002662,cust_002535,2026-02-11 14:01:59,756,no_activity,desktop
sess_00002663,cust_001619,2026-02-11 16:34:37,1908,no_activity,mobile
sess_00002664,cust_002542,2026-02-11 07:26:20,316,no_activity,desktop
sess_00002665,,2026-02-11 18:26:15,294,logout,mobile
sess_00002666,,2026-02-11 13:33:40,125,no_activity,mobile
sess_00002667,,2026-02-11 12:37:32,519,no_activity,mobile
sess_00002668,cust_000585,2026-02-11 18:13:12,173,no_activity,desktop
sess_00002669,cust_002843,2026-02-11 18:33:23,1238,no_activity,mobile
sess_00002670,cust_001893,2026-02-11 15:47:12,21,no_activity,mobile
sess_00002671,cust_002155,2026-02-11 13:25:13,438,no_activity,desktop
sess_00002672,cust_002309,2026-02-11 13:51:44,1635,no_activity,tablet
sess_00002673,,2026-02-11 20:07:01,2,no_activity,mobile
sess_00002674,,2026-02-12 16:14:53,519,no_activity,tablet
sess_00002675,,2026-02-12 07:01:34,796,no_activity,mobile
sess_00002676,cust_002143,2026-02-12 09:32:59,112,no_activity,tablet
sess_00002677,cust_002491,2026-02-12 06:22:48,978,logout,desktop
sess_00002678,,2026-02-12 19:15:11,98,no_activity,mobile
sess_00002679,,2026-02-12 11:59:16,681,no_activity,desktop
sess_00002680,cust_002893,2026-02-12 13:26:50,112,no_activity,mobile
sess_00002681,,2026-02-12 16:27:30,6,no_activity,desktop
sess_00002682,,2026-02-12 19:46:44,618,timeout,desktop
sess_00002683,cust_001803,2026-02-12 09:34:31,515,no_activity,mobile
sess_00002684,cust_001787,2026-02-12 17:07:57,266,no_activity,desktop
sess_00002685,cust_001426,2026-02-12 15:29:53,462,no_activity,desktop
sess_00002686,cust_000233,2026-02-12 12:04:16,226,no_activity,mobile
sess_00002687,,2026-02-12 16:22:14,18,no_activity,mobile
sess_00002688,,2026-02-12 08:41:23,212,no_activity,mobile
sess_00002689,cust_000425,2026-02-12 12:34:13,780,no_activity,desktop
sess_00002690,cust_002737,2026-02-12 09:05:32,318,no_activity,mobile
sess_00002691,,2026-02-12 14:53:56,2992,no_activity,mobile
sess_00002692,cust_001928,2026-02-12 16:44:22,1352,timeout,desktop
sess_00002693,cust_001758,2026-02-12 17:23:52,1560,no_activity,desktop
sess_00002694,cust_001133,2026-02-12 02:31:49,510,no_activity,desktop
sess_00002695,cust_000127,2026-02-12 07:46:27,417,logout,mobile
sess_00002696,,2026-02-12 11:25:38,90,no_activity,desktop
sess_00002697,cust_000272,2026-02-12 13:30:01,1837,no_activity,desktop
sess_00002698,cust_001592,2026-02-12 09:24:40,23,no_activity,desktop
sess_00002699,,2026-02-12 21:46:05,338,timeout,desktop
sess_00002700,,2026-02-12 18:21:56,266,no_activity,desktop
sess_00002701,cust_002472,2026-02-12 20:02:04,600,logout,desktop
sess_00002702,,2026-02-12 12:34:35,260,logout,mobile
sess_00002703,cust_001961,2026-02-12 10:17:22,189,no_activity,mobile
sess_00002704,,2026-02-12 11:09:41,488,no_activity,mobile
sess_00002705,cust_001074,2026-02-12 19:50:08,27,no_activity,tablet
sess_00002706,,2026-02-12 20:21:36,15,timeout,mobile
sess_00002707,cust_001968,2026-02-12 10:52:30,26,no_activity,desktop
sess_00002708,,2026-02-12 07:26:58,174,no_activity,desktop
sess_00002709,,2026-02-12 17:52:44,1494,no_activity,mobile
sess_00002710,cust_002266,2026-02-12 17:26:46,22,no_activity,tablet
sess_00002711,,2026-02-12 17:40:25,252,no_activity,mobile
sess_00002712,cust_001369,2026-02-12 16:21:55,1340,no_activity,mobile
sess_00002713,,2026-02-12 08:40:10,348,no_activity,desktop
sess_00002714,cust_001750,2026-02-12 16:21:28,14,no_activity,desktop
sess_00002715,,2026-02-12 16:47:45,886,no_activity,desktop
sess_00002716,cust_002555,2026-02-12 09:23:15,507,timeout,mobile
sess_00002717,,2026-02-12 16:20:41,555,no_activity,desktop
sess_00002718,,2026-02-12 08:21:51,4220,no_activity,desktop
sess_00002719,cust_002220,2026-02-12 02:15:38,376,no_activity,mobile
sess_00002720,,2026-02-12 10:35:40,36,logout,desktop
sess_00002721,,2026-02-12 12:38:34,253,no_activity,mobile
sess_00002722,cust_002652,2026-02-12 03:21:55,242,timeout,mobile
sess_00002723,,2026-02-12 05:07:28,17,no_activity,mobile
sess_00002724,,2026-02-12 20:31:54,142,no_activity,mobile
sess_00002725,,2026-02-12 13:37:33,70,no_activity,desktop
sess_00002726,,2026-02-12 19:07:44,182,no_activity,desktop
sess_00002727,cust_001017,2026-02-12 22:32:24,189,no_activity,mobile
sess_00002728,cust_002621,2026-02-12 09:21:47,143,no_activity,desktop
sess_00002729,,2026-02-12 12:23:33,146,no_activity,desktop
sess_00002730,cust_002160,2026-02-12 06:29:19,183,no_activity,mobile
sess_00002731,cust_000813,2026-02-12 18:51:59,2,no_activity,desktop
sess_00002732,,2026-02-12 06:21:42,22,no_activity,tablet
sess_00002733,,2026-02-12 14:11:33,74,timeout,mobile
sess_00002734,cust_002638,2026-02-12 17:57:15,7047,no_activity,mobile
sess_00002735,cust_000687,2026-02-12 17:46:34,407,no_activity,mobile
sess_00002736,cust_001985,2026-02-12 14:05:35,130,timeout,mobile
sess_00002737,cust_002208,2026-02-12 17:15:25,20,no_activity,tablet
sess_00002738,,2026-02-12 18:17:49,396,no_activity,desktop
sess_00002739,,2026-02-12 09:01:26,110,no_activity,mobile
sess_00002740,,2026-02-12 11:21:53,233,timeout,desktop
sess_00002741,,2026-02-12 14:58:16,24,no_activity,desktop
sess_00002742,,2026-02-12 11:52:37,227,no_activity,mobile
sess_00002743,,2026-02-12 12:12:54,944,no_activity,mobile
sess_00002744,cust_001047,2026-02-12 20:36:11,624,no_activity,desktop
sess_00002745,cust_000278,2026-02-12 21:41:08,68,no_activity,mobile
sess_00002746,,2026-02-12 13:41:05,753,no_activity,mobile
sess_00002747,cust_001914,2026-02-12 14:28:53,270,timeout,desktop
sess_00002748,cust_002860,2026-02-12 17:00:55,1016,no_activity,desktop
sess_00002749,,2026-02-12 11:42:08,393,no_activity,mobile
sess_00002750,,2026-02-12 18:58:15,18,no_activity,desktop
sess_00002751,cust_000309,2026-02-12 08:32:47,4397,no_activity,mobile
sess_00002752,,2026-02-12 17:24:58,25,no_activity,tablet
sess_00002753,cust_000099,2026-02-12 22:57:58,289,no_activity,desktop
sess_00002754,,2026-02-12 11:04:36,213,no_activity,mobile
sess_00002755,,2026-02-12 21:23:47,124,timeout,desktop
sess_00002756,,2026-02-12 19:23:55,183,logout,mobile
sess_00002757,,2026-02-12 17:45:09,135,no_activity,mobile
sess_00002758,,2026-02-12 18:01:52,680,timeout,mobile
sess_00002759,cust_000369,2026-02-12 10:13:48,76,no_activity,desktop
sess_00002760,cust_002947,2026-02-12 17:38:28,121,logout,mobile
sess_00002761,,2026-02-12 20:41:22,545,timeout,mobile
sess_00002762,cust_002195,2026-02-13 08:28:10,17,no_activity,desktop
sess_00002763,,2026-02-13 10:45:50,149,no_activity,mobile
sess_00002764,,2026-02-13 20:25:27,1121,no_activity,desktop
sess_00002765,cust_002588,2026-02-13 14:08:54,20,timeout,desktop
sess_00002766,,2026-02-13 18:04:01,1072,no_activity,mobile
sess_00002767,cust_000608,2026-02-13 20:55:38,930,timeout,desktop
sess_00002768,cust_001359,2026-02-13 08:18:31,510,no_activity,mobile
sess_00002769,,2026-02-13 05:19:20,19,no_activity,mobile
sess_00002770,,2026-02-13 08:42:12,122,no_activity,desktop
sess_00002771,,2026-02-13 14:28:56,957,no_activity,mobile
sess_00002772,cust_001960,2026-02-13 20:30:14,19,no_activity,desktop
sess_00002773,,2026-02-13 09:07:27,123,no_activity,desktop
sess_00002774,cust_002445,2026-02-13 11:17:29,365,no_activity,mobile
sess_00002775,,2026-02-13 10:09:20,1706,no_activity,mobile
sess_00002776,,2026-02-13 15:54:31,122,timeout,desktop
sess_00002777,cust_002579,2026-02-13 23:31:01,713,no_activity,mobile
sess_00002778,cust_001935,2026-02-13 12:08:52,884,no_activity,desktop
sess_00002779,,2026-02-13 21:03:07,285,no_activity,mobile
sess_00002780,cust_002454,2026-02-13 16:21:32,142,no_activity,desktop
sess_00002781,cust_001445,2026-02-13 21:43:25,2511,no_activity,desktop
sess_00002782,,2026-02-13 18:11:45,77,logout,mobile
sess_00002783,cust_002786,2026-02-13 08:16:52,9,no_activity,desktop
sess_00002784,cust_001976,2026-02-13 15:23:50,254,no_activity,mobile
sess_00002785,,2026-02-13 13:11:01,229,no_activity,desktop
sess_00002786,cust_001617,2026-02-13 08:55:20,168,no_activity,desktop
sess_00002787,,2026-02-13 19:45:31,410,no_activity,mobile
sess_00002788,,2026-02-13 06:43:36,147,no_activity,mobile
sess_00002789,cust_000688,2026-02-13 19:31:01,742,no_activity,desktop
sess_00002790,cust_001663,2026-02-13 20:04:51,381,logout,desktop
sess_00002791,,2026-02-13 13:49:24,110,timeout,desktop
sess_00002792,,2026-02-13 16:26:34,26,no_activity,mobile
sess_00002793,cust_001950,2026-02-13 22:26:37,11,no_activity,desktop
sess_00002794,cust_002267,2026-02-13 22:00:03,112,no_activity,mobile
sess_00002795,cust_002638,2026-02-13 15:43:31,448,no_activity,desktop
sess_00002796,cust_000532,2026-02-13 10:43:43,2761,no_activity,mobile
sess_00002797,,2026-02-13 08:45:31,532,logout,desktop
sess_00002798,cust_000955,2026-02-13 13:06:54,605,no_activity,tablet
sess_00002799,cust_001024,2026-02-13 22:54:00,50,no_activity,desktop
sess_00002800,cust_002227,2026-02-13 09:35:43,1185,no_activity,mobile
sess_00002801,,2026-02-13 16:48:26,484,no_activity,mobile
sess_00002802,cust_002315,2026-02-13 02:42:53,625,timeout,mobile
sess_00002803,cust_001155,2026-02-13 13:11:36,3,no_activity,desktop
sess_00002804,cust_001389,2026-02-13 09:50:13,298,no_activity,desktop
sess_00002805,,2026-02-13 15:08:44,906,no_activity,desktop
sess_00002806,,2026-02-13 08:08:16,93,logout,desktop
sess_00002807,,2026-02-13 08:35:13,174,no_activity,mobile
sess_00002808,,2026-02-13 07:41:37,9,no_activity,desktop
sess_00002809,cust_000106,2026-02-13 11:59:08,466,no_activity,mobile
sess_00002810,,2026-02-13 12:58:04,179,timeout,desktop
sess_00002811,,2026-02-13 04:26:34,381,no_activity,mobile
sess_00002812,,2026-02-13 07:23:10,772,no_activity,mobile
sess_00002813,cust_000433,2026-02-13 20:54:36,119,no_activity,desktop
sess_00002814,cust_002803,2026-02-13 14:31:28,679,no_activity,desktop
sess_00002815,,2026-02-13 16:18:28,885,no_activity,mobile
sess_00002816,,2026-02-13 01:15:22,13,no_activity,mobile
sess_00002817,cust_000152,2026-02-13 17:53:06,341,timeout,desktop
sess_00002818,,2026-02-13 19:56:44,252,logout,mobile
sess_00002819,cust_002958,2026-02-13 16:26:57,90,no_activity,mobile
sess_00002820,cust_001696,2026-02-13 17:57:24,143,no_activity,desktop
sess_00002821,,2026-02-13 06:07:38,2682,no_activity,tablet
sess_00002822,,2026-02-13 13:39:32,617,no_activity,mobile
sess_00002823,cust_001846,2026-02-13 22:12:17,236,no_activity,mobile
sess_00002824,cust_001878,2026-02-13 08:59:40,416,no_activity,mobile
sess_00002825,,2026-02-13 07:28:54,477,no_activity,desktop
sess_00002826,,2026-02-13 10:17:59,107,timeout,desktop
sess_00002827,,2026-02-13 14:40:30,208,no_activity,mobile
sess_00002828,,2026-02-13 19:25:02,11,no_activity,desktop
sess_00002829,,2026-02-13 11:54:55,453,no_activity,mobile
sess_00002830,,2026-02-13 09:33:55,1591,no_activity,mobile
sess_00002831,cust_000214,2026-02-13 14:11:59,145,timeout,mobile
sess_00002832,cust_001595,2026-02-13 03:51:13,601,no_activity,mobile
sess_00002833,cust_002425,2026-02-13 08:06:30,811,no_activity,mobile
sess_00002834,cust_000064,2026-02-13 14:10:16,359,timeout,mobile
sess_00002835,cust_002258,2026-02-14 17:37:01,2081,logout,desktop
sess_00002836,,2026-02-14 17:31:10,957,no_activity,desktop
sess_00002837,cust_002222,2026-02-14 11:28:17,24,no_activity,desktop
sess_00002838,,2026-02-14 16:58:59,448,no_activity,desktop
sess_00002839,,2026-02-14 21:39:14,9,no_activity,mobile
sess_00002840,,2026-02-14 15:59:11,547,logout,mobile
sess_00002841,,2026-02-14 11:28:15,468,no_activity,desktop
sess_00002842,,2026-02-14 13:59:58,6,no_activity,desktop
sess_00002843,,2026-02-14 05:42:49,503,no_activity,desktop
sess_00002844,,2026-02-14 17:16:39,301,no_activity,desktop
sess_00002845,,2026-02-14 13:31:12,1339,no_activity,desktop
sess_00002846,,2026-02-14 08:07:40,1907,no_activity,mobile
sess_00002847,cust_000564,2026-02-14 12:45:02,29,no_activity,desktop
sess_00002848,,2026-02-14 09:45:55,1366,no_activity,tablet
sess_00002849,,2026-02-14 00:20:31,6,no_activity,mobile
sess_00002850,,2026-02-14 18:14:33,1041,no_activity,desktop
sess_00002851,cust_000470,2026-02-14 21:52:35,1054,no_activity,mobile
sess_00002852,cust_001614,2026-02-14 08:32:37,337,no_activity,desktop
sess_00002853,,2026-02-14 11:08:38,649,timeout,desktop
sess_00002854,cust_002712,2026-02-14 14:37:05,59,timeout,desktop
sess_00002855,,2026-02-14 09:33:14,1166,no_activity,desktop
sess_00002856,,2026-02-14 11:09:18,331,no_activity,desktop
sess_00002857,cust_000277,2026-02-14 09:57:01,78,no_activity,desktop
sess_00002858,,2026-02-14 07:28:46,14,no_activity,desktop
sess_00002859,,2026-02-14 18:00:10,5870,no_activity,desktop
sess_00002860,,2026-02-14 11:11:13,281,no_activity,mobile
sess_00002861,cust_001145,2026-02-14 22:07:48,972,no_activity,desktop
sess_00002862,,2026-02-14 20:36:47,599,no_activity,mobile
sess_00002863,,2026-02-14 17:21:52,479,no_activity,desktop
sess_00002864,,2026-02-14 18:27:08,219,no_activity,desktop
sess_00002865,,2026-02-14 10:18:42,3,no_activity,tablet
sess_00002866,cust_002971,2026-02-14 16:44:48,460,no_activity,mobile
sess_00002867,,2026-02-14 05:46:20,542,no_activity,desktop
sess_00002868,cust_001226,2026-02-14 02:48:55,190,no_activity,desktop
sess_00002869,,2026-02-14 14:02:40,393,no_activity,desktop
sess_00002870,,2026-02-14 19:33:26,253,timeout,mobile
sess_00002871,,2026-02-14 18:57:33,4564,no_activity,desktop
sess_00002872,,2026-02-14 11:41:25,275,no_activity,desktop
sess_00002873,,2026-02-14 10:07:50,527,no_activity,desktop
sess_00002874,,2026-02-14 10:54:08,24,no_activity,mobile
sess_00002875,cust_000322,2026-02-14 22:04:28,504,timeout,mobile
sess_00002876,,2026-02-14 21:49:44,138,no_activity,desktop
sess_00002877,,2026-02-14 12:32:42,145,no_activity,mobile
sess_00002878,cust_002236,2026-02-14 11:25:57,239,no_activity,mobile
sess_00002879,cust_002593,2026-02-14 13:41:54,75,no_activity,mobile
sess_00002880,cust_002201,2026-02-14 15:01:55,243,no_activity,desktop
sess_00002881,,2026-02-14 22:15:40,228,timeout,mobile
sess_00002882,cust_001579,2026-02-14 20:44:29,2,no_activity,tablet
sess_00002883,,2026-02-14 20:00:27,589,no_activity,mobile
sess_00002884,,2026-02-14 16:45:57,11,no_activity,mobile
sess_00002885,cust_001942,2026-02-14 21:41:45,895,no_activity,mobile
sess_00002886,,2026-02-14 17:38:01,26,no_activity,desktop
sess_00002887,cust_000906,2026-02-14 20:43:56,63,no_activity,desktop
sess_00002888,cust_002660,2026-02-14 05:15:00,22,no_activity,desktop
sess_00002889,cust_002535,2026-02-14 22:33:48,11,no_activity,desktop
sess_00002890,cust_002427,2026-02-14 15:47:32,591,no_activity,desktop
sess_00002891,,2026-02-14 17:26:31,35,no_activity,mobile
sess_00002892,cust_000606,2026-02-14 08:38:50,25,no_activity,mobile
sess_00002893,cust_000465,2026-02-14 16:31:34,652,no_activity,desktop
sess_00002894,cust_000584,2026-02-14 09:38:19,425,no_activity,desktop
sess_00002895,cust_001070,2026-02-14 12:31:55,3,no_activity,mobile
sess_00002896,,2026-02-14 20:44:57,333,timeout,mobile
sess_00002897,,2026-02-14 13:10:15,191,no_activity,tablet
sess_00002898,cust_001678,2026-02-14 15:17:35,1,no_activity,desktop
sess_00002899,cust_002761,2026-02-14 19:43:36,1662,no_activity,desktop
sess_00002900,cust_000535,2026-02-14 16:26:51,189,no_activity,desktop
sess_00002901,,2026-02-14 22:54:17,172,no_activity,desktop
sess_00002902,cust_001742,2026-02-14 18:12:38,268,no_activity,tablet
sess_00002903,cust_001686,2026-02-14 17:05:05,9,no_activity,mobile
sess_00002904,,2026-02-14 21:25:52,241,no_activity,desktop
sess_00002905,cust_002102,2026-02-14 08:12:29,528,no_activity,desktop
sess_00002906,cust_001846,2026-02-14 14:06:00,204,no_activity,desktop
sess_00002907,,2026-02-14 16:32:53,97,logout,mobile
sess_00002908,,2026-02-15 14:09:29,434,logout,desktop
sess_00002909,,2026-02-15 09:25:56,1331,no_activity,desktop
sess_00002910,cust_002722,2026-02-15 09:23:11,119,no_activity,mobile
sess_00002911,,2026-02-15 14:41:59,667,logout,mobile
sess_00002912,cust_000723,2026-02-15 11:36:18,5749,no_activity,desktop
sess_00002913,cust_001309,2026-02-15 18:52:47,336,no_activity,desktop
sess_00002914,,2026-02-15 13:11:10,656,no_activity,desktop
sess_00002915,,2026-02-15 17:07:30,836,no_activity,desktop
sess_00002916,cust_000231,2026-02-15 06:17:50,2038,no_activity,desktop
sess_00002917,cust_001176,2026-02-15 21:50:41,389,no_activity,desktop
sess_00002918,,2026-02-15 20:15:36,3488,no_activity,desktop
sess_00002919,,2026-02-15 10:05:33,415,no_activity,mobile
sess_00002920,cust_002390,2026-02-15 20:44:24,1101,no_activity,desktop
sess_00002921,,2026-02-15 15:03:02,403,no_activity,mobile
sess_00002922,,2026-02-15 14:49:40,759,no_activity,desktop
sess_00002923,,2026-02-15 13:56:05,724,no_activity,desktop
sess_00002924,,2026-02-15 18:23:59,407,no_activity,desktop
sess_00002925,cust_002581,2026-02-15 17:58:36,23,no_activity,desktop
sess_00002926,,2026-02-15 18:34:23,697,no_activity,mobile
sess_00002927,cust_001333,2026-02-15 10:11:04,16,no_activity,mobile
sess_00002928,,2026-02-15 11:24:37,812,no_activity,mobile
sess_00002929,cust_000237,2026-02-15 16:25:38,512,timeout,mobile
sess_00002930,cust_001679,2026-02-15 05:47:18,3379,no_activity,desktop
sess_00002931,cust_002991,2026-02-15 15:37:56,2730,no_activity,desktop
sess_00002932,,2026-02-15 09:34:52,17,no_activity,mobile
sess_00002933,,2026-02-15 15:13:13,195,no_activity,mobile
sess_00002934,cust_002881,2026-02-15 12:20:42,758,no_activity,desktop
sess_00002935,cust_001972,2026-02-15 07:40:29,13,no_activity,desktop
sess_00002936,,2026-02-15 08:08:03,121,no_activity,mobile
sess_00002937,cust_002833,2026-02-15 07:30:09,1878,no_activity,mobile
sess_00002938,,2026-02-15 19:40:03,1847,no_activity,mobile
sess_00002939,,2026-02-15 12:11:57,688,no_activity,desktop
sess_00002940,,2026-02-15 07:41:26,174,no_activity,desktop
sess_00002941,cust_002454,2026-02-15 11:57:12,300,no_activity,mobile
sess_00002942,,2026-02-15 15:25:30,188,no_activity,mobile
sess_00002943,cust_001823,2026-02-15 12:02:37,135,no_activity,desktop
sess_00002944,cust_001219,2026-02-15 08:54:19,346,timeout,mobile
sess_00002945,,2026-02-15 08:02:05,158,no_activity,desktop
sess_00002946,cust_001577,2026-02-15 06:28:16,126,no_activity,desktop
sess_00002947,cust_000146,2026-02-15 09:56:05,1277,no_activity,mobile
sess_00002948,,2026-02-15 15:24:29,8,no_activity,mobile
sess_00002949,,2026-02-15 15:45:33,19,no_activity,mobile
sess_00002950,,2026-02-15 18:12:33,17,no_activity,mobile
sess_00002951,cust_001385,2026-02-15 16:39:43,15,no_activity,tablet
sess_00002952,,2026-02-15 15:34:06,857,no_activity,desktop
sess_00002953,,2026-02-15 08:45:01,7,no_activity,mobile
sess_00002954,cust_001196,2026-02-15 14:28:53,8,no_activity,desktop
sess_00002955,cust_002065,2026-02-15 18:23:04,1298,no_activity,mobile
sess_00002956,,2026-02-15 16:43:50,92,no_activity,mobile
sess_00002957,cust_001788,2026-02-15 08:48:34,18,no_activity,mobile
sess_00002958,,2026-02-15 20:46:49,811,logout,desktop
sess_00002959,cust_000133,2026-02-15 08:32:07,388,no_activity,desktop
sess_00002960,,2026-02-15 22:21:52,183,logout,desktop
sess_00002961,,2026-02-15 20:29:02,105,timeout,desktop
sess_00002962,,2026-02-15 07:26:37,435,no_activity,desktop
sess_00002963,cust_001008,2026-02-15 06:43:16,47,no_activity,desktop
sess_00002964,,2026-02-15 12:41:25,339,timeout,mobile
sess_00002965,,2026-02-15 16:35:52,220,no_activity,mobile
sess_00002966,,2026-02-15 20:02:15,344,no_activity,mobile
sess_00002967,cust_001720,2026-02-15 12:13:35,205,timeout,desktop
sess_00002968,,2026-02-15 19:39:31,102,no_activity,mobile
sess_00002969,cust_000125,2026-02-15 09:44:05,22,no_activity,mobile
sess_00002970,cust_002045,2026-02-15 20:53:36,584,no_activity,desktop
sess_00002971,cust_000551,2026-02-15 19:04:24,268,no_activity,mobile
sess_00002972,,2026-02-15 18:52:51,1390,no_activity,desktop
sess_00002973,,2026-02-15 19:20:34,182,no_activity,mobile
sess_00002974,,2026-02-15 19:42:09,27,no_activity,desktop
sess_00002975,cust_000432,2026-02-15 18:21:28,221,no_activity,mobile
sess_00002976,,2026-02-15 23:21:51,10,no_activity,mobile
sess_00002977,,2026-02-15 21:51:21,421,no_activity,desktop
sess_00002978,,2026-02-15 06:44:53,4431,no_activity,desktop
sess_00002979,,2026-02-15 06:22:19,15,no_activity,mobile
sess_00002980,,2026-02-15 09:34:11,1048,no_activity,mobile
sess_00002981,,2026-02-15 16:59:03,14,no_activity,desktop
sess_00002982,,2026-02-15 17:51:55,2266,timeout,desktop
sess_00002983,,2026-02-15 09:06:48,18,no_activity,mobile
sess_00002984,,2026-02-15 18:31:49,17,no_activity,desktop
sess_00002985,,2026-02-16 15:44:56,724,no_activity,desktop
sess_00002986,,2026-02-16 22:36:06,1133,no_activity,desktop
sess_00002987,cust_000502,2026-02-16 14:17:11,222,no_activity,desktop
sess_00002988,cust_002758,2026-02-16 11:51:00,465,no_activity,desktop
sess_00002989,,2026-02-16 11:58:31,244,timeout,desktop
sess_00002990,cust_001702,2026-02-16 18:12:18,2,no_activity,mobile
sess_00002991,cust_001055,2026-02-16 08:38:19,1564,no_activity,mobile
sess_00002992,cust_000013,2026-02-16 12:14:20,420,no_activity,desktop
sess_00002993,,2026-02-16 12:09:17,1,no_activity,mobile
sess_00002994,,2026-02-16 08:19:00,508,no_activity,desktop
sess_00002995,,2026-02-16 13:10:38,465,timeout,mobile
sess_00002996,,2026-02-16 13:27:13,3727,timeout,desktop
sess_00002997,,2026-02-16 10:50:01,524,no_activity,desktop
sess_00002998,cust_000524,2026-02-16 13:05:36,1063,no_activity,desktop
sess_00002999,cust_002716,2026-02-16 16:55:14,2949,no_activity,desktop
sess_00003000,,2026-02-16 18:50:04,313,no_activity,desktop
sess_00003001,,2026-02-16 16:27:26,165,no_activity,mobile
sess_00003002,cust_000059,2026-02-16 17:57:36,777,timeout,desktop
sess_00003003,cust_000974,2026-02-16 17:49:42,124,no_activity,desktop
sess_00003004,cust_002526,2026-02-16 20:19:44,75,no_activity,desktop
sess_00003005,cust_002521,2026-02-16 09:04:45,14,no_activity,mobile
sess_00003006,cust_002590,2026-02-16 06:23:13,3798,no_activity,tablet
sess_00003007,cust_001754,2026-02-16 14:02:16,27,no_activity,desktop
sess_00003008,,2026-02-16 18:57:51,455,no_activity,desktop
sess_00003009,cust_002650,2026-02-16 07:19:46,1946,no_activity,mobile
sess_00003010,cust_001767,2026-02-16 12:31:41,410,logout,desktop
sess_00003011,cust_002763,2026-02-16 14:45:10,346,no_activity,mobile
sess_00003012,,2026-02-16 22:10:06,489,timeout,mobile
sess_00003013,,2026-02-16 17:45:30,2870,no_activity,mobile
sess_00003014,,2026-02-16 16:48:34,135,no_activity,mobile
sess_00003015,,2026-02-16 18:06:49,127,no_activity,desktop
sess_00003016,,2026-02-16 12:29:04,228,no_activity,desktop
sess_00003017,cust_000315,2026-02-16 20:36:06,1052,logout,desktop
sess_00003018,,2026-02-16 14:29:25,63,no_activity,desktop
sess_00003019,,2026-02-16 08:30:15,113,no_activity,mobile
sess_00003020,,2026-02-16 15:55:04,12,no_activity,desktop
sess_00003021,,2026-02-16 11:26:52,470,no_activity,tablet
sess_00003022,,2026-02-16 12:08:42,316,no_activity,mobile
sess_00003023,cust_000086,2026-02-16 11:47:19,483,timeout,tablet
sess_00003024,,2026-02-16 22:20:09,26,timeout,mobile
sess_00003025,cust_000049,2026-02-16 13:27:39,376,timeout,desktop
sess_00003026,,2026-02-16 18:31:37,564,no_activity,tablet
sess_00003027,,2026-02-16 19:02:13,261,no_activity,desktop
sess_00003028,cust_001027,2026-02-16 10:59:43,417,no_activity,tablet
sess_00003029,cust_000807,2026-02-16 12:43:53,252,no_activity,tablet
sess_00003030,cust_000211,2026-02-16 09:52:50,42,no_activity,desktop
sess_00003031,cust_001913,2026-02-16 13:14:54,7200,no_activity,mobile
sess_00003032,,2026-02-16 08:07:38,1746,logout,mobile
sess_00003033,,2026-02-16 10:23:58,22,no_activity,tablet
sess_00003034,cust_002994,2026-02-16 12:43:24,299,no_activity,mobile
sess_00003035,cust_001346,2026-02-16 16:52:35,430,no_activity,mobile
sess_00003036,,2026-02-16 16:53:02,27,no_activity,desktop
sess_00003037,cust_002487,2026-02-16 16:30:40,68,no_activity,desktop
sess_00003038,,2026-02-16 09:45:05,681,no_activity,mobile
sess_00003039,cust_001073,2026-02-16 18:14:11,822,timeout,desktop
sess_00003040,,2026-02-16 07:54:44,2,no_activity,desktop
sess_00003041,cust_001390,2026-02-16 08:41:06,204,no_activity,desktop
sess_00003042,cust_000137,2026-02-16 10:17:46,1324,no_activity,mobile
sess_00003043,,2026-02-16 11:34:09,349,no_activity,desktop
sess_00003044,,2026-02-16 08:32:25,2141,timeout,desktop
sess_00003045,cust_001913,2026-02-16 07:33:51,20,no_activity,desktop
sess_00003046,,2026-02-16 20:31:56,137,no_activity,desktop
sess_00003047,cust_000112,2026-02-16 17:40:27,17,no_activity,tablet
sess_00003048,cust_001726,2026-02-16 22:26:20,6,no_activity,desktop
sess_00003049,,2026-02-16 13:38:06,223,timeout,mobile
sess_00003050,,2026-02-16 19:24:34,2689,no_activity,mobile
sess_00003051,,2026-02-16 11:49:20,844,no_activity,mobile
sess_00003052,cust_000437,2026-02-16 10:25:56,1315,timeout,desktop
sess_00003053,cust_002498,2026-02-16 08:45:16,287,no_activity,desktop
sess_00003054,cust_002313,2026-02-16 13:18:44,357,no_activity,desktop
sess_00003055,,2026-02-16 16:32:17,2500,no_activity,desktop
sess_00003056,cust_002212,2026-02-16 07:28:07,567,timeout,mobile
sess_00003057,,2026-02-16 15:12:52,170,no_activity,mobile
sess_00003058,cust_002894,2026-02-16 19:49:25,12,no_activity,desktop
sess_00003059,cust_001779,2026-02-17 17:09:58,27,no_activity,desktop
sess_00003060,cust_000188,2026-02-17 14:42:01,27,no_activity,mobile
sess_00003061,,2026-02-17 18:52:54,568,no_activity,desktop
sess_00003062,cust_002776,2026-02-17 17:05:36,346,no_activity,desktop
sess_00003063,,2026-02-17 13:16:01,237,no_activity,mobile
sess_00003064,cust_001765,2026-02-17 20:00:03,403,logout,mobile
sess_00003065,,2026-02-17 20:26:10,18,no_activity,mobile
sess_00003066,cust_002292,2026-02-17 09:00:22,103,no_activity,desktop
sess_00003067,cust_000642,2026-02-17 17:09:03,154,no_activity,tablet
sess_00003068,,2026-02-17 06:54:52,141,no_activity,desktop
sess_00003069,,2026-02-17 10:05:51,853,no_activity,desktop
sess_00003070,,2026-02-17 14:32:55,1509,timeout,desktop
sess_00003071,,2026-02-17 19:02:29,434,logout,desktop
sess_00003072,,2026-02-17 06:59:08,607,logout,desktop
sess_00003073,cust_000565,2026-02-17 12:40:54,231,no_activity,mobile
sess_00003074,,2026-02-17 14:46:35,1441,no_activity,mobile
sess_00003075,,2026-02-17 22:15:09,2413,no_activity,mobile
sess_00003076,cust_002711,2026-02-17 08:08:21,25,no_activity,tablet
sess_00003077,,2026-02-17 10:45:33,294,no_activity,desktop
sess_00003078,cust_001860,2026-02-17 17:52:57,743,timeout,mobile
sess_00003079,,2026-02-17 13:43:58,44,logout,desktop
sess_00003080,,2026-02-17 09:04:59,138,no_activity,desktop
sess_00003081,cust_001229,2026-02-17 15:00:41,9,no_activity,desktop
sess_00003082,,2026-02-17 13:59:11,403,timeout,desktop
sess_00003083,,2026-02-17 14:30:11,221,no_activity,desktop
sess_00003084,,2026-02-17 20:50:45,31,logout,desktop
sess_00003085,,2026-02-17 15:09:21,481,no_activity,mobile
sess_00003086,,2026-02-17 21:22:36,243,no_activity,mobile
sess_00003087,cust_001729,2026-02-17 21:43:48,2028,timeout,desktop
sess_00003088,cust_000443,2026-02-17 12:38:41,19,no_activity,desktop
sess_00003089,,2026-02-17 17:16:47,2915,no_activity,desktop
sess_00003090,cust_001747,2026-02-17 17:42:42,302,no_activity,mobile
sess_00003091,cust_000245,2026-02-17 11:46:20,29,no_activity,mobile
sess_00003092,,2026-02-17 08:48:09,81,timeout,mobile
sess_00003093,cust_002769,2026-02-17 18:19:39,770,no_activity,desktop
sess_00003094,,2026-02-17 16:14:28,63,no_activity,desktop
sess_00003095,,2026-02-17 14:19:17,40,no_activity,mobile
sess_00003096,cust_000023,2026-02-17 17:35:38,319,no_activity,mobile
sess_00003097,,2026-02-17 17:38:07,83,no_activity,mobile
sess_00003098,,2026-02-17 14:35:48,674,no_activity,desktop
sess_00003099,,2026-02-17 03:45:09,400,no_activity,mobile
sess_00003100,,2026-02-17 16:15:19,27,no_activity,mobile
sess_00003101,cust_001296,2026-02-17 13:32:18,129,no_activity,desktop
sess_00003102,,2026-02-17 19:19:39,650,no_activity,mobile
sess_00003103,,2026-02-17 21:53:58,140,no_activity,desktop
sess_00003104,,2026-02-17 16:48:47,1196,no_activity,desktop
sess_00003105,cust_001490,2026-02-17 21:29:26,211,timeout,mobile
sess_00003106,,2026-02-17 20:30:23,2147,no_activity,mobile
sess_00003107,cust_001467,2026-02-17 17:06:39,236,timeout,mobile
sess_00003108,cust_000809,2026-02-17 16:05:44,483,no_activity,desktop
sess_00003109,cust_000516,2026-02-17 12:34:08,1133,no_activity,mobile
sess_00003110,,2026-02-17 08:45:14,409,no_activity,desktop
sess_00003111,cust_000982,2026-02-17 19:26:35,926,no_activity,mobile
sess_00003112,,2026-02-17 11:51:11,1849,no_activity,mobile
sess_00003113,,2026-02-17 12:46:45,2,no_activity,mobile
sess_00003114,cust_001482,2026-02-17 13:02:32,4318,no_activity,desktop
sess_00003115,,2026-02-17 21:58:26,143,no_activity,desktop
sess_00003116,,2026-02-17 16:43:01,20,no_activity,desktop
sess_00003117,,2026-02-17 09:05:31,25,no_activity,desktop
sess_00003118,cust_001803,2026-02-17 08:24:07,19,no_activity,mobile
sess_00003119,,2026-02-17 20:59:00,218,timeout,mobile
sess_00003120,cust_000036,2026-02-17 19:00:03,788,timeout,mobile
sess_00003121,,2026-02-17 10:42:57,903,timeout,desktop
sess_00003122,,2026-02-17 11:24:53,200,no_activity,desktop
sess_00003123,,2026-02-17 17:42:46,116,no_activity,desktop
sess_00003124,,2026-02-18 13:40:13,281,no_activity,desktop
sess_00003125,cust_001518,2026-02-18 22:32:52,864,no_activity,desktop
sess_00003126,,2026-02-18 11:53:20,14,no_activity,mobile
sess_00003127,cust_000125,2026-02-18 13:21:28,197,no_activity,mobile
sess_00003128,cust_000469,2026-02-18 22:50:07,527,no_activity,mobile
sess_00003129,cust_001142,2026-02-18 18:29:11,153,timeout,desktop
sess_00003130,,2026-02-18 14:18:58,242,no_activity,desktop
sess_00003131,,2026-02-18 16:10:01,313,no_activity,desktop
sess_00003132,cust_002660,2026-02-18 19:43:27,24,no_activity,desktop
sess_00003133,,2026-02-18 23:19:40,51,no_activity,mobile
sess_00003134,,2026-02-18 11:32:00,790,no_activity,mobile
sess_00003135,,2026-02-18 12:10:04,372,no_activity,desktop
sess_00003136,,2026-02-18 14:55:03,7200,no_activity,desktop
sess_00003137,cust_000762,2026-02-18 11:45:07,540,no_activity,mobile
sess_00003138,cust_001881,2026-02-18 16:39:03,414,no_activity,mobile
sess_00003139,,2026-02-18 12:00:08,2,no_activity,mobile
sess_00003140,cust_001532,2026-02-18 16:03:40,97,timeout,mobile
sess_00003141,,2026-02-18 18:49:52,2824,timeout,mobile
sess_00003142,cust_001769,2026-02-18 14:29:17,1046,no_activity,tablet
sess_00003143,cust_001246,2026-02-18 19:07:23,239,no_activity,mobile
sess_00003144,cust_001610,2026-02-18 17:47:59,76,no_activity,desktop
sess_00003145,,2026-02-18 08:45:27,129,no_activity,mobile
sess_00003146,cust_002755,2026-02-18 21:03:46,1330,logout,desktop
sess_00003147,,2026-02-18 21:35:27,22,no_activity,desktop
sess_00003148,cust_002606,2026-02-18 20:48:01,219,no_activity,desktop
sess_00003149,,2026-02-18 08:29:57,909,no_activity,mobile
sess_00003150,,2026-02-18 20:31:46,25,no_activity,tablet
sess_00003151,cust_000701,2026-02-18 18:21:00,21,no_activity,mobile
sess_00003152,cust_001541,2026-02-18 12:18:32,1611,no_activity,desktop
sess_00003153,cust_002333,2026-02-18 15:13:09,487,no_activity,desktop
sess_00003154,,2026-02-18 09:57:50,536,no_activity,tablet
sess_00003155,,2026-02-18 17:02:22,87,timeout,desktop
sess_00003156,cust_002118,2026-02-18 14:06:03,548,no_activity,mobile
sess_00003157,,2026-02-18 12:02:58,17,no_activity,mobile
sess_00003158,cust_000090,2026-02-18 08:47:14,2,no_activity,mobile
sess_00003159,,2026-02-18 05:14:31,1647,timeout,mobile
sess_00003160,cust_001547,2026-02-18 14:59:30,3158,timeout,mobile
sess_00003161,,2026-02-18 16:07:03,3,no_activity,desktop
sess_00003162,cust_002356,2026-02-18 16:53:40,144,no_activity,mobile
sess_00003163,cust_000726,2026-02-18 20:58:16,112,no_activity,desktop
sess_00003164,cust_001324,2026-02-18 10:42:50,548,no_activity,mobile
sess_00003165,cust_000301,2026-02-18 08:59:57,361,timeout,desktop
sess_00003166,,2026-02-18 11:20:12,622,timeout,desktop
sess_00003167,,2026-02-18 17:59:49,299,no_activity,desktop
sess_00003168,,2026-02-18 19:19:11,190,no_activity,mobile
sess_00003169,,2026-02-18 12:50:34,1085,no_activity,desktop
sess_00003170,,2026-02-18 09:30:59,231,timeout,desktop
sess_00003171,cust_000484,2026-02-18 11:54:01,293,no_activity,mobile
sess_00003172,cust_002699,2026-02-18 08:17:24,156,timeout,mobile
sess_00003173,cust_002096,2026-02-18 09:28:53,325,timeout,desktop
sess_00003174,cust_001355,2026-02-18 18:17:00,214,logout,desktop
sess_00003175,cust_001684,2026-02-18 06:32:51,337,no_activity,desktop
sess_00003176,cust_001907,2026-02-18 10:13:07,99,no_activity,desktop
sess_00003177,,2026-02-18 20:46:44,713,no_activity,desktop
sess_00003178,,2026-02-18 16:29:58,558,no_activity,desktop
sess_00003179,cust_001850,2026-02-18 10:55:17,310,no_activity,mobile
sess_00003180,,2026-02-18 19:11:03,2702,no_activity,tablet
sess_00003181,,2026-02-18 14:30:01,1208,no_activity,mobile
sess_00003182,cust_000248,2026-02-18 20:54:29,11,no_activity,desktop
sess_00003183,,2026-02-18 13:43:07,326,no_activity,desktop
sess_00003184,,2026-02-18 18:11:29,19,no_activity,desktop
sess_00003185,cust_002855,2026-02-18 22:42:31,223,timeout,mobile
sess_00003186,cust_002486,2026-02-18 22:27:41,315,no_activity,mobile
sess_00003187,cust_001069,2026-02-18 12:46:44,1545,no_activity,mobile
sess_00003188,,2026-02-18 15:11:14,608,no_activity,desktop
sess_00003189,,2026-02-18 08:09:15,636,no_activity,mobile
sess_00003190,,2026-02-19 13:34:31,695,no_activity,mobile
sess_00003191,,2026-02-19 16:24:03,1944,no_activity,mobile
sess_00003192,,2026-02-19 21:15:19,117,no_activity,mobile
sess_00003193,,2026-02-19 17:39:18,312,no_activity,desktop
sess_00003194,,2026-02-19 11:32:37,984,no_activity,mobile
sess_00003195,cust_001824,2026-02-19 08:15:27,339,no_activity,desktop
sess_00003196,cust_000566,2026-02-19 17:24:32,1684,no_activity,mobile
sess_00003197,cust_001151,2026-02-19 07:55:30,158,no_activity,desktop
sess_00003198,cust_001808,2026-02-19 10:58:32,496,no_activity,mobile
sess_00003199,cust_000418,2026-02-19 20:17:25,303,no_activity,mobile
sess_00003200,,2026-02-19 18:51:19,963,no_activity,mobile
sess_00003201,,2026-02-19 19:47:56,14,no_activity,desktop
sess_00003202,cust_002416,2026-02-19 23:38:06,4511,no_activity,desktop
sess_00003203,,2026-02-19 11:34:06,1713,no_activity,mobile
sess_00003204,cust_001928,2026-02-19 00:18:39,166,logout,desktop
sess_00003205,,2026-02-19 13:51:51,119,timeout,desktop
sess_00003206,cust_001090,2026-02-19 09:29:27,465,logout,desktop
sess_00003207,cust_001246,2026-02-19 20:43:31,1330,no_activity,desktop
sess_00003208,,2026-02-19 21:05:48,331,no_activity,mobile
sess_00003209,,2026-02-19 20:54:47,644,logout,mobile
sess_00003210,,2026-02-19 06:44:13,141,logout,desktop
sess_00003211,cust_000043,2026-02-19 16:17:38,1762,no_activity,desktop
sess_00003212,cust_002530,2026-02-19 15:46:34,771,no_activity,mobile
sess_00003213,cust_002412,2026-02-19 13:12:31,144,no_activity,desktop
sess_00003214,,2026-02-19 21:54:46,84,no_activity,desktop
sess_00003215,cust_001146,2026-02-19 11:47:14,719,timeout,mobile
sess_00003216,,2026-02-19 14:31:22,19,no_activity,desktop
sess_00003217,cust_000123,2026-02-19 14:03:03,450,no_activity,mobile
sess_00003218,,2026-02-19 10:05:37,420,no_activity,desktop
sess_00003219,,2026-02-19 09:21:23,341,no_activity,mobile
sess_00003220,,2026-02-19 11:53:33,26,no_activity,mobile
sess_00003221,,2026-02-19 18:28:40,72,no_activity,desktop
sess_00003222,cust_000617,2026-02-19 22:36:05,696,no_activity,desktop
sess_00003223,,2026-02-19 20:41:34,240,logout,desktop
sess_00003224,cust_001755,2026-02-19 05:02:49,797,no_activity,mobile
sess_00003225,cust_000867,2026-02-19 19:31:21,931,no_activity,desktop
sess_00003226,,2026-02-19 13:26:49,59,no_activity,desktop
sess_00003227,cust_001624,2026-02-19 17:14:10,828,no_activity,desktop
sess_00003228,,2026-02-19 19:40:02,502,no_activity,mobile
sess_00003229,,2026-02-19 09:17:38,3244,timeout,desktop
sess_00003230,cust_001391,2026-02-19 09:56:19,261,no_activity,desktop
sess_00003231,,2026-02-19 18:53:00,708,no_activity,desktop
sess_00003232,cust_002810,2026-02-19 16:27:55,820,no_activity,desktop
sess_00003233,,2026-02-19 19:37:36,87,no_activity,desktop
sess_00003234,cust_002060,2026-02-19 16:30:44,4,no_activity,desktop
sess_00003235,cust_000128,2026-02-19 09:41:32,219,no_activity,mobile
sess_00003236,,2026-02-19 15:12:56,828,no_activity,mobile
sess_00003237,,2026-02-19 08:04:59,1715,no_activity,desktop
sess_00003238,cust_002615,2026-02-19 20:41:49,38,no_activity,mobile
sess_00003239,cust_001818,2026-02-19 14:39:22,7,no_activity,desktop
sess_00003240,cust_000020,2026-02-19 13:28:12,300,timeout,mobile
sess_00003241,cust_002091,2026-02-19 23:53:18,181,no_activity,desktop
sess_00003242,cust_002095,2026-02-19 10:32:34,149,no_activity,desktop
sess_00003243,,2026-02-19 20:04:35,300,no_activity,desktop
sess_00003244,cust_002050,2026-02-19 22:41:30,22,no_activity,mobile
sess_00003245,cust_002442,2026-02-19 13:53:52,440,no_activity,mobile
sess_00003246,cust_001047,2026-02-19 09:02:26,612,no_activity,mobile
sess_00003247,cust_001678,2026-02-19 17:23:42,618,timeout,tablet
sess_00003248,,2026-02-19 19:49:00,942,no_activity,mobile
sess_00003249,,2026-02-19 15:54:44,5,no_activity,mobile
sess_00003250,,2026-02-19 10:33:42,335,no_activity,desktop
sess_00003251,,2026-02-19 19:31:15,18,no_activity,mobile
sess_00003252,,2026-02-19 21:11:11,76,no_activity,desktop
sess_00003253,cust_001856,2026-02-19 17:06:36,881,no_activity,mobile
sess_00003254,cust_001191,2026-02-20 11:38:29,84,timeout,mobile
sess_00003255,cust_001139,2026-02-20 21:29:02,246,no_activity,desktop
sess_00003256,cust_001157,2026-02-20 16:58:57,108,no_activity,desktop
sess_00003257,cust_000932,2026-02-20 10:06:45,97,no_activity,mobile
sess_00003258,cust_001539,2026-02-20 18:49:42,20,no_activity,mobile
sess_00003259,cust_002585,2026-02-20 10:34:44,440,timeout,mobile
sess_00003260,cust_001136,2026-02-20 16:59:38,136,no_activity,desktop
sess_00003261,,2026-02-20 20:31:13,14,no_activity,desktop
sess_00003262,cust_000100,2026-02-20 12:09:43,486,timeout,mobile
sess_00003263,,2026-02-20 08:17:19,21,no_activity,desktop
sess_00003264,,2026-02-20 12:34:57,1502,no_activity,desktop
sess_00003265,,2026-02-20 02:56:31,562,no_activity,desktop
sess_00003266,,2026-02-20 19:45:51,539,no_activity,mobile
sess_00003267,,2026-02-20 18:58:03,11,no_activity,mobile
sess_00003268,,2026-02-20 17:23:32,564,no_activity,desktop
sess_00003269,cust_000375,2026-02-20 13:19:05,5072,no_activity,mobile
sess_00003270,cust_000690,2026-02-20 21:23:41,1243,no_activity,desktop
sess_00003271,cust_000510,2026-02-20 20:47:23,10,no_activity,desktop
sess_00003272,,2026-02-20 18:03:46,545,no_activity,desktop
sess_00003273,,2026-02-20 20:47:15,61,no_activity,desktop
sess_00003274,cust_002936,2026-02-20 18:24:20,12,no_activity,desktop
sess_00003275,,2026-02-20 17:26:00,334,no_activity,mobile
sess_00003276,,2026-02-20 19:16:04,1083,no_activity,desktop
sess_00003277,cust_000797,2026-02-20 01:28:38,174,no_activity,desktop
sess_00003278,,2026-02-20 09:26:49,416,no_activity,tablet
sess_00003279,cust_001930,2026-02-20 17:26:44,1619,no_activity,mobile
sess_00003280,,2026-02-20 08:55:01,1618,no_activity,desktop
sess_00003281,cust_002225,2026-02-20 20:58:13,19,no_activity,desktop
sess_00003282,cust_002211,2026-02-20 16:50:26,310,no_activity,mobile
sess_00003283,,2026-02-20 06:11:06,1825,logout,desktop
sess_00003284,cust_002575,2026-02-20 11:38:15,21,no_activity,desktop
sess_00003285,cust_000855,2026-02-20 15:19:43,618,no_activity,desktop
sess_00003286,cust_001930,2026-02-20 11:23:19,2198,timeout,desktop
sess_00003287,,2026-02-20 10:15:47,336,no_activity,mobile
sess_00003288,cust_002983,2026-02-20 11:39:33,1345,no_activity,desktop
sess_00003289,cust_002377,2026-02-20 17:51:54,208,no_activity,mobile
sess_00003290,,2026-02-20 11:26:57,174,no_activity,desktop
sess_00003291,cust_000978,2026-02-20 22:14:06,705,timeout,desktop
sess_00003292,cust_000358,2026-02-20 07:57:21,403,no_activity,desktop
sess_00003293,,2026-02-20 19:50:53,2230,no_activity,mobile
sess_00003294,,2026-02-20 21:00:32,664,no_activity,mobile
sess_00003295,,2026-02-20 08:07:53,18,no_activity,desktop
sess_00003296,cust_000960,2026-02-20 16:29:38,237,logout,desktop
sess_00003297,,2026-02-20 12:39:57,208,no_activity,mobile
sess_00003298,cust_001301,2026-02-20 18:59:56,124,timeout,mobile
sess_00003299,cust_001419,2026-02-20 20:00:58,1200,no_activity,mobile
sess_00003300,,2026-02-20 16:20:29,1211,no_activity,desktop
sess_00003301,,2026-02-20 09:45:35,9,no_activity,mobile
sess_00003302,cust_002648,2026-02-20 17:54:08,15,no_activity,desktop
sess_00003303,,2026-02-20 22:40:22,237,no_activity,desktop
sess_00003304,,2026-02-20 17:31:24,255,no_activity,mobile
sess_00003305,,2026-02-20 09:42:59,87,no_activity,desktop
sess_00003306,cust_000152,2026-02-20 18:35:34,19,no_activity,desktop
sess_00003307,cust_001763,2026-02-20 10:29:08,22,no_activity,mobile
sess_00003308,cust_001775,2026-02-20 23:45:07,799,no_activity,desktop
sess_00003309,,2026-02-20 09:51:24,70,no_activity,desktop
sess_00003310,,2026-02-20 11:05:15,419,no_activity,desktop
sess_00003311,cust_001039,2026-02-20 07:59:47,916,no_activity,mobile
sess_00003312,cust_001382,2026-02-20 18:19:48,626,no_activity,mobile
sess_00003313,cust_002084,2026-02-20 08:57:23,985,no_activity,desktop
sess_00003314,,2026-02-20 13:43:26,27,no_activity,desktop
sess_00003315,cust_000590,2026-02-20 08:11:38,686,no_activity,desktop
sess_00003316,,2026-02-20 21:19:43,30,no_activity,mobile
sess_00003317,cust_001432,2026-02-20 12:09:32,585,no_activity,desktop
sess_00003318,,2026-02-20 15:44:22,1357,no_activity,desktop
sess_00003319,,2026-02-20 18:12:10,24,no_activity,mobile
sess_00003320,,2026-02-20 13:13:13,167,no_activity,desktop
sess_00003321,,2026-02-20 19:03:18,4143,no_activity,desktop
sess_00003322,,2026-02-21 07:43:34,182,no_activity,mobile
sess_00003323,cust_002526,2026-02-21 06:07:19,16,no_activity,mobile
sess_00003324,,2026-02-21 20:54:33,23,no_activity,desktop
sess_00003325,,2026-02-21 11:32:09,103,no_activity,mobile
sess_00003326,,2026-02-21 08:09:46,165,no_activity,mobile
sess_00003327,cust_001056,2026-02-21 14:09:14,178,logout,desktop
sess_00003328,cust_001466,2026-02-21 20:06:12,356,no_activity,desktop
sess_00003329,,2026-02-21 19:33:00,15,no_activity,mobile
sess_00003330,,2026-02-21 18:52:36,134,no_activity,mobile
sess_00003331,cust_000750,2026-02-21 17:50:12,1128,timeout,mobile
sess_00003332,cust_000442,2026-02-21 10:09:50,17,no_activity,tablet
sess_00003333,cust_002668,2026-02-21 18:24:10,83,no_activity,desktop
sess_00003334,cust_000746,2026-02-21 07:41:50,1937,timeout,mobile
sess_00003335,,2026-02-21 09:16:56,100,timeout,tablet
sess_00003336,,2026-02-21 18:23:56,310,no_activity,mobile
sess_00003337,,2026-02-21 16:15:29,2282,no_activity,desktop
sess_00003338,cust_001413,2026-02-21 22:00:49,171,no_activity,mobile
sess_00003339,,2026-02-21 16:38:01,190,no_activity,mobile
sess_00003340,,2026-02-21 18:02:56,89,no_activity,desktop
sess_00003341,,2026-02-21 08:36:33,259,no_activity,desktop
sess_00003342,,2026-02-21 14:10:38,26,no_activity,mobile
sess_00003343,,2026-02-21 21:57:03,159,no_activity,desktop
sess_00003344,cust_002382,2026-02-21 14:33:51,402,no_activity,mobile
sess_00003345,cust_001973,2026-02-21 17:15:12,2858,logout,desktop
sess_00003346,cust_001663,2026-02-21 12:23:27,166,no_activity,tablet
sess_00003347,,2026-02-21 07:34:41,1,no_activity,desktop
sess_00003348,cust_002006,2026-02-21 02:51:27,72,logout,desktop
sess_00003349,,2026-02-21 16:50:28,724,no_activity,mobile
sess_00003350,cust_001930,2026-02-21 18:25:20,582,no_activity,mobile
sess_00003351,,2026-02-21 17:23:30,265,timeout,desktop
sess_00003352,cust_000884,2026-02-21 20:16:48,9,no_activity,tablet
sess_00003353,,2026-02-21 15:42:59,128,no_activity,desktop
sess_00003354,cust_001153,2026-02-21 16:18:32,383,no_activity,desktop
sess_00003355,,2026-02-21 18:32:11,990,no_activity,desktop
sess_00003356,cust_002308,2026-02-21 07:47:01,149,no_activity,desktop
sess_00003357,,2026-02-21 11:59:18,473,no_activity,mobile
sess_00003358,cust_002160,2026-02-21 16:09:50,122,no_activity,desktop
sess_00003359,,2026-02-21 16:43:56,1187,timeout,mobile
sess_00003360,cust_002471,2026-02-21 08:24:13,114,logout,desktop
sess_00003361,,2026-02-21 15:46:02,841,no_activity,desktop
sess_00003362,,2026-02-21 21:35:42,826,no_activity,desktop
sess_00003363,,2026-02-21 03:36:18,124,no_activity,mobile
sess_00003364,cust_001400,2026-02-21 12:26:37,308,no_activity,desktop
sess_00003365,cust_000632,2026-02-21 10:29:37,275,no_activity,mobile
sess_00003366,,2026-02-21 16:24:03,251,no_activity,desktop
sess_00003367,cust_002352,2026-02-21 21:29:46,25,no_activity,desktop
sess_00003368,,2026-02-21 12:59:35,149,no_activity,mobile
sess_00003369,,2026-02-21 13:37:02,2149,no_activity,desktop
sess_00003370,,2026-02-21 14:07:42,69,no_activity,tablet
sess_00003371,,2026-02-21 23:20:43,15,no_activity,desktop
sess_00003372,,2026-02-21 14:19:08,68,no_activity,desktop
sess_00003373,cust_000888,2026-02-21 15:04:04,179,logout,mobile
sess_00003374,,2026-02-21 12:42:59,494,no_activity,mobile
sess_00003375,,2026-02-21 18:22:05,247,timeout,desktop
sess_00003376,cust_002548,2026-02-21 13:18:29,1307,logout,desktop
sess_00003377,,2026-02-21 08:18:51,27,timeout,desktop
sess_00003378,cust_001429,2026-02-21 12:49:37,129,timeout,desktop
sess_00003379,,2026-02-21 16:23:40,318,no_activity,desktop
sess_00003380,,2026-02-21 10:00:32,178,no_activity,mobile
sess_00003381,,2026-02-21 14:48:50,626,no_activity,mobile
sess_00003382,,2026-02-21 20:45:27,1084,logout,tablet
sess_00003383,cust_002870,2026-02-21 19:06:27,144,no_activity,mobile
sess_00003384,,2026-02-21 20:37:19,319,no_activity,mobile
sess_00003385,,2026-02-21 08:58:49,143,no_activity,mobile
sess_00003386,cust_000427,2026-02-21 21:03:36,5921,timeout,desktop
sess_00003387,,2026-02-21 09:40:40,8,no_activity,mobile
sess_00003388,,2026-02-21 16:38:02,1,no_activity,mobile
sess_00003389,cust_001157,2026-02-21 19:20:02,25,no_activity,mobile
sess_00003390,cust_000616,2026-02-21 19:19:00,257,no_activity,mobile
sess_00003391,cust_002205,2026-02-21 10:22:25,256,timeout,desktop
sess_00003392,,2026-02-21 09:12:59,13,no_activity,mobile
sess_00003393,cust_002740,2026-02-22 10:57:21,280,no_activity,desktop
sess_00003394,,2026-02-22 21:28:51,723,logout,mobile
sess_00003395,,2026-02-22 21:00:32,28,no_activity,tablet
sess_00003396,,2026-02-22 16:58:19,588,logout,desktop
sess_00003397,,2026-02-22 15:08:57,2939,timeout,desktop
sess_00003398,cust_002107,2026-02-22 17:41:11,408,no_activity,mobile
sess_00003399,cust_002312,2026-02-22 06:25:22,147,no_activity,desktop
sess_00003400,cust_000771,2026-02-22 16:33:25,346,timeout,mobile
sess_00003401,,2026-02-22 17:35:09,835,timeout,mobile
sess_00003402,cust_000545,2026-02-22 19:29:01,533,timeout,mobile
sess_00003403,,2026-02-22 18:29:22,440,no_activity,mobile
sess_00003404,cust_000189,2026-02-22 16:52:40,753,no_activity,mobile
sess_00003405,cust_001029,2026-02-22 18:53:55,796,timeout,desktop
sess_00003406,cust_000297,2026-02-22 13:38:36,418,no_activity,tablet
sess_00003407,cust_000040,2026-02-22 13:16:11,213,no_activity,mobile
sess_00003408,,2026-02-22 15:28:20,418,no_activity,mobile
sess_00003409,cust_002922,2026-02-22 23:51:05,2,no_activity,mobile
sess_00003410,,2026-02-22 17:37:09,535,no_activity,desktop
sess_00003411,cust_000270,2026-02-22 10:50:21,2,no_activity,mobile
sess_00003412,cust_001489,2026-02-22 16:02:55,369,no_activity,desktop
sess_00003413,cust_001642,2026-02-22 14:19:34,540,no_activity,desktop
sess_00003414,,2026-02-22 10:19:45,3294,no_activity,desktop
sess_00003415,,2026-02-22 11:06:14,5059,logout,mobile
sess_00003416,cust_000632,2026-02-22 13:57:57,421,timeout,desktop
sess_00003417,,2026-02-22 09:32:30,751,no_activity,mobile
sess_00003418,,2026-02-22 16:41:10,733,no_activity,desktop
sess_00003419,cust_001942,2026-02-22 20:02:24,636,no_activity,mobile
sess_00003420,cust_000618,2026-02-22 14:59:53,20,no_activity,desktop
sess_00003421,cust_002139,2026-02-22 17:06:04,2756,no_activity,desktop
sess_00003422,,2026-02-22 17:47:22,326,no_activity,desktop
sess_00003423,,2026-02-22 17:14:37,2114,no_activity,tablet
sess_00003424,,2026-02-22 14:54:51,260,no_activity,mobile
sess_00003425,cust_002751,2026-02-22 14:22:58,28,no_activity,desktop
sess_00003426,cust_000539,2026-02-22 15:13:23,208,no_activity,mobile
sess_00003427,cust_002385,2026-02-22 08:08:01,190,no_activity,mobile
sess_00003428,,2026-02-22 14:06:39,460,no_activity,desktop
sess_00003429,cust_000765,2026-02-22 11:54:14,803,timeout,desktop
sess_00003430,cust_001745,2026-02-22 19:11:29,30,no_activity,desktop
sess_00003431,,2026-02-22 20:43:53,139,logout,mobile
sess_00003432,cust_000233,2026-02-22 15:34:29,856,no_activity,mobile
sess_00003433,cust_000944,2026-02-22 09:38:04,1436,no_activity,desktop
sess_00003434,,2026-02-22 15:08:53,520,no_activity,desktop
sess_00003435,cust_000199,2026-02-22 14:19:28,141,no_activity,desktop
sess_00003436,,2026-02-22 10:26:05,238,logout,mobile
sess_00003437,,2026-02-22 21:22:26,1000,no_activity,desktop
sess_00003438,cust_002465,2026-02-22 22:30:02,947,no_activity,mobile
sess_00003439,,2026-02-22 16:36:27,156,no_activity,desktop
sess_00003440,,2026-02-22 14:32:08,288,timeout,mobile
sess_00003441,,2026-02-22 16:51:33,81,no_activity,mobile
sess_00003442,cust_002247,2026-02-22 18:57:01,16,no_activity,mobile
sess_00003443,cust_002765,2026-02-22 19:48:44,646,no_activity,mobile
sess_00003444,,2026-02-22 20:56:36,723,no_activity,mobile
sess_00003445,,2026-02-22 19:12:22,29,no_activity,mobile
sess_00003446,cust_000425,2026-02-22 17:53:24,623,no_activity,desktop
sess_00003447,cust_002660,2026-02-22 23:42:42,496,timeout,mobile
sess_00003448,cust_000258,2026-02-22 09:49:00,514,no_activity,desktop
sess_00003449,cust_001234,2026-02-22 21:49:12,251,no_activity,desktop
sess_00003450,,2026-02-22 20:31:04,171,no_activity,desktop
sess_00003451,,2026-02-22 03:13:13,1467,no_activity,desktop
sess_00003452,,2026-02-22 06:30:02,194,no_activity,mobile
sess_00003453,cust_000119,2026-02-22 13:23:16,27,no_activity,desktop
sess_00003454,,2026-02-22 18:48:49,2802,no_activity,mobile
sess_00003455,cust_001195,2026-02-22 20:29:05,323,no_activity,mobile
sess_00003456,,2026-02-22 08:03:16,165,timeout,mobile
sess_00003457,cust_000469,2026-02-22 20:06:05,1271,no_activity,mobile
sess_00003458,,2026-02-22 19:35:50,1496,no_activity,desktop
sess_00003459,,2026-02-22 18:05:08,929,timeout,desktop
sess_00003460,,2026-02-22 09:13:13,114,logout,desktop
sess_00003461,,2026-02-23 14:09:09,482,no_activity,desktop
sess_00003462,,2026-02-23 13:37:22,627,timeout,mobile
sess_00003463,,2026-02-23 18:43:37,74,no_activity,mobile
sess_00003464,cust_002571,2026-02-23 21:49:08,27,no_activity,desktop
sess_00003465,,2026-02-23 17:43:29,238,no_activity,desktop
sess_00003466,cust_001302,2026-02-23 11:02:37,71,no_activity,desktop
sess_00003467,cust_002476,2026-02-23 17:18:26,366,no_activity,mobile
sess_00003468,,2026-02-23 20:39:56,1402,no_activity,mobile
sess_00003469,cust_001554,2026-02-23 17:25:50,1619,no_activity,desktop
sess_00003470,,2026-02-23 09:53:28,857,no_activity,desktop
sess_00003471,,2026-02-23 10:33:13,173,no_activity,mobile
sess_00003472,,2026-02-23 07:38:53,11,no_activity,desktop
sess_00003473,,2026-02-23 09:35:51,2985,no_activity,tablet
sess_00003474,cust_002635,2026-02-23 14:56:32,370,no_activity,desktop
sess_00003475,cust_001616,2026-02-23 14:44:42,369,timeout,desktop
sess_00003476,,2026-02-23 11:52:18,206,no_activity,mobile
sess_00003477,,2026-02-23 14:16:11,987,no_activity,mobile
sess_00003478,cust_001644,2026-02-23 19:32:59,237,timeout,desktop
sess_00003479,cust_002821,2026-02-23 12:09:16,131,no_activity,desktop
sess_00003480,cust_002557,2026-02-23 05:53:56,22,no_activity,desktop
sess_00003481,cust_002016,2026-02-23 12:52:41,213,timeout,desktop
sess_00003482,cust_000946,2026-02-23 23:08:49,775,no_activity,mobile
sess_00003483,,2026-02-23 13:58:10,1847,no_activity,desktop
sess_00003484,cust_000991,2026-02-23 22:59:52,94,timeout,tablet
sess_00003485,cust_000197,2026-02-23 09:42:23,278,no_activity,tablet
sess_00003486,cust_002171,2026-02-23 20:21:09,195,no_activity,mobile
sess_00003487,,2026-02-23 06:03:05,946,timeout,desktop
sess_00003488,cust_001797,2026-02-23 13:31:45,158,no_activity,mobile
sess_00003489,cust_002297,2026-02-23 12:08:21,1539,no_activity,desktop
sess_00003490,,2026-02-23 05:51:48,768,no_activity,desktop
sess_00003491,,2026-02-23 14:48:26,1300,no_activity,desktop
sess_00003492,cust_002507,2026-02-23 12:08:15,528,no_activity,mobile
sess_00003493,,2026-02-23 07:18:13,222,no_activity,desktop
sess_00003494,,2026-02-23 19:42:29,653,timeout,mobile
sess_00003495,,2026-02-23 06:06:35,387,no_activity,mobile
sess_00003496,,2026-02-23 09:38:47,14,no_activity,desktop
sess_00003497,,2026-02-23 18:29:05,432,no_activity,desktop
sess_00003498,,2026-02-23 10:35:45,182,no_activity,mobile
sess_00003499,cust_002358,2026-02-23 08:30:33,298,no_activity,desktop
sess_00003500,,2026-02-23 10:40:01,75,timeout,mobile
sess_00003501,cust_002780,2026-02-23 08:56:47,99,logout,tablet
sess_00003502,,2026-02-23 19:06:01,183,timeout,desktop
sess_00003503,,2026-02-23 12:07:09,1064,no_activity,mobile
sess_00003504,,2026-02-23 13:43:29,250,no_activity,desktop
sess_00003505,,2026-02-23 13:19:29,145,no_activity,mobile
sess_00003506,,2026-02-23 10:19:24,101,no_activity,desktop
sess_00003507,,2026-02-23 07:43:41,7,no_activity,desktop
sess_00003508,,2026-02-23 08:07:34,249,no_activity,desktop
sess_00003509,cust_001599,2026-02-23 15:32:16,1564,no_activity,mobile
sess_00003510,cust_001986,2026-02-23 13:40:26,657,logout,mobile
sess_00003511,cust_000785,2026-02-23 14:05:21,443,timeout,tablet
sess_00003512,,2026-02-23 16:47:08,1140,no_activity,mobile
sess_00003513,cust_000019,2026-02-23 12:43:10,227,logout,desktop
sess_00003514,cust_000489,2026-02-23 20:38:33,1237,timeout,mobile
sess_00003515,cust_000962,2026-02-23 17:38:42,175,no_activity,tablet
sess_00003516,,2026-02-23 06:45:40,155,no_activity,mobile
sess_00003517,,2026-02-23 16:37:31,447,no_activity,desktop
sess_00003518,,2026-02-23 11:52:31,23,no_activity,mobile
sess_00003519,,2026-02-23 10:47:29,128,no_activity,desktop
sess_00003520,cust_001709,2026-02-23 16:59:32,1475,no_activity,mobile
sess_00003521,,2026-02-23 18:40:58,430,no_activity,mobile
sess_00003522,,2026-02-23 12:13:02,365,timeout,desktop
sess_00003523,,2026-02-23 17:18:20,239,no_activity,desktop
sess_00003524,cust_002790,2026-02-23 08:23:14,23,no_activity,mobile
sess_00003525,,2026-02-23 13:38:10,845,no_activity,desktop
sess_00003526,,2026-02-24 11:31:07,148,no_activity,desktop
sess_00003527,cust_002606,2026-02-24 07:37:28,374,no_activity,tablet
sess_00003528,cust_001839,2026-02-24 17:26:59,194,no_activity,desktop
sess_00003529,cust_000421,2026-02-24 18:05:14,14,no_activity,desktop
sess_00003530,cust_000785,2026-02-24 10:31:34,991,timeout,mobile
sess_00003531,,2026-02-24 13:45:49,984,no_activity,desktop
sess_00003532,cust_002308,2026-02-24 10:38:23,2024,no_activity,desktop
sess_00003533,,2026-02-24 14:44:06,24,no_activity,tablet
sess_00003534,cust_001426,2026-02-24 20:10:46,413,no_activity,mobile
sess_00003535,,2026-02-24 16:30:09,11,no_activity,mobile
sess_00003536,,2026-02-24 12:09:54,599,timeout,desktop
sess_00003537,,2026-02-24 12:32:08,3105,no_activity,desktop
sess_00003538,,2026-02-24 10:50:42,2470,no_activity,desktop
sess_00003539,,2026-02-24 07:12:06,1729,logout,mobile
sess_00003540,,2026-02-24 10:50:16,485,no_activity,mobile
sess_00003541,,2026-02-24 00:45:49,125,no_activity,mobile
sess_00003542,,2026-02-24 20:33:45,60,no_activity,tablet
sess_00003543,,2026-02-24 13:07:16,437,no_activity,mobile
sess_00003544,,2026-02-24 04:42:10,898,no_activity,desktop
sess_00003545,cust_000390,2026-02-24 15:41:58,235,logout,desktop
sess_00003546,,2026-02-24 22:50:40,2985,no_activity,desktop
sess_00003547,cust_000545,2026-02-24 12:11:47,543,timeout,mobile
sess_00003548,cust_002766,2026-02-24 10:33:33,24,no_activity,mobile
sess_00003549,cust_000944,2026-02-24 23:31:35,379,no_activity,mobile
sess_00003550,cust_001872,2026-02-24 12:33:58,6147,no_activity,desktop
sess_00003551,cust_001311,2026-02-24 09:59:47,290,no_activity,desktop
sess_00003552,cust_000547,2026-02-24 09:33:56,234,logout,desktop
sess_00003553,cust_002982,2026-02-24 21:06:41,16,no_activity,desktop
sess_00003554,,2026-02-24 21:59:49,342,no_activity,desktop
sess_00003555,,2026-02-24 14:31:05,747,no_activity,mobile
sess_00003556,,2026-02-24 09:46:42,103,no_activity,desktop
sess_00003557,cust_002724,2026-02-24 17:37:47,16,no_activity,desktop
sess_00003558,cust_000561,2026-02-24 22:14:41,327,no_activity,desktop
sess_00003559,,2026-02-24 14:57:38,27,no_activity,desktop
sess_00003560,,2026-02-24 19:03:09,20,no_activity,mobile
sess_00003561,,2026-02-24 12:32:29,250,no_activity,desktop
sess_00003562,cust_001430,2026-02-24 10:16:11,484,timeout,mobile
sess_00003563,cust_002580,2026-02-24 17:04:05,556,no_activity,mobile
sess_00003564,cust_000937,2026-02-24 18:23:10,460,no_activity,mobile
sess_00003565,cust_000136,2026-02-24 10:05:04,25,no_activity,desktop
sess_00003566,cust_002329,2026-02-24 19:31:55,29,no_activity,desktop
sess_00003567,,2026-02-24 19:05:45,6413,no_activity,mobile
sess_00003568,,2026-02-24 06:40:27,16,no_activity,desktop
sess_00003569,,2026-02-24 13:07:10,96,no_activity,desktop
sess_00003570,cust_002829,2026-02-24 10:23:33,552,no_activity,tablet
sess_00003571,cust_000621,2026-02-24 11:08:24,408,timeout,desktop
sess_00003572,,2026-02-24 07:30:31,341,no_activity,tablet
sess_00003573,,2026-02-24 10:44:51,475,no_activity,mobile
sess_00003574,,2026-02-24 14:39:20,528,no_activity,desktop
sess_00003575,,2026-02-24 06:54:24,466,timeout,desktop
sess_00003576,cust_000186,2026-02-24 20:13:34,201,no_activity,mobile
sess_00003577,,2026-02-24 07:29:36,429,no_activity,mobile
sess_00003578,,2026-02-24 13:26:03,345,no_activity,desktop
sess_00003579,cust_002729,2026-02-24 18:23:30,71,timeout,mobile
sess_00003580,,2026-02-24 08:17:42,128,no_activity,desktop
sess_00003581,,2026-02-24 20:16:11,1551,no_activity,desktop
sess_00003582,,2026-02-24 20:27:55,400,no_activity,mobile
sess_00003583,,2026-02-24 18:35:14,138,no_activity,mobile
sess_00003584,cust_001735,2026-02-24 08:08:58,900,timeout,desktop
sess_00003585,,2026-02-24 15:37:37,1528,timeout,desktop
sess_00003586,,2026-02-24 14:37:50,552,timeout,desktop
sess_00003587,cust_002770,2026-02-24 04:50:58,98,timeout,mobile
sess_00003588,cust_002034,2026-02-24 16:45:50,145,timeout,mobile
sess_00003589,cust_002770,2026-02-24 14:22:23,159,timeout,mobile
sess_00003590,,2026-02-24 16:09:19,372,no_activity,desktop
sess_00003591,cust_000315,2026-02-24 20:12:17,602,no_activity,desktop
sess_00003592,,2026-02-24 16:22:36,264,no_activity,desktop
sess_00003593,,2026-02-24 09:04:29,1994,no_activity,mobile
sess_00003594,,2026-02-24 07:04:31,5,no_activity,desktop
sess_00003595,,2026-02-24 09:59:08,5,no_activity,desktop
sess_00003596,cust_002131,2026-02-24 12:18:27,368,no_activity,desktop
sess_00003597,,2026-02-24 16:06:47,900,no_activity,desktop
sess_00003598,,2026-02-24 09:41:26,130,no_activity,desktop
sess_00003599,cust_001398,2026-02-24 10:08:43,409,no_activity,mobile
sess_00003600,,2026-02-25 13:52:55,1323,no_activity,desktop
sess_00003601,,2026-02-25 14:57:41,11,no_activity,desktop
sess_00003602,,2026-02-25 14:15:47,439,logout,mobile
sess_00003603,,2026-02-25 18:37:43,2497,no_activity,mobile
sess_00003604,,2026-02-25 14:34:29,18,no_activity,desktop
sess_00003605,,2026-02-25 17:37:09,1069,timeout,desktop
sess_00003606,,2026-02-25 14:42:40,248,no_activity,mobile
sess_00003607,,2026-02-25 10:54:27,3075,no_activity,mobile
sess_00003608,cust_001052,2026-02-25 16:17:40,697,logout,mobile
sess_00003609,,2026-02-25 22:38:38,484,no_activity,mobile
sess_00003610,,2026-02-25 18:35:48,1991,timeout,mobile
sess_00003611,,2026-02-25 16:22:39,1520,no_activity,mobile
sess_00003612,,2026-02-25 08:07:36,421,timeout,desktop
sess_00003613,,2026-02-25 03:38:11,435,no_activity,mobile
sess_00003614,,2026-02-25 11:24:47,81,no_activity,mobile
sess_00003615,cust_002018,2026-02-25 13:04:45,22,no_activity,desktop
sess_00003616,,2026-02-25 07:25:31,2438,no_activity,desktop
sess_00003617,,2026-02-25 13:53:27,10,no_activity,mobile
sess_00003618,cust_000331,2026-02-25 08:06:29,189,no_activity,desktop
sess_00003619,,2026-02-25 16:49:40,99,timeout,desktop
sess_00003620,cust_001467,2026-02-25 12:29:13,388,no_activity,desktop
sess_00003621,,2026-02-25 11:16:47,202,no_activity,mobile
sess_00003622,cust_002781,2026-02-25 19:45:00,60,no_activity,mobile
sess_00003623,cust_001787,2026-02-25 16:58:03,172,timeout,mobile
sess_00003624,cust_001470,2026-02-25 17:17:29,678,no_activity,mobile
sess_00003625,cust_002919,2026-02-25 11:03:29,23,no_activity,desktop
sess_00003626,,2026-02-25 19:10:31,709,no_activity,desktop
sess_00003627,cust_002283,2026-02-25 12:10:33,2106,no_activity,desktop
sess_00003628,,2026-02-25 20:41:51,28,no_activity,tablet
sess_00003629,cust_002407,2026-02-25 11:27:07,469,logout,desktop
sess_00003630,,2026-02-25 16:49:42,1887,no_activity,mobile
sess_00003631,,2026-02-25 20:44:45,4,no_activity,mobile
sess_00003632,cust_001336,2026-02-25 12:57:50,15,no_activity,mobile
sess_00003633,,2026-02-25 17:58:32,261,no_activity,desktop
sess_00003634,,2026-02-25 19:23:40,161,no_activity,mobile
sess_00003635,cust_000089,2026-02-25 20:10:39,122,no_activity,mobile
sess_00003636,,2026-02-25 18:05:45,1485,no_activity,desktop
sess_00003637,cust_002033,2026-02-25 10:02:24,1331,no_activity,desktop
sess_00003638,cust_000095,2026-02-25 15:16:45,44,timeout,desktop
sess_00003639,,2026-02-25 13:26:15,612,no_activity,desktop
sess_00003640,cust_000238,2026-02-25 21:09:13,958,no_activity,mobile
sess_00003641,cust_002349,2026-02-25 19:57:44,485,no_activity,mobile
sess_00003642,,2026-02-25 17:29:58,276,no_activity,tablet
sess_00003643,,2026-02-25 20:50:31,828,no_activity,mobile
sess_00003644,,2026-02-25 21:09:52,737,timeout,desktop
sess_00003645,cust_002977,2026-02-25 18:42:09,414,no_activity,mobile
sess_00003646,,2026-02-25 21:20:21,2645,no_activity,tablet
sess_00003647,,2026-02-25 19:20:18,26,no_activity,desktop
sess_00003648,,2026-02-25 18:53:29,87,no_activity,tablet
sess_00003649,cust_001686,2026-02-25 19:55:28,4425,no_activity,desktop
sess_00003650,,2026-02-25 12:35:13,301,no_activity,desktop
sess_00003651,,2026-02-25 09:49:06,165,no_activity,tablet
sess_00003652,,2026-02-25 08:44:52,255,no_activity,desktop
sess_00003653,,2026-02-25 19:30:31,503,no_activity,desktop
sess_00003654,cust_002706,2026-02-25 09:47:42,726,no_activity,mobile
sess_00003655,,2026-02-25 12:48:53,680,timeout,desktop
sess_00003656,,2026-02-25 10:40:02,6,no_activity,mobile
sess_00003657,cust_000474,2026-02-25 15:34:51,427,no_activity,desktop
sess_00003658,cust_002142,2026-02-25 16:49:11,28,no_activity,desktop
sess_00003659,,2026-02-25 17:11:20,2023,no_activity,tablet
sess_00003660,,2026-02-25 18:22:41,1027,no_activity,mobile
sess_00003661,cust_002669,2026-02-25 08:00:04,403,no_activity,desktop
sess_00003662,cust_002876,2026-02-25 11:57:48,1070,no_activity,desktop
sess_00003663,,2026-02-25 07:09:15,92,timeout,desktop
sess_00003664,cust_000060,2026-02-25 16:23:06,913,no_activity,desktop
sess_00003665,,2026-02-25 12:48:54,315,no_activity,desktop
sess_00003666,,2026-02-25 16:09:12,330,no_activity,desktop
sess_00003667,cust_000187,2026-02-25 14:01:00,298,no_activity,desktop
sess_00003668,cust_001929,2026-02-25 14:50:44,109,no_activity,desktop
sess_00003669,cust_001737,2026-02-25 18:23:12,244,no_activity,desktop
sess_00003670,cust_001208,2026-02-25 11:47:17,108,logout,mobile
sess_00003671,,2026-02-25 15:10:30,2,no_activity,mobile
sess_00003672,cust_000272,2026-02-25 14:03:33,1514,timeout,mobile
sess_00003673,,2026-02-26 13:35:23,935,no_activity,desktop
sess_00003674,cust_000144,2026-02-26 05:07:42,24,no_activity,desktop
sess_00003675,,2026-02-26 21:11:56,142,no_activity,desktop
sess_00003676,cust_001171,2026-02-26 13:50:18,23,no_activity,tablet
sess_00003677,,2026-02-26 17:05:53,4404,no_activity,desktop
sess_00003678,,2026-02-26 20:21:14,406,no_activity,desktop
sess_00003679,,2026-02-26 15:11:28,655,no_activity,desktop
sess_00003680,cust_000738,2026-02-26 20:45:54,265,logout,mobile
sess_00003681,,2026-02-26 17:14:09,221,no_activity,desktop
sess_00003682,cust_001983,2026-02-26 16:47:47,315,no_activity,desktop
sess_00003683,cust_001891,2026-02-26 11:54:44,344,no_activity,mobile
sess_00003684,,2026-02-26 20:19:14,231,no_activity,mobile
sess_00003685,cust_001242,2026-02-26 18:49:41,656,no_activity,desktop
sess_00003686,cust_002010,2026-02-26 10:50:59,106,no_activity,desktop
sess_00003687,,2026-02-26 16:58:27,310,no_activity,mobile
sess_00003688,,2026-02-26 18:01:06,730,no_activity,desktop
sess_00003689,,2026-02-26 20:39:30,1105,no_activity,mobile
sess_00003690,cust_000510,2026-02-26 07:04:32,1,no_activity,mobile
sess_00003691,,2026-02-26 12:11:20,451,no_activity,desktop
sess_00003692,cust_001628,2026-02-26 16:28:51,95,no_activity,mobile
sess_00003693,,2026-02-26 13:16:56,909,no_activity,mobile
sess_00003694,cust_001221,2026-02-26 02:45:56,490,no_activity,desktop
sess_00003695,cust_002851,2026-02-26 07:14:11,497,timeout,desktop
sess_00003696,,2026-02-26 08:47:45,870,no_activity,desktop
sess_00003697,,2026-02-26 14:13:17,17,no_activity,desktop
sess_00003698,,2026-02-26 11:59:20,1130,timeout,mobile
sess_00003699,cust_001498,2026-02-26 18:18:34,535,no_activity,mobile
sess_00003700,cust_001841,2026-02-26 22:39:40,203,no_activity,desktop
sess_00003701,,2026-02-26 04:14:35,589,no_activity,desktop
sess_00003702,,2026-02-26 12:40:19,11,no_activity,mobile
sess_00003703,,2026-02-26 14:10:24,650,no_activity,mobile
sess_00003704,cust_001485,2026-02-26 14:59:17,1337,timeout,desktop
sess_00003705,,2026-02-26 19:49:28,887,timeout,mobile
sess_00003706,,2026-02-26 12:34:00,429,no_activity,mobile
sess_00003707,,2026-02-26 09:29:37,305,no_activity,desktop
sess_00003708,,2026-02-26 22:12:16,1409,no_activity,desktop
sess_00003709,cust_002096,2026-02-26 14:13:40,1369,timeout,desktop
sess_00003710,cust_002759,2026-02-26 04:35:50,3,no_activity,desktop
sess_00003711,cust_002030,2026-02-26 17:23:41,14,no_activity,desktop
sess_00003712,cust_000366,2026-02-26 20:15:18,96,no_activity,desktop
sess_00003713,,2026-02-26 18:11:03,1325,timeout,desktop
sess_00003714,,2026-02-26 13:16:15,178,no_activity,mobile
sess_00003715,,2026-02-26 12:37:34,2978,timeout,mobile
sess_00003716,cust_001343,2026-02-26 16:48:28,29,no_activity,mobile
sess_00003717,,2026-02-26 16:33:36,306,no_activity,mobile
sess_00003718,cust_002044,2026-02-26 15:28:44,3389,no_activity,desktop
sess_00003719,cust_000480,2026-02-26 16:41:16,186,no_activity,desktop
sess_00003720,,2026-02-26 07:51:00,1444,timeout,mobile
sess_00003721,,2026-02-26 03:51:03,25,no_activity,mobile
sess_00003722,,2026-02-26 14:46:00,488,no_activity,desktop
sess_00003723,,2026-02-26 21:30:18,392,no_activity,desktop
sess_00003724,cust_002027,2026-02-26 20:34:25,895,timeout,desktop
sess_00003725,,2026-02-26 22:04:19,584,no_activity,desktop
sess_00003726,cust_002132,2026-02-26 17:39:14,436,no_activity,desktop
sess_00003727,cust_000573,2026-02-26 22:37:41,1359,no_activity,mobile
sess_00003728,cust_001358,2026-02-26 10:11:44,96,timeout,mobile
sess_00003729,,2026-02-26 10:50:44,129,timeout,mobile
sess_00003730,cust_002577,2026-02-26 16:54:01,303,timeout,desktop
sess_00003731,cust_002338,2026-02-26 14:18:39,12,no_activity,mobile
sess_00003732,,2026-02-26 09:12:47,73,no_activity,desktop
sess_00003733,cust_001463,2026-02-26 14:28:20,174,no_activity,mobile
sess_00003734,,2026-02-26 10:24:34,1716,no_activity,desktop
sess_00003735,,2026-02-26 08:52:23,506,no_activity,desktop
sess_00003736,,2026-02-26 22:55:31,427,no_activity,desktop
sess_00003737,,2026-02-27 10:06:24,17,no_activity,mobile
sess_00003738,cust_002877,2026-02-27 16:16:23,986,no_activity,desktop
sess_00003739,cust_001993,2026-02-27 09:07:08,17,no_activity,desktop
sess_00003740,cust_001645,2026-02-27 14:44:58,175,no_activity,tablet
sess_00003741,,2026-02-27 08:25:00,112,timeout,mobile
sess_00003742,,2026-02-27 12:35:59,552,logout,mobile
sess_00003743,cust_001810,2026-02-27 16:52:18,317,timeout,desktop
sess_00003744,cust_001130,2026-02-27 15:38:28,263,no_activity,desktop
sess_00003745,,2026-02-27 12:01:35,15,no_activity,mobile
sess_00003746,,2026-02-27 13:11:18,30,no_activity,mobile
sess_00003747,cust_002594,2026-02-27 18:46:03,3847,no_activity,desktop
sess_00003748,cust_000825,2026-02-27 01:51:57,81,no_activity,mobile
sess_00003749,cust_000328,2026-02-27 18:58:29,141,no_activity,desktop
sess_00003750,,2026-02-27 15:35:25,718,no_activity,mobile
sess_00003751,cust_001093,2026-02-27 14:41:30,726,no_activity,desktop
sess_00003752,,2026-02-27 23:31:54,877,no_activity,tablet
sess_00003753,,2026-02-27 20:26:36,95,no_activity,desktop
sess_00003754,cust_002911,2026-02-27 11:00:05,440,no_activity,desktop
sess_00003755,,2026-02-27 17:59:35,108,timeout,desktop
sess_00003756,cust_000383,2026-02-27 20:19:27,965,no_activity,desktop
sess_00003757,,2026-02-27 13:38:51,8,no_activity,desktop
sess_00003758,cust_000760,2026-02-27 21:46:21,473,no_activity,mobile
sess_00003759,cust_002310,2026-02-27 09:10:04,1678,no_activity,mobile
sess_00003760,,2026-02-27 16:04:10,163,no_activity,desktop
sess_00003761,,2026-02-27 18:15:09,481,no_activity,desktop
sess_00003762,cust_000565,2026-02-27 14:44:24,520,no_activity,desktop
sess_00003763,cust_001676,2026-02-27 08:48:56,561,timeout,mobile
sess_00003764,,2026-02-27 12:12:01,334,no_activity,desktop
sess_00003765,cust_001064,2026-02-27 11:30:47,2047,no_activity,desktop
sess_00003766,cust_001765,2026-02-27 17:31:55,1792,no_activity,desktop
sess_00003767,,2026-02-27 14:31:02,26,no_activity,desktop
sess_00003768,,2026-02-27 12:18:40,617,no_activity,desktop
sess_00003769,,2026-02-27 12:18:56,18,no_activity,desktop
sess_00003770,,2026-02-27 09:11:22,1617,timeout,desktop
sess_00003771,cust_002540,2026-02-27 21:49:15,29,no_activity,mobile
sess_00003772,,2026-02-27 23:46:11,13,no_activity,mobile
sess_00003773,cust_002020,2026-02-27 13:07:08,598,no_activity,desktop
sess_00003774,cust_002842,2026-02-27 15:31:44,21,no_activity,mobile
sess_00003775,,2026-02-27 18:19:15,1,no_activity,desktop
sess_00003776,,2026-02-27 18:36:05,26,no_activity,mobile
sess_00003777,,2026-02-27 15:04:41,168,no_activity,tablet
sess_00003778,cust_002293,2026-02-27 19:17:52,652,timeout,desktop
sess_00003779,cust_002665,2026-02-27 08:03:06,5,no_activity,mobile
sess_00003780,cust_002758,2026-02-27 19:42:12,81,no_activity,mobile
sess_00003781,,2026-02-27 13:11:59,1147,no_activity,desktop
sess_00003782,,2026-02-27 10:20:42,602,no_activity,mobile
sess_00003783,cust_001871,2026-02-27 16:15:10,430,timeout,mobile
sess_00003784,,2026-02-27 11:09:09,347,timeout,mobile
sess_00003785,cust_000489,2026-02-27 16:51:27,374,logout,mobile
sess_00003786,,2026-02-27 09:58:31,138,no_activity,mobile
sess_00003787,,2026-02-27 09:31:55,312,timeout,desktop
sess_00003788,cust_000329,2026-02-27 17:02:11,211,no_activity,mobile
sess_00003789,cust_001829,2026-02-27 18:40:49,26,no_activity,mobile
sess_00003790,cust_001836,2026-02-27 15:07:34,158,no_activity,desktop
sess_00003791,cust_001605,2026-02-27 13:50:35,110,no_activity,mobile
sess_00003792,,2026-02-27 14:47:47,899,no_activity,desktop
sess_00003793,,2026-02-27 06:10:20,985,no_activity,desktop
sess_00003794,cust_002305,2026-02-27 11:04:24,929,no_activity,desktop
sess_00003795,,2026-02-27 20:16:03,2698,no_activity,mobile
sess_00003796,cust_001909,2026-02-27 04:56:52,340,no_activity,desktop
sess_00003797,cust_001932,2026-02-27 19:45:27,414,no_activity,desktop
sess_00003798,cust_000451,2026-02-27 17:32:03,285,no_activity,desktop
sess_00003799,cust_001084,2026-02-27 17:05:09,590,no_activity,desktop
sess_00003800,,2026-02-27 16:13:37,2154,timeout,mobile
sess_00003801,,2026-02-27 08:13:37,233,no_activity,mobile
sess_00003802,,2026-02-27 13:42:11,1483,no_activity,desktop
sess_00003803,,2026-02-27 21:48:31,412,no_activity,mobile
sess_00003804,cust_002514,2026-02-27 15:29:49,293,no_activity,tablet
sess_00003805,,2026-02-27 12:20:32,1,no_activity,mobile
sess_00003806,cust_002178,2026-02-27 13:05:33,25,no_activity,mobile
sess_00003807,cust_001421,2026-02-27 13:12:46,13,no_activity,mobile
sess_00003808,,2026-02-28 20:03:05,7,no_activity,desktop
sess_00003809,cust_001227,2026-02-28 08:38:21,594,no_activity,mobile
sess_00003810,,2026-02-28 20:52:35,154,no_activity,desktop
sess_00003811,cust_002593,2026-02-28 12:20:44,3,no_activity,desktop
sess_00003812,,2026-02-28 14:23:18,498,no_activity,desktop
sess_00003813,,2026-02-28 22:58:26,1027,no_activity,desktop
sess_00003814,,2026-02-28 15:51:58,29,no_activity,tablet
sess_00003815,cust_002009,2026-02-28 18:44:34,166,timeout,tablet
sess_00003816,,2026-02-28 08:37:43,1046,no_activity,desktop
sess_00003817,,2026-02-28 11:06:39,333,no_activity,desktop
sess_00003818,,2026-02-28 16:02:37,6,no_activity,tablet
sess_00003819,cust_000951,2026-02-28 19:55:46,570,timeout,desktop
sess_00003820,,2026-02-28 11:52:25,154,no_activity,mobile
sess_00003821,cust_000997,2026-02-28 18:20:35,2088,timeout,desktop
sess_00003822,cust_000430,2026-02-28 21:36:18,76,no_activity,mobile
sess_00003823,cust_002650,2026-02-28 09:26:04,1116,no_activity,desktop
sess_00003824,,2026-02-28 10:41:49,141,logout,tablet
sess_00003825,,2026-02-28 11:36:24,1125,timeout,mobile
sess_00003826,,2026-02-28 20:13:21,1136,no_activity,desktop
sess_00003827,,2026-02-28 15:02:31,212,logout,mobile
sess_00003828,,2026-02-28 15:26:20,159,timeout,mobile
sess_00003829,cust_001219,2026-02-28 16:17:18,625,logout,mobile
sess_00003830,cust_000027,2026-02-28 10:30:15,908,timeout,mobile
sess_00003831,,2026-02-28 17:20:39,435,timeout,desktop
sess_00003832,,2026-02-28 13:02:56,65,no_activity,desktop
sess_00003833,,2026-02-28 21:09:52,417,no_activity,desktop
sess_00003834,,2026-02-28 12:01:59,592,no_activity,desktop
sess_00003835,,2026-02-28 18:22:52,115,timeout,mobile
sess_00003836,cust_001106,2026-02-28 07:32:27,326,no_activity,mobile
sess_00003837,,2026-02-28 10:03:31,540,no_activity,desktop
sess_00003838,,2026-02-28 14:14:36,570,no_activity,mobile
sess_00003839,,2026-02-28 18:36:21,354,timeout,desktop
sess_00003840,,2026-02-28 20:49:45,500,no_activity,mobile
sess_00003841,,2026-02-28 19:27:02,12,no_activity,desktop
sess_00003842,cust_002014,2026-02-28 12:33:32,417,no_activity,desktop
sess_00003843,,2026-02-28 15:14:37,2018,no_activity,mobile
sess_00003844,cust_002997,2026-02-28 16:59:59,3,no_activity,mobile
sess_00003845,,2026-02-28 20:57:42,114,no_activity,desktop
sess_00003846,cust_002180,2026-02-28 11:39:28,343,logout,mobile
sess_00003847,cust_001692,2026-02-28 08:02:23,1200,no_activity,mobile
sess_00003848,,2026-02-28 16:24:09,24,no_activity,desktop
sess_00003849,cust_000542,2026-02-28 09:34:57,12,no_activity,mobile
sess_00003850,cust_001201,2026-02-28 10:38:17,58,no_activity,desktop
sess_00003851,cust_002488,2026-02-28 10:19:23,10,no_activity,mobile
sess_00003852,cust_001827,2026-02-28 20:48:16,15,no_activity,desktop
sess_00003853,cust_000420,2026-02-28 15:58:58,420,timeout,tablet
sess_00003854,,2026-02-28 12:10:06,87,timeout,mobile
sess_00003855,cust_001579,2026-02-28 15:38:31,15,no_activity,desktop
sess_00003856,cust_001100,2026-02-28 11:54:39,13,no_activity,desktop
sess_00003857,,2026-02-28 19:24:43,148,no_activity,mobile
sess_00003858,cust_002990,2026-02-28 11:26:13,381,logout,tablet
sess_00003859,,2026-02-28 11:15:22,1809,no_activity,desktop
sess_00003860,cust_000338,2026-02-28 07:51:51,192,no_activity,mobile
sess_00003861,,2026-02-28 07:28:56,197,no_activity,mobile
sess_00003862,,2026-02-28 19:12:29,890,timeout,mobile
sess_00003863,,2026-02-28 20:13:04,840,no_activity,mobile
sess_00003864,,2026-02-28 07:42:08,675,no_activity,desktop
sess_00003865,,2026-02-28 13:23:02,143,timeout,desktop
sess_00003866,,2026-02-28 19:07:16,373,no_activity,mobile
sess_00003867,cust_002251,2026-02-28 18:06:43,826,timeout,desktop
sess_00003868,cust_001832,2026-02-28 20:44:04,238,no_activity,desktop
sess_00003869,,2026-02-28 20:35:36,238,no_activity,desktop
sess_00003870,,2026-02-28 07:49:45,472,timeout,mobile
sess_00003871,cust_002967,2026-02-28 15:49:22,1276,logout,tablet
sess_00003872,,2026-02-28 11:46:52,454,logout,mobile
sess_00003873,cust_001945,2026-02-28 18:21:06,78,no_activity,desktop
sess_00003874,cust_001457,2026-02-28 15:47:40,308,no_activity,desktop
sess_00003875,,2026-02-28 19:42:02,9,no_activity,mobile
sess_00003876,,2026-02-28 08:40:44,138,no_activity,mobile
sess_00003877,,2026-02-28 20:07:33,228,no_activity,desktop
sess_00003878,cust_001846,2026-02-28 14:51:30,637,timeout,mobile
sess_00003879,,2026-02-28 21:41:22,193,timeout,desktop
sess_00003880,,2026-02-28 21:48:24,110,timeout,desktop
sess_00003881,,2026-02-28 13:58:43,26,no_activity,desktop
sess_00003882,,2026-02-28 13:36:43,144,no_activity,mobile
sess_00003883,cust_000693,2026-02-28 18:39:11,29,no_activity,mobile
sess_00003884,cust_001985,2026-02-28 10:23:20,887,logout,mobile
sess_00003885,cust_000275,2026-02-28 20:59:31,24,no_activity,desktop
sess_00003886,cust_001739,2026-03-01 16:16:51,190,timeout,mobile
sess_00003887,,2026-03-01 17:24:39,160,no_activity,desktop
sess_00003888,,2026-03-01 11:13:37,159,no_activity,desktop
sess_00003889,,2026-03-01 22:37:30,896,timeout,desktop
sess_00003890,,2026-03-01 20:48:42,814,no_activity,desktop
sess_00003891,cust_001139,2026-03-01 14:08:04,1553,no_activity,desktop
sess_00003892,cust_002926,2026-03-01 20:23:25,140,no_activity,desktop
sess_00003893,,2026-03-01 13:00:24,15,no_activity,desktop
sess_00003894,cust_001254,2026-03-01 09:38:09,741,no_activity,mobile
sess_00003895,,2026-03-01 18:24:53,394,timeout,desktop
sess_00003896,,2026-03-01 23:01:50,29,no_activity,mobile
sess_00003897,,2026-03-01 10:58:17,48,no_activity,mobile
sess_00003898,cust_002332,2026-03-01 08:54:08,3,no_activity,desktop
sess_00003899,,2026-03-01 10:43:10,232,no_activity,mobile
sess_00003900,cust_002116,2026-03-01 12:57:20,804,no_activity,mobile
sess_00003901,,2026-03-01 20:48:18,10,no_activity,desktop
sess_00003902,cust_000714,2026-03-01 13:03:18,2034,logout,mobile
sess_00003903,cust_000650,2026-03-01 09:10:26,112,no_activity,mobile
sess_00003904,,2026-03-01 08:28:28,63,timeout,desktop
sess_00003905,cust_001426,2026-03-01 17:03:36,2154,no_activity,desktop
sess_00003906,,2026-03-01 11:54:30,1169,no_activity,mobile
sess_00003907,,2026-03-01 14:07:40,504,no_activity,mobile
sess_00003908,cust_002228,2026-03-01 15:04:36,435,no_activity,desktop
sess_00003909,cust_001739,2026-03-01 08:22:25,204,no_activity,desktop
sess_00003910,cust_000327,2026-03-01 14:06:59,1070,no_activity,mobile
sess_00003911,,2026-03-01 13:11:58,43,logout,tablet
sess_00003912,cust_001678,2026-03-01 18:29:01,433,no_activity,mobile
sess_00003913,,2026-03-01 12:58:00,926,timeout,tablet
sess_00003914,,2026-03-01 11:11:24,348,no_activity,mobile
sess_00003915,,2026-03-01 13:50:48,466,no_activity,mobile
sess_00003916,,2026-03-01 22:59:33,87,no_activity,mobile
sess_00003917,cust_001359,2026-03-01 16:25:49,1590,no_activity,desktop
sess_00003918,cust_002668,2026-03-01 17:51:05,1357,timeout,mobile
sess_00003919,,2026-03-01 13:54:06,93,no_activity,mobile
sess_00003920,,2026-03-01 07:13:26,90,timeout,tablet
sess_00003921,,2026-03-01 16:59:31,169,no_activity,desktop
sess_00003922,cust_001175,2026-03-01 07:46:46,28,no_activity,desktop
sess_00003923,cust_000152,2026-03-01 07:33:37,651,no_activity,desktop
sess_00003924,cust_000047,2026-03-01 13:50:17,3,no_activity,mobile
sess_00003925,,2026-03-01 08:34:50,471,no_activity,desktop
sess_00003926,cust_000702,2026-03-01 15:10:04,62,no_activity,desktop
sess_00003927,cust_001122,2026-03-01 18:08:57,553,no_activity,desktop
sess_00003928,,2026-03-01 18:54:38,997,no_activity,desktop
sess_00003929,cust_001262,2026-03-01 08:57:35,265,timeout,desktop
sess_00003930,,2026-03-01 16:32:32,434,logout,desktop
sess_00003931,cust_002693,2026-03-01 21:48:20,12,no_activity,mobile
sess_00003932,,2026-03-01 13:02:28,108,no_activity,mobile
sess_00003933,,2026-03-01 17:40:45,383,no_activity,desktop
sess_00003934,,2026-03-01 07:39:45,266,no_activity,desktop
sess_00003935,,2026-03-01 10:12:04,421,no_activity,mobile
sess_00003936,cust_002995,2026-03-01 12:49:26,865,no_activity,mobile
sess_00003937,cust_000023,2026-03-01 09:42:28,283,timeout,mobile
sess_00003938,cust_000891,2026-03-01 06:08:32,391,no_activity,mobile
sess_00003939,,2026-03-01 19:47:34,395,no_activity,tablet
sess_00003940,cust_001182,2026-03-01 16:25:22,10,no_activity,mobile
sess_00003941,,2026-03-01 12:44:53,388,no_activity,mobile
sess_00003942,,2026-03-01 22:56:03,446,no_activity,desktop
sess_00003943,,2026-03-01 08:23:44,774,timeout,desktop
sess_00003944,cust_001342,2026-03-01 16:36:13,2282,no_activity,desktop
sess_00003945,,2026-03-01 10:26:11,240,timeout,mobile
sess_00003946,cust_002167,2026-03-01 23:29:44,491,no_activity,desktop
sess_00003947,,2026-03-01 20:08:47,17,no_activity,desktop
sess_00003948,cust_002292,2026-03-01 21:43:47,30,no_activity,mobile
sess_00003949,cust_001925,2026-03-01 20:44:47,3546,timeout,desktop
sess_00003950,cust_002660,2026-03-01 06:57:18,1815,no_activity,desktop
sess_00003951,cust_002644,2026-03-01 06:37:47,523,logout,desktop
sess_00003952,cust_001068,2026-03-01 12:15:19,1080,no_activity,desktop
sess_00003953,cust_001495,2026-03-01 22:30:34,748,no_activity,mobile
sess_00003954,cust_000040,2026-03-01 19:22:44,9,no_activity,desktop
sess_00003955,cust_000934,2026-03-01 11:41:52,238,no_activity,mobile
sess_00003956,,2026-03-01 15:22:58,769,no_activity,desktop
sess_00003957,cust_002659,2026-03-01 22:50:31,90,no_activity,mobile
sess_00003958,,2026-03-02 19:12:34,559,no_activity,desktop
sess_00003959,,2026-03-02 13:25:01,3171,no_activity,desktop
sess_00003960,,2026-03-02 20:18:12,179,logout,desktop
sess_00003961,,2026-03-02 21:31:51,1545,no_activity,mobile
sess_00003962,,2026-03-02 06:25:35,203,no_activity,desktop
sess_00003963,cust_002219,2026-03-02 12:11:36,362,no_activity,desktop
sess_00003964,cust_001503,2026-03-02 15:19:31,1131,no_activity,mobile
sess_00003965,cust_000940,2026-03-02 18:23:32,505,no_activity,mobile
sess_00003966,,2026-03-02 11:57:44,4,no_activity,desktop
sess_00003967,cust_002730,2026-03-02 08:36:20,134,no_activity,mobile
sess_00003968,cust_001252,2026-03-02 14:55:11,526,no_activity,desktop
sess_00003969,cust_000844,2026-03-02 15:38:14,114,no_activity,desktop
sess_00003970,cust_002978,2026-03-02 00:41:31,714,no_activity,desktop
sess_00003971,,2026-03-02 19:10:28,215,no_activity,desktop
sess_00003972,,2026-03-02 19:13:03,164,no_activity,desktop
sess_00003973,cust_001496,2026-03-02 08:37:52,522,no_activity,desktop
sess_00003974,cust_000438,2026-03-02 15:43:51,29,no_activity,mobile
sess_00003975,cust_000290,2026-03-02 15:37:28,252,no_activity,mobile
sess_00003976,,2026-03-02 08:43:08,193,no_activity,mobile
sess_00003977,cust_000855,2026-03-02 08:54:06,434,no_activity,mobile
sess_00003978,cust_000329,2026-03-02 10:16:28,1513,no_activity,desktop
sess_00003979,,2026-03-02 12:24:59,98,no_activity,mobile
sess_00003980,,2026-03-02 07:58:45,1174,no_activity,mobile
sess_00003981,cust_000616,2026-03-02 14:55:48,27,no_activity,mobile
sess_00003982,cust_001694,2026-03-02 09:52:32,254,logout,desktop
sess_00003983,cust_000473,2026-03-02 18:34:44,404,no_activity,mobile
sess_00003984,cust_001598,2026-03-02 02:51:38,21,no_activity,mobile
sess_00003985,cust_001377,2026-03-02 13:57:46,1018,timeout,desktop
sess_00003986,,2026-03-02 14:51:05,529,no_activity,desktop
sess_00003987,,2026-03-02 15:06:57,139,no_activity,desktop
sess_00003988,cust_001175,2026-03-02 19:51:22,158,timeout,desktop
sess_00003989,,2026-03-02 19:36:56,361,no_activity,desktop
sess_00003990,cust_001939,2026-03-02 17:26:51,237,no_activity,mobile
sess_00003991,cust_002111,2026-03-02 16:28:24,500,no_activity,desktop
sess_00003992,cust_001370,2026-03-02 14:36:23,537,no_activity,mobile
sess_00003993,,2026-03-02 19:53:37,90,no_activity,mobile
sess_00003994,cust_001591,2026-03-02 20:38:33,273,timeout,mobile
sess_00003995,,2026-03-02 12:43:01,306,no_activity,mobile
sess_00003996,cust_001475,2026-03-02 09:23:07,230,timeout,desktop
sess_00003997,cust_002973,2026-03-02 14:36:03,671,no_activity,mobile
sess_00003998,,2026-03-02 22:54:02,991,logout,mobile
sess_00003999,,2026-03-02 21:20:35,97,no_activity,mobile
sess_00004000,,2026-03-02 10:54:52,357,no_activity,desktop
sess_00004001,cust_000530,2026-03-02 17:59:21,200,no_activity,mobile
sess_00004002,cust_002630,2026-03-02 17:13:56,239,no_activity,mobile
sess_00004003,,2026-03-02 15:38:53,18,no_activity,mobile
sess_00004004,,2026-03-02 17:04:26,697,no_activity,mobile
sess_00004005,,2026-03-02 10:55:42,413,no_activity,desktop
sess_00004006,cust_002393,2026-03-02 06:52:11,2680,no_activity,desktop
sess_00004007,,2026-03-02 05:55:38,332,no_activity,mobile
sess_00004008,,2026-03-02 21:19:20,430,no_activity,mobile
sess_00004009,,2026-03-02 14:51:18,170,no_activity,mobile
sess_00004010,cust_000894,2026-03-02 10:56:35,6,no_activity,desktop
sess_00004011,,2026-03-02 20:11:32,18,no_activity,mobile
sess_00004012,cust_002229,2026-03-02 12:41:38,166,no_activity,desktop
sess_00004013,,2026-03-02 14:54:21,2178,no_activity,desktop
sess_00004014,cust_000770,2026-03-02 10:50:07,324,logout,mobile
sess_00004015,,2026-03-02 20:53:47,555,no_activity,desktop
sess_00004016,,2026-03-02 01:22:03,226,no_activity,mobile
sess_00004017,,2026-03-02 16:58:55,87,no_activity,tablet
sess_00004018,,2026-03-02 18:24:32,684,no_activity,tablet
sess_00004019,cust_001575,2026-03-02 18:26:47,14,no_activity,mobile
sess_00004020,,2026-03-02 14:05:42,152,logout,mobile
sess_00004021,cust_001013,2026-03-02 19:07:36,729,logout,tablet
sess_00004022,cust_002976,2026-03-02 07:26:02,368,no_activity,desktop
sess_00004023,cust_002782,2026-03-02 21:13:33,520,no_activity,desktop
sess_00004024,cust_000666,2026-03-02 16:54:02,7200,no_activity,desktop
sess_00004025,cust_000177,2026-03-02 14:38:30,1196,no_activity,desktop
sess_00004026,cust_000904,2026-03-02 09:02:10,1713,no_activity,mobile
sess_00004027,cust_002655,2026-03-02 14:02:45,1160,no_activity,tablet
sess_00004028,,2026-03-02 19:30:36,412,timeout,desktop
sess_00004029,cust_002354,2026-03-02 17:58:43,1501,no_activity,desktop
sess_00004030,cust_000289,2026-03-02 13:25:35,753,no_activity,mobile
sess_00004031,cust_000299,2026-03-02 15:48:17,79,no_activity,desktop
sess_00004032,,2026-03-02 12:36:08,4,no_activity,desktop
sess_00004033,,2026-03-03 12:58:06,147,no_activity,tablet
sess_00004034,cust_002822,2026-03-03 18:06:57,336,timeout,desktop
sess_00004035,,2026-03-03 13:01:13,610,timeout,mobile
sess_00004036,,2026-03-03 12:53:28,113,no_activity,desktop
sess_00004037,,2026-03-03 09:21:30,219,no_activity,desktop
sess_00004038,,2026-03-03 16:29:52,200,no_activity,desktop
sess_00004039,,2026-03-03 15:11:04,1563,no_activity,mobile
sess_00004040,,2026-03-03 12:50:58,121,no_activity,desktop
sess_00004041,,2026-03-03 11:56:54,28,no_activity,desktop
sess_00004042,,2026-03-03 21:14:03,894,no_activity,mobile
sess_00004043,,2026-03-03 07:21:35,69,no_activity,desktop
sess_00004044,cust_000595,2026-03-03 22:30:56,157,no_activity,desktop
sess_00004045,,2026-03-03 08:14:37,258,no_activity,desktop
sess_00004046,cust_002898,2026-03-03 13:17:33,179,no_activity,mobile
sess_00004047,,2026-03-03 12:56:35,1018,no_activity,desktop
sess_00004048,,2026-03-03 12:52:37,1659,no_activity,mobile
sess_00004049,cust_000770,2026-03-03 10:00:49,21,no_activity,mobile
sess_00004050,,2026-03-03 18:26:58,700,logout,desktop
sess_00004051,,2026-03-03 15:05:32,926,no_activity,desktop
sess_00004052,,2026-03-03 12:41:16,27,no_activity,mobile
sess_00004053,,2026-03-03 04:13:11,6085,timeout,mobile
sess_00004054,cust_002999,2026-03-03 22:31:04,1,no_activity,desktop
sess_00004055,cust_002580,2026-03-03 10:29:28,243,no_activity,desktop
sess_00004056,cust_000643,2026-03-03 12:54:13,4,no_activity,desktop
sess_00004057,cust_002762,2026-03-03 17:09:43,178,no_activity,desktop
sess_00004058,cust_001044,2026-03-03 11:50:28,1372,no_activity,mobile
sess_00004059,cust_001805,2026-03-03 20:23:28,137,timeout,desktop
sess_00004060,,2026-03-03 07:44:18,8,no_activity,desktop
sess_00004061,cust_001017,2026-03-03 12:28:15,136,no_activity,mobile
sess_00004062,,2026-03-03 20:11:15,162,no_activity,mobile
sess_00004063,cust_001763,2026-03-03 06:24:29,41,no_activity,desktop
sess_00004064,cust_002522,2026-03-03 15:07:48,145,logout,desktop
sess_00004065,cust_000876,2026-03-03 17:22:58,21,no_activity,desktop
sess_00004066,cust_000907,2026-03-03 06:47:32,683,no_activity,tablet
sess_00004067,,2026-03-03 21:59:26,247,no_activity,desktop
sess_00004068,,2026-03-03 11:31:58,546,no_activity,mobile
sess_00004069,cust_000466,2026-03-03 17:51:39,1215,no_activity,desktop
sess_00004070,,2026-03-03 08:21:54,6,no_activity,mobile
sess_00004071,cust_000165,2026-03-03 21:14:46,431,no_activity,desktop
sess_00004072,cust_001669,2026-03-03 14:57:31,443,logout,desktop
sess_00004073,cust_000211,2026-03-03 14:40:54,133,timeout,desktop
sess_00004074,,2026-03-03 09:49:17,587,no_activity,desktop
sess_00004075,,2026-03-03 14:04:53,12,no_activity,mobile
sess_00004076,cust_002944,2026-03-03 07:42:35,58,no_activity,mobile
sess_00004077,cust_000708,2026-03-03 10:03:32,522,logout,desktop
sess_00004078,,2026-03-03 10:16:00,660,no_activity,desktop
sess_00004079,,2026-03-03 08:44:16,230,no_activity,desktop
sess_00004080,,2026-03-03 20:28:27,24,no_activity,mobile
sess_00004081,cust_001816,2026-03-03 18:38:43,1285,no_activity,mobile
sess_00004082,,2026-03-03 17:01:02,11,no_activity,mobile
sess_00004083,cust_001152,2026-03-03 15:26:59,782,logout,mobile
sess_00004084,cust_001554,2026-03-03 08:59:19,532,timeout,desktop
sess_00004085,,2026-03-03 17:57:41,166,no_activity,desktop
sess_00004086,,2026-03-03 18:53:29,2780,no_activity,desktop
sess_00004087,,2026-03-03 18:15:35,70,timeout,tablet
sess_00004088,cust_001106,2026-03-03 23:56:08,6,no_activity,desktop
sess_00004089,,2026-03-03 20:41:52,247,no_activity,mobile
sess_00004090,cust_002330,2026-03-03 09:26:36,16,no_activity,desktop
sess_00004091,,2026-03-03 22:00:11,1369,no_activity,mobile
sess_00004092,cust_002970,2026-03-03 16:29:44,555,no_activity,mobile
sess_00004093,cust_002298,2026-03-03 14:47:24,191,no_activity,desktop
sess_00004094,cust_000214,2026-03-03 22:01:38,413,no_activity,mobile
sess_00004095,,2026-03-03 18:03:52,2205,no_activity,desktop
sess_00004096,cust_002460,2026-03-04 16:34:22,5109,no_activity,desktop
sess_00004097,cust_000142,2026-03-04 09:40:43,4,no_activity,mobile
sess_00004098,cust_000326,2026-03-04 12:53:26,5,no_activity,mobile
sess_00004099,,2026-03-04 16:29:35,2544,no_activity,mobile
sess_00004100,,2026-03-04 10:19:35,9,no_activity,mobile
sess_00004101,cust_001031,2026-03-04 19:23:56,102,no_activity,mobile
sess_00004102,cust_001334,2026-03-04 08:53:47,190,timeout,mobile
sess_00004103,cust_000432,2026-03-04 16:23:41,146,no_activity,mobile
sess_00004104,cust_000439,2026-03-04 20:03:06,2122,no_activity,tablet
sess_00004105,,2026-03-04 13:15:42,915,no_activity,desktop
sess_00004106,,2026-03-04 14:44:23,26,no_activity,desktop
sess_00004107,,2026-03-04 13:53:10,877,no_activity,desktop
sess_00004108,cust_001620,2026-03-04 18:30:22,116,no_activity,desktop
sess_00004109,cust_002213,2026-03-04 07:33:09,261,no_activity,desktop
sess_00004110,,2026-03-04 07:56:12,307,timeout,mobile
sess_00004111,cust_000841,2026-03-04 18:17:06,174,no_activity,desktop
sess_00004112,cust_001981,2026-03-04 12:45:53,274,no_activity,desktop
sess_00004113,cust_001983,2026-03-04 16:30:15,527,no_activity,desktop
sess_00004114,,2026-03-04 15:50:48,378,logout,mobile
sess_00004115,cust_002315,2026-03-04 16:45:42,145,no_activity,desktop
sess_00004116,,2026-03-04 20:45:32,121,no_activity,tablet
sess_00004117,cust_000752,2026-03-04 19:34:18,338,no_activity,mobile
sess_00004118,,2026-03-04 14:09:57,599,no_activity,mobile
sess_00004119,cust_000710,2026-03-04 19:22:30,255,no_activity,mobile
sess_00004120,cust_001226,2026-03-04 15:02:55,71,no_activity,desktop
sess_00004121,cust_002244,2026-03-04 07:55:35,507,timeout,desktop
sess_00004122,,2026-03-04 15:03:44,11,no_activity,desktop
sess_00004123,cust_002101,2026-03-04 11:29:29,4,no_activity,tablet
sess_00004124,cust_000368,2026-03-04 09:00:46,259,no_activity,mobile
sess_00004125,cust_002003,2026-03-04 08:54:56,481,no_activity,desktop
sess_00004126,cust_001849,2026-03-04 18:09:39,205,no_activity,desktop
sess_00004127,,2026-03-04 09:19:24,5,no_activity,desktop
sess_00004128,,2026-03-04 20:44:51,45,no_activity,tablet
sess_00004129,,2026-03-04 10:32:39,720,no_activity,mobile
sess_00004130,cust_002687,2026-03-04 18:29:39,16,no_activity,mobile
sess_00004131,,2026-03-04 09:40:05,714,no_activity,mobile
sess_00004132,,2026-03-04 15:54:47,207,no_activity,mobile
sess_00004133,,2026-03-04 11:45:25,2437,timeout,mobile
sess_00004134,cust_002410,2026-03-04 17:25:35,244,no_activity,mobile
sess_00004135,,2026-03-04 17:47:36,362,no_activity,desktop
sess_00004136,cust_000067,2026-03-04 13:51:40,122,no_activity,mobile
sess_00004137,,2026-03-04 12:57:02,443,no_activity,desktop
sess_00004138,,2026-03-04 13:08:35,265,timeout,mobile
sess_00004139,,2026-03-04 15:38:30,6,no_activity,mobile
sess_00004140,cust_000844,2026-03-04 15:59:33,690,timeout,mobile
sess_00004141,cust_002816,2026-03-04 20:58:50,20,no_activity,desktop
sess_00004142,cust_000872,2026-03-04 18:53:45,190,no_activity,desktop
sess_00004143,,2026-03-04 15:03:58,8,no_activity,tablet
sess_00004144,cust_002534,2026-03-04 05:57:28,123,no_activity,desktop
sess_00004145,,2026-03-04 10:08:33,22,no_activity,mobile
sess_00004146,cust_000662,2026-03-04 19:43:48,580,no_activity,tablet
sess_00004147,cust_002579,2026-03-04 13:50:39,110,timeout,desktop
sess_00004148,cust_000144,2026-03-04 13:14:16,147,timeout,mobile
sess_00004149,,2026-03-04 14:23:19,4,no_activity,mobile
sess_00004150,cust_000335,2026-03-04 15:38:49,458,no_activity,mobile
sess_00004151,cust_001019,2026-03-04 21:32:30,124,no_activity,desktop
sess_00004152,,2026-03-04 09:23:10,115,no_activity,mobile
sess_00004153,cust_002461,2026-03-04 09:31:58,1127,no_activity,desktop
sess_00004154,,2026-03-04 01:59:49,265,no_activity,desktop
sess_00004155,,2026-03-04 10:45:16,401,no_activity,mobile
sess_00004156,,2026-03-04 09:25:35,1853,timeout,desktop
sess_00004157,cust_001707,2026-03-04 21:05:51,236,no_activity,mobile
sess_00004158,,2026-03-04 14:02:44,644,no_activity,desktop
sess_00004159,cust_002579,2026-03-04 04:59:23,268,no_activity,mobile
sess_00004160,cust_001488,2026-03-04 11:30:40,591,timeout,desktop
sess_00004161,cust_000633,2026-03-04 12:41:45,205,no_activity,desktop
sess_00004162,,2026-03-04 20:37:52,614,logout,tablet
sess_00004163,,2026-03-04 11:08:44,21,no_activity,desktop
sess_00004164,,2026-03-04 09:40:22,672,no_activity,desktop
sess_00004165,cust_001146,2026-03-04 18:30:55,387,no_activity,mobile
sess_00004166,,2026-03-04 20:12:11,503,logout,desktop
sess_00004167,,2026-03-04 16:01:20,20,no_activity,mobile
sess_00004168,,2026-03-04 12:45:20,12,no_activity,desktop
sess_00004169,cust_000177,2026-03-04 18:09:49,1714,no_activity,mobile
sess_00004170,cust_002953,2026-03-04 13:27:16,325,no_activity,desktop
sess_00004171,cust_001425,2026-03-04 07:57:41,22,no_activity,mobile
sess_00004172,cust_000626,2026-03-04 08:28:31,281,timeout,desktop
sess_00004173,cust_000205,2026-03-04 12:57:41,1671,no_activity,mobile
sess_00004174,,2026-03-04 07:56:39,236,no_activity,desktop
sess_00004175,cust_002577,2026-03-05 13:27:13,15,no_activity,mobile
sess_00004176,,2026-03-05 18:56:46,25,no_activity,desktop
sess_00004177,cust_000405,2026-03-05 15:38:28,979,no_activity,desktop
sess_00004178,,2026-03-05 15:21:34,2019,timeout,desktop
sess_00004179,cust_001940,2026-03-05 15:00:13,344,no_activity,desktop
sess_00004180,,2026-03-05 11:49:05,387,timeout,desktop
sess_00004181,cust_001273,2026-03-05 20:51:03,78,no_activity,mobile
sess_00004182,,2026-03-05 13:37:44,1033,timeout,mobile
sess_00004183,,2026-03-05 13:13:06,196,no_activity,mobile
sess_00004184,cust_001627,2026-03-05 12:23:15,387,no_activity,desktop
sess_00004185,,2026-03-05 12:17:47,1146,no_activity,desktop
sess_00004186,,2026-03-05 11:49:42,518,logout,desktop
sess_00004187,cust_001104,2026-03-05 06:50:12,957,logout,mobile
sess_00004188,cust_002598,2026-03-05 15:30:31,872,logout,desktop
sess_00004189,,2026-03-05 17:09:46,1422,no_activity,desktop
sess_00004190,cust_001812,2026-03-05 19:46:47,20,no_activity,mobile
sess_00004191,cust_000840,2026-03-05 14:27:25,6,no_activity,mobile
sess_00004192,,2026-03-05 14:18:20,973,no_activity,mobile
sess_00004193,cust_001502,2026-03-05 15:26:02,420,no_activity,desktop
sess_00004194,,2026-03-05 20:18:49,1464,logout,tablet
sess_00004195,,2026-03-05 17:18:20,438,timeout,desktop
sess_00004196,,2026-03-05 16:12:45,13,no_activity,desktop
sess_00004197,cust_002232,2026-03-05 17:41:13,547,no_activity,desktop
sess_00004198,,2026-03-05 16:24:12,1061,no_activity,desktop
sess_00004199,cust_000834,2026-03-05 15:33:35,2419,no_activity,desktop
sess_00004200,,2026-03-05 08:06:06,822,no_activity,mobile
sess_00004201,,2026-03-05 11:16:17,184,no_activity,desktop
sess_00004202,,2026-03-05 21:28:55,734,no_activity,mobile
sess_00004203,cust_001996,2026-03-05 10:04:37,17,no_activity,mobile
sess_00004204,cust_000690,2026-03-05 12:30:32,369,no_activity,desktop
sess_00004205,cust_002440,2026-03-05 20:26:23,25,no_activity,desktop
sess_00004206,,2026-03-05 18:52:59,2,no_activity,desktop
sess_00004207,,2026-03-05 05:53:17,3,no_activity,desktop
sess_00004208,,2026-03-05 13:09:02,260,timeout,desktop
sess_00004209,,2026-03-05 19:37:15,373,no_activity,desktop
sess_00004210,cust_000720,2026-03-05 00:00:47,234,no_activity,mobile
sess_00004211,,2026-03-05 12:22:07,1004,timeout,desktop
sess_00004212,,2026-03-05 08:27:54,590,no_activity,mobile
sess_00004213,,2026-03-05 06:40:44,646,no_activity,desktop
sess_00004214,cust_000055,2026-03-05 13:34:49,395,no_activity,desktop
sess_00004215,cust_001606,2026-03-05 19:22:45,274,no_activity,desktop
sess_00004216,,2026-03-05 22:46:23,841,no_activity,desktop
sess_00004217,cust_002123,2026-03-05 10:09:28,706,timeout,desktop
sess_00004218,cust_001279,2026-03-05 09:23:16,17,no_activity,desktop
sess_00004219,cust_002904,2026-03-05 18:27:59,726,no_activity,mobile
sess_00004220,,2026-03-05 07:43:27,16,no_activity,mobile
sess_00004221,,2026-03-05 07:35:53,111,no_activity,mobile
sess_00004222,cust_001540,2026-03-05 13:35:55,191,no_activity,desktop
sess_00004223,,2026-03-05 19:41:21,45,timeout,desktop
sess_00004224,,2026-03-05 13:59:43,1069,no_activity,mobile
sess_00004225,cust_002889,2026-03-05 19:42:18,21,no_activity,tablet
sess_00004226,cust_000809,2026-03-05 18:23:30,826,no_activity,desktop
sess_00004227,,2026-03-05 11:01:43,118,logout,mobile
sess_00004228,cust_001206,2026-03-05 21:26:11,288,no_activity,desktop
sess_00004229,,2026-03-05 10:27:29,286,no_activity,desktop
sess_00004230,,2026-03-05 19:30:22,1347,no_activity,desktop
sess_00004231,,2026-03-05 18:27:01,610,timeout,mobile
sess_00004232,,2026-03-05 13:12:26,5,no_activity,desktop
sess_00004233,,2026-03-05 19:28:45,445,no_activity,mobile
sess_00004234,cust_002519,2026-03-05 19:10:33,1815,no_activity,mobile
sess_00004235,,2026-03-05 10:36:25,303,no_activity,desktop
sess_00004236,,2026-03-05 18:11:25,286,no_activity,desktop
sess_00004237,cust_002710,2026-03-05 11:17:51,528,no_activity,desktop
sess_00004238,,2026-03-05 16:00:03,671,no_activity,tablet
sess_00004239,cust_001718,2026-03-05 15:58:38,915,no_activity,mobile
sess_00004240,cust_001082,2026-03-05 12:16:56,13,no_activity,mobile
sess_00004241,,2026-03-05 09:36:37,1440,timeout,mobile
sess_00004242,cust_002204,2026-03-05 08:31:52,600,no_activity,mobile
sess_00004243,,2026-03-05 18:05:51,1411,no_activity,desktop
sess_00004244,cust_001300,2026-03-05 18:22:51,242,logout,mobile
sess_00004245,,2026-03-05 11:50:28,245,no_activity,mobile
sess_00004246,cust_000506,2026-03-06 17:33:58,109,timeout,desktop
sess_00004247,,2026-03-06 09:27:08,439,logout,desktop
sess_00004248,,2026-03-06 13:28:08,8,no_activity,desktop
sess_00004249,,2026-03-06 14:44:42,105,no_activity,desktop
sess_00004250,cust_000130,2026-03-06 07:18:00,312,timeout,mobile
sess_00004251,cust_001043,2026-03-06 12:42:09,1436,no_activity,desktop
sess_00004252,,2026-03-06 17:10:07,433,no_activity,desktop
sess_00004253,,2026-03-06 16:46:44,489,no_activity,desktop
sess_00004254,,2026-03-06 19:15:33,1583,no_activity,desktop
sess_00004255,,2026-03-06 13:04:07,65,no_activity,mobile
sess_00004256,cust_002068,2026-03-06 18:40:44,236,no_activity,mobile
sess_00004257,cust_000499,2026-03-06 07:57:55,361,no_activity,desktop
sess_00004258,cust_001744,2026-03-06 13:46:45,2657,no_activity,desktop
sess_00004259,cust_002206,2026-03-06 20:54:03,548,no_activity,mobile
sess_00004260,,2026-03-06 18:20:56,605,no_activity,desktop
sess_00004261,,2026-03-06 12:14:17,195,no_activity,desktop
sess_00004262,cust_002624,2026-03-06 14:00:44,645,no_activity,desktop
sess_00004263,,2026-03-06 21:58:40,430,no_activity,mobile
sess_00004264,,2026-03-06 18:15:32,512,no_activity,desktop
sess_00004265,,2026-03-06 18:45:42,339,no_activity,mobile
sess_00004266,cust_002566,2026-03-06 15:56:12,946,timeout,mobile
sess_00004267,cust_000224,2026-03-06 12:31:22,13,no_activity,tablet
sess_00004268,,2026-03-06 11:01:00,771,no_activity,desktop
sess_00004269,cust_002919,2026-03-06 22:36:46,19,no_activity,mobile
sess_00004270,cust_001042,2026-03-06 00:58:28,1358,no_activity,mobile
sess_00004271,,2026-03-06 17:20:58,703,no_activity,tablet
sess_00004272,,2026-03-06 08:20:23,6,no_activity,desktop
sess_00004273,cust_002554,2026-03-06 17:00:01,941,logout,tablet
sess_00004274,,2026-03-06 15:49:25,1063,no_activity,desktop
sess_00004275,cust_000791,2026-03-06 13:12:33,89,timeout,mobile
sess_00004276,cust_001302,2026-03-06 09:53:06,416,timeout,mobile
sess_00004277,,2026-03-06 11:35:47,475,no_activity,mobile
sess_00004278,cust_001470,2026-03-06 17:31:18,1408,no_activity,mobile
sess_00004279,cust_000184,2026-03-06 00:36:28,16,no_activity,desktop
sess_00004280,,2026-03-06 06:09:41,257,no_activity,desktop
sess_00004281,,2026-03-06 15:14:53,28,no_activity,desktop
sess_00004282,cust_002230,2026-03-06 15:35:07,589,no_activity,mobile
sess_00004283,,2026-03-06 19:52:03,413,timeout,desktop
sess_00004284,cust_002865,2026-03-06 07:13:10,170,no_activity,tablet
sess_00004285,,2026-03-06 12:47:19,138,no_activity,mobile
sess_00004286,cust_001048,2026-03-06 08:39:34,585,no_activity,mobile
sess_00004287,,2026-03-06 15:17:19,633,no_activity,tablet
sess_00004288,,2026-03-06 12:57:17,824,no_activity,mobile
sess_00004289,cust_000100,2026-03-06 17:20:35,246,no_activity,desktop
sess_00004290,,2026-03-06 18:13:05,223,no_activity,desktop
sess_00004291,cust_000019,2026-03-06 15:19:17,708,no_activity,desktop
sess_00004292,,2026-03-06 06:10:50,113,no_activity,desktop
sess_00004293,cust_002475,2026-03-06 07:47:15,553,no_activity,mobile
sess_00004294,,2026-03-06 17:02:01,1527,no_activity,desktop
sess_00004295,cust_000988,2026-03-06 07:05:29,15,no_activity,mobile
sess_00004296,,2026-03-06 23:45:34,531,no_activity,desktop
sess_00004297,cust_000381,2026-03-06 19:29:32,193,no_activity,tablet
sess_00004298,cust_000265,2026-03-06 13:21:03,483,no_activity,mobile
sess_00004299,cust_002165,2026-03-06 07:59:37,953,timeout,mobile
sess_00004300,cust_001519,2026-03-06 13:08:12,842,no_activity,desktop
sess_00004301,,2026-03-06 20:00:12,1021,no_activity,mobile
sess_00004302,cust_000081,2026-03-06 12:33:04,145,no_activity,desktop
sess_00004303,,2026-03-06 14:10:06,333,no_activity,mobile
sess_00004304,cust_002510,2026-03-06 18:52:23,457,no_activity,mobile
sess_00004305,,2026-03-06 10:26:51,51,no_activity,mobile
sess_00004306,cust_001353,2026-03-06 10:07:19,834,no_activity,desktop
sess_00004307,,2026-03-06 16:47:58,38,no_activity,desktop
sess_00004308,,2026-03-06 16:07:34,688,no_activity,desktop
sess_00004309,cust_000886,2026-03-06 10:17:42,14,no_activity,mobile
sess_00004310,,2026-03-06 10:13:14,168,no_activity,desktop
sess_00004311,cust_000259,2026-03-06 15:31:19,427,timeout,desktop
sess_00004312,,2026-03-06 18:39:48,2032,no_activity,mobile
sess_00004313,cust_001246,2026-03-06 19:40:43,1561,no_activity,mobile
sess_00004314,,2026-03-06 21:03:07,153,no_activity,desktop
sess_00004315,cust_000968,2026-03-06 20:10:25,28,no_activity,desktop
sess_00004316,cust_000911,2026-03-06 14:49:26,15,no_activity,desktop
sess_00004317,,2026-03-06 16:14:24,635,logout,desktop
sess_00004318,,2026-03-06 16:18:47,596,no_activity,desktop
sess_00004319,cust_002348,2026-03-06 14:55:02,20,no_activity,desktop
sess_00004320,,2026-03-06 06:56:10,1895,timeout,mobile
sess_00004321,cust_001056,2026-03-06 14:53:01,163,no_activity,desktop
sess_00004322,,2026-03-06 16:29:48,285,no_activity,mobile
sess_00004323,cust_000372,2026-03-06 22:56:55,289,timeout,desktop
sess_00004324,cust_002279,2026-03-06 17:01:01,7,no_activity,mobile
sess_00004325,,2026-03-06 21:00:39,79,no_activity,desktop
sess_00004326,,2026-03-06 10:21:58,528,no_activity,mobile
sess_00004327,,2026-03-06 09:14:24,480,no_activity,mobile
sess_00004328,,2026-03-06 07:45:42,3088,no_activity,desktop
sess_00004329,cust_000195,2026-03-06 11:36:19,1143,no_activity,mobile
sess_00004330,,2026-03-07 18:59:14,279,no_activity,desktop
sess_00004331,,2026-03-07 14:12:23,347,no_activity,mobile
sess_00004332,,2026-03-07 14:09:21,2375,no_activity,desktop
sess_00004333,cust_001526,2026-03-07 15:52:45,577,no_activity,desktop
sess_00004334,cust_000301,2026-03-07 15:42:04,637,no_activity,desktop
sess_00004335,cust_002098,2026-03-07 15:49:24,266,no_activity,desktop
sess_00004336,,2026-03-07 00:12:12,396,logout,tablet
sess_00004337,cust_002511,2026-03-07 09:26:23,20,no_activity,desktop
sess_00004338,cust_002645,2026-03-07 19:42:20,1191,no_activity,desktop
sess_00004339,cust_001351,2026-03-07 11:14:31,192,no_activity,desktop
sess_00004340,cust_002201,2026-03-07 10:40:23,9,no_activity,desktop
sess_00004341,,2026-03-07 20:44:07,7200,no_activity,desktop
sess_00004342,,2026-03-07 12:13:12,78,logout,mobile
sess_00004343,cust_002652,2026-03-07 10:47:58,13,no_activity,desktop
sess_00004344,,2026-03-07 08:10:20,331,no_activity,mobile
sess_00004345,cust_002680,2026-03-07 01:57:03,355,no_activity,mobile
sess_00004346,cust_002388,2026-03-07 19:57:09,1303,no_activity,desktop
sess_00004347,cust_002580,2026-03-07 11:36:07,71,no_activity,mobile
sess_00004348,cust_002743,2026-03-07 13:33:56,719,no_activity,mobile
sess_00004349,cust_001457,2026-03-07 18:38:51,1806,no_activity,desktop
sess_00004350,,2026-03-07 20:55:00,297,timeout,desktop
sess_00004351,,2026-03-07 10:18:51,489,no_activity,mobile
sess_00004352,cust_002082,2026-03-07 16:45:33,27,no_activity,desktop
sess_00004353,cust_000818,2026-03-07 19:25:59,690,timeout,desktop
sess_00004354,cust_001444,2026-03-07 03:16:04,9,no_activity,mobile
sess_00004355,,2026-03-07 15:55:53,258,no_activity,mobile
sess_00004356,,2026-03-07 19:12:00,699,logout,mobile
sess_00004357,cust_001241,2026-03-07 13:18:33,9,no_activity,desktop
sess_00004358,cust_001753,2026-03-07 22:51:13,295,no_activity,desktop
sess_00004359,cust_002682,2026-03-07 19:29:56,849,no_activity,desktop
sess_00004360,,2026-03-07 18:31:46,665,no_activity,desktop
sess_00004361,,2026-03-07 09:20:28,1024,no_activity,tablet
sess_00004362,,2026-03-07 16:23:54,331,no_activity,mobile
sess_00004363,,2026-03-07 21:33:35,22,no_activity,mobile
sess_00004364,cust_000630,2026-03-07 18:58:20,993,timeout,desktop
sess_00004365,,2026-03-07 16:12:21,17,no_activity,mobile
sess_00004366,,2026-03-07 14:21:24,352,no_activity,mobile
sess_00004367,cust_002449,2026-03-07 08:06:54,292,logout,mobile
sess_00004368,cust_000870,2026-03-07 17:00:29,275,timeout,desktop
sess_00004369,,2026-03-07 23:14:48,306,logout,desktop
sess_00004370,cust_002176,2026-03-07 18:16:05,8,no_activity,mobile
sess_00004371,,2026-03-07 19:10:56,391,no_activity,mobile
sess_00004372,cust_001801,2026-03-07 08:09:38,10,no_activity,desktop
sess_00004373,,2026-03-07 11:25:17,1234,no_activity,mobile
sess_00004374,cust_002017,2026-03-07 20:06:40,387,no_activity,mobile
sess_00004375,cust_002099,2026-03-07 20:01:26,1641,no_activity,desktop
sess_00004376,cust_001803,2026-03-07 11:05:23,478,no_activity,mobile
sess_00004377,,2026-03-07 10:32:22,83,no_activity,desktop
sess_00004378,,2026-03-07 13:17:23,179,no_activity,desktop
sess_00004379,,2026-03-07 18:35:32,2252,no_activity,mobile
sess_00004380,cust_002117,2026-03-07 10:36:47,1282,no_activity,desktop
sess_00004381,cust_002431,2026-03-07 19:13:47,2145,no_activity,desktop
sess_00004382,,2026-03-07 12:01:33,1069,no_activity,mobile
sess_00004383,,2026-03-07 19:12:06,2995,no_activity,desktop
sess_00004384,cust_000078,2026-03-07 13:30:42,29,no_activity,mobile
sess_00004385,cust_001132,2026-03-07 15:54:42,11,no_activity,desktop
sess_00004386,,2026-03-07 19:49:32,174,no_activity,desktop
sess_00004387,,2026-03-07 15:03:25,377,no_activity,desktop
sess_00004388,cust_002200,2026-03-07 12:03:37,270,timeout,desktop
sess_00004389,cust_001530,2026-03-07 12:00:03,614,no_activity,desktop
sess_00004390,cust_002165,2026-03-07 09:55:36,226,no_activity,mobile
sess_00004391,cust_002684,2026-03-07 08:22:28,242,no_activity,mobile
sess_00004392,cust_002650,2026-03-07 19:47:25,178,no_activity,desktop
sess_00004393,,2026-03-07 18:08:48,82,logout,mobile
sess_00004394,cust_002579,2026-03-07 15:59:07,2020,timeout,desktop
sess_00004395,cust_002894,2026-03-07 11:53:35,245,no_activity,desktop
sess_00004396,,2026-03-07 18:16:40,2504,no_activity,tablet
sess_00004397,cust_000087,2026-03-07 06:26:45,305,no_activity,mobile
sess_00004398,cust_002795,2026-03-07 20:01:31,567,no_activity,tablet
sess_00004399,cust_000113,2026-03-07 15:19:35,516,no_activity,desktop
sess_00004400,,2026-03-08 05:46:46,755,timeout,desktop
sess_00004401,,2026-03-08 03:07:05,413,no_activity,mobile
sess_00004402,cust_002663,2026-03-08 12:54:27,1684,no_activity,desktop
sess_00004403,cust_002496,2026-03-08 12:35:11,24,no_activity,desktop
sess_00004404,,2026-03-08 15:56:52,18,no_activity,desktop
sess_00004405,cust_002510,2026-03-08 17:53:36,62,logout,desktop
sess_00004406,cust_001342,2026-03-08 10:34:13,744,no_activity,desktop
sess_00004407,,2026-03-08 09:29:24,474,no_activity,mobile
sess_00004408,,2026-03-08 21:01:02,26,no_activity,mobile
sess_00004409,,2026-03-08 07:04:09,11,no_activity,desktop
sess_00004410,cust_002388,2026-03-08 19:32:57,625,no_activity,desktop
sess_00004411,,2026-03-08 14:47:51,17,no_activity,desktop
sess_00004412,,2026-03-08 18:59:23,3351,no_activity,desktop
sess_00004413,cust_001035,2026-03-08 08:10:13,274,no_activity,tablet
sess_00004414,cust_002447,2026-03-08 11:43:12,227,no_activity,desktop
sess_00004415,,2026-03-08 19:02:19,1099,no_activity,mobile
sess_00004416,,2026-03-08 14:52:26,597,no_activity,mobile
sess_00004417,cust_000708,2026-03-08 12:33:20,164,logout,mobile
sess_00004418,,2026-03-08 22:30:45,20,no_activity,desktop
sess_00004419,cust_001985,2026-03-08 11:41:40,506,no_activity,desktop
sess_00004420,,2026-03-08 12:06:48,434,no_activity,mobile
sess_00004421,cust_000837,2026-03-08 21:00:56,641,no_activity,mobile
sess_00004422,cust_000642,2026-03-08 17:42:30,20,no_activity,desktop
sess_00004423,,2026-03-08 05:22:31,523,no_activity,mobile
sess_00004424,cust_001621,2026-03-08 21:04:03,820,no_activity,desktop
sess_00004425,,2026-03-08 22:24:49,299,no_activity,desktop
sess_00004426,,2026-03-08 20:11:41,1132,logout,tablet
sess_00004427,,2026-03-08 11:24:45,1927,no_activity,desktop
sess_00004428,,2026-03-08 08:03:30,611,timeout,mobile
sess_00004429,cust_001914,2026-03-08 21:46:57,652,timeout,desktop
sess_00004430,cust_001914,2026-03-08 10:13:17,105,timeout,desktop
sess_00004431,,2026-03-08 18:15:21,473,no_activity,desktop
sess_00004432,cust_000794,2026-03-08 19:04:30,287,timeout,mobile
sess_00004433,,2026-03-08 08:02:53,134,timeout,mobile
sess_00004434,cust_001422,2026-03-08 21:33:13,191,timeout,desktop
sess_00004435,cust_000009,2026-03-08 11:49:07,398,no_activity,desktop
sess_00004436,,2026-03-08 12:22:33,432,no_activity,mobile
sess_00004437,,2026-03-08 06:07:37,69,no_activity,desktop
sess_00004438,cust_002024,2026-03-08 12:22:17,271,no_activity,desktop
sess_00004439,,2026-03-08 19:18:54,1778,no_activity,mobile
sess_00004440,cust_001389,2026-03-08 16:12:19,195,no_activity,mobile
sess_00004441,cust_000749,2026-03-08 09:59:14,201,timeout,desktop
sess_00004442,,2026-03-08 19:03:09,756,no_activity,desktop
sess_00004443,cust_002153,2026-03-08 05:58:21,1333,no_activity,mobile
sess_00004444,,2026-03-08 13:32:07,1216,no_activity,desktop
sess_00004445,,2026-03-08 11:27:27,839,timeout,desktop
sess_00004446,,2026-03-08 08:10:07,1052,no_activity,mobile
sess_00004447,,2026-03-08 19:38:14,201,no_activity,desktop
sess_00004448,,2026-03-08 14:06:59,1458,timeout,desktop
sess_00004449,,2026-03-08 08:20:50,386,no_activity,desktop
sess_00004450,,2026-03-08 20:55:15,1101,no_activity,mobile
sess_00004451,cust_002813,2026-03-08 18:16:15,217,no_activity,desktop
sess_00004452,,2026-03-08 11:21:47,15,no_activity,desktop
sess_00004453,,2026-03-08 07:33:31,1199,timeout,mobile
sess_00004454,,2026-03-08 14:24:59,576,no_activity,mobile
sess_00004455,cust_000938,2026-03-08 20:49:35,28,no_activity,desktop
sess_00004456,,2026-03-08 20:51:43,1691,no_activity,mobile
sess_00004457,cust_001174,2026-03-08 10:10:07,92,logout,tablet
sess_00004458,cust_002350,2026-03-08 16:17:42,349,logout,desktop
sess_00004459,,2026-03-08 01:31:47,1616,timeout,mobile
sess_00004460,,2026-03-08 15:30:36,91,no_activity,mobile
sess_00004461,,2026-03-08 12:44:10,347,no_activity,mobile
sess_00004462,,2026-03-08 14:31:28,774,no_activity,mobile
sess_00004463,cust_002379,2026-03-08 19:27:37,344,no_activity,desktop
sess_00004464,cust_001481,2026-03-08 19:12:06,496,no_activity,mobile
sess_00004465,cust_002293,2026-03-08 10:05:48,583,no_activity,desktop
sess_00004466,,2026-03-08 18:08:10,447,timeout,mobile
sess_00004467,,2026-03-08 03:25:20,251,no_activity,desktop
sess_00004468,cust_001000,2026-03-08 13:55:15,546,no_activity,desktop
sess_00004469,,2026-03-08 13:23:12,902,no_activity,desktop
sess_00004470,cust_000375,2026-03-09 17:40:20,5226,no_activity,desktop
sess_00004471,cust_001496,2026-03-09 12:54:29,87,no_activity,mobile
sess_00004472,,2026-03-09 08:40:06,4648,logout,tablet
sess_00004473,cust_001552,2026-03-09 12:23:12,8,no_activity,desktop
sess_00004474,,2026-03-09 17:15:20,334,no_activity,mobile
sess_00004475,cust_002858,2026-03-09 15:06:52,855,no_activity,mobile
sess_00004476,,2026-03-09 05:03:06,10,no_activity,desktop
sess_00004477,,2026-03-09 15:15:27,1277,no_activity,mobile
sess_00004478,cust_002062,2026-03-09 23:13:09,637,no_activity,mobile
sess_00004479,,2026-03-09 07:53:46,304,no_activity,desktop
sess_00004480,cust_001156,2026-03-09 11:00:17,561,no_activity,mobile
sess_00004481,,2026-03-09 17:09:05,991,timeout,desktop
sess_00004482,cust_002819,2026-03-09 09:09:49,437,no_activity,tablet
sess_00004483,cust_000893,2026-03-09 15:27:12,69,no_activity,mobile
sess_00004484,cust_000480,2026-03-09 20:01:29,222,no_activity,mobile
sess_00004485,,2026-03-09 20:58:27,3,no_activity,mobile
sess_00004486,cust_002766,2026-03-09 12:02:55,951,timeout,desktop
sess_00004487,,2026-03-09 10:26:04,16,no_activity,mobile
sess_00004488,cust_000416,2026-03-09 16:53:55,238,no_activity,mobile
sess_00004489,,2026-03-09 17:16:02,71,no_activity,mobile
sess_00004490,cust_000532,2026-03-09 21:17:27,142,timeout,tablet
sess_00004491,cust_002237,2026-03-09 20:48:58,825,no_activity,desktop
sess_00004492,,2026-03-09 10:15:07,1329,no_activity,desktop
sess_00004493,cust_000116,2026-03-09 18:34:14,1305,logout,desktop
sess_00004494,cust_001099,2026-03-09 20:18:19,3427,no_activity,desktop
sess_00004495,cust_000982,2026-03-09 09:54:36,221,timeout,desktop
sess_00004496,,2026-03-09 18:55:19,542,no_activity,desktop
sess_00004497,cust_001179,2026-03-09 13:32:43,11,no_activity,mobile
sess_00004498,cust_002369,2026-03-09 20:11:56,226,logout,desktop
sess_00004499,cust_000573,2026-03-09 15:30:03,633,no_activity,desktop
sess_00004500,,2026-03-09 15:30:49,2176,no_activity,desktop
sess_00004501,,2026-03-09 11:44:30,330,no_activity,desktop
sess_00004502,,2026-03-09 07:33:51,507,no_activity,mobile
sess_00004503,cust_000373,2026-03-09 20:30:49,472,logout,mobile
sess_00004504,,2026-03-09 17:36:51,101,no_activity,mobile
sess_00004505,,2026-03-09 10:35:42,737,no_activity,desktop
sess_00004506,,2026-03-09 12:20:52,440,no_activity,mobile
sess_00004507,,2026-03-09 23:27:32,553,no_activity,mobile
sess_00004508,,2026-03-09 12:28:42,115,no_activity,desktop
sess_00004509,,2026-03-09 17:16:07,44,no_activity,desktop
sess_00004510,,2026-03-09 20:59:49,535,timeout,desktop
sess_00004511,cust_000432,2026-03-09 09:39:15,200,no_activity,desktop
sess_00004512,,2026-03-09 13:37:42,191,timeout,mobile
sess_00004513,cust_000400,2026-03-09 07:23:48,848,no_activity,mobile
sess_00004514,,2026-03-09 19:09:32,434,no_activity,mobile
sess_00004515,,2026-03-09 19:55:03,321,no_activity,desktop
sess_00004516,cust_002765,2026-03-09 00:51:31,890,logout,mobile
sess_00004517,,2026-03-09 05:45:38,988,logout,desktop
sess_00004518,cust_002297,2026-03-09 12:01:16,275,no_activity,desktop
sess_00004519,cust_002525,2026-03-09 11:37:52,1074,no_activity,desktop
sess_00004520,cust_001675,2026-03-09 15:16:26,432,no_activity,desktop
sess_00004521,cust_000986,2026-03-09 20:03:18,18,no_activity,desktop
sess_00004522,cust_002510,2026-03-09 06:54:14,26,no_activity,desktop
sess_00004523,cust_000906,2026-03-09 07:53:57,613,no_activity,desktop
sess_00004524,cust_002261,2026-03-09 14:50:38,180,no_activity,mobile
sess_00004525,,2026-03-09 06:24:47,398,no_activity,desktop
sess_00004526,,2026-03-09 18:57:33,436,no_activity,desktop
sess_00004527,,2026-03-09 23:58:43,1688,no_activity,mobile
sess_00004528,cust_001534,2026-03-09 14:43:52,14,no_activity,desktop
sess_00004529,,2026-03-09 10:30:36,687,no_activity,mobile
sess_00004530,,2026-03-09 06:13:06,102,no_activity,tablet
sess_00004531,,2026-03-09 11:08:56,186,no_activity,desktop
sess_00004532,,2026-03-09 21:52:49,259,no_activity,desktop
sess_00004533,,2026-03-09 16:14:20,18,no_activity,mobile
sess_00004534,,2026-03-09 01:16:27,229,no_activity,mobile
sess_00004535,,2026-03-09 18:44:51,706,logout,desktop
sess_00004536,cust_000357,2026-03-09 16:11:30,244,no_activity,desktop
sess_00004537,,2026-03-09 17:49:50,430,no_activity,desktop
sess_00004538,,2026-03-09 18:06:01,396,no_activity,desktop
sess_00004539,cust_002277,2026-03-09 16:20:37,770,no_activity,mobile
sess_00004540,,2026-03-09 17:43:21,106,no_activity,mobile
sess_00004541,cust_000637,2026-03-09 19:54:03,318,no_activity,desktop
sess_00004542,cust_000281,2026-03-09 09:37:23,725,timeout,tablet
sess_00004543,,2026-03-09 16:19:29,22,no_activity,mobile
sess_00004544,,2026-03-09 21:28:51,40,no_activity,desktop
sess_00004545,cust_001510,2026-03-09 07:44:44,309,no_activity,desktop
sess_00004546,,2026-03-10 11:21:38,705,no_activity,desktop
sess_00004547,cust_000675,2026-03-10 16:23:05,13,no_activity,mobile
sess_00004548,cust_002302,2026-03-10 12:38:20,1072,no_activity,desktop
sess_00004549,,2026-03-10 18:13:15,405,timeout,desktop
sess_00004550,cust_000854,2026-03-10 13:43:21,220,no_activity,mobile
sess_00004551,,2026-03-10 22:01:47,622,timeout,desktop
sess_00004552,cust_000696,2026-03-10 18:26:17,232,no_activity,mobile
sess_00004553,cust_001249,2026-03-10 14:49:18,328,no_activity,desktop
sess_00004554,,2026-03-10 08:23:29,868,no_activity,desktop
sess_00004555,cust_001827,2026-03-10 20:55:27,320,no_activity,mobile
sess_00004556,,2026-03-10 17:41:49,19,no_activity,mobile
sess_00004557,,2026-03-10 12:06:06,195,no_activity,mobile
sess_00004558,cust_002558,2026-03-10 21:39:07,334,no_activity,mobile
sess_00004559,cust_001263,2026-03-10 09:54:02,122,no_activity,mobile
sess_00004560,,2026-03-10 19:07:50,1036,no_activity,desktop
sess_00004561,cust_002596,2026-03-10 06:29:10,16,no_activity,tablet
sess_00004562,,2026-03-10 21:51:03,14,no_activity,mobile
sess_00004563,,2026-03-10 11:25:09,28,no_activity,mobile
sess_00004564,,2026-03-10 07:28:43,457,no_activity,mobile
sess_00004565,,2026-03-10 18:15:38,1400,no_activity,desktop
sess_00004566,,2026-03-10 15:32:24,158,no_activity,tablet
sess_00004567,,2026-03-10 07:35:41,615,logout,mobile
sess_00004568,cust_001676,2026-03-10 06:07:42,786,logout,mobile
sess_00004569,,2026-03-10 12:23:06,191,no_activity,tablet
sess_00004570,,2026-03-10 20:26:38,256,no_activity,mobile
sess_00004571,cust_000320,2026-03-10 06:21:31,512,no_activity,desktop
sess_00004572,,2026-03-10 15:56:43,25,no_activity,mobile
sess_00004573,,2026-03-10 18:47:33,1255,no_activity,desktop
sess_00004574,,2026-03-10 11:10:53,2773,no_activity,desktop
sess_00004575,,2026-03-10 05:42:23,16,no_activity,desktop
sess_00004576,cust_002916,2026-03-10 22:36:57,376,no_activity,mobile
sess_00004577,cust_001961,2026-03-10 05:25:08,791,no_activity,tablet
sess_00004578,,2026-03-10 18:24:05,611,no_activity,desktop
sess_00004579,,2026-03-10 11:16:34,11,no_activity,desktop
sess_00004580,,2026-03-10 08:18:53,854,logout,desktop
sess_00004581,cust_000301,2026-03-10 17:24:05,3247,no_activity,mobile
sess_00004582,cust_000076,2026-03-10 15:21:58,13,no_activity,mobile
sess_00004583,cust_000546,2026-03-10 08:46:51,742,no_activity,mobile
sess_00004584,cust_001121,2026-03-10 14:15:00,2023,no_activity,mobile
sess_00004585,cust_001756,2026-03-10 13:42:16,807,no_activity,desktop
sess_00004586,,2026-03-10 21:47:17,64,no_activity,mobile
sess_00004587,cust_002990,2026-03-10 10:38:16,544,timeout,desktop
sess_00004588,cust_000587,2026-03-10 15:02:30,722,no_activity,mobile
sess_00004589,cust_002139,2026-03-10 15:04:24,789,no_activity,desktop
sess_00004590,,2026-03-10 16:29:41,163,no_activity,desktop
sess_00004591,cust_000523,2026-03-10 08:05:20,495,no_activity,mobile
sess_00004592,,2026-03-10 14:28:10,293,no_activity,desktop
sess_00004593,,2026-03-10 16:28:54,623,no_activity,desktop
sess_00004594,,2026-03-10 10:47:40,489,no_activity,mobile
sess_00004595,,2026-03-10 22:16:15,1124,no_activity,mobile
sess_00004596,cust_000205,2026-03-10 20:29:36,10,no_activity,mobile
sess_00004597,,2026-03-10 19:15:09,301,no_activity,desktop
sess_00004598,,2026-03-10 18:55:19,305,no_activity,desktop
sess_00004599,,2026-03-10 13:46:15,235,no_activity,desktop
sess_00004600,cust_000867,2026-03-10 17:58:54,1277,no_activity,mobile
sess_00004601,cust_001255,2026-03-10 12:48:18,240,no_activity,mobile
sess_00004602,,2026-03-10 08:36:36,295,no_activity,desktop
sess_00004603,,2026-03-10 16:42:42,27,no_activity,desktop
sess_00004604,cust_000162,2026-03-10 04:49:28,247,no_activity,desktop
sess_00004605,cust_000266,2026-03-10 09:36:57,258,no_activity,mobile
sess_00004606,cust_001430,2026-03-10 19:32:20,26,no_activity,desktop
sess_00004607,cust_000328,2026-03-10 09:33:37,722,no_activity,desktop
sess_00004608,cust_000348,2026-03-10 12:25:38,1760,no_activity,desktop
sess_00004609,,2026-03-10 20:58:56,153,no_activity,desktop
sess_00004610,,2026-03-10 17:28:41,2704,timeout,desktop
sess_00004611,cust_000668,2026-03-10 07:48:01,391,timeout,desktop
sess_00004612,cust_001867,2026-03-10 16:02:46,245,timeout,desktop
sess_00004613,,2026-03-10 21:21:22,837,timeout,desktop
sess_00004614,cust_001734,2026-03-10 21:46:28,590,no_activity,desktop
sess_00004615,,2026-03-10 14:28:56,2045,timeout,desktop
sess_00004616,cust_002258,2026-03-10 06:58:20,96,no_activity,mobile
sess_00004617,,2026-03-10 20:16:38,908,no_activity,desktop
sess_00004618,,2026-03-10 11:41:58,819,no_activity,tablet
sess_00004619,,2026-03-10 12:26:47,385,no_activity,mobile
sess_00004620,cust_001896,2026-03-10 15:28:55,1486,timeout,mobile
sess_00004621,cust_000117,2026-03-10 19:54:08,29,no_activity,mobile
sess_00004622,cust_001765,2026-03-10 12:39:14,1807,no_activity,desktop
sess_00004623,,2026-03-10 09:01:12,242,no_activity,desktop
sess_00004624,,2026-03-10 07:35:35,136,no_activity,desktop
sess_00004625,cust_001605,2026-03-10 18:57:30,405,timeout,desktop
sess_00004626,cust_002354,2026-03-10 10:37:25,239,no_activity,desktop
sess_00004627,cust_001104,2026-03-10 06:10:56,413,no_activity,desktop
sess_00004628,cust_000121,2026-03-10 01:56:36,214,no_activity,mobile
sess_00004629,,2026-03-10 18:27:41,526,no_activity,mobile
sess_00004630,,2026-03-10 07:06:14,431,timeout,desktop
sess_00004631,cust_001358,2026-03-10 21:17:10,2433,no_activity,desktop
sess_00004632,,2026-03-10 17:26:37,458,logout,mobile
sess_00004633,,2026-03-10 13:24:32,289,no_activity,desktop
sess_00004634,cust_001433,2026-03-10 13:24:41,146,no_activity,desktop
sess_00004635,,2026-03-11 09:11:40,353,no_activity,desktop
sess_00004636,cust_001309,2026-03-11 15:58:29,1462,no_activity,mobile
sess_00004637,,2026-03-11 19:00:21,359,no_activity,desktop
sess_00004638,,2026-03-11 15:14:12,24,no_activity,mobile
sess_00004639,cust_002083,2026-03-11 10:27:10,793,no_activity,mobile
sess_00004640,cust_001776,2026-03-11 19:54:00,317,no_activity,mobile
sess_00004641,cust_001361,2026-03-11 19:11:13,147,timeout,desktop
sess_00004642,,2026-03-11 15:59:41,1134,timeout,desktop
sess_00004643,,2026-03-11 15:21:30,26,no_activity,desktop
sess_00004644,,2026-03-11 14:38:00,153,no_activity,desktop
sess_00004645,cust_002385,2026-03-11 13:01:05,183,no_activity,mobile
sess_00004646,cust_001439,2026-03-11 17:54:39,159,no_activity,mobile
sess_00004647,,2026-03-11 16:17:58,137,logout,desktop
sess_00004648,,2026-03-11 19:19:22,332,no_activity,desktop
sess_00004649,cust_002035,2026-03-11 21:31:19,241,no_activity,desktop
sess_00004650,,2026-03-11 17:10:46,280,no_activity,desktop
sess_00004651,cust_000444,2026-03-11 14:45:19,14,no_activity,desktop
sess_00004652,,2026-03-11 16:17:14,47,no_activity,mobile
sess_00004653,,2026-03-11 20:51:36,110,no_activity,mobile
sess_00004654,cust_001707,2026-03-11 17:10:42,414,no_activity,desktop
sess_00004655,,2026-03-11 20:13:34,2030,no_activity,mobile
sess_00004656,,2026-03-11 19:12:07,244,no_activity,mobile
sess_00004657,cust_001073,2026-03-11 20:01:52,213,logout,mobile
sess_00004658,cust_002957,2026-03-11 14:06:38,435,no_activity,desktop
sess_00004659,cust_002432,2026-03-11 12:18:26,45,no_activity,desktop
sess_00004660,,2026-03-11 14:51:02,385,no_activity,desktop
sess_00004661,,2026-03-11 06:34:13,2025,no_activity,mobile
sess_00004662,,2026-03-11 18:20:47,191,no_activity,desktop
sess_00004663,,2026-03-11 01:36:07,4,no_activity,desktop
sess_00004664,cust_002628,2026-03-11 10:09:27,410,no_activity,mobile
sess_00004665,cust_001722,2026-03-11 12:26:10,118,no_activity,desktop
sess_00004666,,2026-03-11 12:14:59,379,timeout,mobile
sess_00004667,,2026-03-11 17:32:31,1183,no_activity,mobile
sess_00004668,,2026-03-11 20:39:06,761,no_activity,mobile
sess_00004669,,2026-03-11 10:26:37,85,no_activity,mobile
sess_00004670,,2026-03-11 12:52:16,100,no_activity,desktop
sess_00004671,,2026-03-11 09:07:51,298,no_activity,desktop
sess_00004672,,2026-03-11 23:56:54,451,no_activity,mobile
sess_00004673,,2026-03-11 18:09:37,17,no_activity,desktop
sess_00004674,,2026-03-11 07:59:16,21,no_activity,desktop
sess_00004675,,2026-03-11 11:59:34,139,no_activity,desktop
sess_00004676,,2026-03-11 05:51:58,175,timeout,mobile
sess_00004677,,2026-03-11 14:28:06,85,no_activity,mobile
sess_00004678,,2026-03-11 09:01:12,12,no_activity,desktop
sess_00004679,,2026-03-11 15:07:15,132,no_activity,desktop
sess_00004680,cust_002831,2026-03-11 08:20:04,1202,no_activity,mobile
sess_00004681,cust_001163,2026-03-11 04:30:38,805,no_activity,mobile
sess_00004682,cust_002802,2026-03-11 10:04:33,361,no_activity,mobile
sess_00004683,cust_001107,2026-03-11 09:42:13,1258,logout,desktop
sess_00004684,cust_000541,2026-03-11 20:59:58,239,logout,desktop
sess_00004685,,2026-03-11 11:33:40,1105,no_activity,mobile
sess_00004686,cust_002296,2026-03-11 14:13:58,636,timeout,desktop
sess_00004687,,2026-03-11 14:47:05,6393,no_activity,mobile
sess_00004688,,2026-03-11 12:11:31,627,no_activity,desktop
sess_00004689,,2026-03-11 17:40:38,9,no_activity,desktop
sess_00004690,cust_002155,2026-03-11 16:20:52,8,no_activity,desktop
sess_00004691,cust_002500,2026-03-11 13:31:12,12,no_activity,mobile
sess_00004692,,2026-03-11 13:07:16,1372,no_activity,desktop
sess_00004693,,2026-03-11 16:05:51,10,no_activity,desktop
sess_00004694,,2026-03-11 11:08:30,88,no_activity,desktop
sess_00004695,,2026-03-11 13:36:50,2097,no_activity,mobile
sess_00004696,cust_002713,2026-03-11 11:00:29,1092,logout,mobile
sess_00004697,cust_000094,2026-03-11 10:12:14,458,no_activity,desktop
sess_00004698,cust_002416,2026-03-11 09:21:01,1739,no_activity,desktop
sess_00004699,cust_001549,2026-03-11 09:43:29,531,no_activity,mobile
sess_00004700,,2026-03-11 19:09:31,2121,no_activity,desktop
sess_00004701,,2026-03-11 21:13:22,1005,logout,desktop
sess_00004702,,2026-03-11 15:20:58,497,no_activity,tablet
sess_00004703,cust_001179,2026-03-11 16:25:12,361,logout,mobile
sess_00004704,,2026-03-11 18:47:45,253,no_activity,desktop
sess_00004705,,2026-03-11 09:12:06,262,logout,desktop
sess_00004706,,2026-03-11 00:51:32,906,timeout,desktop
sess_00004707,cust_002172,2026-03-11 18:27:03,119,timeout,mobile
sess_00004708,,2026-03-11 16:35:34,24,no_activity,mobile
sess_00004709,cust_002296,2026-03-11 10:19:32,169,no_activity,tablet
sess_00004710,,2026-03-11 19:55:23,386,no_activity,desktop
sess_00004711,cust_001459,2026-03-11 14:16:27,538,no_activity,tablet
sess_00004712,cust_002365,2026-03-11 12:49:12,255,no_activity,desktop
sess_00004713,,2026-03-11 09:32:59,2,no_activity,mobile
sess_00004714,,2026-03-11 20:08:21,13,no_activity,desktop
sess_00004715,cust_000542,2026-03-11 12:03:10,300,no_activity,desktop
sess_00004716,,2026-03-12 07:01:00,195,no_activity,desktop
sess_00004717,,2026-03-12 11:50:10,408,timeout,mobile
sess_00004718,cust_000883,2026-03-12 06:46:36,21,no_activity,mobile
sess_00004719,cust_000745,2026-03-12 12:50:07,206,logout,mobile
sess_00004720,cust_001789,2026-03-12 12:20:06,679,no_activity,desktop
sess_00004721,cust_002616,2026-03-12 18:56:32,9,no_activity,mobile
sess_00004722,,2026-03-12 18:01:40,427,no_activity,desktop
sess_00004723,cust_001392,2026-03-12 15:05:41,558,no_activity,tablet
sess_00004724,,2026-03-12 13:24:54,341,timeout,mobile
sess_00004725,,2026-03-12 18:56:42,156,logout,desktop
sess_00004726,cust_002650,2026-03-12 12:06:09,275,no_activity,desktop
sess_00004727,cust_002806,2026-03-12 19:56:52,227,no_activity,mobile
sess_00004728,cust_002505,2026-03-12 17:29:07,1626,timeout,desktop
sess_00004729,,2026-03-12 12:38:50,166,no_activity,mobile
sess_00004730,,2026-03-12 10:39:24,344,no_activity,mobile
sess_00004731,cust_001638,2026-03-12 09:45:31,519,no_activity,mobile
sess_00004732,cust_000852,2026-03-12 11:31:44,133,no_activity,mobile
sess_00004733,,2026-03-12 08:16:56,9,no_activity,mobile
sess_00004734,,2026-03-12 02:27:32,205,timeout,mobile
sess_00004735,cust_000649,2026-03-12 09:01:37,17,no_activity,desktop
sess_00004736,,2026-03-12 15:35:13,25,no_activity,desktop
sess_00004737,,2026-03-12 19:14:44,176,timeout,desktop
sess_00004738,,2026-03-12 22:42:16,23,no_activity,mobile
sess_00004739,,2026-03-12 14:14:27,1968,no_activity,tablet
sess_00004740,cust_002736,2026-03-12 18:58:36,76,no_activity,mobile
sess_00004741,,2026-03-12 19:00:18,919,no_activity,mobile
sess_00004742,cust_001122,2026-03-12 12:37:21,202,no_activity,desktop
sess_00004743,cust_001667,2026-03-12 05:22:28,331,no_activity,mobile
sess_00004744,,2026-03-12 08:20:24,446,no_activity,mobile
sess_00004745,,2026-03-12 07:36:43,29,no_activity,mobile
sess_00004746,,2026-03-12 20:23:18,417,no_activity,desktop
sess_00004747,cust_001270,2026-03-12 11:55:34,1,no_activity,desktop
sess_00004748,,2026-03-12 09:58:47,248,logout,mobile
sess_00004749,cust_000515,2026-03-12 12:43:55,443,timeout,desktop
sess_00004750,,2026-03-12 11:13:51,474,no_activity,desktop
sess_00004751,,2026-03-12 18:58:26,43,no_activity,mobile
sess_00004752,cust_002653,2026-03-12 12:58:10,838,no_activity,mobile
sess_00004753,cust_002683,2026-03-12 17:07:40,242,no_activity,desktop
sess_00004754,cust_000075,2026-03-12 14:18:05,972,no_activity,desktop
sess_00004755,,2026-03-12 07:01:24,1737,no_activity,desktop
sess_00004756,,2026-03-12 17:15:20,1083,no_activity,mobile
sess_00004757,,2026-03-12 12:46:05,12,no_activity,desktop
sess_00004758,cust_000104,2026-03-12 12:30:28,678,no_activity,mobile
sess_00004759,,2026-03-12 19:51:52,14,no_activity,desktop
sess_00004760,,2026-03-12 21:33:08,543,no_activity,desktop
sess_00004761,,2026-03-12 18:18:49,102,no_activity,desktop
sess_00004762,cust_000471,2026-03-12 17:21:12,318,no_activity,tablet
sess_00004763,,2026-03-12 19:09:11,220,timeout,desktop
sess_00004764,,2026-03-12 07:53:23,158,timeout,mobile
sess_00004765,cust_001080,2026-03-12 19:53:35,247,no_activity,desktop
sess_00004766,cust_002800,2026-03-12 14:46:42,407,no_activity,mobile
sess_00004767,cust_002574,2026-03-12 16:28:40,620,logout,desktop
sess_00004768,cust_000339,2026-03-12 14:43:28,207,no_activity,desktop
sess_00004769,,2026-03-12 21:21:44,22,no_activity,desktop
sess_00004770,,2026-03-12 21:08:31,153,timeout,desktop
sess_00004771,,2026-03-12 16:27:05,775,no_activity,mobile
sess_00004772,,2026-03-12 18:15:26,250,timeout,mobile
sess_00004773,cust_002219,2026-03-12 17:36:23,180,no_activity,desktop
sess_00004774,,2026-03-12 18:38:30,88,no_activity,desktop
sess_00004775,,2026-03-12 19:11:47,129,no_activity,desktop
sess_00004776,cust_001726,2026-03-12 15:01:52,1825,timeout,desktop
sess_00004777,,2026-03-12 20:49:38,121,no_activity,mobile
sess_00004778,cust_000626,2026-03-12 09:27:53,6,no_activity,desktop
sess_00004779,,2026-03-12 11:51:02,18,no_activity,desktop
sess_00004780,cust_000530,2026-03-12 21:28:06,2651,no_activity,desktop
sess_00004781,,2026-03-12 13:31:50,8,no_activity,desktop
sess_00004782,,2026-03-12 14:37:38,13,no_activity,tablet
sess_00004783,cust_001327,2026-03-12 12:18:41,492,no_activity,mobile
sess_00004784,,2026-03-12 20:59:47,1095,no_activity,desktop
sess_00004785,,2026-03-12 18:03:45,148,no_activity,mobile
sess_00004786,cust_002557,2026-03-12 19:12:39,4,no_activity,mobile
sess_00004787,,2026-03-13 13:25:55,201,logout,desktop
sess_00004788,,2026-03-13 08:51:39,30,no_activity,desktop
sess_00004789,,2026-03-13 12:02:52,1344,no_activity,mobile
sess_00004790,,2026-03-13 13:02:18,774,no_activity,mobile
sess_00004791,cust_000478,2026-03-13 01:50:19,17,no_activity,tablet
sess_00004792,cust_001362,2026-03-13 06:41:24,332,timeout,desktop
sess_00004793,,2026-03-13 10:36:16,279,no_activity,mobile
sess_00004794,,2026-03-13 17:08:49,1764,no_activity,mobile
sess_00004795,cust_002178,2026-03-13 09:21:27,16,no_activity,mobile
sess_00004796,,2026-03-13 12:41:41,18,no_activity,mobile
sess_00004797,,2026-03-13 19:05:00,194,no_activity,mobile
sess_00004798,,2026-03-13 10:48:45,631,no_activity,desktop
sess_00004799,,2026-03-13 12:45:28,111,no_activity,mobile
sess_00004800,,2026-03-13 16:40:23,414,no_activity,tablet
sess_00004801,,2026-03-13 09:20:41,339,no_activity,desktop
sess_00004802,cust_002473,2026-03-13 17:43:29,30,no_activity,desktop
sess_00004803,cust_001348,2026-03-13 12:06:58,28,no_activity,desktop
sess_00004804,cust_001987,2026-03-13 17:06:42,235,timeout,mobile
sess_00004805,cust_000717,2026-03-13 13:53:27,20,no_activity,mobile
sess_00004806,,2026-03-13 17:37:09,1518,no_activity,desktop
sess_00004807,,2026-03-13 14:52:06,18,no_activity,desktop
sess_00004808,cust_000479,2026-03-13 11:34:38,166,no_activity,desktop
sess_00004809,cust_002981,2026-03-13 13:39:33,234,no_activity,mobile
sess_00004810,cust_000097,2026-03-13 14:18:53,33,no_activity,mobile
sess_00004811,,2026-03-13 19:24:09,203,no_activity,desktop
sess_00004812,cust_000283,2026-03-13 21:43:01,1344,no_activity,mobile
sess_00004813,cust_001389,2026-03-13 20:47:47,23,no_activity,desktop
sess_00004814,,2026-03-13 08:51:59,527,no_activity,desktop
sess_00004815,cust_000788,2026-03-13 07:53:14,540,no_activity,desktop
sess_00004816,,2026-03-13 14:07:08,120,no_activity,mobile
sess_00004817,cust_002319,2026-03-13 09:21:38,13,no_activity,mobile
sess_00004818,cust_002263,2026-03-13 19:12:51,4,no_activity,desktop
sess_00004819,cust_000710,2026-03-13 07:31:08,59,timeout,desktop
sess_00004820,,2026-03-13 10:05:04,2082,no_activity,tablet
sess_00004821,cust_002351,2026-03-13 19:50:48,193,no_activity,tablet
sess_00004822,cust_001870,2026-03-13 11:44:56,23,no_activity,mobile
sess_00004823,,2026-03-13 09:01:26,6,no_activity,desktop
sess_00004824,cust_002865,2026-03-13 15:40:00,755,no_activity,mobile
sess_00004825,cust_000250,2026-03-13 08:12:02,425,no_activity,mobile
sess_00004826,cust_000148,2026-03-13 12:31:02,1894,no_activity,mobile
sess_00004827,cust_002095,2026-03-13 17:18:46,228,no_activity,desktop
sess_00004828,,2026-03-13 07:56:44,185,no_activity,desktop
sess_00004829,cust_001554,2026-03-13 04:28:13,291,no_activity,desktop
sess_00004830,cust_001264,2026-03-13 09:00:22,281,no_activity,tablet
sess_00004831,cust_001689,2026-03-13 14:13:21,504,timeout,desktop
sess_00004832,,2026-03-13 19:40:07,147,no_activity,desktop
sess_00004833,,2026-03-13 10:43:51,538,no_activity,mobile
sess_00004834,cust_002339,2026-03-13 20:48:47,334,logout,tablet
sess_00004835,cust_001530,2026-03-13 15:28:51,267,no_activity,mobile
sess_00004836,,2026-03-13 12:47:58,1087,no_activity,mobile
sess_00004837,cust_000328,2026-03-13 08:40:47,99,logout,desktop
sess_00004838,,2026-03-13 13:37:59,169,no_activity,desktop
sess_00004839,cust_002510,2026-03-13 11:42:27,368,no_activity,desktop
sess_00004840,cust_000503,2026-03-13 18:24:52,350,no_activity,mobile
sess_00004841,,2026-03-13 12:26:53,11,no_activity,desktop
sess_00004842,cust_000590,2026-03-13 19:01:52,23,no_activity,mobile
sess_00004843,cust_000585,2026-03-13 21:34:13,119,no_activity,mobile
sess_00004844,,2026-03-13 15:14:51,70,no_activity,mobile
sess_00004845,,2026-03-13 12:03:21,240,no_activity,desktop
sess_00004846,cust_000837,2026-03-13 08:02:22,5,no_activity,mobile
sess_00004847,cust_001269,2026-03-13 14:46:14,20,no_activity,mobile
sess_00004848,,2026-03-13 12:56:07,13,no_activity,desktop
sess_00004849,,2026-03-13 07:23:25,42,timeout,tablet
sess_00004850,,2026-03-13 08:31:57,131,no_activity,mobile
sess_00004851,cust_002566,2026-03-13 20:02:10,60,no_activity,desktop
sess_00004852,cust_001855,2026-03-13 18:15:19,117,no_activity,mobile
sess_00004853,cust_002397,2026-03-13 15:34:49,1318,no_activity,mobile
sess_00004854,,2026-03-13 20:30:13,346,no_activity,mobile
sess_00004855,,2026-03-13 14:39:24,100,no_activity,mobile
sess_00004856,,2026-03-13 14:14:17,6,no_activity,desktop
sess_00004857,cust_000524,2026-03-13 12:26:13,421,no_activity,desktop
sess_00004858,cust_001002,2026-03-13 17:33:29,357,logout,mobile
sess_00004859,cust_002353,2026-03-13 20:27:19,374,no_activity,desktop
sess_00004860,cust_000786,2026-03-13 19:29:38,1057,no_activity,desktop
sess_00004861,,2026-03-13 17:10:10,320,no_activity,desktop
sess_00004862,,2026-03-13 19:06:59,3242,timeout,desktop
sess_00004863,cust_000083,2026-03-13 16:04:10,167,logout,desktop
sess_00004864,cust_002592,2026-03-13 12:27:41,199,no_activity,desktop
sess_00004865,,2026-03-13 10:40:47,13,no_activity,desktop
sess_00004866,cust_002480,2026-03-13 15:15:49,123,no_activity,desktop
sess_00004867,,2026-03-13 21:14:23,179,no_activity,desktop
sess_00004868,,2026-03-13 15:02:54,564,no_activity,desktop
sess_00004869,,2026-03-13 18:02:12,16,no_activity,mobile
sess_00004870,,2026-03-13 08:29:41,16,no_activity,mobile
sess_00004871,,2026-03-13 09:14:32,37,no_activity,desktop
sess_00004872,cust_001914,2026-03-13 12:20:55,5658,timeout,desktop
sess_00004873,cust_000480,2026-03-13 11:18:19,184,no_activity,desktop
sess_00004874,,2026-03-13 12:36:10,17,no_activity,tablet
sess_00004875,,2026-03-13 18:45:08,2,no_activity,desktop
sess_00004876,,2026-03-13 15:43:27,1268,no_activity,desktop
sess_00004877,cust_001495,2026-03-14 09:15:37,17,no_activity,mobile
sess_00004878,cust_000678,2026-03-14 20:47:58,170,no_activity,mobile
sess_00004879,,2026-03-14 09:56:24,567,no_activity,desktop
sess_00004880,cust_001491,2026-03-14 11:31:56,237,no_activity,desktop
sess_00004881,,2026-03-14 10:29:58,1,no_activity,mobile
sess_00004882,,2026-03-14 18:31:01,923,no_activity,desktop
sess_00004883,,2026-03-14 18:29:02,103,no_activity,tablet
sess_00004884,cust_002415,2026-03-14 16:53:10,311,no_activity,desktop
sess_00004885,cust_001489,2026-03-14 15:03:54,650,no_activity,desktop
sess_00004886,cust_000780,2026-03-14 18:06:46,706,timeout,desktop
sess_00004887,cust_002639,2026-03-14 19:04:07,1117,no_activity,desktop
sess_00004888,cust_002401,2026-03-14 22:17:59,696,timeout,desktop
sess_00004889,cust_002728,2026-03-14 14:03:44,937,no_activity,desktop
sess_00004890,cust_002581,2026-03-14 16:18:12,474,logout,desktop
sess_00004891,,2026-03-14 15:17:05,449,no_activity,tablet
sess_00004892,cust_002020,2026-03-14 06:35:34,257,logout,mobile
sess_00004893,,2026-03-14 09:12:18,27,no_activity,desktop
sess_00004894,,2026-03-14 13:41:20,157,logout,desktop
sess_00004895,,2026-03-14 09:09:47,21,no_activity,mobile
sess_00004896,cust_001461,2026-03-14 08:57:55,705,logout,desktop
sess_00004897,,2026-03-14 11:46:44,1163,no_activity,mobile
sess_00004898,,2026-03-14 10:01:43,618,no_activity,desktop
sess_00004899,,2026-03-14 09:12:11,691,no_activity,mobile
sess_00004900,cust_001044,2026-03-14 14:24:40,89,no_activity,desktop
sess_00004901,,2026-03-14 09:41:10,168,logout,desktop
sess_00004902,cust_002706,2026-03-14 12:25:25,1101,no_activity,desktop
sess_00004903,,2026-03-14 19:27:10,268,no_activity,desktop
sess_00004904,cust_001225,2026-03-14 20:27:02,30,no_activity,desktop
sess_00004905,,2026-03-14 15:50:12,927,no_activity,desktop
sess_00004906,,2026-03-14 18:25:57,30,no_activity,desktop
sess_00004907,cust_001354,2026-03-14 12:32:54,610,no_activity,mobile
sess_00004908,cust_001908,2026-03-14 15:22:13,397,logout,desktop
sess_00004909,cust_002880,2026-03-14 10:05:59,588,no_activity,desktop
sess_00004910,,2026-03-14 22:34:31,44,timeout,mobile
sess_00004911,cust_001112,2026-03-14 16:03:51,227,timeout,tablet
sess_00004912,,2026-03-14 20:37:32,282,no_activity,mobile
sess_00004913,cust_001325,2026-03-14 19:38:21,1,no_activity,desktop
sess_00004914,,2026-03-14 12:51:17,21,no_activity,desktop
sess_00004915,,2026-03-14 17:34:27,9,no_activity,desktop
sess_00004916,,2026-03-14 11:00:00,6,no_activity,desktop
sess_00004917,cust_001467,2026-03-14 08:15:19,22,no_activity,desktop
sess_00004918,cust_000051,2026-03-14 15:00:25,387,no_activity,desktop
sess_00004919,cust_000514,2026-03-14 11:55:19,757,timeout,mobile
sess_00004920,cust_001139,2026-03-14 10:51:01,497,no_activity,mobile
sess_00004921,,2026-03-14 20:29:36,128,no_activity,mobile
sess_00004922,,2026-03-14 07:32:01,191,timeout,mobile
sess_00004923,,2026-03-14 18:57:47,126,no_activity,desktop
sess_00004924,cust_000846,2026-03-14 14:45:44,773,no_activity,desktop
sess_00004925,,2026-03-14 18:05:28,198,no_activity,mobile
sess_00004926,cust_000691,2026-03-14 18:05:38,7,no_activity,mobile
sess_00004927,,2026-03-14 16:19:22,198,no_activity,desktop
sess_00004928,cust_002569,2026-03-14 18:37:19,24,no_activity,mobile
sess_00004929,cust_002889,2026-03-14 13:14:00,1286,logout,mobile
sess_00004930,,2026-03-14 17:33:17,29,no_activity,mobile
sess_00004931,cust_001968,2026-03-14 13:01:07,25,no_activity,desktop
sess_00004932,,2026-03-14 13:21:53,16,no_activity,desktop
sess_00004933,cust_000352,2026-03-14 18:23:51,563,no_activity,desktop
sess_00004934,,2026-03-14 07:01:42,2977,timeout,desktop
sess_00004935,cust_000762,2026-03-14 19:10:36,98,no_activity,desktop
sess_00004936,cust_002400,2026-03-14 11:11:14,23,no_activity,mobile
sess_00004937,cust_000417,2026-03-14 14:40:03,721,no_activity,desktop
sess_00004938,,2026-03-14 11:52:12,1076,timeout,desktop
sess_00004939,cust_002519,2026-03-14 18:12:57,1446,no_activity,desktop
sess_00004940,cust_001797,2026-03-14 18:30:40,9,no_activity,mobile
sess_00004941,cust_001408,2026-03-14 20:46:27,20,no_activity,mobile
sess_00004942,cust_002818,2026-03-14 09:28:30,571,no_activity,desktop
sess_00004943,,2026-03-14 10:37:12,485,no_activity,mobile
sess_00004944,,2026-03-14 11:18:27,308,no_activity,tablet
sess_00004945,cust_002552,2026-03-14 12:30:37,28,no_activity,mobile
sess_00004946,cust_002278,2026-03-14 22:25:06,377,timeout,desktop
sess_00004947,,2026-03-14 13:43:07,162,no_activity,desktop
sess_00004948,,2026-03-14 00:16:41,300,logout,desktop
sess_00004949,,2026-03-14 15:29:20,1187,no_activity,mobile
sess_00004950,,2026-03-14 12:54:08,8,no_activity,desktop
sess_00004951,,2026-03-14 12:12:50,9,no_activity,desktop
sess_00004952,cust_002025,2026-03-14 08:19:23,335,no_activity,desktop
sess_00004953,,2026-03-14 17:13:18,270,timeout,mobile
sess_00004954,cust_001515,2026-03-14 18:55:47,969,no_activity,desktop
sess_00004955,,2026-03-14 14:06:43,303,no_activity,mobile
sess_00004956,,2026-03-14 10:55:58,24,no_activity,desktop
sess_00004957,,2026-03-14 16:34:23,845,logout,mobile
sess_00004958,,2026-03-14 18:35:48,3140,timeout,desktop
sess_00004959,,2026-03-14 12:49:25,784,no_activity,mobile
sess_00004960,cust_001632,2026-03-14 16:44:14,158,timeout,desktop
sess_00004961,,2026-03-14 18:52:02,417,no_activity,mobile
sess_00004962,,2026-03-15 20:12:55,1342,no_activity,desktop
sess_00004963,,2026-03-15 09:32:55,417,no_activity,mobile
sess_00004964,,2026-03-15 13:17:30,950,no_activity,mobile
sess_00004965,,2026-03-15 15:15:20,335,no_activity,desktop
sess_00004966,,2026-03-15 10:46:57,612,timeout,mobile
sess_00004967,,2026-03-15 12:36:02,454,no_activity,desktop
sess_00004968,,2026-03-15 15:12:39,354,no_activity,mobile
sess_00004969,cust_000695,2026-03-15 17:24:56,401,timeout,tablet
sess_00004970,,2026-03-15 18:13:22,30,no_activity,mobile
sess_00004971,,2026-03-15 03:14:13,1886,no_activity,desktop
sess_00004972,cust_001834,2026-03-15 15:16:23,10,no_activity,desktop
sess_00004973,cust_002469,2026-03-15 17:26:55,65,no_activity,mobile
sess_00004974,cust_000207,2026-03-15 23:56:04,179,no_activity,mobile
sess_00004975,cust_001365,2026-03-15 10:01:46,767,no_activity,mobile
sess_00004976,cust_002997,2026-03-15 17:27:23,4032,no_activity,mobile
sess_00004977,,2026-03-15 13:20:57,8,no_activity,desktop
sess_00004978,cust_002350,2026-03-15 15:58:27,2219,no_activity,mobile
sess_00004979,,2026-03-15 14:32:00,210,no_activity,desktop
sess_00004980,cust_001090,2026-03-15 16:00:32,164,no_activity,mobile
sess_00004981,,2026-03-15 08:37:31,241,timeout,desktop
sess_00004982,,2026-03-15 11:51:07,524,timeout,desktop
sess_00004983,cust_002571,2026-03-15 11:26:55,613,no_activity,mobile
sess_00004984,cust_002844,2026-03-15 10:40:48,26,no_activity,desktop
sess_00004985,,2026-03-15 10:18:40,24,no_activity,desktop
sess_00004986,,2026-03-15 11:26:50,533,no_activity,mobile
sess_00004987,,2026-03-15 09:34:26,18,no_activity,mobile
sess_00004988,,2026-03-15 09:36:53,249,no_activity,desktop
sess_00004989,,2026-03-15 21:20:57,29,no_activity,mobile
sess_00004990,,2026-03-15 14:18:56,893,timeout,desktop
sess_00004991,,2026-03-15 08:43:39,242,no_activity,desktop
sess_00004992,cust_000743,2026-03-15 16:22:25,405,no_activity,mobile
sess_00004993,cust_002243,2026-03-15 20:26:20,1405,no_activity,desktop
sess_00004994,cust_000001,2026-03-15 10:18:44,2221,no_activity,mobile
sess_00004995,,2026-03-15 18:53:30,7150,no_activity,desktop
sess_00004996,cust_001357,2026-03-15 21:14:14,121,no_activity,mobile
sess_00004997,cust_000793,2026-03-15 13:41:46,1812,no_activity,mobile
sess_00004998,cust_001019,2026-03-15 20:04:42,7083,no_activity,desktop
sess_00004999,,2026-03-15 13:02:44,171,no_activity,desktop
sess_00005000,,2026-03-15 23:25:59,15,no_activity,desktop
sess_00005001,,2026-03-15 19:07:44,435,no_activity,mobile
sess_00005002,cust_002210,2026-03-15 12:02:22,44,no_activity,mobile
sess_00005003,cust_001642,2026-03-15 17:56:10,143,no_activity,mobile
sess_00005004,,2026-03-15 20:16:43,201,no_activity,mobile
sess_00005005,cust_000531,2026-03-15 11:16:44,94,no_activity,mobile
sess_00005006,,2026-03-15 18:15:45,414,timeout,desktop
sess_00005007,,2026-03-15 13:43:49,396,no_activity,mobile
sess_00005008,,2026-03-15 09:38:45,113,no_activity,desktop
sess_00005009,,2026-03-15 09:47:05,519,logout,desktop
sess_00005010,,2026-03-15 12:00:47,673,no_activity,desktop
sess_00005011,cust_002958,2026-03-15 13:21:11,420,no_activity,tablet
sess_00005012,,2026-03-15 11:39:02,959,no_activity,mobile
sess_00005013,cust_001678,2026-03-15 10:43:48,1158,no_activity,desktop
sess_00005014,cust_001719,2026-03-15 10:02:44,183,no_activity,mobile
sess_00005015,,2026-03-15 14:07:47,804,no_activity,desktop
sess_00005016,,2026-03-15 19:11:58,553,no_activity,desktop
sess_00005017,cust_001740,2026-03-15 14:04:42,238,no_activity,desktop
sess_00005018,cust_002906,2026-03-15 15:40:30,532,no_activity,mobile
sess_00005019,cust_001468,2026-03-15 18:23:40,293,no_activity,desktop
sess_00005020,,2026-03-15 12:01:26,326,no_activity,desktop
sess_00005021,cust_002895,2026-03-15 18:32:33,3896,no_activity,desktop
sess_00005022,cust_002351,2026-03-15 10:39:33,342,logout,mobile
sess_00005023,,2026-03-15 19:04:24,3159,timeout,desktop
sess_00005024,,2026-03-15 13:22:26,28,no_activity,mobile
sess_00005025,cust_001753,2026-03-15 13:41:34,329,timeout,desktop
sess_00005026,,2026-03-15 02:46:14,3,no_activity,mobile
sess_00005027,,2026-03-15 10:55:29,537,no_activity,desktop
sess_00005028,,2026-03-16 06:37:35,27,no_activity,mobile
sess_00005029,cust_002790,2026-03-16 09:15:06,389,no_activity,desktop
sess_00005030,,2026-03-16 09:06:12,631,timeout,mobile
sess_00005031,cust_000805,2026-03-16 21:01:33,311,no_activity,mobile
sess_00005032,,2026-03-16 22:19:32,95,no_activity,desktop
sess_00005033,,2026-03-16 15:12:36,255,no_activity,mobile
sess_00005034,,2026-03-16 12:09:09,1175,no_activity,mobile
sess_00005035,,2026-03-16 12:56:48,24,no_activity,desktop
sess_00005036,,2026-03-16 08:10:55,605,no_activity,tablet
sess_00005037,,2026-03-16 19:21:29,124,timeout,mobile
sess_00005038,,2026-03-16 17:18:55,545,timeout,desktop
sess_00005039,cust_001670,2026-03-16 16:32:38,30,no_activity,mobile
sess_00005040,cust_001394,2026-03-16 20:47:06,415,no_activity,mobile
sess_00005041,,2026-03-16 12:20:53,789,no_activity,mobile
sess_00005042,,2026-03-16 17:55:51,330,no_activity,desktop
sess_00005043,cust_002072,2026-03-16 10:47:24,3,no_activity,desktop
sess_00005044,,2026-03-16 10:13:44,83,no_activity,desktop
sess_00005045,cust_000994,2026-03-16 12:42:32,583,no_activity,desktop
sess_00005046,cust_001969,2026-03-16 05:09:57,97,no_activity,desktop
sess_00005047,cust_002175,2026-03-16 16:47:42,335,timeout,desktop
sess_00005048,,2026-03-16 15:34:53,4,no_activity,desktop
sess_00005049,cust_001737,2026-03-16 13:35:53,229,no_activity,desktop
sess_00005050,cust_001554,2026-03-16 07:55:08,191,no_activity,tablet
sess_00005051,,2026-03-16 05:52:50,207,no_activity,mobile
sess_00005052,,2026-03-16 15:50:59,1134,no_activity,desktop
sess_00005053,cust_000266,2026-03-16 18:13:00,21,no_activity,mobile
sess_00005054,,2026-03-16 11:14:36,412,no_activity,mobile
sess_00005055,cust_001072,2026-03-16 09:19:54,140,no_activity,mobile
sess_00005056,,2026-03-16 03:17:16,281,no_activity,mobile
sess_00005057,cust_000746,2026-03-16 07:26:30,180,no_activity,desktop
sess_00005058,cust_000639,2026-03-16 12:12:29,10,no_activity,mobile
sess_00005059,,2026-03-16 18:35:29,665,no_activity,desktop
sess_00005060,cust_002088,2026-03-16 14:06:56,137,no_activity,desktop
sess_00005061,,2026-03-16 22:41:45,561,no_activity,mobile
sess_00005062,cust_001494,2026-03-16 13:00:07,15,no_activity,desktop
sess_00005063,,2026-03-16 19:41:15,543,timeout,desktop
sess_00005064,cust_000754,2026-03-16 13:32:12,1312,no_activity,mobile
sess_00005065,,2026-03-16 15:50:48,566,no_activity,mobile
sess_00005066,cust_001656,2026-03-16 09:17:18,380,no_activity,tablet
sess_00005067,,2026-03-16 11:46:17,107,no_activity,mobile
sess_00005068,cust_001093,2026-03-16 12:15:24,166,no_activity,desktop
sess_00005069,,2026-03-16 15:57:28,647,no_activity,desktop
sess_00005070,,2026-03-16 10:06:24,527,timeout,mobile
sess_00005071,cust_001846,2026-03-16 19:43:28,247,no_activity,mobile
sess_00005072,,2026-03-16 16:50:50,2,no_activity,desktop
sess_00005073,cust_002319,2026-03-16 10:11:18,5,no_activity,desktop
sess_00005074,cust_002152,2026-03-16 22:46:13,104,no_activity,desktop
sess_00005075,,2026-03-16 18:03:37,362,no_activity,mobile
sess_00005076,cust_000157,2026-03-16 11:59:31,64,timeout,mobile
sess_00005077,cust_000710,2026-03-16 07:26:46,1059,timeout,mobile
sess_00005078,,2026-03-16 23:25:06,217,timeout,mobile
sess_00005079,,2026-03-16 15:26:31,114,no_activity,desktop
sess_00005080,cust_002485,2026-03-16 12:16:01,84,no_activity,mobile
sess_00005081,,2026-03-16 13:05:23,423,timeout,tablet
sess_00005082,,2026-03-16 08:59:04,436,no_activity,desktop
sess_00005083,cust_001523,2026-03-16 09:55:56,793,timeout,desktop
sess_00005084,cust_001407,2026-03-16 03:42:24,283,no_activity,mobile
sess_00005085,cust_000045,2026-03-16 09:24:40,370,no_activity,desktop
sess_00005086,cust_002628,2026-03-16 13:05:44,1332,no_activity,mobile
sess_00005087,cust_001401,2026-03-16 17:32:10,184,no_activity,desktop
sess_00005088,cust_000963,2026-03-16 16:20:43,150,no_activity,desktop
sess_00005089,cust_001880,2026-03-16 08:28:27,843,no_activity,desktop
sess_00005090,,2026-03-16 09:22:05,476,no_activity,mobile
sess_00005091,cust_002053,2026-03-16 14:35:56,158,no_activity,mobile
sess_00005092,cust_002397,2026-03-16 15:11:32,289,no_activity,desktop
sess_00005093,cust_002321,2026-03-16 13:26:59,369,no_activity,desktop
sess_00005094,,2026-03-16 12:09:09,179,no_activity,desktop
sess_00005095,,2026-03-16 09:23:33,7,no_activity,mobile
sess_00005096,,2026-03-16 08:32:07,916,no_activity,mobile
sess_00005097,,2026-03-16 12:55:46,11,no_activity,desktop
sess_00005098,cust_001648,2026-03-16 17:05:13,106,no_activity,mobile
sess_00005099,,2026-03-16 13:25:02,360,no_activity,tablet
sess_00005100,,2026-03-16 12:51:09,1211,timeout,mobile
sess_00005101,cust_001283,2026-03-16 05:20:50,781,no_activity,desktop
sess_00005102,,2026-03-16 21:35:28,1,no_activity,desktop
sess_00005103,cust_001643,2026-03-16 12:42:38,51,no_activity,desktop
sess_00005104,,2026-03-17 15:03:28,129,no_activity,desktop
sess_00005105,,2026-03-17 14:08:56,551,timeout,desktop
sess_00005106,cust_001768,2026-03-17 20:29:16,432,no_activity,mobile
sess_00005107,cust_000240,2026-03-17 15:40:48,90,no_activity,desktop
sess_00005108,cust_001637,2026-03-17 13:35:28,9,no_activity,mobile
sess_00005109,,2026-03-17 05:09:55,124,no_activity,desktop
sess_00005110,,2026-03-17 17:52:50,613,no_activity,desktop
sess_00005111,,2026-03-17 13:25:23,593,no_activity,mobile
sess_00005112,,2026-03-17 10:33:12,351,no_activity,desktop
sess_00005113,,2026-03-17 14:57:28,231,no_activity,mobile
sess_00005114,cust_001193,2026-03-17 17:29:47,197,no_activity,mobile
sess_00005115,,2026-03-17 08:29:49,224,no_activity,mobile
sess_00005116,,2026-03-17 18:01:55,415,no_activity,desktop
sess_00005117,,2026-03-17 09:59:23,333,no_activity,mobile
sess_00005118,,2026-03-17 17:26:49,817,timeout,tablet
sess_00005119,cust_000988,2026-03-17 11:32:10,611,no_activity,tablet
sess_00005120,,2026-03-17 21:10:48,365,no_activity,desktop
sess_00005121,,2026-03-17 09:35:45,235,logout,mobile
sess_00005122,cust_000421,2026-03-17 16:06:20,71,no_activity,desktop
sess_00005123,,2026-03-17 17:51:20,614,logout,desktop
sess_00005124,,2026-03-17 13:16:55,251,timeout,mobile
sess_00005125,,2026-03-17 12:02:38,115,no_activity,desktop
sess_00005126,cust_000296,2026-03-17 16:55:59,425,no_activity,desktop
sess_00005127,cust_002998,2026-03-17 17:28:57,144,no_activity,desktop
sess_00005128,,2026-03-17 11:44:00,2,no_activity,desktop
sess_00005129,cust_001801,2026-03-17 15:22:13,229,no_activity,desktop
sess_00005130,cust_000938,2026-03-17 14:38:44,322,no_activity,desktop
sess_00005131,,2026-03-17 16:33:00,304,timeout,tablet
sess_00005132,,2026-03-17 13:23:09,822,no_activity,desktop
sess_00005133,cust_002583,2026-03-17 17:09:53,7,no_activity,desktop
sess_00005134,,2026-03-17 17:24:32,1177,no_activity,mobile
sess_00005135,cust_001465,2026-03-17 08:11:46,80,no_activity,mobile
sess_00005136,cust_000251,2026-03-17 21:34:18,3287,timeout,mobile
sess_00005137,cust_001259,2026-03-17 18:37:08,197,logout,desktop
sess_00005138,,2026-03-17 17:44:48,150,timeout,desktop
sess_00005139,cust_001030,2026-03-17 17:34:14,336,no_activity,desktop
sess_00005140,,2026-03-17 17:20:50,8,no_activity,desktop
sess_00005141,,2026-03-17 01:31:57,489,timeout,mobile
sess_00005142,cust_000469,2026-03-17 06:17:44,11,no_activity,mobile
sess_00005143,cust_002032,2026-03-17 12:22:04,1686,no_activity,desktop
sess_00005144,cust_001502,2026-03-17 18:09:12,29,no_activity,desktop
sess_00005145,cust_001209,2026-03-17 08:07:03,6,no_activity,desktop
sess_00005146,,2026-03-17 11:19:54,63,no_activity,mobile
sess_00005147,cust_001662,2026-03-17 14:42:42,782,no_activity,desktop
sess_00005148,cust_000989,2026-03-17 09:55:04,1116,no_activity,mobile
sess_00005149,cust_001252,2026-03-17 11:52:25,287,no_activity,desktop
sess_00005150,,2026-03-17 07:33:30,333,no_activity,tablet
sess_00005151,cust_001269,2026-03-17 10:45:56,451,no_activity,desktop
sess_00005152,,2026-03-17 18:49:31,121,timeout,desktop
sess_00005153,cust_002933,2026-03-17 16:54:11,395,no_activity,desktop
sess_00005154,cust_000093,2026-03-17 04:12:16,152,no_activity,mobile
sess_00005155,,2026-03-17 14:41:21,10,no_activity,desktop
sess_00005156,cust_001546,2026-03-17 18:49:53,202,no_activity,desktop
sess_00005157,cust_000666,2026-03-17 10:36:53,7,no_activity,mobile
sess_00005158,,2026-03-17 10:49:44,326,timeout,mobile
sess_00005159,cust_000460,2026-03-17 08:00:46,2167,no_activity,desktop
sess_00005160,cust_002542,2026-03-17 06:23:18,231,no_activity,desktop
sess_00005161,,2026-03-17 11:30:24,11,no_activity,desktop
sess_00005162,,2026-03-17 11:46:41,464,no_activity,desktop
sess_00005163,,2026-03-17 23:57:08,59,no_activity,mobile
sess_00005164,,2026-03-17 06:12:08,746,no_activity,desktop
sess_00005165,cust_001998,2026-03-17 15:05:58,305,no_activity,desktop
sess_00005166,,2026-03-17 10:04:52,5954,timeout,desktop
sess_00005167,,2026-03-17 14:21:27,1038,no_activity,mobile
sess_00005168,cust_002516,2026-03-17 17:16:38,186,logout,mobile
sess_00005169,,2026-03-17 10:52:14,369,no_activity,desktop
sess_00005170,cust_001572,2026-03-17 17:09:38,618,no_activity,mobile
sess_00005171,,2026-03-17 11:50:09,2893,logout,desktop
sess_00005172,,2026-03-17 10:19:12,64,no_activity,desktop
sess_00005173,,2026-03-17 07:37:12,106,no_activity,desktop
sess_00005174,,2026-03-17 14:01:01,387,no_activity,desktop
sess_00005175,,2026-03-17 20:17:38,226,no_activity,desktop
sess_00005176,,2026-03-17 14:56:24,595,no_activity,desktop
sess_00005177,,2026-03-17 07:44:43,152,timeout,desktop
sess_00005178,,2026-03-17 12:56:38,704,timeout,tablet
sess_00005179,,2026-03-17 07:57:56,12,no_activity,desktop
sess_00005180,,2026-03-17 12:10:01,890,no_activity,desktop
sess_00005181,,2026-03-17 11:47:25,158,no_activity,mobile
sess_00005182,cust_001009,2026-03-17 17:21:10,6,no_activity,tablet
sess_00005183,,2026-03-18 11:09:04,331,no_activity,desktop
sess_00005184,cust_002055,2026-03-18 06:35:01,119,no_activity,desktop
sess_00005185,,2026-03-18 10:20:34,449,no_activity,mobile
sess_00005186,,2026-03-18 16:13:34,298,no_activity,desktop
sess_00005187,,2026-03-18 11:46:22,623,no_activity,mobile
sess_00005188,,2026-03-18 12:30:39,110,logout,desktop
sess_00005189,,2026-03-18 21:11:06,282,no_activity,desktop
sess_00005190,cust_002653,2026-03-18 11:33:32,212,no_activity,mobile
sess_00005191,,2026-03-18 15:30:26,128,no_activity,desktop
sess_00005192,cust_002215,2026-03-18 06:51:38,2584,no_activity,desktop
sess_00005193,cust_002117,2026-03-18 15:41:29,403,no_activity,mobile
sess_00005194,,2026-03-18 18:21:53,355,no_activity,desktop
sess_00005195,,2026-03-18 18:40:15,653,no_activity,desktop
sess_00005196,,2026-03-18 09:12:46,222,logout,mobile
sess_00005197,,2026-03-18 17:16:15,228,no_activity,desktop
sess_00005198,cust_000130,2026-03-18 16:08:52,104,timeout,mobile
sess_00005199,,2026-03-18 09:30:59,2276,no_activity,desktop
sess_00005200,,2026-03-18 13:49:33,1057,no_activity,mobile
sess_00005201,cust_000857,2026-03-18 21:29:06,204,no_activity,mobile
sess_00005202,,2026-03-18 14:23:01,173,no_activity,mobile
sess_00005203,,2026-03-18 06:56:54,68,no_activity,mobile
sess_00005204,,2026-03-18 07:01:54,591,timeout,mobile
sess_00005205,,2026-03-18 09:49:26,148,no_activity,desktop
sess_00005206,cust_001292,2026-03-18 15:12:55,202,timeout,mobile
sess_00005207,,2026-03-18 10:22:55,383,no_activity,desktop
sess_00005208,cust_001657,2026-03-18 01:27:33,120,timeout,mobile
sess_00005209,cust_002349,2026-03-18 23:19:53,166,no_activity,desktop
sess_00005210,,2026-03-18 19:19:48,3445,logout,desktop
sess_00005211,cust_002221,2026-03-18 17:12:59,7,no_activity,desktop
sess_00005212,,2026-03-18 12:02:19,537,no_activity,mobile
sess_00005213,,2026-03-18 07:30:28,217,no_activity,desktop
sess_00005214,cust_001685,2026-03-18 09:01:05,3321,no_activity,mobile
sess_00005215,,2026-03-18 20:54:44,474,no_activity,desktop
sess_00005216,cust_000781,2026-03-18 17:17:50,8,no_activity,mobile
sess_00005217,,2026-03-18 13:30:29,7,no_activity,mobile
sess_00005218,cust_001423,2026-03-18 19:45:52,137,timeout,desktop
sess_00005219,,2026-03-18 19:49:31,692,no_activity,mobile
sess_00005220,,2026-03-18 17:12:31,717,no_activity,mobile
sess_00005221,cust_001166,2026-03-18 19:45:02,110,no_activity,desktop
sess_00005222,cust_002045,2026-03-18 13:34:59,850,no_activity,desktop
sess_00005223,,2026-03-18 14:25:57,150,no_activity,mobile
sess_00005224,cust_002675,2026-03-18 15:57:24,370,no_activity,desktop
sess_00005225,,2026-03-18 18:50:11,838,no_activity,desktop
sess_00005226,cust_000686,2026-03-18 17:55:31,6,no_activity,mobile
sess_00005227,,2026-03-18 19:56:00,682,no_activity,mobile
sess_00005228,,2026-03-18 15:20:55,242,no_activity,desktop
sess_00005229,cust_000587,2026-03-18 16:06:26,560,logout,desktop
sess_00005230,cust_001989,2026-03-18 21:02:59,20,no_activity,mobile
sess_00005231,,2026-03-18 16:03:33,356,timeout,desktop
sess_00005232,cust_001773,2026-03-18 13:40:03,6,no_activity,desktop
sess_00005233,cust_000098,2026-03-18 12:48:19,504,no_activity,desktop
sess_00005234,,2026-03-18 08:23:51,3581,no_activity,desktop
sess_00005235,,2026-03-18 22:32:56,293,timeout,mobile
sess_00005236,,2026-03-18 12:51:30,295,timeout,mobile
sess_00005237,cust_001101,2026-03-18 13:04:58,1405,no_activity,mobile
sess_00005238,,2026-03-18 16:41:46,19,no_activity,mobile
sess_00005239,cust_001100,2026-03-18 20:36:53,2,no_activity,mobile
sess_00005240,,2026-03-18 11:55:35,30,no_activity,mobile
sess_00005241,,2026-03-18 10:03:35,231,no_activity,mobile
sess_00005242,cust_000107,2026-03-18 10:46:52,1847,no_activity,desktop
sess_00005243,,2026-03-18 13:26:39,142,no_activity,mobile
sess_00005244,cust_002942,2026-03-18 20:19:09,46,no_activity,mobile
sess_00005245,cust_001631,2026-03-18 20:34:32,409,no_activity,desktop
sess_00005246,,2026-03-18 13:40:15,174,timeout,desktop
sess_00005247,cust_002453,2026-03-18 19:06:18,247,timeout,mobile
sess_00005248,cust_002766,2026-03-18 18:53:57,1248,no_activity,mobile
sess_00005249,cust_000398,2026-03-18 14:20:40,313,no_activity,desktop
sess_00005250,,2026-03-18 17:35:13,331,logout,desktop
sess_00005251,cust_001906,2026-03-18 18:10:58,1468,no_activity,mobile
sess_00005252,cust_001953,2026-03-18 13:29:32,263,no_activity,tablet
sess_00005253,cust_002529,2026-03-18 20:33:37,436,no_activity,mobile
sess_00005254,,2026-03-18 20:18:39,359,no_activity,desktop
sess_00005255,,2026-03-18 09:51:49,222,no_activity,desktop
sess_00005256,cust_002709,2026-03-18 11:19:10,3440,no_activity,mobile
sess_00005257,cust_000833,2026-03-18 13:12:21,20,no_activity,mobile
sess_00005258,cust_002102,2026-03-19 12:54:54,236,logout,mobile
sess_00005259,cust_001745,2026-03-19 21:34:22,618,no_activity,mobile
sess_00005260,,2026-03-19 18:10:39,26,no_activity,desktop
sess_00005261,cust_000538,2026-03-19 09:58:25,989,no_activity,desktop
sess_00005262,,2026-03-19 09:19:39,1506,logout,mobile
sess_00005263,,2026-03-19 20:52:33,1187,timeout,desktop
sess_00005264,,2026-03-19 18:39:59,577,no_activity,desktop
sess_00005265,cust_002173,2026-03-19 19:49:54,237,no_activity,desktop
sess_00005266,,2026-03-19 20:22:06,233,timeout,mobile
sess_00005267,cust_001222,2026-03-19 12:41:00,30,no_activity,mobile
sess_00005268,cust_001476,2026-03-19 05:59:19,1789,logout,desktop
sess_00005269,cust_000190,2026-03-19 11:26:24,502,no_activity,desktop
sess_00005270,,2026-03-19 08:30:12,992,no_activity,mobile
sess_00005271,cust_001148,2026-03-19 19:41:15,164,timeout,desktop
sess_00005272,,2026-03-19 17:39:03,7,no_activity,mobile
sess_00005273,,2026-03-19 09:50:21,111,timeout,mobile
sess_00005274,cust_001684,2026-03-19 14:08:08,778,no_activity,desktop
sess_00005275,cust_002655,2026-03-19 15:10:32,1388,no_activity,desktop
sess_00005276,,2026-03-19 08:40:47,748,no_activity,desktop
sess_00005277,,2026-03-19 20:13:10,240,no_activity,desktop
sess_00005278,cust_001787,2026-03-19 10:16:04,7,no_activity,desktop
sess_00005279,cust_000009,2026-03-19 15:29:54,24,no_activity,desktop
sess_00005280,cust_002302,2026-03-19 10:19:18,2,no_activity,mobile
sess_00005281,,2026-03-19 13:39:59,8,no_activity,desktop
sess_00005282,cust_000940,2026-03-19 07:16:16,834,no_activity,desktop
sess_00005283,,2026-03-19 16:53:00,29,no_activity,mobile
sess_00005284,,2026-03-19 17:03:21,357,logout,desktop
sess_00005285,cust_002240,2026-03-19 15:05:45,1088,no_activity,mobile
sess_00005286,,2026-03-19 13:56:21,4299,no_activity,desktop
sess_00005287,cust_002275,2026-03-19 18:40:27,370,timeout,desktop
sess_00005288,,2026-03-19 13:49:07,111,no_activity,desktop
sess_00005289,cust_000858,2026-03-19 15:47:02,22,no_activity,desktop
sess_00005290,,2026-03-19 20:06:10,605,no_activity,desktop
sess_00005291,,2026-03-19 19:31:30,876,no_activity,mobile
sess_00005292,cust_000197,2026-03-19 21:51:27,158,no_activity,desktop
sess_00005293,,2026-03-19 08:24:25,2856,timeout,desktop
sess_00005294,,2026-03-19 08:09:55,130,timeout,mobile
sess_00005295,cust_001171,2026-03-19 19:10:38,618,no_activity,desktop
sess_00005296,cust_002159,2026-03-19 12:33:52,192,no_activity,tablet
sess_00005297,,2026-03-19 10:56:33,218,no_activity,tablet
sess_00005298,,2026-03-19 22:50:00,4,no_activity,desktop
sess_00005299,,2026-03-19 21:35:30,252,no_activity,desktop
sess_00005300,,2026-03-19 09:13:11,582,no_activity,mobile
sess_00005301,,2026-03-19 20:39:23,3909,no_activity,desktop
sess_00005302,cust_001990,2026-03-19 12:44:46,143,no_activity,mobile
sess_00005303,cust_002425,2026-03-19 17:13:48,6,no_activity,desktop
sess_00005304,cust_001181,2026-03-19 17:28:15,653,no_activity,mobile
sess_00005305,,2026-03-19 18:51:59,262,no_activity,desktop
sess_00005306,,2026-03-19 19:02:59,1578,no_activity,mobile
sess_00005307,cust_000437,2026-03-19 09:01:08,156,no_activity,desktop
sess_00005308,cust_002209,2026-03-19 13:32:39,305,no_activity,desktop
sess_00005309,,2026-03-19 19:22:20,167,no_activity,desktop
sess_00005310,,2026-03-19 06:20:32,106,no_activity,mobile
sess_00005311,,2026-03-19 16:51:47,6,no_activity,desktop
sess_00005312,cust_000582,2026-03-19 20:58:00,3595,no_activity,desktop
sess_00005313,cust_001136,2026-03-19 18:18:26,470,no_activity,desktop
sess_00005314,,2026-03-19 11:36:38,1338,no_activity,desktop
sess_00005315,,2026-03-19 09:53:39,734,no_activity,desktop
sess_00005316,cust_001107,2026-03-19 17:23:29,929,no_activity,mobile
sess_00005317,cust_000341,2026-03-19 12:35:37,389,no_activity,desktop
sess_00005318,cust_002105,2026-03-19 13:52:36,300,logout,desktop
sess_00005319,cust_000354,2026-03-19 11:08:39,46,no_activity,desktop
sess_00005320,cust_001940,2026-03-19 17:02:56,877,timeout,mobile
sess_00005321,,2026-03-19 15:10:08,2417,no_activity,desktop
sess_00005322,,2026-03-19 14:57:50,177,timeout,mobile
sess_00005323,cust_002127,2026-03-19 19:53:02,1069,logout,mobile
sess_00005324,,2026-03-19 15:56:42,210,timeout,desktop
sess_00005325,,2026-03-19 20:40:37,386,no_activity,desktop
sess_00005326,cust_002585,2026-03-19 19:30:04,9,no_activity,mobile
sess_00005327,,2026-03-19 13:09:53,438,no_activity,desktop
sess_00005328,cust_002270,2026-03-19 10:23:12,122,timeout,mobile
sess_00005329,,2026-03-19 19:17:07,580,no_activity,mobile
sess_00005330,cust_001742,2026-03-19 11:52:44,784,no_activity,desktop
sess_00005331,,2026-03-19 10:56:36,495,no_activity,desktop
sess_00005332,,2026-03-20 09:46:56,804,no_activity,mobile
sess_00005333,,2026-03-20 15:20:12,510,no_activity,mobile
sess_00005334,cust_000459,2026-03-20 15:57:57,75,no_activity,desktop
sess_00005335,cust_002894,2026-03-20 09:54:02,646,no_activity,desktop
sess_00005336,,2026-03-20 18:07:43,217,no_activity,mobile
sess_00005337,,2026-03-20 15:42:24,1287,no_activity,mobile
sess_00005338,,2026-03-20 18:33:13,21,no_activity,tablet
sess_00005339,,2026-03-20 15:48:31,357,no_activity,desktop
sess_00005340,cust_001562,2026-03-20 12:29:25,117,no_activity,desktop
sess_00005341,,2026-03-20 17:25:15,275,no_activity,desktop
sess_00005342,,2026-03-20 07:38:04,602,logout,desktop
sess_00005343,cust_000792,2026-03-20 18:40:34,320,timeout,desktop
sess_00005344,cust_001996,2026-03-20 07:15:20,1061,no_activity,mobile
sess_00005345,,2026-03-20 17:39:57,326,timeout,mobile
sess_00005346,cust_001617,2026-03-20 15:18:43,1473,no_activity,mobile
sess_00005347,,2026-03-20 09:08:29,326,no_activity,desktop
sess_00005348,cust_000816,2026-03-20 05:57:07,3,no_activity,mobile
sess_00005349,cust_002690,2026-03-20 09:26:26,574,no_activity,desktop
sess_00005350,,2026-03-20 18:03:52,20,no_activity,tablet
sess_00005351,cust_002433,2026-03-20 15:43:43,1000,no_activity,desktop
sess_00005352,,2026-03-20 21:43:07,935,no_activity,desktop
sess_00005353,cust_002542,2026-03-20 11:26:37,491,logout,mobile
sess_00005354,cust_002331,2026-03-20 16:39:31,605,timeout,desktop
sess_00005355,,2026-03-20 16:14:41,37,no_activity,mobile
sess_00005356,cust_002385,2026-03-20 11:27:29,235,no_activity,mobile
sess_00005357,cust_001782,2026-03-20 13:05:23,579,no_activity,mobile
sess_00005358,cust_000986,2026-03-20 17:57:37,20,no_activity,mobile
sess_00005359,cust_002184,2026-03-20 19:12:51,406,no_activity,mobile
sess_00005360,cust_000909,2026-03-20 15:07:10,610,no_activity,desktop
sess_00005361,,2026-03-20 16:40:25,13,no_activity,desktop
sess_00005362,cust_000038,2026-03-20 03:20:48,121,no_activity,desktop
sess_00005363,,2026-03-20 21:14:38,535,no_activity,desktop
sess_00005364,cust_000560,2026-03-20 13:27:57,1193,no_activity,mobile
sess_00005365,cust_001511,2026-03-20 11:09:24,912,no_activity,desktop
sess_00005366,cust_002990,2026-03-20 11:23:51,77,no_activity,mobile
sess_00005367,,2026-03-20 09:46:06,30,no_activity,mobile
sess_00005368,,2026-03-20 09:29:03,14,no_activity,mobile
sess_00005369,,2026-03-20 08:38:56,305,no_activity,mobile
sess_00005370,,2026-03-20 18:06:44,167,timeout,desktop
sess_00005371,,2026-03-20 23:19:13,1423,no_activity,mobile
sess_00005372,cust_002076,2026-03-20 22:25:48,1399,no_activity,desktop
sess_00005373,cust_001787,2026-03-20 10:35:52,1835,no_activity,mobile
sess_00005374,cust_000644,2026-03-20 19:55:31,2282,no_activity,desktop
sess_00005375,,2026-03-20 14:44:09,6,no_activity,mobile
sess_00005376,cust_000487,2026-03-20 11:45:08,138,no_activity,mobile
sess_00005377,,2026-03-20 08:55:17,271,no_activity,desktop
sess_00005378,cust_000767,2026-03-20 13:50:59,529,no_activity,tablet
sess_00005379,,2026-03-20 09:34:14,87,no_activity,mobile
sess_00005380,cust_001134,2026-03-20 16:45:12,535,no_activity,desktop
sess_00005381,,2026-03-20 05:10:43,559,no_activity,tablet
sess_00005382,,2026-03-20 22:52:20,930,no_activity,desktop
sess_00005383,,2026-03-20 16:55:01,251,no_activity,mobile
sess_00005384,cust_002632,2026-03-20 05:28:33,872,no_activity,desktop
sess_00005385,cust_001860,2026-03-20 10:53:07,746,no_activity,mobile
sess_00005386,cust_000437,2026-03-20 19:02:10,10,no_activity,desktop
sess_00005387,,2026-03-20 15:19:39,1272,no_activity,desktop
sess_00005388,cust_000014,2026-03-20 08:11:51,232,no_activity,desktop
sess_00005389,cust_002548,2026-03-20 10:57:22,19,no_activity,tablet
sess_00005390,cust_000857,2026-03-20 19:40:30,11,no_activity,desktop
sess_00005391,cust_001399,2026-03-20 17:28:17,258,no_activity,desktop
sess_00005392,,2026-03-20 23:36:33,1018,no_activity,desktop
sess_00005393,cust_001633,2026-03-20 15:42:28,202,no_activity,mobile
sess_00005394,cust_000276,2026-03-20 17:56:16,1789,no_activity,desktop
sess_00005395,,2026-03-20 11:32:14,73,no_activity,desktop
sess_00005396,,2026-03-20 10:53:35,353,no_activity,tablet
sess_00005397,,2026-03-20 19:10:39,461,no_activity,desktop
sess_00005398,cust_002748,2026-03-20 12:11:04,395,timeout,desktop
sess_00005399,,2026-03-20 19:44:45,1833,no_activity,mobile
sess_00005400,,2026-03-20 11:09:04,395,no_activity,mobile
sess_00005401,,2026-03-20 18:01:36,769,no_activity,mobile
sess_00005402,cust_000257,2026-03-20 06:45:23,456,timeout,tablet
sess_00005403,,2026-03-20 08:52:37,262,no_activity,desktop
sess_00005404,,2026-03-20 20:33:52,512,logout,desktop
sess_00005405,cust_002512,2026-03-20 19:02:22,30,no_activity,desktop
sess_00005406,,2026-03-20 10:03:03,1290,no_activity,desktop
sess_00005407,cust_000762,2026-03-20 17:49:03,18,no_activity,mobile
sess_00005408,,2026-03-20 19:03:18,209,timeout,mobile
sess_00005409,cust_001788,2026-03-20 10:11:25,17,no_activity,mobile
sess_00005410,cust_002243,2026-03-20 23:24:38,245,no_activity,desktop
sess_00005411,cust_001698,2026-03-20 11:46:49,435,no_activity,mobile
sess_00005412,cust_002772,2026-03-20 15:06:49,416,no_activity,mobile
sess_00005413,cust_000022,2026-03-21 10:30:02,401,no_activity,desktop
sess_00005414,,2026-03-21 23:21:35,20,no_activity,tablet
sess_00005415,,2026-03-21 21:24:47,14,no_activity,desktop
sess_00005416,,2026-03-21 15:55:18,436,no_activity,mobile
sess_00005417,cust_000934,2026-03-21 10:30:57,120,no_activity,desktop
sess_00005418,,2026-03-21 12:41:06,277,logout,mobile
sess_00005419,cust_002822,2026-03-21 19:44:50,416,logout,desktop
sess_00005420,cust_002747,2026-03-21 08:49:49,355,no_activity,mobile
sess_00005421,,2026-03-21 15:40:46,155,no_activity,desktop
sess_00005422,cust_002588,2026-03-21 18:30:38,303,no_activity,desktop
sess_00005423,cust_001323,2026-03-21 14:27:26,300,no_activity,desktop
sess_00005424,cust_002815,2026-03-21 16:05:32,250,no_activity,mobile
sess_00005425,,2026-03-21 08:06:17,2,no_activity,desktop
sess_00005426,,2026-03-21 15:46:37,641,timeout,mobile
sess_00005427,,2026-03-21 19:39:38,268,no_activity,desktop
sess_00005428,cust_000778,2026-03-21 09:44:08,12,no_activity,mobile
sess_00005429,cust_000602,2026-03-21 13:32:45,3,no_activity,desktop
sess_00005430,,2026-03-21 20:29:16,13,no_activity,desktop
sess_00005431,,2026-03-21 09:10:02,1706,no_activity,desktop
sess_00005432,,2026-03-21 17:08:37,222,no_activity,mobile
sess_00005433,,2026-03-21 21:51:37,663,no_activity,desktop
sess_00005434,,2026-03-21 16:43:56,589,no_activity,mobile
sess_00005435,cust_002406,2026-03-21 07:25:46,4,no_activity,mobile
sess_00005436,cust_002879,2026-03-21 20:47:30,523,no_activity,mobile
sess_00005437,cust_002254,2026-03-21 17:10:01,932,timeout,mobile
sess_00005438,cust_000381,2026-03-21 18:43:57,234,no_activity,mobile
sess_00005439,cust_001876,2026-03-21 21:01:45,8,no_activity,mobile
sess_00005440,,2026-03-21 11:46:08,755,no_activity,desktop
sess_00005441,cust_000682,2026-03-21 09:38:34,16,no_activity,mobile
sess_00005442,,2026-03-21 20:41:06,475,timeout,mobile
sess_00005443,cust_000335,2026-03-21 06:38:52,251,no_activity,desktop
sess_00005444,cust_000998,2026-03-21 14:24:15,173,logout,desktop
sess_00005445,cust_000390,2026-03-21 14:30:41,215,logout,mobile
sess_00005446,,2026-03-21 21:57:56,305,logout,desktop
sess_00005447,cust_000035,2026-03-21 13:46:40,986,no_activity,desktop
sess_00005448,cust_001356,2026-03-21 18:00:01,436,no_activity,desktop
sess_00005449,cust_002644,2026-03-21 11:47:16,17,no_activity,mobile
sess_00005450,cust_000208,2026-03-21 08:19:56,658,no_activity,mobile
sess_00005451,,2026-03-21 08:42:34,642,no_activity,desktop
sess_00005452,,2026-03-21 18:35:43,850,no_activity,desktop
sess_00005453,cust_002863,2026-03-21 19:22:13,224,timeout,desktop
sess_00005454,cust_002195,2026-03-21 15:52:54,1536,no_activity,mobile
sess_00005455,,2026-03-21 07:04:14,145,no_activity,mobile
sess_00005456,cust_000054,2026-03-21 12:12:33,1123,logout,mobile
sess_00005457,,2026-03-21 16:26:40,9,no_activity,desktop
sess_00005458,,2026-03-21 22:04:37,233,no_activity,desktop
sess_00005459,cust_001674,2026-03-21 07:48:16,477,no_activity,desktop
sess_00005460,cust_000650,2026-03-21 10:39:16,212,no_activity,mobile
sess_00005461,,2026-03-21 18:55:48,207,timeout,desktop
sess_00005462,cust_001377,2026-03-21 16:25:00,10,no_activity,mobile
sess_00005463,cust_001792,2026-03-21 10:03:07,3028,timeout,desktop
sess_00005464,cust_000005,2026-03-21 09:47:09,568,no_activity,mobile
sess_00005465,cust_002659,2026-03-21 22:03:41,281,timeout,mobile
sess_00005466,,2026-03-21 16:40:43,29,no_activity,mobile
sess_00005467,cust_000424,2026-03-21 06:42:01,244,logout,desktop
sess_00005468,,2026-03-21 16:03:44,911,no_activity,desktop
sess_00005469,cust_000107,2026-03-21 17:59:06,408,timeout,mobile
sess_00005470,cust_000735,2026-03-21 10:01:14,266,no_activity,mobile
sess_00005471,cust_000202,2026-03-21 10:27:02,299,no_activity,mobile
sess_00005472,,2026-03-21 19:18:40,1351,no_activity,mobile
sess_00005473,,2026-03-21 11:57:43,384,no_activity,desktop
sess_00005474,,2026-03-21 18:17:18,446,no_activity,desktop
sess_00005475,cust_001995,2026-03-21 15:04:42,717,logout,mobile
sess_00005476,cust_002585,2026-03-21 08:55:08,114,no_activity,desktop
sess_00005477,,2026-03-21 07:02:28,38,no_activity,mobile
sess_00005478,,2026-03-21 15:17:54,970,no_activity,desktop
sess_00005479,cust_002978,2026-03-21 13:12:16,1141,no_activity,mobile
sess_00005480,,2026-03-21 17:26:44,30,no_activity,desktop
sess_00005481,,2026-03-21 16:26:58,239,no_activity,desktop
sess_00005482,cust_000401,2026-03-21 10:50:56,89,timeout,mobile
sess_00005483,,2026-03-21 12:13:56,26,no_activity,mobile
sess_00005484,cust_000772,2026-03-21 05:14:38,179,timeout,desktop
sess_00005485,,2026-03-21 20:26:17,28,no_activity,desktop
sess_00005486,,2026-03-21 09:00:59,342,timeout,mobile
sess_00005487,,2026-03-21 15:05:02,249,no_activity,mobile
sess_00005488,,2026-03-21 19:12:46,498,no_activity,desktop
sess_00005489,cust_002065,2026-03-21 17:41:59,178,no_activity,mobile
sess_00005490,cust_002331,2026-03-21 10:05:55,629,no_activity,mobile
sess_00005491,,2026-03-21 18:53:02,710,timeout,mobile
sess_00005492,cust_000099,2026-03-21 16:19:55,1024,no_activity,desktop
sess_00005493,cust_000733,2026-03-21 12:13:07,266,no_activity,mobile
sess_00005494,cust_001854,2026-03-21 12:29:55,1124,no_activity,mobile
sess_00005495,,2026-03-21 21:28:13,675,no_activity,mobile
sess_00005496,,2026-03-22 18:07:25,495,no_activity,desktop
sess_00005497,cust_001812,2026-03-22 18:19:34,124,no_activity,desktop
sess_00005498,,2026-03-22 20:34:29,94,logout,mobile
sess_00005499,,2026-03-22 07:09:06,408,no_activity,desktop
sess_00005500,cust_001102,2026-03-22 19:42:00,7,no_activity,tablet
sess_00005501,,2026-03-22 11:22:37,921,timeout,mobile
sess_00005502,,2026-03-22 18:59:23,9,no_activity,mobile
sess_00005503,cust_000351,2026-03-22 09:12:43,679,no_activity,mobile
sess_00005504,cust_000374,2026-03-22 22:35:12,10,no_activity,mobile
sess_00005505,,2026-03-22 19:26:33,604,no_activity,desktop
sess_00005506,cust_000161,2026-03-22 11:38:54,410,timeout,tablet
sess_00005507,,2026-03-22 16:45:10,290,timeout,desktop
sess_00005508,,2026-03-22 16:02:00,397,no_activity,mobile
sess_00005509,cust_001223,2026-03-22 08:19:46,241,timeout,desktop
sess_00005510,cust_000970,2026-03-22 13:47:03,454,no_activity,desktop
sess_00005511,,2026-03-22 10:30:04,51,no_activity,desktop
sess_00005512,,2026-03-22 02:16:30,915,no_activity,desktop
sess_00005513,,2026-03-22 13:44:52,102,no_activity,mobile
sess_00005514,,2026-03-22 16:13:08,28,no_activity,mobile
sess_00005515,,2026-03-22 13:07:22,15,no_activity,desktop
sess_00005516,,2026-03-22 19:52:23,349,logout,desktop
sess_00005517,,2026-03-22 08:55:21,264,timeout,mobile
sess_00005518,cust_002565,2026-03-22 18:38:26,21,no_activity,desktop
sess_00005519,cust_001737,2026-03-22 11:59:33,410,no_activity,desktop
sess_00005520,cust_001053,2026-03-22 09:45:36,22,no_activity,desktop
sess_00005521,,2026-03-22 10:12:07,2059,no_activity,desktop
sess_00005522,cust_001195,2026-03-22 13:13:26,200,no_activity,desktop
sess_00005523,cust_001598,2026-03-22 13:38:21,1798,no_activity,desktop
sess_00005524,,2026-03-22 20:00:33,253,no_activity,desktop
sess_00005525,cust_002480,2026-03-22 21:13:12,30,no_activity,desktop
sess_00005526,,2026-03-22 12:07:58,1711,no_activity,desktop
sess_00005527,cust_001488,2026-03-22 17:50:36,239,timeout,desktop
sess_00005528,cust_000926,2026-03-22 03:58:40,5,no_activity,tablet
sess_00005529,,2026-03-22 19:56:03,3,no_activity,mobile
sess_00005530,cust_002102,2026-03-22 09:47:57,1665,no_activity,mobile
sess_00005531,,2026-03-22 19:02:02,211,logout,desktop
sess_00005532,cust_000683,2026-03-22 19:43:23,553,no_activity,desktop
sess_00005533,cust_000984,2026-03-22 13:33:11,2431,no_activity,mobile
sess_00005534,cust_001372,2026-03-22 00:29:04,92,timeout,desktop
sess_00005535,cust_002296,2026-03-22 11:14:27,357,no_activity,desktop
sess_00005536,,2026-03-22 18:13:58,483,no_activity,mobile
sess_00005537,cust_001625,2026-03-22 18:16:54,456,no_activity,tablet
sess_00005538,cust_002700,2026-03-22 17:22:33,5,no_activity,mobile
sess_00005539,cust_001349,2026-03-22 13:38:40,764,no_activity,desktop
sess_00005540,cust_001928,2026-03-22 18:02:56,479,timeout,mobile
sess_00005541,,2026-03-22 18:05:21,641,no_activity,desktop
sess_00005542,,2026-03-22 23:28:05,508,logout,mobile
sess_00005543,,2026-03-22 14:48:29,180,no_activity,mobile
sess_00005544,cust_001944,2026-03-22 14:28:50,2358,logout,mobile
sess_00005545,,2026-03-22 19:26:42,204,no_activity,desktop
sess_00005546,,2026-03-22 23:25:11,1242,no_activity,mobile
sess_00005547,,2026-03-22 17:49:17,357,no_activity,desktop
sess_00005548,cust_001841,2026-03-22 16:56:42,451,no_activity,mobile
sess_00005549,cust_001847,2026-03-22 21:09:22,1180,no_activity,mobile
sess_00005550,,2026-03-22 17:51:24,3871,timeout,mobile
sess_00005551,cust_000169,2026-03-22 14:34:58,36,no_activity,desktop
sess_00005552,,2026-03-22 20:15:31,21,no_activity,desktop
sess_00005553,cust_001290,2026-03-22 19:01:17,26,no_activity,mobile
sess_00005554,cust_000121,2026-03-22 16:35:30,743,no_activity,mobile
sess_00005555,cust_001081,2026-03-22 15:02:57,194,no_activity,mobile
sess_00005556,cust_001160,2026-03-22 09:39:10,1012,no_activity,mobile
sess_00005557,,2026-03-22 15:16:21,178,timeout,desktop
sess_00005558,,2026-03-22 13:54:32,1136,no_activity,desktop
sess_00005559,cust_001464,2026-03-22 18:07:23,985,no_activity,mobile
sess_00005560,,2026-03-22 10:54:44,325,no_activity,desktop
sess_00005561,cust_001591,2026-03-22 17:54:54,314,no_activity,mobile
sess_00005562,,2026-03-22 17:21:25,409,no_activity,mobile
sess_00005563,cust_002449,2026-03-22 14:00:19,719,no_activity,mobile
sess_00005564,,2026-03-22 19:28:42,1040,no_activity,desktop
sess_00005565,,2026-03-22 08:56:45,703,no_activity,mobile
sess_00005566,,2026-03-22 15:35:50,778,no_activity,desktop
sess_00005567,cust_001442,2026-03-23 07:18:27,116,logout,mobile
sess_00005568,cust_000951,2026-03-23 16:16:35,135,no_activity,tablet
sess_00005569,cust_000195,2026-03-23 12:54:06,555,timeout,mobile
sess_00005570,,2026-03-23 13:36:04,26,no_activity,tablet
sess_00005571,,2026-03-23 19:32:56,4,no_activity,desktop
sess_00005572,,2026-03-23 17:23:11,1265,no_activity,desktop
sess_00005573,,2026-03-23 17:48:00,163,no_activity,desktop
sess_00005574,,2026-03-23 17:59:25,452,logout,mobile
sess_00005575,cust_002804,2026-03-23 15:21:03,206,no_activity,desktop
sess_00005576,cust_001254,2026-03-23 08:13:54,1156,no_activity,mobile
sess_00005577,,2026-03-23 18:29:03,255,no_activity,desktop
sess_00005578,,2026-03-23 21:00:11,361,no_activity,desktop
sess_00005579,cust_001528,2026-03-23 12:02:26,171,no_activity,desktop
sess_00005580,cust_002878,2026-03-23 14:02:49,304,no_activity,desktop
sess_00005581,,2026-03-23 08:56:42,785,no_activity,mobile
sess_00005582,,2026-03-23 09:14:40,3612,no_activity,desktop
sess_00005583,cust_001376,2026-03-23 20:21:23,1012,timeout,desktop
sess_00005584,cust_001807,2026-03-23 12:15:23,2684,no_activity,desktop
sess_00005585,cust_001550,2026-03-23 11:04:01,296,no_activity,mobile
sess_00005586,cust_001601,2026-03-23 18:47:05,749,no_activity,desktop
sess_00005587,,2026-03-23 07:49:32,306,timeout,mobile
sess_00005588,cust_000478,2026-03-23 09:33:07,17,no_activity,mobile
sess_00005589,,2026-03-23 09:42:13,186,no_activity,tablet
sess_00005590,,2026-03-23 19:44:00,463,no_activity,desktop
sess_00005591,cust_000703,2026-03-23 18:46:31,545,no_activity,desktop
sess_00005592,cust_000860,2026-03-23 09:46:12,302,no_activity,desktop
sess_00005593,,2026-03-23 18:46:56,593,no_activity,tablet
sess_00005594,,2026-03-23 15:35:08,182,no_activity,desktop
sess_00005595,,2026-03-23 23:10:40,700,no_activity,mobile
sess_00005596,cust_002007,2026-03-23 13:04:32,577,no_activity,desktop
sess_00005597,,2026-03-23 10:44:41,1,no_activity,tablet
sess_00005598,cust_001160,2026-03-23 20:30:32,29,no_activity,desktop
sess_00005599,cust_002031,2026-03-23 21:54:37,967,no_activity,desktop
sess_00005600,cust_002036,2026-03-23 15:00:54,2199,no_activity,desktop
sess_00005601,cust_000854,2026-03-23 21:34:35,122,no_activity,desktop
sess_00005602,,2026-03-23 19:38:28,26,no_activity,mobile
sess_00005603,,2026-03-23 09:53:02,412,no_activity,desktop
sess_00005604,cust_002252,2026-03-23 22:55:41,26,no_activity,desktop
sess_00005605,cust_002662,2026-03-23 08:51:38,21,no_activity,desktop
sess_00005606,,2026-03-23 07:56:34,6,no_activity,mobile
sess_00005607,,2026-03-23 17:00:44,550,no_activity,desktop
sess_00005608,,2026-03-23 17:15:20,271,no_activity,tablet
sess_00005609,,2026-03-23 14:00:31,479,no_activity,desktop
sess_00005610,,2026-03-23 08:02:14,57,no_activity,mobile
sess_00005611,,2026-03-23 14:13:02,944,no_activity,mobile
sess_00005612,cust_002205,2026-03-23 15:48:35,500,timeout,desktop
sess_00005613,cust_000824,2026-03-23 13:06:44,934,logout,desktop
sess_00005614,,2026-03-23 19:32:08,218,no_activity,desktop
sess_00005615,cust_001738,2026-03-23 01:55:43,8,no_activity,desktop
sess_00005616,,2026-03-23 10:15:36,618,no_activity,mobile
sess_00005617,cust_000414,2026-03-23 14:05:51,158,timeout,desktop
sess_00005618,cust_002781,2026-03-23 11:21:31,137,no_activity,mobile
sess_00005619,,2026-03-23 19:44:17,14,no_activity,mobile
sess_00005620,cust_000686,2026-03-23 10:53:54,1791,no_activity,desktop
sess_00005621,cust_001202,2026-03-23 16:02:55,2863,timeout,desktop
sess_00005622,cust_001331,2026-03-23 16:55:42,128,no_activity,desktop
sess_00005623,cust_002862,2026-03-23 06:03:43,873,no_activity,mobile
sess_00005624,cust_000670,2026-03-23 19:28:31,78,no_activity,mobile
sess_00005625,,2026-03-23 14:06:24,736,no_activity,desktop
sess_00005626,,2026-03-23 11:13:39,506,logout,desktop
sess_00005627,,2026-03-23 22:13:12,16,no_activity,mobile
sess_00005628,,2026-03-23 21:34:48,1263,no_activity,desktop
sess_00005629,cust_001957,2026-03-23 18:08:50,421,no_activity,mobile
sess_00005630,,2026-03-23 18:45:21,261,no_activity,mobile
sess_00005631,cust_001585,2026-03-23 17:23:47,289,no_activity,mobile
sess_00005632,cust_000281,2026-03-23 14:11:50,309,no_activity,mobile
sess_00005633,cust_000512,2026-03-23 11:56:04,209,no_activity,desktop
sess_00005634,,2026-03-23 10:35:53,483,no_activity,desktop
sess_00005635,cust_002811,2026-03-23 20:31:50,64,timeout,desktop
sess_00005636,cust_001013,2026-03-23 07:58:14,8,no_activity,mobile
sess_00005637,,2026-03-23 10:24:05,573,timeout,desktop
sess_00005638,cust_000310,2026-03-23 14:13:12,436,no_activity,mobile
sess_00005639,,2026-03-23 17:23:09,728,no_activity,mobile
sess_00005640,cust_002197,2026-03-23 14:29:43,350,no_activity,desktop
sess_00005641,,2026-03-23 08:40:17,790,no_activity,desktop
sess_00005642,,2026-03-23 21:12:26,300,no_activity,tablet
sess_00005643,cust_000254,2026-03-23 17:21:07,518,timeout,mobile
sess_00005644,,2026-03-23 18:33:58,11,no_activity,desktop
sess_00005645,,2026-03-24 18:26:05,231,no_activity,mobile
sess_00005646,cust_000255,2026-03-24 10:06:29,281,no_activity,desktop
sess_00005647,,2026-03-24 20:57:08,221,timeout,mobile
sess_00005648,cust_000040,2026-03-24 04:59:27,7,no_activity,desktop
sess_00005649,,2026-03-24 23:32:26,728,no_activity,desktop
sess_00005650,,2026-03-24 08:33:43,607,no_activity,mobile
sess_00005651,cust_002331,2026-03-24 16:59:06,486,no_activity,desktop
sess_00005652,,2026-03-24 18:24:23,4,no_activity,desktop
sess_00005653,,2026-03-24 17:30:43,299,no_activity,mobile
sess_00005654,cust_000387,2026-03-24 11:10:09,982,no_activity,mobile
sess_00005655,cust_002115,2026-03-24 19:12:13,23,no_activity,tablet
sess_00005656,cust_001617,2026-03-24 06:55:43,123,timeout,mobile
sess_00005657,cust_001902,2026-03-24 21:14:14,734,timeout,mobile
sess_00005658,,2026-03-24 10:44:06,12,no_activity,desktop
sess_00005659,,2026-03-24 13:13:57,223,timeout,desktop
sess_00005660,,2026-03-24 18:51:08,28,no_activity,desktop
sess_00005661,,2026-03-24 12:22:39,180,no_activity,desktop
sess_00005662,,2026-03-24 12:50:15,380,logout,desktop
sess_00005663,,2026-03-24 14:13:09,18,no_activity,desktop
sess_00005664,,2026-03-24 10:14:32,58,no_activity,mobile
sess_00005665,cust_000869,2026-03-24 09:36:02,625,logout,mobile
sess_00005666,,2026-03-24 20:19:38,35,no_activity,desktop
sess_00005667,cust_001224,2026-03-24 10:01:42,47,logout,mobile
sess_00005668,cust_000418,2026-03-24 20:09:28,298,no_activity,desktop
sess_00005669,,2026-03-24 14:56:10,662,no_activity,desktop
sess_00005670,,2026-03-24 19:53:08,293,no_activity,mobile
sess_00005671,,2026-03-24 13:28:53,1068,no_activity,mobile
sess_00005672,,2026-03-24 17:56:33,380,no_activity,tablet
sess_00005673,,2026-03-24 12:05:32,607,no_activity,mobile
sess_00005674,cust_001399,2026-03-24 17:40:04,105,no_activity,mobile
sess_00005675,,2026-03-24 11:53:59,21,no_activity,desktop
sess_00005676,,2026-03-24 15:31:06,346,no_activity,mobile
sess_00005677,cust_002781,2026-03-24 09:16:22,459,no_activity,desktop
sess_00005678,,2026-03-24 17:14:16,784,no_activity,mobile
sess_00005679,cust_001836,2026-03-24 08:02:52,78,no_activity,desktop
sess_00005680,cust_000247,2026-03-24 12:43:47,120,no_activity,desktop
sess_00005681,,2026-03-24 18:17:22,314,timeout,desktop
sess_00005682,cust_002890,2026-03-24 16:27:50,17,no_activity,desktop
sess_00005683,cust_000646,2026-03-24 13:40:27,193,no_activity,desktop
sess_00005684,,2026-03-24 02:13:16,682,no_activity,mobile
sess_00005685,,2026-03-24 13:51:42,676,no_activity,desktop
sess_00005686,,2026-03-24 10:14:48,437,no_activity,mobile
sess_00005687,cust_002962,2026-03-24 11:59:23,295,logout,mobile
sess_00005688,cust_000461,2026-03-24 11:55:11,14,no_activity,desktop
sess_00005689,cust_002057,2026-03-24 09:04:47,53,no_activity,mobile
sess_00005690,cust_000903,2026-03-24 20:31:47,888,no_activity,mobile
sess_00005691,,2026-03-24 08:18:11,318,no_activity,mobile
sess_00005692,cust_002239,2026-03-24 16:51:34,2739,no_activity,desktop
sess_00005693,,2026-03-24 15:42:53,1990,no_activity,desktop
sess_00005694,cust_000021,2026-03-24 14:44:55,57,timeout,desktop
sess_00005695,cust_002177,2026-03-24 12:00:28,2011,no_activity,mobile
sess_00005696,cust_001061,2026-03-24 22:04:26,1664,no_activity,desktop
sess_00005697,,2026-03-24 17:18:04,20,no_activity,desktop
sess_00005698,cust_000612,2026-03-24 19:46:24,143,no_activity,desktop
sess_00005699,cust_000524,2026-03-24 21:04:44,355,no_activity,tablet
sess_00005700,,2026-03-24 18:32:25,196,no_activity,desktop
sess_00005701,,2026-03-24 17:06:38,26,no_activity,desktop
sess_00005702,cust_001755,2026-03-24 17:23:18,10,no_activity,desktop
sess_00005703,cust_001014,2026-03-24 23:16:30,20,no_activity,mobile
sess_00005704,,2026-03-24 15:52:16,87,no_activity,mobile
sess_00005705,cust_001338,2026-03-24 13:11:58,12,no_activity,desktop
sess_00005706,,2026-03-24 18:57:25,424,timeout,desktop
sess_00005707,,2026-03-24 09:05:14,795,no_activity,desktop
sess_00005708,cust_000978,2026-03-24 09:37:00,1370,no_activity,desktop
sess_00005709,,2026-03-24 18:10:31,59,no_activity,desktop
sess_00005710,,2026-03-24 07:28:04,215,no_activity,desktop
sess_00005711,,2026-03-24 14:43:24,1583,no_activity,desktop
sess_00005712,,2026-03-24 14:19:13,103,no_activity,tablet
sess_00005713,,2026-03-25 15:23:06,20,no_activity,desktop
sess_00005714,,2026-03-25 06:05:21,607,no_activity,desktop
sess_00005715,,2026-03-25 17:03:38,515,no_activity,mobile
sess_00005716,,2026-03-25 17:25:26,303,no_activity,desktop
sess_00005717,cust_001695,2026-03-25 11:42:32,29,no_activity,desktop
sess_00005718,,2026-03-25 16:01:53,209,no_activity,desktop
sess_00005719,cust_002826,2026-03-25 10:17:47,421,no_activity,mobile
sess_00005720,,2026-03-25 18:44:22,3386,logout,mobile
sess_00005721,cust_002566,2026-03-25 10:49:57,3173,no_activity,mobile
sess_00005722,,2026-03-25 06:43:35,754,timeout,desktop
sess_00005723,cust_000282,2026-03-25 17:05:49,226,no_activity,mobile
sess_00005724,cust_000606,2026-03-25 16:48:29,767,no_activity,desktop
sess_00005725,cust_001029,2026-03-25 11:30:32,2419,no_activity,desktop
sess_00005726,,2026-03-25 08:44:40,23,no_activity,desktop
sess_00005727,,2026-03-25 08:40:20,2839,no_activity,desktop
sess_00005728,,2026-03-25 02:54:32,307,no_activity,mobile
sess_00005729,cust_001931,2026-03-25 17:34:10,196,no_activity,tablet
sess_00005730,cust_002044,2026-03-25 17:30:58,562,no_activity,mobile
sess_00005731,,2026-03-25 01:28:20,143,no_activity,desktop
sess_00005732,,2026-03-25 12:08:07,20,no_activity,desktop
sess_00005733,,2026-03-25 21:17:01,6,no_activity,mobile
sess_00005734,cust_000233,2026-03-25 17:17:48,957,no_activity,mobile
sess_00005735,,2026-03-25 19:22:26,167,timeout,mobile
sess_00005736,,2026-03-25 18:15:04,98,timeout,desktop
sess_00005737,,2026-03-25 04:06:17,246,timeout,desktop
sess_00005738,cust_001487,2026-03-25 13:34:15,3339,no_activity,mobile
sess_00005739,cust_002773,2026-03-25 09:27:53,118,no_activity,desktop
sess_00005740,cust_002557,2026-03-25 21:59:51,1,no_activity,tablet
sess_00005741,cust_002555,2026-03-25 07:53:19,718,no_activity,tablet
sess_00005742,cust_001784,2026-03-25 12:17:52,14,no_activity,desktop
sess_00005743,cust_000996,2026-03-25 16:04:21,22,no_activity,desktop
sess_00005744,cust_000880,2026-03-25 17:17:14,223,no_activity,desktop
sess_00005745,,2026-03-25 19:32:54,28,no_activity,mobile
sess_00005746,,2026-03-25 13:04:49,107,no_activity,mobile
sess_00005747,,2026-03-25 11:31:51,535,no_activity,desktop
sess_00005748,cust_002443,2026-03-25 18:03:42,289,no_activity,desktop
sess_00005749,,2026-03-25 16:50:51,3940,no_activity,mobile
sess_00005750,cust_000255,2026-03-25 12:30:48,651,no_activity,desktop
sess_00005751,,2026-03-25 12:43:22,2732,no_activity,desktop
sess_00005752,cust_002015,2026-03-25 18:14:47,22,no_activity,desktop
sess_00005753,,2026-03-25 08:57:23,378,timeout,desktop
sess_00005754,cust_002851,2026-03-25 08:41:46,291,no_activity,mobile
sess_00005755,,2026-03-25 07:09:24,596,no_activity,mobile
sess_00005756,,2026-03-25 17:31:34,276,timeout,mobile
sess_00005757,,2026-03-25 11:34:42,46,timeout,mobile
sess_00005758,,2026-03-25 14:25:01,335,timeout,desktop
sess_00005759,cust_002827,2026-03-25 17:05:48,47,no_activity,mobile
sess_00005760,,2026-03-25 09:48:00,822,timeout,mobile
sess_00005761,,2026-03-25 08:26:35,342,no_activity,mobile
sess_00005762,,2026-03-25 16:29:22,1010,no_activity,desktop
sess_00005763,,2026-03-25 17:10:10,181,timeout,mobile
sess_00005764,cust_000974,2026-03-25 10:14:21,281,no_activity,mobile
sess_00005765,cust_000754,2026-03-25 09:32:10,190,no_activity,mobile
sess_00005766,,2026-03-25 16:36:58,220,no_activity,mobile
sess_00005767,cust_002486,2026-03-25 17:51:48,840,timeout,desktop
sess_00005768,cust_000250,2026-03-25 20:05:48,4,no_activity,desktop
sess_00005769,,2026-03-25 09:32:47,771,no_activity,mobile
sess_00005770,cust_002567,2026-03-25 17:15:32,125,no_activity,desktop
sess_00005771,,2026-03-25 09:50:17,30,no_activity,mobile
sess_00005772,cust_001254,2026-03-25 10:52:38,2416,no_activity,desktop
sess_00005773,cust_001160,2026-03-25 19:31:47,6190,timeout,desktop
sess_00005774,,2026-03-25 19:10:31,288,no_activity,mobile
sess_00005775,,2026-03-25 09:47:57,1250,no_activity,desktop
sess_00005776,,2026-03-25 19:21:59,919,no_activity,mobile
sess_00005777,,2026-03-25 12:45:42,118,no_activity,mobile
sess_00005778,cust_002052,2026-03-25 15:45:46,2897,no_activity,desktop
sess_00005779,cust_000546,2026-03-26 12:05:31,1121,no_activity,mobile
sess_00005780,,2026-03-26 15:46:57,1154,timeout,desktop
sess_00005781,,2026-03-26 09:29:09,1145,no_activity,desktop
sess_00005782,cust_002294,2026-03-26 11:48:09,718,no_activity,mobile
sess_00005783,,2026-03-26 14:54:14,11,no_activity,mobile
sess_00005784,cust_001405,2026-03-26 12:51:10,340,no_activity,mobile
sess_00005785,,2026-03-26 18:36:47,1197,timeout,mobile
sess_00005786,,2026-03-26 18:51:07,231,logout,desktop
sess_00005787,cust_000452,2026-03-26 16:40:10,99,timeout,tablet
sess_00005788,cust_001914,2026-03-26 12:16:07,759,no_activity,tablet
sess_00005789,,2026-03-26 10:36:12,17,no_activity,desktop
sess_00005790,,2026-03-26 20:47:54,341,timeout,desktop
sess_00005791,,2026-03-26 14:50:00,352,no_activity,mobile
sess_00005792,,2026-03-26 15:19:28,532,no_activity,desktop
sess_00005793,cust_000836,2026-03-26 14:21:02,223,logout,desktop
sess_00005794,,2026-03-26 20:45:53,1,no_activity,desktop
sess_00005795,,2026-03-26 21:16:06,207,no_activity,desktop
sess_00005796,,2026-03-26 09:02:49,241,no_activity,mobile
sess_00005797,,2026-03-26 16:50:25,178,no_activity,desktop
sess_00005798,cust_002357,2026-03-26 18:03:40,253,timeout,mobile
sess_00005799,cust_001087,2026-03-26 09:50:45,111,no_activity,mobile
sess_00005800,,2026-03-26 19:46:40,146,no_activity,mobile
sess_00005801,cust_000182,2026-03-26 14:10:55,591,no_activity,tablet
sess_00005802,,2026-03-26 20:42:59,806,logout,desktop
sess_00005803,,2026-03-26 14:56:31,196,no_activity,desktop
sess_00005804,cust_002780,2026-03-26 11:54:04,1685,no_activity,desktop
sess_00005805,,2026-03-26 12:37:43,697,no_activity,mobile
sess_00005806,,2026-03-26 17:17:09,243,no_activity,desktop
sess_00005807,cust_001843,2026-03-26 15:04:10,35,no_activity,mobile
sess_00005808,,2026-03-26 18:04:01,297,no_activity,desktop
sess_00005809,,2026-03-26 20:00:35,4923,no_activity,desktop
sess_00005810,,2026-03-26 14:55:11,962,no_activity,desktop
sess_00005811,cust_000740,2026-03-26 12:16:15,178,no_activity,desktop
sess_00005812,cust_001756,2026-03-26 18:33:58,317,no_activity,desktop
sess_00005813,,2026-03-26 13:04:08,691,no_activity,desktop
sess_00005814,,2026-03-26 14:41:56,1479,no_activity,desktop
sess_00005815,cust_002756,2026-03-26 13:40:27,5,no_activity,desktop
sess_00005816,cust_000707,2026-03-26 02:14:12,201,no_activity,desktop
sess_00005817,,2026-03-26 18:30:07,634,no_activity,desktop
sess_00005818,,2026-03-26 22:39:23,887,no_activity,mobile
sess_00005819,,2026-03-26 04:46:33,532,no_activity,desktop
sess_00005820,,2026-03-26 12:03:45,1818,no_activity,desktop
sess_00005821,cust_001399,2026-03-26 08:18:21,13,no_activity,desktop
sess_00005822,,2026-03-26 09:12:35,372,timeout,desktop
sess_00005823,,2026-03-26 21:56:41,30,no_activity,mobile
sess_00005824,cust_000289,2026-03-26 11:09:13,91,logout,desktop
sess_00005825,cust_000685,2026-03-26 09:13:36,1146,no_activity,mobile
sess_00005826,,2026-03-26 00:19:12,103,no_activity,desktop
sess_00005827,cust_000845,2026-03-26 07:29:34,29,no_activity,mobile
sess_00005828,cust_001726,2026-03-26 21:16:23,53,logout,desktop
sess_00005829,cust_002869,2026-03-26 17:24:31,24,no_activity,desktop
sess_00005830,cust_001986,2026-03-26 20:25:10,111,timeout,desktop
sess_00005831,,2026-03-26 20:25:00,891,logout,mobile
sess_00005832,,2026-03-26 11:13:50,531,no_activity,desktop
sess_00005833,,2026-03-26 16:35:57,22,no_activity,tablet
sess_00005834,cust_000663,2026-03-26 22:34:57,830,no_activity,desktop
sess_00005835,,2026-03-26 05:25:32,266,no_activity,desktop
sess_00005836,,2026-03-26 20:42:26,796,logout,desktop
sess_00005837,,2026-03-26 12:49:41,308,timeout,desktop
sess_00005838,,2026-03-26 23:23:07,158,no_activity,desktop
sess_00005839,cust_002561,2026-03-26 10:57:44,188,no_activity,desktop
sess_00005840,,2026-03-26 12:31:06,746,no_activity,desktop
sess_00005841,,2026-03-26 13:17:14,2325,no_activity,mobile
sess_00005842,cust_002577,2026-03-26 14:50:51,515,no_activity,desktop
sess_00005843,cust_000311,2026-03-26 14:29:45,165,timeout,mobile
sess_00005844,cust_001593,2026-03-26 07:08:50,488,no_activity,tablet
sess_00005845,,2026-03-26 09:13:30,652,no_activity,desktop
sess_00005846,,2026-03-26 21:13:20,79,no_activity,mobile
sess_00005847,cust_002000,2026-03-26 13:46:50,1027,no_activity,desktop
sess_00005848,cust_001867,2026-03-26 17:59:38,127,no_activity,desktop
sess_00005849,cust_002884,2026-03-26 13:54:48,537,timeout,mobile
sess_00005850,cust_000928,2026-03-26 15:42:40,115,no_activity,mobile
sess_00005851,,2026-03-26 15:43:05,1249,no_activity,desktop
sess_00005852,,2026-03-26 20:04:58,136,timeout,desktop
sess_00005853,,2026-03-26 07:09:15,200,timeout,mobile
sess_00005854,cust_001411,2026-03-26 17:09:47,616,timeout,desktop
sess_00005855,,2026-03-26 10:15:38,24,no_activity,mobile
sess_00005856,cust_000941,2026-03-26 16:25:58,117,logout,desktop
sess_00005857,cust_002330,2026-03-26 09:51:26,514,no_activity,mobile
sess_00005858,cust_000724,2026-03-26 19:47:14,904,no_activity,desktop
sess_00005859,,2026-03-26 03:01:21,2854,no_activity,desktop
sess_00005860,,2026-03-26 12:29:01,504,no_activity,desktop
sess_00005861,,2026-03-26 19:32:10,156,no_activity,desktop
sess_00005862,,2026-03-27 11:26:40,269,no_activity,desktop
sess_00005863,cust_000014,2026-03-27 22:42:54,88,no_activity,mobile
sess_00005864,cust_001906,2026-03-27 12:32:38,217,no_activity,mobile
sess_00005865,cust_001062,2026-03-27 18:06:06,337,no_activity,mobile
sess_00005866,cust_002800,2026-03-27 16:31:29,186,no_activity,desktop
sess_00005867,,2026-03-27 14:19:31,830,no_activity,tablet
sess_00005868,cust_002407,2026-03-27 09:48:39,465,no_activity,desktop
sess_00005869,cust_001837,2026-03-27 09:09:17,340,no_activity,desktop
sess_00005870,cust_001262,2026-03-27 05:26:39,723,no_activity,desktop
sess_00005871,,2026-03-27 19:07:58,349,no_activity,mobile
sess_00005872,,2026-03-27 08:27:27,438,no_activity,desktop
sess_00005873,,2026-03-27 19:05:41,2596,no_activity,desktop
sess_00005874,,2026-03-27 09:01:56,770,no_activity,desktop
sess_00005875,cust_000529,2026-03-27 13:57:44,636,no_activity,mobile
sess_00005876,,2026-03-27 14:37:00,574,timeout,desktop
sess_00005877,cust_002323,2026-03-27 09:41:05,712,no_activity,desktop
sess_00005878,cust_000423,2026-03-27 08:17:51,96,no_activity,mobile
sess_00005879,,2026-03-27 20:55:43,860,no_activity,mobile
sess_00005880,cust_001052,2026-03-27 20:54:56,398,timeout,desktop
sess_00005881,cust_000933,2026-03-27 19:22:04,94,no_activity,desktop
sess_00005882,,2026-03-27 10:48:51,352,no_activity,desktop
sess_00005883,,2026-03-27 17:58:03,448,no_activity,mobile
sess_00005884,cust_002367,2026-03-27 22:14:09,151,no_activity,mobile
sess_00005885,cust_002677,2026-03-27 13:05:21,2000,no_activity,desktop
sess_00005886,cust_001439,2026-03-27 15:49:06,347,timeout,mobile
sess_00005887,cust_000622,2026-03-27 18:46:03,10,no_activity,mobile
sess_00005888,cust_001098,2026-03-27 14:43:53,495,timeout,desktop
sess_00005889,,2026-03-27 17:06:19,242,no_activity,desktop
sess_00005890,cust_002805,2026-03-27 10:18:36,1503,no_activity,mobile
sess_00005891,,2026-03-27 14:05:07,168,no_activity,desktop
sess_00005892,,2026-03-27 17:04:23,19,no_activity,desktop
sess_00005893,cust_000093,2026-03-27 15:56:05,420,no_activity,desktop
sess_00005894,cust_002099,2026-03-27 15:25:12,338,no_activity,mobile
sess_00005895,,2026-03-27 12:22:48,1,no_activity,desktop
sess_00005896,cust_002881,2026-03-27 23:51:39,511,no_activity,mobile
sess_00005897,,2026-03-27 21:06:22,761,no_activity,desktop
sess_00005898,cust_000108,2026-03-27 17:03:04,367,no_activity,mobile
sess_00005899,,2026-03-27 03:42:19,393,timeout,mobile
sess_00005900,,2026-03-27 21:34:28,1016,no_activity,mobile
sess_00005901,,2026-03-27 19:45:14,722,no_activity,desktop
sess_00005902,,2026-03-27 13:46:28,384,no_activity,desktop
sess_00005903,cust_000497,2026-03-27 22:33:29,26,no_activity,desktop
sess_00005904,,2026-03-27 19:32:14,455,no_activity,desktop
sess_00005905,,2026-03-27 17:03:10,30,no_activity,desktop
sess_00005906,cust_001571,2026-03-27 13:58:19,428,no_activity,desktop
sess_00005907,,2026-03-27 20:10:04,228,no_activity,mobile
sess_00005908,,2026-03-27 22:22:50,311,no_activity,mobile
sess_00005909,cust_000418,2026-03-27 21:16:03,169,no_activity,mobile
sess_00005910,cust_000747,2026-03-27 21:31:25,28,no_activity,desktop
sess_00005911,cust_002423,2026-03-27 20:05:38,23,no_activity,desktop
sess_00005912,,2026-03-27 08:02:15,417,no_activity,desktop
sess_00005913,cust_000637,2026-03-27 01:34:03,23,no_activity,desktop
sess_00005914,,2026-03-27 03:53:47,680,no_activity,mobile
sess_00005915,cust_002605,2026-03-27 12:33:27,849,no_activity,desktop
sess_00005916,,2026-03-27 10:47:38,1204,no_activity,mobile
sess_00005917,,2026-03-27 09:29:28,2623,timeout,desktop
sess_00005918,,2026-03-27 18:11:07,4303,no_activity,desktop
sess_00005919,,2026-03-27 18:21:00,250,no_activity,desktop
sess_00005920,cust_002673,2026-03-27 22:18:21,1550,no_activity,desktop
sess_00005921,cust_002886,2026-03-27 13:48:16,566,no_activity,mobile
sess_00005922,,2026-03-27 21:05:28,53,logout,desktop
sess_00005923,cust_002576,2026-03-27 07:29:09,778,timeout,desktop
sess_00005924,,2026-03-27 19:07:22,427,no_activity,desktop
sess_00005925,cust_000316,2026-03-27 18:59:14,150,no_activity,desktop
sess_00005926,,2026-03-27 09:51:44,532,no_activity,mobile
sess_00005927,,2026-03-27 12:56:54,6,no_activity,mobile
sess_00005928,cust_000019,2026-03-27 22:55:07,747,no_activity,mobile
sess_00005929,,2026-03-27 19:09:02,3520,no_activity,desktop
sess_00005930,,2026-03-27 08:25:46,26,no_activity,desktop
sess_00005931,,2026-03-27 16:37:29,736,no_activity,desktop
sess_00005932,,2026-03-27 01:46:49,228,no_activity,desktop
sess_00005933,cust_002354,2026-03-27 08:43:44,482,logout,tablet
sess_00005934,cust_000880,2026-03-27 16:39:33,17,no_activity,desktop
sess_00005935,cust_002745,2026-03-27 12:21:04,337,logout,desktop
sess_00005936,,2026-03-28 16:12:46,124,no_activity,mobile
sess_00005937,,2026-03-28 17:33:40,258,no_activity,mobile
sess_00005938,cust_000662,2026-03-28 22:26:57,185,no_activity,mobile
sess_00005939,cust_002121,2026-03-28 18:14:30,464,no_activity,desktop
sess_00005940,cust_002470,2026-03-28 18:30:59,21,no_activity,tablet
sess_00005941,cust_002878,2026-03-28 19:57:21,1189,no_activity,tablet
sess_00005942,cust_000810,2026-03-28 15:20:52,163,no_activity,mobile
sess_00005943,,2026-03-28 19:29:18,90,no_activity,desktop
sess_00005944,cust_002216,2026-03-28 17:45:21,409,no_activity,desktop
sess_00005945,,2026-03-28 16:03:20,543,no_activity,desktop
sess_00005946,,2026-03-28 07:10:56,1516,timeout,desktop
sess_00005947,cust_000092,2026-03-28 09:18:10,8,no_activity,desktop
sess_00005948,cust_002229,2026-03-28 21:05:48,3107,no_activity,desktop
sess_00005949,cust_001166,2026-03-28 17:02:12,5,no_activity,tablet
sess_00005950,,2026-03-28 20:31:31,95,timeout,desktop
sess_00005951,,2026-03-28 09:06:58,61,no_activity,tablet
sess_00005952,,2026-03-28 12:43:16,208,no_activity,mobile
sess_00005953,,2026-03-28 20:54:16,26,no_activity,desktop
sess_00005954,cust_000996,2026-03-28 19:50:18,268,no_activity,desktop
sess_00005955,cust_000372,2026-03-28 11:35:36,558,no_activity,desktop
sess_00005956,cust_002914,2026-03-28 07:17:27,1622,no_activity,mobile
sess_00005957,cust_001133,2026-03-28 15:30:54,602,no_activity,mobile
sess_00005958,cust_001964,2026-03-28 17:14:55,224,no_activity,desktop
sess_00005959,cust_002806,2026-03-28 01:24:52,195,logout,desktop
sess_00005960,,2026-03-28 08:07:45,106,no_activity,mobile
sess_00005961,cust_002502,2026-03-28 13:40:35,1671,timeout,desktop
sess_00005962,cust_001110,2026-03-28 07:27:07,126,no_activity,desktop
sess_00005963,cust_000403,2026-03-28 15:51:12,675,timeout,desktop
sess_00005964,,2026-03-28 07:33:01,10,no_activity,mobile
sess_00005965,cust_002636,2026-03-28 15:52:13,118,no_activity,desktop
sess_00005966,cust_001964,2026-03-28 17:03:31,624,no_activity,desktop
sess_00005967,cust_000356,2026-03-28 12:16:42,390,no_activity,desktop
sess_00005968,cust_002387,2026-03-28 10:15:58,734,no_activity,desktop
sess_00005969,,2026-03-28 22:26:13,223,no_activity,mobile
sess_00005970,,2026-03-28 17:49:42,1230,no_activity,tablet
sess_00005971,cust_001395,2026-03-28 18:18:28,175,logout,tablet
sess_00005972,,2026-03-28 13:26:26,28,no_activity,mobile
sess_00005973,,2026-03-28 07:24:15,193,no_activity,desktop
sess_00005974,,2026-03-28 12:33:40,486,no_activity,mobile
sess_00005975,cust_002482,2026-03-28 20:22:52,159,no_activity,desktop
sess_00005976,cust_002804,2026-03-28 12:10:05,1421,no_activity,mobile
sess_00005977,,2026-03-28 20:15:33,897,no_activity,desktop
sess_00005978,cust_001649,2026-03-28 12:16:45,498,no_activity,desktop
sess_00005979,,2026-03-28 12:43:01,153,timeout,mobile
sess_00005980,cust_001478,2026-03-28 12:19:12,980,no_activity,desktop
sess_00005981,,2026-03-28 10:01:00,2225,no_activity,mobile
sess_00005982,,2026-03-28 19:08:21,534,no_activity,mobile
sess_00005983,,2026-03-28 12:05:39,12,no_activity,mobile
sess_00005984,cust_001527,2026-03-28 15:32:32,965,timeout,mobile
sess_00005985,cust_002327,2026-03-28 16:52:01,360,timeout,desktop
sess_00005986,cust_002684,2026-03-28 15:00:41,282,no_activity,mobile
sess_00005987,cust_000310,2026-03-28 17:19:01,1098,timeout,mobile
sess_00005988,,2026-03-28 10:01:48,24,no_activity,desktop
sess_00005989,cust_000608,2026-03-28 18:21:11,483,timeout,desktop
sess_00005990,cust_001899,2026-03-28 10:49:27,109,no_activity,mobile
sess_00005991,,2026-03-28 08:38:47,335,no_activity,desktop
sess_00005992,cust_000179,2026-03-28 10:36:26,906,no_activity,mobile
sess_00005993,,2026-03-28 07:09:08,41,no_activity,desktop
sess_00005994,,2026-03-28 15:30:42,168,timeout,desktop
sess_00005995,,2026-03-28 23:05:28,254,no_activity,tablet
sess_00005996,,2026-03-28 19:46:56,161,no_activity,desktop
sess_00005997,cust_002166,2026-03-28 19:22:41,30,no_activity,mobile
sess_00005998,,2026-03-28 18:25:07,497,timeout,desktop
sess_00005999,cust_001838,2026-03-28 10:13:20,169,no_activity,tablet
sess_00006000,cust_002594,2026-03-28 18:00:24,1900,no_activity,mobile
sess_00006001,cust_001545,2026-03-28 09:45:00,494,no_activity,desktop
sess_00006002,cust_001637,2026-03-28 14:48:58,29,no_activity,mobile
sess_00006003,,2026-03-28 11:20:42,13,no_activity,desktop
sess_00006004,,2026-03-28 22:23:02,10,no_activity,desktop
sess_00006005,,2026-03-28 13:22:33,1628,no_activity,desktop
sess_00006006,,2026-03-28 08:37:17,206,timeout,desktop
sess_00006007,,2026-03-28 07:45:09,138,no_activity,desktop
sess_00006008,cust_000626,2026-03-28 12:03:28,297,no_activity,desktop
sess_00006009,,2026-03-28 16:51:06,19,no_activity,desktop
sess_00006010,cust_002988,2026-03-28 08:42:11,2245,no_activity,mobile
sess_00006011,cust_000386,2026-03-28 11:52:31,307,no_activity,desktop
sess_00006012,cust_003000,2026-03-28 15:25:30,970,no_activity,mobile
sess_00006013,cust_000234,2026-03-28 19:48:44,23,no_activity,mobile
sess_00006014,cust_001039,2026-03-28 18:31:44,860,timeout,desktop
sess_00006015,cust_000908,2026-03-28 10:47:19,511,no_activity,desktop
sess_00006016,,2026-03-28 13:26:23,8,no_activity,desktop
sess_00006017,cust_001695,2026-03-28 04:09:31,109,no_activity,mobile
sess_00006018,cust_001422,2026-03-28 17:17:46,2413,no_activity,desktop
sess_00006019,,2026-03-28 15:43:04,18,no_activity,mobile
sess_00006020,,2026-03-28 08:02:43,476,timeout,mobile
sess_00006021,cust_002197,2026-03-28 17:06:25,415,no_activity,mobile
sess_00006022,,2026-03-28 04:46:29,1361,no_activity,mobile
sess_00006023,,2026-03-28 15:11:46,174,no_activity,desktop
sess_00006024,,2026-03-28 20:47:58,376,timeout,desktop
sess_00006025,,2026-03-28 09:13:20,52,no_activity,desktop
sess_00006026,,2026-03-28 20:05:04,294,no_activity,desktop
sess_00006027,,2026-03-28 20:44:01,13,no_activity,desktop
sess_00006028,cust_000888,2026-03-28 19:59:30,616,no_activity,mobile
sess_00006029,cust_001843,2026-03-28 04:15:29,764,timeout,mobile
sess_00006030,,2026-03-28 22:37:34,86,no_activity,desktop
sess_00006031,,2026-03-29 16:33:43,118,no_activity,desktop
sess_00006032,,2026-03-29 13:42:40,521,no_activity,desktop
sess_00006033,,2026-03-29 16:07:17,1646,no_activity,desktop
sess_00006034,,2026-03-29 16:28:16,479,no_activity,desktop
sess_00006035,,2026-03-29 11:06:24,1020,timeout,tablet
sess_00006036,cust_001318,2026-03-29 12:26:30,19,no_activity,desktop
sess_00006037,cust_001669,2026-03-29 14:08:46,700,no_activity,desktop
sess_00006038,cust_001779,2026-03-29 18:17:53,470,no_activity,desktop
sess_00006039,cust_000702,2026-03-29 14:03:40,87,no_activity,desktop
sess_00006040,cust_000702,2026-03-29 20:45:30,1831,no_activity,desktop
sess_00006041,,2026-03-29 21:45:28,240,no_activity,desktop
sess_00006042,cust_001848,2026-03-29 08:49:30,389,no_activity,desktop
sess_00006043,cust_001274,2026-03-29 02:32:08,296,timeout,desktop
sess_00006044,,2026-03-29 19:02:57,33,no_activity,desktop
sess_00006045,,2026-03-29 19:52:14,696,timeout,desktop
sess_00006046,cust_002963,2026-03-29 07:38:55,26,no_activity,desktop
sess_00006047,,2026-03-29 10:10:50,2,no_activity,mobile
sess_00006048,cust_000992,2026-03-29 08:25:27,581,no_activity,mobile
sess_00006049,,2026-03-29 17:09:09,505,no_activity,tablet
sess_00006050,cust_001155,2026-03-29 03:49:45,731,logout,mobile
sess_00006051,,2026-03-29 16:24:59,2,no_activity,mobile
sess_00006052,cust_002993,2026-03-29 18:15:18,670,no_activity,desktop
sess_00006053,,2026-03-29 16:07:03,784,timeout,desktop
sess_00006054,cust_002396,2026-03-29 17:24:38,7,no_activity,desktop
sess_00006055,cust_000195,2026-03-29 21:12:47,128,timeout,mobile
sess_00006056,,2026-03-29 13:46:15,176,timeout,desktop
sess_00006057,,2026-03-29 09:33:43,1702,no_activity,mobile
sess_00006058,cust_000178,2026-03-29 20:37:38,28,no_activity,desktop
sess_00006059,,2026-03-29 09:50:22,351,no_activity,desktop
sess_00006060,,2026-03-29 13:07:05,526,no_activity,desktop
sess_00006061,cust_002172,2026-03-29 11:55:42,201,no_activity,desktop
sess_00006062,,2026-03-29 18:49:53,24,no_activity,desktop
sess_00006063,,2026-03-29 19:42:10,10,no_activity,desktop
sess_00006064,cust_000872,2026-03-29 10:18:18,582,no_activity,desktop
sess_00006065,cust_000885,2026-03-29 09:10:22,291,no_activity,desktop
sess_00006066,,2026-03-29 08:40:40,752,no_activity,desktop
sess_00006067,cust_002461,2026-03-29 11:57:41,1004,no_activity,desktop
sess_00006068,,2026-03-29 19:01:39,30,no_activity,mobile
sess_00006069,cust_000094,2026-03-29 17:34:32,5,no_activity,desktop
sess_00006070,cust_002851,2026-03-29 05:34:33,85,no_activity,desktop
sess_00006071,cust_002193,2026-03-29 12:40:16,725,no_activity,desktop
sess_00006072,cust_000261,2026-03-29 13:21:40,124,no_activity,desktop
sess_00006073,cust_000673,2026-03-29 14:30:19,27,no_activity,desktop
sess_00006074,cust_001736,2026-03-29 19:43:03,478,no_activity,mobile
sess_00006075,,2026-03-29 11:52:24,197,no_activity,mobile
sess_00006076,cust_000267,2026-03-29 21:07:11,379,no_activity,mobile
sess_00006077,,2026-03-29 16:28:32,247,no_activity,mobile
sess_00006078,cust_000848,2026-03-29 12:32:19,841,no_activity,mobile
sess_00006079,,2026-03-29 23:29:16,267,no_activity,mobile
sess_00006080,cust_001914,2026-03-29 14:14:42,1642,no_activity,desktop
sess_00006081,cust_002355,2026-03-29 18:06:15,625,no_activity,mobile
sess_00006082,,2026-03-29 09:04:14,557,no_activity,mobile
sess_00006083,cust_000024,2026-03-29 10:51:43,470,no_activity,mobile
sess_00006084,,2026-03-29 17:00:34,91,timeout,desktop
sess_00006085,cust_002460,2026-03-29 20:01:35,840,no_activity,desktop
sess_00006086,,2026-03-29 22:54:31,695,no_activity,desktop
sess_00006087,cust_002315,2026-03-29 18:37:17,270,timeout,desktop
sess_00006088,cust_001507,2026-03-29 10:32:36,250,no_activity,mobile
sess_00006089,,2026-03-29 09:06:11,9,no_activity,desktop
sess_00006090,,2026-03-29 19:57:28,719,logout,mobile
sess_00006091,,2026-03-29 14:19:51,154,no_activity,desktop
sess_00006092,cust_001504,2026-03-29 07:00:07,10,no_activity,tablet
sess_00006093,,2026-03-29 09:57:50,295,no_activity,desktop
sess_00006094,,2026-03-29 16:26:34,1071,no_activity,desktop
sess_00006095,,2026-03-29 16:15:21,115,no_activity,desktop
sess_00006096,,2026-03-29 13:02:31,283,no_activity,mobile
sess_00006097,,2026-03-29 19:29:17,774,no_activity,mobile
sess_00006098,,2026-03-29 16:25:15,827,no_activity,desktop
sess_00006099,,2026-03-29 13:24:11,16,no_activity,mobile
sess_00006100,cust_001706,2026-03-29 16:59:55,29,no_activity,desktop
sess_00006101,,2026-03-29 14:36:59,350,no_activity,desktop
sess_00006102,,2026-03-29 10:49:36,1,no_activity,desktop
sess_00006103,,2026-03-29 13:31:34,369,no_activity,mobile
sess_00006104,cust_000717,2026-03-29 21:24:49,1012,timeout,mobile
sess_00006105,,2026-03-30 10:12:23,523,no_activity,mobile
sess_00006106,,2026-03-30 18:10:42,1036,no_activity,mobile
sess_00006107,,2026-03-30 20:20:30,298,no_activity,mobile
sess_00006108,cust_001926,2026-03-30 08:50:21,1895,no_activity,desktop
sess_00006109,cust_001452,2026-03-30 20:37:01,361,timeout,mobile
sess_00006110,,2026-03-30 11:06:37,1895,no_activity,desktop
sess_00006111,,2026-03-30 08:41:46,419,no_activity,mobile
sess_00006112,,2026-03-30 22:00:24,263,timeout,mobile
sess_00006113,,2026-03-30 20:28:47,162,no_activity,desktop
sess_00006114,,2026-03-30 22:07:12,721,no_activity,desktop
sess_00006115,,2026-03-30 16:04:13,350,no_activity,desktop
sess_00006116,cust_001046,2026-03-30 10:40:39,520,no_activity,desktop
sess_00006117,,2026-03-30 12:23:23,265,no_activity,desktop
sess_00006118,cust_002329,2026-03-30 12:32:58,12,no_activity,desktop
sess_00006119,cust_001364,2026-03-30 08:33:17,811,no_activity,desktop
sess_00006120,cust_000470,2026-03-30 05:40:12,349,logout,desktop
sess_00006121,cust_002595,2026-03-30 06:04:56,351,timeout,desktop
sess_00006122,cust_000717,2026-03-30 16:43:44,1254,no_activity,desktop
sess_00006123,,2026-03-30 13:45:15,1698,no_activity,desktop
sess_00006124,,2026-03-30 17:25:06,1639,timeout,desktop
sess_00006125,,2026-03-30 19:26:00,200,no_activity,desktop
sess_00006126,,2026-03-30 13:10:33,583,timeout,tablet
sess_00006127,,2026-03-30 09:47:09,1600,no_activity,mobile
sess_00006128,cust_001432,2026-03-30 16:22:34,545,logout,mobile
sess_00006129,,2026-03-30 13:32:44,1686,no_activity,mobile
sess_00006130,cust_001241,2026-03-30 16:12:45,334,timeout,desktop
sess_00006131,cust_001112,2026-03-30 16:31:14,3,no_activity,desktop
sess_00006132,cust_000335,2026-03-30 16:24:38,60,logout,desktop
sess_00006133,cust_001371,2026-03-30 07:06:21,1169,no_activity,desktop
sess_00006134,,2026-03-30 08:12:49,2124,no_activity,desktop
sess_00006135,cust_002944,2026-03-30 13:04:54,115,no_activity,desktop
sess_00006136,cust_001809,2026-03-30 14:11:14,2051,timeout,desktop
sess_00006137,,2026-03-30 14:36:47,2477,no_activity,mobile
sess_00006138,cust_001112,2026-03-30 05:58:45,8,no_activity,desktop
sess_00006139,,2026-03-30 20:24:22,531,no_activity,desktop
sess_00006140,cust_002897,2026-03-30 13:03:40,443,no_activity,desktop
sess_00006141,cust_000199,2026-03-30 15:42:39,204,no_activity,desktop
sess_00006142,,2026-03-30 20:58:26,72,no_activity,mobile
sess_00006143,,2026-03-30 18:08:42,754,no_activity,mobile
sess_00006144,,2026-03-30 17:38:10,97,no_activity,mobile
sess_00006145,cust_001873,2026-03-30 12:41:52,582,no_activity,desktop
sess_00006146,cust_002484,2026-03-30 12:17:49,23,no_activity,desktop
sess_00006147,cust_001439,2026-03-30 09:45:20,102,no_activity,desktop
sess_00006148,cust_000678,2026-03-30 06:48:40,322,no_activity,mobile
sess_00006149,cust_001467,2026-03-30 12:52:29,414,no_activity,desktop
sess_00006150,,2026-03-30 09:33:41,538,timeout,mobile
sess_00006151,,2026-03-30 19:29:48,12,no_activity,desktop
sess_00006152,cust_002076,2026-03-30 08:01:58,220,timeout,mobile
sess_00006153,,2026-03-30 14:01:09,145,no_activity,desktop
sess_00006154,,2026-03-30 21:24:58,191,no_activity,mobile
sess_00006155,cust_000199,2026-03-30 17:06:44,58,no_activity,mobile
sess_00006156,cust_000079,2026-03-30 17:04:37,378,no_activity,desktop
sess_00006157,,2026-03-30 16:38:30,29,no_activity,mobile
sess_00006158,,2026-03-30 09:17:40,111,no_activity,desktop
sess_00006159,cust_000592,2026-03-30 07:46:47,374,no_activity,desktop
sess_00006160,,2026-03-30 13:51:49,278,no_activity,desktop
sess_00006161,,2026-03-30 17:06:51,335,no_activity,desktop
sess_00006162,,2026-03-30 22:07:04,28,no_activity,desktop
sess_00006163,cust_000270,2026-03-30 16:38:19,29,no_activity,mobile
sess_00006164,,2026-03-30 12:04:17,2776,timeout,tablet
sess_00006165,cust_000321,2026-03-30 21:23:24,85,no_activity,desktop
sess_00006166,cust_001886,2026-03-30 08:25:31,154,timeout,mobile
sess_00006167,cust_002256,2026-03-30 07:45:22,317,no_activity,mobile
sess_00006168,cust_002512,2026-03-30 06:39:50,191,timeout,desktop
sess_00006169,cust_001223,2026-03-30 20:05:19,1576,timeout,mobile
sess_00006170,cust_001413,2026-03-30 18:36:41,8,no_activity,desktop
sess_00006171,,2026-03-30 14:49:23,67,no_activity,mobile
sess_00006172,,2026-03-30 19:46:18,542,no_activity,desktop
sess_00006173,,2026-03-30 09:55:22,544,no_activity,desktop
sess_00006174,,2026-03-30 20:33:21,589,no_activity,mobile
sess_00006175,,2026-03-30 20:08:50,658,no_activity,mobile
sess_00006176,cust_001931,2026-03-30 16:09:15,181,no_activity,desktop
sess_00006177,cust_000944,2026-03-31 21:38:52,409,no_activity,desktop
sess_00006178,,2026-03-31 20:05:07,579,no_activity,desktop
sess_00006179,,2026-03-31 18:55:33,560,no_activity,tablet
sess_00006180,cust_000578,2026-03-31 07:32:32,1029,timeout,desktop
sess_00006181,,2026-03-31 11:02:33,252,no_activity,mobile
sess_00006182,,2026-03-31 15:55:51,2013,no_activity,desktop
sess_00006183,cust_002137,2026-03-31 17:52:58,1676,timeout,mobile
sess_00006184,,2026-03-31 11:11:57,248,no_activity,desktop
sess_00006185,cust_002944,2026-03-31 16:26:55,776,no_activity,desktop
sess_00006186,cust_001859,2026-03-31 07:02:23,100,no_activity,mobile
sess_00006187,cust_001719,2026-03-31 07:16:56,1019,no_activity,desktop
sess_00006188,,2026-03-31 05:13:29,878,no_activity,mobile
sess_00006189,,2026-03-31 18:31:37,466,no_activity,desktop
sess_00006190,cust_000692,2026-03-31 15:43:02,204,no_activity,desktop
sess_00006191,cust_002347,2026-03-31 09:15:08,31,no_activity,desktop
sess_00006192,,2026-03-31 12:03:22,52,no_activity,desktop
sess_00006193,cust_002388,2026-03-31 17:11:12,2558,no_activity,desktop
sess_00006194,cust_001784,2026-03-31 15:00:04,26,no_activity,mobile
sess_00006195,cust_001802,2026-03-31 18:56:29,273,no_activity,desktop
sess_00006196,,2026-03-31 09:09:51,16,no_activity,desktop
sess_00006197,,2026-03-31 09:22:05,81,no_activity,mobile
sess_00006198,cust_000571,2026-03-31 14:36:23,236,no_activity,mobile
sess_00006199,,2026-03-31 10:28:15,302,no_activity,desktop
sess_00006200,,2026-03-31 20:24:49,649,no_activity,desktop
sess_00006201,cust_002674,2026-03-31 10:18:42,700,no_activity,mobile
sess_00006202,,2026-03-31 18:41:47,1063,no_activity,mobile
sess_00006203,,2026-03-31 08:37:31,12,no_activity,desktop
sess_00006204,cust_000622,2026-03-31 20:51:27,104,no_activity,mobile
sess_00006205,cust_002986,2026-03-31 02:07:49,71,no_activity,mobile
sess_00006206,,2026-03-31 16:02:53,169,timeout,desktop
sess_00006207,,2026-03-31 13:29:01,218,no_activity,mobile
sess_00006208,cust_001960,2026-03-31 06:25:01,199,no_activity,desktop
sess_00006209,cust_001901,2026-03-31 15:15:19,2179,no_activity,desktop
sess_00006210,,2026-03-31 15:27:44,555,no_activity,mobile
sess_00006211,,2026-03-31 15:16:07,1275,no_activity,desktop
sess_00006212,cust_002176,2026-03-31 09:05:04,25,no_activity,desktop
sess_00006213,,2026-03-31 15:55:32,712,no_activity,mobile
sess_00006214,,2026-03-31 20:51:25,389,logout,mobile
sess_00006215,,2026-03-31 15:04:43,358,no_activity,desktop
sess_00006216,cust_002667,2026-03-31 21:19:03,789,no_activity,mobile
sess_00006217,,2026-03-31 09:38:01,244,no_activity,tablet
sess_00006218,,2026-03-31 11:07:08,420,no_activity,desktop
sess_00006219,,2026-03-31 05:03:49,194,timeout,desktop
sess_00006220,,2026-03-31 13:16:49,347,no_activity,mobile
sess_00006221,cust_001906,2026-03-31 11:07:06,101,timeout,desktop
sess_00006222,,2026-03-31 06:21:06,436,timeout,desktop
sess_00006223,,2026-03-31 19:36:16,284,timeout,desktop
sess_00006224,cust_000968,2026-03-31 06:00:02,2327,no_activity,desktop
sess_00006225,cust_000632,2026-03-31 16:29:01,2690,timeout,desktop
sess_00006226,,2026-03-31 23:36:15,795,no_activity,tablet
sess_00006227,,2026-03-31 16:31:17,665,no_activity,mobile
sess_00006228,cust_002163,2026-03-31 18:32:54,611,no_activity,desktop
sess_00006229,cust_002915,2026-03-31 16:38:55,16,no_activity,desktop
sess_00006230,,2026-03-31 05:49:43,812,timeout,tablet
sess_00006231,cust_000568,2026-03-31 13:24:09,1153,no_activity,desktop
sess_00006232,,2026-03-31 09:24:30,1145,no_activity,desktop
sess_00006233,,2026-03-31 05:30:28,3050,no_activity,desktop
sess_00006234,,2026-03-31 09:50:14,12,no_activity,mobile
sess_00006235,,2026-03-31 21:05:33,408,no_activity,mobile
sess_00006236,cust_002292,2026-03-31 14:07:00,292,no_activity,mobile
sess_00006237,,2026-03-31 09:38:54,26,no_activity,desktop
sess_00006238,cust_002029,2026-03-31 13:21:30,314,no_activity,mobile
sess_00006239,,2026-03-31 16:12:16,44,no_activity,desktop
sess_00006240,cust_000467,2026-03-31 11:23:29,18,no_activity,tablet
sess_00006241,,2026-03-31 13:37:25,210,no_activity,desktop
sess_00006242,cust_000616,2026-03-31 15:00:05,141,no_activity,desktop
sess_00006243,,2026-03-31 08:28:04,397,no_activity,desktop
sess_00006244,cust_000404,2026-03-31 12:12:59,73,logout,desktop
sess_00006245,,2026-03-31 12:23:33,4,no_activity,desktop
sess_00006246,cust_002324,2026-03-31 21:42:55,13,no_activity,mobile
sess_00006247,cust_001464,2026-03-31 17:07:49,831,no_activity,desktop
sess_00006248,,2026-03-31 17:36:52,30,no_activity,mobile
sess_00006249,,2026-04-01 07:20:57,1311,no_activity,desktop
sess_00006250,,2026-04-01 20:41:39,23,no_activity,mobile
sess_00006251,,2026-04-01 07:38:19,496,no_activity,mobile
sess_00006252,,2026-04-01 17:35:50,154,no_activity,mobile
sess_00006253,cust_001261,2026-04-01 21:49:45,524,no_activity,mobile
sess_00006254,cust_002483,2026-04-01 13:05:11,3793,no_activity,mobile
sess_00006255,,2026-04-01 09:44:19,1096,no_activity,desktop
sess_00006256,,2026-04-01 19:44:55,1437,no_activity,mobile
sess_00006257,,2026-04-01 17:41:48,141,no_activity,desktop
sess_00006258,cust_000422,2026-04-01 16:50:09,293,no_activity,desktop
sess_00006259,cust_001751,2026-04-01 21:18:24,134,no_activity,desktop
sess_00006260,,2026-04-01 07:03:17,750,no_activity,mobile
sess_00006261,cust_000317,2026-04-01 17:29:34,389,no_activity,mobile
sess_00006262,cust_001115,2026-04-01 09:21:41,544,no_activity,tablet
sess_00006263,,2026-04-01 14:10:31,596,no_activity,mobile
sess_00006264,cust_001975,2026-04-01 14:03:37,21,no_activity,desktop
sess_00006265,,2026-04-01 23:34:51,1013,timeout,desktop
sess_00006266,,2026-04-01 11:49:22,318,no_activity,mobile
sess_00006267,,2026-04-01 10:01:58,7,no_activity,desktop
sess_00006268,cust_001163,2026-04-01 15:29:43,614,no_activity,desktop
sess_00006269,,2026-04-01 21:08:48,228,no_activity,mobile
sess_00006270,cust_000410,2026-04-01 16:38:03,2607,no_activity,mobile
sess_00006271,,2026-04-01 09:59:17,344,no_activity,desktop
sess_00006272,,2026-04-01 19:53:11,952,no_activity,desktop
sess_00006273,,2026-04-01 08:58:34,338,logout,mobile
sess_00006274,,2026-04-01 13:14:41,448,no_activity,tablet
sess_00006275,,2026-04-01 19:28:29,207,no_activity,desktop
sess_00006276,,2026-04-01 15:33:26,29,no_activity,mobile
sess_00006277,,2026-04-01 13:57:15,368,no_activity,desktop
sess_00006278,,2026-04-01 18:37:22,30,no_activity,desktop
sess_00006279,,2026-04-01 16:39:44,297,no_activity,mobile
sess_00006280,,2026-04-01 18:57:38,2066,no_activity,mobile
sess_00006281,,2026-04-01 15:53:16,221,no_activity,desktop
sess_00006282,,2026-04-01 09:00:33,949,no_activity,mobile
sess_00006283,cust_000554,2026-04-01 13:50:07,863,timeout,desktop
sess_00006284,cust_000695,2026-04-01 15:50:51,925,no_activity,tablet
sess_00006285,,2026-04-01 05:35:27,411,no_activity,tablet
sess_00006286,cust_002350,2026-04-01 13:27:52,2272,no_activity,mobile
sess_00006287,,2026-04-01 16:44:18,685,no_activity,desktop
sess_00006288,,2026-04-01 14:59:46,17,no_activity,desktop
sess_00006289,,2026-04-01 19:29:01,378,no_activity,desktop
sess_00006290,,2026-04-01 16:08:40,97,timeout,desktop
sess_00006291,,2026-04-01 10:15:05,220,timeout,tablet
sess_00006292,,2026-04-01 18:02:49,479,no_activity,desktop
sess_00006293,cust_001195,2026-04-01 19:32:18,755,no_activity,desktop
sess_00006294,cust_002766,2026-04-01 10:43:52,420,no_activity,desktop
sess_00006295,,2026-04-01 19:00:29,1217,logout,desktop
sess_00006296,cust_000528,2026-04-01 17:04:28,1087,no_activity,mobile
sess_00006297,,2026-04-01 12:39:46,313,no_activity,tablet
sess_00006298,cust_001814,2026-04-01 08:10:00,412,logout,mobile
sess_00006299,cust_001171,2026-04-01 20:57:09,1,no_activity,mobile
sess_00006300,cust_001318,2026-04-01 11:35:40,165,no_activity,mobile
sess_00006301,cust_002126,2026-04-01 07:15:57,379,no_activity,mobile
sess_00006302,cust_002484,2026-04-01 12:52:44,482,no_activity,mobile
sess_00006303,,2026-04-01 06:48:19,344,no_activity,mobile
sess_00006304,cust_001362,2026-04-01 11:44:35,53,no_activity,mobile
sess_00006305,cust_000045,2026-04-01 09:02:54,843,no_activity,desktop
sess_00006306,cust_000320,2026-04-01 12:40:18,819,no_activity,mobile
sess_00006307,,2026-04-01 12:49:02,88,timeout,desktop
sess_00006308,,2026-04-01 14:16:22,157,no_activity,desktop
sess_00006309,cust_000491,2026-04-01 06:34:08,515,no_activity,mobile
sess_00006310,cust_002769,2026-04-01 15:12:23,1084,timeout,mobile
sess_00006311,cust_002621,2026-04-01 18:03:55,528,no_activity,desktop
sess_00006312,cust_002497,2026-04-01 11:10:32,1289,timeout,mobile
sess_00006313,cust_001215,2026-04-01 19:56:30,929,no_activity,desktop
sess_00006314,cust_000582,2026-04-01 15:31:39,177,no_activity,desktop
sess_00006315,,2026-04-01 17:28:50,64,no_activity,desktop
sess_00006316,,2026-04-01 07:05:54,447,no_activity,mobile
sess_00006317,,2026-04-01 13:23:10,794,no_activity,desktop
sess_00006318,,2026-04-01 14:37:35,274,no_activity,tablet
sess_00006319,,2026-04-01 19:11:52,14,no_activity,mobile
sess_00006320,,2026-04-01 20:51:55,721,no_activity,desktop
sess_00006321,cust_001462,2026-04-01 15:50:11,1997,no_activity,mobile
sess_00006322,,2026-04-01 15:13:23,1241,no_activity,desktop
sess_00006323,cust_002465,2026-04-01 16:59:57,492,no_activity,mobile
sess_00006324,,2026-04-01 02:30:58,8,no_activity,desktop
sess_00006325,,2026-04-01 09:37:50,828,logout,mobile
sess_00006326,,2026-04-01 19:11:39,1982,no_activity,desktop
sess_00006327,,2026-04-01 13:35:02,3876,no_activity,desktop
sess_00006328,,2026-04-01 17:14:45,172,no_activity,desktop
sess_00006329,cust_000565,2026-04-01 12:43:01,220,no_activity,desktop
sess_00006330,,2026-04-02 22:36:55,10,no_activity,tablet
sess_00006331,,2026-04-02 14:23:18,71,no_activity,desktop
sess_00006332,,2026-04-02 13:14:45,522,no_activity,desktop
sess_00006333,,2026-04-02 12:39:37,614,no_activity,mobile
sess_00006334,cust_001610,2026-04-02 10:24:11,655,no_activity,tablet
sess_00006335,,2026-04-02 11:29:39,100,no_activity,desktop
sess_00006336,cust_002265,2026-04-02 22:28:14,2129,logout,mobile
sess_00006337,,2026-04-02 09:44:24,829,no_activity,mobile
sess_00006338,cust_000981,2026-04-02 16:35:12,74,timeout,desktop
sess_00006339,cust_002313,2026-04-02 07:23:56,480,no_activity,desktop
sess_00006340,,2026-04-02 16:37:36,367,no_activity,tablet
sess_00006341,cust_002649,2026-04-02 13:18:34,173,no_activity,desktop
sess_00006342,,2026-04-02 08:31:19,1143,no_activity,mobile
sess_00006343,cust_002868,2026-04-02 13:05:55,260,no_activity,desktop
sess_00006344,cust_000711,2026-04-02 19:26:33,5,no_activity,mobile
sess_00006345,,2026-04-02 12:25:19,78,timeout,desktop
sess_00006346,,2026-04-02 20:28:39,304,no_activity,desktop
sess_00006347,cust_000058,2026-04-02 11:36:54,1367,no_activity,mobile
sess_00006348,cust_002664,2026-04-02 08:27:15,57,no_activity,desktop
sess_00006349,,2026-04-02 09:54:38,373,logout,desktop
sess_00006350,,2026-04-02 17:45:42,74,timeout,desktop
sess_00006351,cust_001900,2026-04-02 07:11:02,358,no_activity,desktop
sess_00006352,cust_001743,2026-04-02 20:28:08,1171,no_activity,desktop
sess_00006353,cust_000601,2026-04-02 15:32:14,23,no_activity,desktop
sess_00006354,,2026-04-02 09:12:15,110,no_activity,desktop
sess_00006355,,2026-04-02 09:06:54,217,no_activity,desktop
sess_00006356,,2026-04-02 09:40:11,13,no_activity,mobile
sess_00006357,,2026-04-02 14:34:25,1096,no_activity,mobile
sess_00006358,cust_000387,2026-04-02 20:18:41,292,no_activity,desktop
sess_00006359,cust_000302,2026-04-02 09:35:06,198,no_activity,mobile
sess_00006360,cust_000363,2026-04-02 17:32:19,460,no_activity,desktop
sess_00006361,cust_001900,2026-04-02 20:48:07,1348,no_activity,desktop
sess_00006362,,2026-04-02 22:45:19,21,no_activity,mobile
sess_00006363,,2026-04-02 11:09:25,680,no_activity,mobile
sess_00006364,,2026-04-02 21:35:54,15,no_activity,mobile
sess_00006365,cust_002967,2026-04-02 12:01:48,215,no_activity,desktop
sess_00006366,,2026-04-02 23:22:44,15,no_activity,desktop
sess_00006367,cust_000413,2026-04-02 13:18:18,573,logout,mobile
sess_00006368,cust_000832,2026-04-02 14:15:34,716,no_activity,desktop
sess_00006369,cust_001974,2026-04-02 12:54:40,88,no_activity,mobile
sess_00006370,cust_002276,2026-04-02 21:49:59,4521,no_activity,mobile
sess_00006371,,2026-04-02 13:04:43,2,no_activity,desktop
sess_00006372,cust_001981,2026-04-02 08:41:29,153,no_activity,desktop
sess_00006373,,2026-04-02 12:05:13,239,no_activity,desktop
sess_00006374,,2026-04-02 19:16:51,1745,no_activity,tablet
sess_00006375,,2026-04-02 21:50:30,84,no_activity,desktop
sess_00006376,,2026-04-02 10:09:53,12,no_activity,mobile
sess_00006377,,2026-04-02 20:19:06,16,no_activity,mobile
sess_00006378,cust_000039,2026-04-02 22:12:08,8,no_activity,mobile
sess_00006379,cust_000058,2026-04-02 18:25:41,781,no_activity,desktop
sess_00006380,,2026-04-02 21:19:19,264,no_activity,mobile
sess_00006381,cust_002250,2026-04-02 10:38:45,683,no_activity,desktop
sess_00006382,,2026-04-02 21:52:37,294,no_activity,desktop
sess_00006383,,2026-04-02 14:08:33,4247,no_activity,mobile
sess_00006384,cust_002939,2026-04-02 13:52:07,568,no_activity,desktop
sess_00006385,cust_000604,2026-04-02 14:33:23,4,no_activity,desktop
sess_00006386,cust_001283,2026-04-02 12:43:39,16,no_activity,desktop
sess_00006387,,2026-04-02 18:13:22,17,no_activity,mobile
sess_00006388,,2026-04-02 13:30:19,133,no_activity,desktop
sess_00006389,cust_001244,2026-04-02 11:13:42,161,no_activity,desktop
sess_00006390,,2026-04-02 22:34:32,527,no_activity,mobile
sess_00006391,cust_002545,2026-04-02 16:11:04,15,no_activity,desktop
sess_00006392,,2026-04-02 20:58:34,7,no_activity,desktop
sess_00006393,,2026-04-02 06:46:55,7200,timeout,mobile
sess_00006394,,2026-04-02 13:49:49,741,timeout,mobile
sess_00006395,,2026-04-02 21:03:24,10,no_activity,desktop
sess_00006396,,2026-04-02 14:37:32,261,no_activity,desktop
sess_00006397,,2026-04-02 15:08:48,6,no_activity,desktop
sess_00006398,,2026-04-02 13:25:39,1333,no_activity,tablet
sess_00006399,cust_000309,2026-04-02 13:41:30,175,no_activity,tablet
sess_00006400,cust_000564,2026-04-02 18:00:56,392,no_activity,mobile
sess_00006401,,2026-04-02 19:34:10,151,logout,desktop
sess_00006402,cust_000139,2026-04-02 08:45:02,12,no_activity,desktop
sess_00006403,,2026-04-02 17:20:59,536,no_activity,mobile
sess_00006404,cust_000757,2026-04-02 14:24:46,2791,no_activity,desktop
sess_00006405,,2026-04-02 07:49:34,404,no_activity,desktop
sess_00006406,cust_001937,2026-04-02 15:45:19,687,no_activity,desktop
sess_00006407,cust_001168,2026-04-02 12:45:05,214,no_activity,desktop
sess_00006408,,2026-04-02 13:58:41,1171,timeout,tablet
sess_00006409,,2026-04-02 06:35:21,3,no_activity,desktop
sess_00006410,,2026-04-02 19:27:41,637,no_activity,mobile
sess_00006411,,2026-04-02 07:26:04,681,timeout,desktop
sess_00006412,cust_000609,2026-04-02 13:19:48,603,no_activity,desktop
sess_00006413,,2026-04-02 18:27:49,282,no_activity,tablet
sess_00006414,cust_002462,2026-04-02 14:11:22,563,logout,desktop
sess_00006415,,2026-04-02 12:37:09,283,no_activity,mobile
sess_00006416,cust_000503,2026-04-02 09:28:27,212,timeout,desktop
sess_00006417,,2026-04-02 12:42:29,2859,no_activity,mobile
sess_00006418,,2026-04-02 10:40:25,112,no_activity,desktop
sess_00006419,,2026-04-02 18:24:47,476,no_activity,mobile
sess_00006420,,2026-04-02 20:20:39,276,no_activity,desktop
sess_00006421,,2026-04-02 11:28:57,2216,no_activity,mobile
sess_00006422,cust_002735,2026-04-02 21:37:00,29,no_activity,mobile
sess_00006423,cust_001283,2026-04-02 10:17:27,381,no_activity,mobile
sess_00006424,,2026-04-03 14:03:59,726,no_activity,tablet
sess_00006425,cust_000898,2026-04-03 13:10:45,714,no_activity,desktop
sess_00006426,,2026-04-03 18:23:50,148,no_activity,desktop
sess_00006427,cust_002106,2026-04-03 14:51:21,1115,no_activity,desktop
sess_00006428,,2026-04-03 13:57:28,884,no_activity,desktop
sess_00006429,cust_001223,2026-04-03 18:18:04,536,timeout,desktop
sess_00006430,cust_001559,2026-04-03 14:32:48,224,no_activity,mobile
sess_00006431,,2026-04-03 13:25:31,1009,no_activity,desktop
sess_00006432,cust_002094,2026-04-03 16:55:57,14,no_activity,mobile
sess_00006433,,2026-04-03 12:31:47,27,no_activity,desktop
sess_00006434,,2026-04-03 17:11:12,1046,no_activity,desktop
sess_00006435,cust_002741,2026-04-03 19:16:12,196,timeout,mobile
sess_00006436,cust_000918,2026-04-03 08:28:15,26,no_activity,mobile
sess_00006437,,2026-04-03 16:41:43,60,no_activity,mobile
sess_00006438,cust_002829,2026-04-03 15:25:03,1240,no_activity,tablet
sess_00006439,,2026-04-03 20:47:43,5606,no_activity,desktop
sess_00006440,cust_000930,2026-04-03 15:58:20,466,no_activity,desktop
sess_00006441,cust_001991,2026-04-03 17:54:21,288,no_activity,desktop
sess_00006442,,2026-04-03 07:34:45,1217,no_activity,desktop
sess_00006443,cust_001017,2026-04-03 11:33:21,1229,timeout,desktop
sess_00006444,,2026-04-03 14:34:55,536,no_activity,desktop
sess_00006445,,2026-04-03 13:56:38,13,no_activity,desktop
sess_00006446,,2026-04-03 05:55:26,2131,no_activity,desktop
sess_00006447,,2026-04-03 22:26:49,229,no_activity,desktop
sess_00006448,,2026-04-03 15:23:32,334,no_activity,tablet
sess_00006449,cust_001657,2026-04-03 06:45:49,3323,no_activity,desktop
sess_00006450,,2026-04-03 02:36:27,279,timeout,desktop
sess_00006451,cust_000239,2026-04-03 17:37:31,368,no_activity,mobile
sess_00006452,cust_002036,2026-04-03 19:50:29,726,no_activity,mobile
sess_00006453,cust_001131,2026-04-03 13:14:46,682,no_activity,mobile
sess_00006454,cust_001825,2026-04-03 19:15:30,299,no_activity,desktop
sess_00006455,,2026-04-03 09:12:39,64,no_activity,mobile
sess_00006456,cust_002136,2026-04-03 20:04:53,1,no_activity,tablet
sess_00006457,cust_000137,2026-04-03 14:18:44,90,no_activity,desktop
sess_00006458,,2026-04-03 07:06:54,22,no_activity,desktop
sess_00006459,,2026-04-03 18:59:40,113,no_activity,mobile
sess_00006460,,2026-04-03 17:11:42,273,no_activity,desktop
sess_00006461,cust_001369,2026-04-03 11:06:15,446,no_activity,desktop
sess_00006462,cust_002184,2026-04-03 17:17:19,483,no_activity,desktop
sess_00006463,,2026-04-03 18:37:44,156,no_activity,mobile
sess_00006464,,2026-04-03 08:53:37,1510,timeout,desktop
sess_00006465,cust_001272,2026-04-03 18:44:28,571,no_activity,desktop
sess_00006466,,2026-04-03 11:51:22,7200,no_activity,mobile
sess_00006467,,2026-04-03 20:06:12,27,no_activity,mobile
sess_00006468,cust_000169,2026-04-03 21:53:22,167,no_activity,desktop
sess_00006469,cust_000721,2026-04-03 11:50:59,649,timeout,desktop
sess_00006470,,2026-04-03 20:39:16,3,no_activity,desktop
sess_00006471,cust_000691,2026-04-03 09:45:47,585,no_activity,desktop
sess_00006472,,2026-04-03 13:51:04,394,no_activity,mobile
sess_00006473,,2026-04-03 10:28:15,406,no_activity,desktop
sess_00006474,,2026-04-03 15:41:28,1705,no_activity,desktop
sess_00006475,cust_002181,2026-04-03 20:15:08,212,no_activity,mobile
sess_00006476,,2026-04-03 11:07:14,238,no_activity,desktop
sess_00006477,cust_002055,2026-04-03 20:22:12,329,logout,mobile
sess_00006478,,2026-04-03 16:11:53,268,no_activity,desktop
sess_00006479,cust_001998,2026-04-03 17:53:32,1025,logout,mobile
sess_00006480,,2026-04-03 10:33:24,2,no_activity,desktop
sess_00006481,,2026-04-03 18:08:22,9,no_activity,desktop
sess_00006482,cust_001066,2026-04-03 16:24:57,420,no_activity,desktop
sess_00006483,,2026-04-03 08:47:05,233,no_activity,mobile
sess_00006484,cust_001698,2026-04-03 07:02:31,601,no_activity,mobile
sess_00006485,,2026-04-03 11:18:38,414,no_activity,desktop
sess_00006486,cust_001397,2026-04-03 11:06:52,19,no_activity,desktop
sess_00006487,cust_002315,2026-04-03 09:28:17,135,timeout,mobile
sess_00006488,cust_002766,2026-04-03 20:11:05,17,no_activity,desktop
sess_00006489,,2026-04-03 21:21:31,693,no_activity,mobile
sess_00006490,,2026-04-03 14:14:58,221,no_activity,desktop
sess_00006491,,2026-04-03 18:55:04,898,no_activity,desktop
sess_00006492,cust_002532,2026-04-03 21:37:38,647,no_activity,desktop
sess_00006493,cust_001278,2026-04-03 18:06:59,1343,no_activity,mobile
sess_00006494,,2026-04-03 14:47:52,869,no_activity,mobile
sess_00006495,,2026-04-03 09:02:58,217,no_activity,desktop
sess_00006496,cust_002807,2026-04-03 11:43:32,245,no_activity,mobile
sess_00006497,,2026-04-03 17:56:32,802,timeout,tablet
sess_00006498,cust_001462,2026-04-03 16:48:03,494,timeout,desktop
sess_00006499,cust_002399,2026-04-03 06:20:18,615,no_activity,desktop
sess_00006500,cust_000510,2026-04-03 12:40:37,894,no_activity,desktop
sess_00006501,cust_002616,2026-04-03 08:59:14,354,no_activity,desktop
sess_00006502,cust_002777,2026-04-03 08:34:38,821,logout,mobile
sess_00006503,cust_002248,2026-04-03 09:37:31,14,no_activity,tablet
sess_00006504,,2026-04-03 13:43:31,508,no_activity,tablet
sess_00006505,,2026-04-04 14:43:39,454,logout,mobile
sess_00006506,,2026-04-04 09:41:49,23,no_activity,desktop
sess_00006507,,2026-04-04 09:52:10,177,logout,mobile
sess_00006508,cust_002057,2026-04-04 10:11:15,229,no_activity,desktop
sess_00006509,cust_002439,2026-04-04 12:31:21,1249,timeout,mobile
sess_00006510,cust_001749,2026-04-04 16:16:25,27,no_activity,desktop
sess_00006511,cust_002400,2026-04-04 09:16:36,777,no_activity,tablet
sess_00006512,cust_002437,2026-04-04 10:06:15,438,logout,desktop
sess_00006513,,2026-04-04 08:15:24,5,no_activity,mobile
sess_00006514,cust_002032,2026-04-04 18:52:39,306,no_activity,mobile
sess_00006515,,2026-04-04 17:30:44,2155,no_activity,mobile
sess_00006516,cust_000208,2026-04-04 12:18:33,1587,no_activity,mobile
sess_00006517,,2026-04-04 13:28:15,10,no_activity,mobile
sess_00006518,cust_002187,2026-04-04 14:23:52,565,no_activity,mobile
sess_00006519,,2026-04-04 18:40:28,512,timeout,desktop
sess_00006520,,2026-04-04 10:22:27,151,no_activity,desktop
sess_00006521,,2026-04-04 19:44:30,599,no_activity,desktop
sess_00006522,,2026-04-04 18:46:05,225,no_activity,mobile
sess_00006523,cust_002110,2026-04-04 12:43:20,418,no_activity,mobile
sess_00006524,cust_000718,2026-04-04 18:53:04,1642,no_activity,mobile
sess_00006525,,2026-04-04 18:48:20,190,no_activity,mobile
sess_00006526,,2026-04-04 17:41:42,115,timeout,desktop
sess_00006527,cust_000017,2026-04-04 12:31:52,29,no_activity,mobile
sess_00006528,,2026-04-04 20:48:13,285,no_activity,mobile
sess_00006529,cust_000005,2026-04-04 18:18:29,578,no_activity,mobile
sess_00006530,,2026-04-04 18:36:02,151,no_activity,desktop
sess_00006531,cust_002756,2026-04-04 11:04:57,1618,no_activity,desktop
sess_00006532,cust_000561,2026-04-04 13:36:23,113,no_activity,desktop
sess_00006533,cust_000162,2026-04-04 11:19:15,440,no_activity,mobile
sess_00006534,cust_002520,2026-04-04 10:23:48,52,timeout,mobile
sess_00006535,,2026-04-04 14:01:11,24,no_activity,mobile
sess_00006536,,2026-04-04 11:59:14,1110,no_activity,mobile
sess_00006537,,2026-04-04 05:17:17,372,timeout,mobile
sess_00006538,,2026-04-04 15:41:21,370,no_activity,desktop
sess_00006539,,2026-04-04 19:48:23,80,no_activity,mobile
sess_00006540,cust_000488,2026-04-04 07:24:26,2248,no_activity,desktop
sess_00006541,cust_001992,2026-04-04 11:14:36,755,timeout,desktop
sess_00006542,cust_001463,2026-04-04 10:47:25,213,no_activity,mobile
sess_00006543,,2026-04-04 17:49:29,26,no_activity,mobile
sess_00006544,,2026-04-04 19:37:13,310,no_activity,desktop
sess_00006545,,2026-04-04 14:11:52,22,no_activity,desktop
sess_00006546,cust_002044,2026-04-04 18:45:34,3031,no_activity,desktop
sess_00006547,,2026-04-04 12:48:47,257,timeout,desktop
sess_00006548,,2026-04-04 20:17:13,709,logout,tablet
sess_00006549,cust_002749,2026-04-04 07:31:22,30,no_activity,desktop
sess_00006550,cust_002602,2026-04-04 17:41:09,596,timeout,desktop
sess_00006551,,2026-04-04 09:00:22,16,no_activity,mobile
sess_00006552,,2026-04-04 20:24:12,153,no_activity,desktop
sess_00006553,,2026-04-04 09:05:20,408,no_activity,mobile
sess_00006554,cust_000080,2026-04-04 13:07:52,385,no_activity,desktop
sess_00006555,cust_002741,2026-04-04 18:19:59,214,no_activity,mobile
sess_00006556,,2026-04-04 09:46:44,27,no_activity,desktop
sess_00006557,cust_001090,2026-04-04 18:38:04,136,no_activity,tablet
sess_00006558,,2026-04-04 09:53:56,659,no_activity,desktop
sess_00006559,cust_002397,2026-04-04 20:44:14,2924,no_activity,mobile
sess_00006560,cust_001707,2026-04-04 18:50:09,60,no_activity,mobile
sess_00006561,cust_002495,2026-04-04 18:21:18,589,no_activity,desktop
sess_00006562,,2026-04-04 17:10:14,26,no_activity,mobile
sess_00006563,cust_000705,2026-04-04 08:59:45,432,no_activity,mobile
sess_00006564,,2026-04-04 19:51:38,19,no_activity,mobile
sess_00006565,cust_002074,2026-04-04 10:17:18,81,no_activity,mobile
sess_00006566,,2026-04-04 22:05:24,2573,no_activity,mobile
sess_00006567,cust_002242,2026-04-04 16:19:16,233,logout,desktop
sess_00006568,cust_000370,2026-04-04 13:29:04,672,no_activity,desktop
sess_00006569,,2026-04-04 05:07:29,196,no_activity,mobile
sess_00006570,cust_001389,2026-04-04 11:25:18,154,no_activity,desktop
sess_00006571,cust_000893,2026-04-04 09:15:18,3235,no_activity,mobile
sess_00006572,cust_002010,2026-04-04 11:39:31,986,timeout,desktop
sess_00006573,,2026-04-04 19:44:54,28,no_activity,desktop
sess_00006574,,2026-04-04 21:57:18,586,no_activity,mobile
sess_00006575,,2026-04-04 16:32:21,567,no_activity,mobile
sess_00006576,,2026-04-04 01:31:20,22,no_activity,desktop
sess_00006577,,2026-04-04 09:58:37,1286,no_activity,desktop
sess_00006578,,2026-04-04 13:25:08,969,timeout,mobile
sess_00006579,,2026-04-04 06:43:00,76,no_activity,mobile
sess_00006580,cust_000823,2026-04-04 18:26:49,272,no_activity,desktop
sess_00006581,cust_002524,2026-04-04 08:36:43,242,no_activity,mobile
sess_00006582,,2026-04-04 16:42:30,131,timeout,mobile
sess_00006583,,2026-04-04 06:22:53,256,no_activity,mobile
sess_00006584,cust_002601,2026-04-04 13:40:57,218,no_activity,mobile
sess_00006585,cust_002810,2026-04-04 14:03:57,86,no_activity,desktop
sess_00006586,cust_001862,2026-04-04 13:21:35,85,no_activity,desktop
sess_00006587,,2026-04-04 13:38:29,3084,timeout,mobile
sess_00006588,,2026-04-04 08:21:24,20,no_activity,mobile
sess_00006589,,2026-04-05 11:14:49,1215,no_activity,mobile
sess_00006590,cust_001482,2026-04-05 08:37:34,1007,no_activity,tablet
sess_00006591,cust_000909,2026-04-05 12:19:15,605,no_activity,desktop
sess_00006592,cust_002486,2026-04-05 08:49:39,174,logout,desktop
sess_00006593,,2026-04-05 16:22:26,176,no_activity,mobile
sess_00006594,,2026-04-05 17:42:19,658,no_activity,desktop
sess_00006595,,2026-04-05 13:05:50,2209,timeout,desktop
sess_00006596,cust_002594,2026-04-05 12:43:24,279,no_activity,mobile
sess_00006597,,2026-04-05 20:14:51,1,no_activity,desktop
sess_00006598,,2026-04-05 06:58:19,405,no_activity,mobile
sess_00006599,cust_002970,2026-04-05 18:32:02,7,no_activity,mobile
sess_00006600,cust_002337,2026-04-05 21:44:59,169,no_activity,desktop
sess_00006601,cust_001942,2026-04-05 10:14:59,1223,no_activity,mobile
sess_00006602,,2026-04-05 16:04:59,28,no_activity,mobile
sess_00006603,cust_002156,2026-04-05 19:01:55,24,no_activity,mobile
sess_00006604,,2026-04-05 11:42:36,7,no_activity,desktop
sess_00006605,,2026-04-05 19:23:50,3,no_activity,mobile
sess_00006606,cust_000692,2026-04-05 20:31:50,171,timeout,mobile
sess_00006607,cust_002849,2026-04-05 14:36:12,375,no_activity,desktop
sess_00006608,,2026-04-05 20:37:30,86,timeout,desktop
sess_00006609,,2026-04-05 19:24:01,26,no_activity,desktop
sess_00006610,cust_001303,2026-04-05 16:46:53,473,logout,mobile
sess_00006611,,2026-04-05 19:22:17,687,no_activity,desktop
sess_00006612,cust_002752,2026-04-05 15:55:06,414,no_activity,tablet
sess_00006613,cust_001362,2026-04-05 03:29:21,74,no_activity,desktop
sess_00006614,cust_001871,2026-04-05 11:40:05,344,timeout,desktop
sess_00006615,cust_001916,2026-04-05 22:14:31,1077,no_activity,desktop
sess_00006616,,2026-04-05 10:02:18,227,no_activity,mobile
sess_00006617,,2026-04-05 08:43:13,110,timeout,mobile
sess_00006618,,2026-04-05 23:50:20,289,no_activity,mobile
sess_00006619,,2026-04-05 09:51:46,245,no_activity,desktop
sess_00006620,,2026-04-05 10:46:09,929,no_activity,tablet
sess_00006621,cust_002570,2026-04-05 19:35:13,345,no_activity,mobile
sess_00006622,,2026-04-05 16:59:55,1554,timeout,desktop
sess_00006623,,2026-04-05 11:10:41,1,no_activity,desktop
sess_00006624,,2026-04-05 07:55:03,453,no_activity,desktop
sess_00006625,,2026-04-05 17:09:45,13,no_activity,mobile
sess_00006626,,2026-04-05 10:35:17,2439,no_activity,desktop
sess_00006627,cust_001914,2026-04-05 14:42:45,1353,no_activity,desktop
sess_00006628,cust_002257,2026-04-05 01:46:58,124,no_activity,desktop
sess_00006629,,2026-04-05 18:29:56,169,no_activity,desktop
sess_00006630,cust_001947,2026-04-05 07:49:35,286,no_activity,desktop
sess_00006631,cust_001630,2026-04-05 11:49:40,498,timeout,mobile
sess_00006632,cust_000277,2026-04-05 12:30:20,3726,no_activity,desktop
sess_00006633,,2026-04-05 16:56:23,1932,no_activity,mobile
sess_00006634,,2026-04-05 08:44:37,366,no_activity,mobile
sess_00006635,cust_000645,2026-04-05 09:43:31,261,no_activity,mobile
sess_00006636,,2026-04-05 10:47:26,2935,logout,desktop
sess_00006637,cust_002108,2026-04-05 19:15:24,22,no_activity,mobile
sess_00006638,,2026-04-05 12:48:40,3,no_activity,desktop
sess_00006639,cust_001989,2026-04-05 13:58:27,281,no_activity,desktop
sess_00006640,,2026-04-05 09:34:22,8,no_activity,desktop
sess_00006641,,2026-04-05 12:24:29,6,no_activity,mobile
sess_00006642,,2026-04-05 14:25:55,20,no_activity,desktop
sess_00006643,,2026-04-05 08:36:05,439,no_activity,mobile
sess_00006644,,2026-04-05 16:26:44,1231,no_activity,mobile
sess_00006645,,2026-04-05 21:58:04,308,no_activity,desktop
sess_00006646,,2026-04-05 06:17:45,735,no_activity,desktop
sess_00006647,cust_002079,2026-04-05 15:43:08,3,no_activity,desktop
sess_00006648,cust_001463,2026-04-05 17:50:22,610,no_activity,mobile
sess_00006649,cust_001693,2026-04-05 15:58:56,23,no_activity,mobile
sess_00006650,cust_002204,2026-04-05 07:22:59,26,no_activity,desktop
sess_00006651,cust_000722,2026-04-05 11:19:08,5,no_activity,mobile
sess_00006652,cust_002870,2026-04-05 15:03:51,235,no_activity,desktop
sess_00006653,,2026-04-05 07:54:10,347,no_activity,desktop
sess_00006654,,2026-04-05 12:21:40,786,no_activity,mobile
sess_00006655,cust_001824,2026-04-05 07:07:36,227,no_activity,mobile
sess_00006656,,2026-04-05 12:56:27,226,no_activity,desktop
sess_00006657,cust_002215,2026-04-05 08:07:59,729,no_activity,desktop
sess_00006658,,2026-04-05 19:43:30,318,no_activity,desktop
sess_00006659,cust_001754,2026-04-05 13:12:36,1657,no_activity,desktop
sess_00006660,cust_001736,2026-04-05 18:38:34,777,no_activity,desktop
sess_00006661,,2026-04-05 08:39:09,110,no_activity,desktop
sess_00006662,,2026-04-05 17:19:55,2,no_activity,desktop
sess_00006663,,2026-04-05 10:28:51,1191,no_activity,desktop
sess_00006664,,2026-04-05 21:17:07,82,no_activity,mobile
sess_00006665,,2026-04-05 15:30:14,188,no_activity,desktop
sess_00006666,,2026-04-05 13:45:10,1962,no_activity,mobile
sess_00006667,,2026-04-05 19:48:05,782,no_activity,desktop
sess_00006668,cust_002675,2026-04-05 12:21:13,220,timeout,mobile
sess_00006669,cust_001553,2026-04-05 16:23:28,1150,timeout,desktop
sess_00006670,cust_001709,2026-04-05 14:02:46,14,no_activity,desktop
sess_00006671,,2026-04-05 21:50:56,135,no_activity,desktop
sess_00006672,,2026-04-05 09:55:41,12,no_activity,mobile
sess_00006673,cust_001100,2026-04-06 11:08:05,1004,no_activity,tablet
sess_00006674,cust_002243,2026-04-06 12:43:03,148,no_activity,mobile
sess_00006675,,2026-04-06 20:59:08,88,logout,mobile
sess_00006676,cust_001290,2026-04-06 20:39:00,185,no_activity,mobile
sess_00006677,,2026-04-06 14:42:49,29,no_activity,desktop
sess_00006678,cust_001702,2026-04-06 21:35:35,235,timeout,desktop
sess_00006679,cust_001058,2026-04-06 21:36:18,415,no_activity,desktop
sess_00006680,cust_001288,2026-04-06 18:11:54,124,no_activity,desktop
sess_00006681,,2026-04-06 09:03:41,589,no_activity,desktop
sess_00006682,,2026-04-06 20:13:33,320,no_activity,desktop
sess_00006683,,2026-04-06 12:46:22,729,logout,mobile
sess_00006684,cust_001172,2026-04-06 17:28:10,907,timeout,desktop
sess_00006685,cust_000575,2026-04-06 10:13:54,575,no_activity,mobile
sess_00006686,,2026-04-06 18:15:34,126,no_activity,desktop
sess_00006687,,2026-04-06 16:56:52,245,no_activity,desktop
sess_00006688,cust_001285,2026-04-06 20:20:48,375,no_activity,desktop
sess_00006689,cust_002248,2026-04-06 19:42:26,66,no_activity,mobile
sess_00006690,cust_002692,2026-04-06 09:38:32,62,no_activity,desktop
sess_00006691,,2026-04-06 08:53:08,261,no_activity,mobile
sess_00006692,,2026-04-06 21:01:44,355,no_activity,mobile
sess_00006693,cust_001414,2026-04-06 16:13:52,300,no_activity,desktop
sess_00006694,cust_000794,2026-04-06 06:02:38,1161,no_activity,mobile
sess_00006695,cust_000867,2026-04-06 10:42:34,86,no_activity,tablet
sess_00006696,,2026-04-06 16:35:23,135,timeout,desktop
sess_00006697,,2026-04-06 15:40:43,1551,no_activity,desktop
sess_00006698,cust_002556,2026-04-06 14:24:33,1001,logout,mobile
sess_00006699,,2026-04-06 20:51:58,138,no_activity,desktop
sess_00006700,cust_002516,2026-04-06 09:29:51,693,no_activity,mobile
sess_00006701,,2026-04-06 08:58:43,143,logout,desktop
sess_00006702,,2026-04-06 19:45:26,783,timeout,desktop
sess_00006703,cust_001723,2026-04-06 14:44:00,154,timeout,mobile
sess_00006704,,2026-04-06 17:45:17,883,no_activity,mobile
sess_00006705,cust_001248,2026-04-06 10:49:04,257,no_activity,desktop
sess_00006706,,2026-04-06 12:42:10,529,no_activity,desktop
sess_00006707,,2026-04-06 07:49:32,222,no_activity,desktop
sess_00006708,,2026-04-06 15:16:54,774,timeout,mobile
sess_00006709,,2026-04-06 11:30:19,505,timeout,desktop
sess_00006710,cust_002117,2026-04-06 12:45:38,270,no_activity,desktop
sess_00006711,,2026-04-06 18:03:52,89,no_activity,mobile
sess_00006712,,2026-04-06 01:24:30,676,no_activity,desktop
sess_00006713,cust_000765,2026-04-06 18:18:13,312,no_activity,desktop
sess_00006714,cust_002953,2026-04-06 19:54:24,254,no_activity,desktop
sess_00006715,,2026-04-06 19:09:16,861,timeout,desktop
sess_00006716,,2026-04-06 10:12:36,650,no_activity,desktop
sess_00006717,,2026-04-06 14:59:39,4,no_activity,mobile
sess_00006718,cust_001674,2026-04-06 09:43:27,505,no_activity,desktop
sess_00006719,,2026-04-06 08:18:24,421,no_activity,desktop
sess_00006720,,2026-04-06 14:26:50,12,no_activity,desktop
sess_00006721,,2026-04-06 10:39:58,200,no_activity,mobile
sess_00006722,,2026-04-06 08:16:25,7,no_activity,desktop
sess_00006723,,2026-04-06 18:24:22,509,no_activity,mobile
sess_00006724,,2026-04-06 20:17:34,180,no_activity,desktop
sess_00006725,,2026-04-06 17:25:18,600,no_activity,desktop
sess_00006726,,2026-04-06 10:25:37,61,no_activity,desktop
sess_00006727,cust_001719,2026-04-06 13:25:07,141,no_activity,mobile
sess_00006728,,2026-04-06 16:33:49,681,no_activity,desktop
sess_00006729,,2026-04-06 12:35:57,2350,no_activity,desktop
sess_00006730,cust_000068,2026-04-06 23:21:25,2462,no_activity,desktop
sess_00006731,,2026-04-06 10:33:22,76,no_activity,desktop
sess_00006732,cust_001149,2026-04-06 14:02:13,211,no_activity,desktop
sess_00006733,,2026-04-06 08:11:45,222,no_activity,desktop
sess_00006734,cust_000603,2026-04-06 07:27:21,930,no_activity,desktop
sess_00006735,,2026-04-06 16:33:50,139,no_activity,mobile
sess_00006736,,2026-04-06 09:32:00,331,no_activity,desktop
sess_00006737,,2026-04-06 14:25:13,2988,no_activity,mobile
sess_00006738,cust_002785,2026-04-06 08:47:57,213,no_activity,desktop
sess_00006739,cust_001626,2026-04-06 11:09:47,1202,no_activity,mobile
sess_00006740,cust_001516,2026-04-06 14:46:41,1968,timeout,desktop
sess_00006741,,2026-04-06 19:07:42,1489,timeout,desktop
sess_00006742,,2026-04-06 18:58:24,573,no_activity,mobile
sess_00006743,,2026-04-06 09:06:29,583,no_activity,mobile
sess_00006744,cust_000371,2026-04-06 20:24:03,4507,no_activity,mobile
sess_00006745,cust_000693,2026-04-06 04:09:33,510,no_activity,mobile
sess_00006746,cust_000989,2026-04-06 18:39:36,12,no_activity,mobile
sess_00006747,,2026-04-06 15:09:00,275,no_activity,desktop
sess_00006748,cust_001238,2026-04-06 20:41:06,2595,no_activity,desktop
sess_00006749,,2026-04-06 18:36:09,1568,timeout,mobile
sess_00006750,,2026-04-06 12:04:10,30,no_activity,desktop
sess_00006751,,2026-04-06 21:28:51,52,no_activity,desktop
sess_00006752,cust_002835,2026-04-06 06:56:13,1607,timeout,desktop
sess_00006753,cust_002280,2026-04-06 07:34:00,30,no_activity,mobile
sess_00006754,,2026-04-06 19:52:34,2307,no_activity,desktop
sess_00006755,cust_002506,2026-04-06 17:51:35,1,no_activity,desktop
sess_00006756,,2026-04-06 13:32:03,13,no_activity,desktop
sess_00006757,cust_001623,2026-04-06 18:26:23,2213,no_activity,mobile
sess_00006758,,2026-04-06 22:29:24,150,timeout,tablet
sess_00006759,,2026-04-06 08:55:57,15,no_activity,mobile
sess_00006760,,2026-04-06 10:56:43,1,no_activity,mobile
sess_00006761,cust_000036,2026-04-06 18:23:07,19,no_activity,mobile
sess_00006762,cust_001325,2026-04-06 14:26:42,18,no_activity,mobile
sess_00006763,,2026-04-06 13:50:32,167,no_activity,desktop
sess_00006764,cust_002869,2026-04-06 11:50:56,948,timeout,desktop
sess_00006765,,2026-04-06 23:31:59,214,no_activity,mobile
sess_00006766,,2026-04-06 14:14:04,5,no_activity,desktop
sess_00006767,,2026-04-06 13:31:38,109,no_activity,desktop
sess_00006768,,2026-04-06 12:58:00,2,no_activity,desktop
sess_00006769,cust_000974,2026-04-06 11:23:24,1264,no_activity,mobile
sess_00006770,,2026-04-06 08:37:22,364,no_activity,desktop
sess_00006771,,2026-04-06 17:27:23,28,no_activity,mobile
sess_00006772,,2026-04-06 19:06:51,27,no_activity,desktop
sess_00006773,cust_002108,2026-04-06 18:39:25,283,no_activity,mobile
sess_00006774,cust_002854,2026-04-07 18:05:31,83,no_activity,mobile
sess_00006775,,2026-04-07 12:13:27,181,no_activity,desktop
sess_00006776,cust_002262,2026-04-07 10:44:19,505,no_activity,desktop
sess_00006777,cust_001244,2026-04-07 05:08:00,184,no_activity,mobile
sess_00006778,cust_001982,2026-04-07 13:55:53,393,no_activity,mobile
sess_00006779,cust_000749,2026-04-07 18:21:39,155,no_activity,mobile
sess_00006780,,2026-04-07 18:07:44,830,no_activity,desktop
sess_00006781,cust_000634,2026-04-07 19:47:38,597,no_activity,desktop
sess_00006782,,2026-04-07 19:30:55,14,no_activity,desktop
sess_00006783,,2026-04-07 11:01:02,26,no_activity,mobile
sess_00006784,cust_001709,2026-04-07 20:55:53,1998,no_activity,desktop
sess_00006785,cust_002956,2026-04-07 12:24:09,947,no_activity,mobile
sess_00006786,cust_001653,2026-04-07 05:26:14,9,no_activity,mobile
sess_00006787,cust_000558,2026-04-07 14:41:11,494,no_activity,mobile
sess_00006788,,2026-04-07 13:46:42,26,no_activity,desktop
sess_00006789,cust_001459,2026-04-07 08:45:25,182,timeout,mobile
sess_00006790,cust_002503,2026-04-07 06:11:37,755,no_activity,tablet
sess_00006791,,2026-04-07 12:47:00,1027,no_activity,desktop
sess_00006792,cust_002548,2026-04-07 13:56:18,261,no_activity,desktop
sess_00006793,cust_002265,2026-04-07 21:09:19,18,no_activity,desktop
sess_00006794,,2026-04-07 08:05:23,30,no_activity,desktop
sess_00006795,,2026-04-07 18:59:08,635,no_activity,mobile
sess_00006796,,2026-04-07 13:37:14,1768,timeout,desktop
sess_00006797,cust_000278,2026-04-07 11:48:15,269,no_activity,desktop
sess_00006798,cust_000284,2026-04-07 10:52:13,270,no_activity,desktop
sess_00006799,,2026-04-07 10:12:30,3478,no_activity,mobile
sess_00006800,,2026-04-07 17:52:21,1176,no_activity,mobile
sess_00006801,cust_000012,2026-04-07 10:05:20,8,no_activity,tablet
sess_00006802,cust_001903,2026-04-07 14:28:09,2,no_activity,desktop
sess_00006803,,2026-04-07 14:15:46,298,no_activity,desktop
sess_00006804,,2026-04-07 09:21:44,253,no_activity,desktop
sess_00006805,cust_001019,2026-04-07 21:39:37,28,timeout,mobile
sess_00006806,cust_000740,2026-04-07 17:27:39,1449,logout,desktop
sess_00006807,cust_000008,2026-04-07 11:02:06,9,no_activity,desktop
sess_00006808,cust_002344,2026-04-07 12:23:49,32,no_activity,desktop
sess_00006809,cust_000909,2026-04-07 16:24:22,336,no_activity,mobile
sess_00006810,cust_000290,2026-04-07 08:51:31,151,no_activity,desktop
sess_00006811,,2026-04-07 18:19:12,645,timeout,mobile
sess_00006812,cust_000784,2026-04-07 11:13:37,415,no_activity,desktop
sess_00006813,,2026-04-07 12:53:29,728,no_activity,mobile
sess_00006814,cust_001544,2026-04-07 16:14:50,369,no_activity,desktop
sess_00006815,cust_002512,2026-04-07 15:06:08,252,no_activity,mobile
sess_00006816,,2026-04-07 15:35:59,3298,timeout,desktop
sess_00006817,cust_002234,2026-04-07 12:22:57,14,no_activity,mobile
sess_00006818,cust_000308,2026-04-07 14:30:19,1457,no_activity,desktop
sess_00006819,,2026-04-07 23:03:23,427,no_activity,desktop
sess_00006820,cust_001362,2026-04-07 22:28:24,248,timeout,mobile
sess_00006821,,2026-04-07 08:03:47,1,no_activity,mobile
sess_00006822,,2026-04-07 11:11:22,185,no_activity,desktop
sess_00006823,cust_001189,2026-04-07 18:48:26,61,no_activity,desktop
sess_00006824,cust_002974,2026-04-07 10:32:44,468,no_activity,desktop
sess_00006825,,2026-04-07 06:11:45,153,logout,mobile
sess_00006826,,2026-04-07 10:27:56,376,no_activity,mobile
sess_00006827,,2026-04-07 08:31:03,458,no_activity,mobile
sess_00006828,cust_001321,2026-04-07 14:50:31,636,logout,mobile
sess_00006829,cust_002119,2026-04-07 18:42:15,1164,timeout,desktop
sess_00006830,,2026-04-07 19:41:40,366,logout,tablet
sess_00006831,,2026-04-07 16:55:44,277,logout,mobile
sess_00006832,cust_002662,2026-04-07 07:47:50,1032,no_activity,desktop
sess_00006833,cust_000689,2026-04-07 21:10:08,153,no_activity,desktop
sess_00006834,,2026-04-07 16:59:15,137,no_activity,mobile
sess_00006835,cust_000063,2026-04-07 23:33:49,70,no_activity,desktop
sess_00006836,,2026-04-07 20:58:41,6,no_activity,desktop
sess_00006837,cust_001678,2026-04-07 15:22:52,668,no_activity,mobile
sess_00006838,cust_002116,2026-04-07 16:30:25,353,no_activity,mobile
sess_00006839,cust_000347,2026-04-07 09:37:20,107,timeout,mobile
sess_00006840,cust_000723,2026-04-07 14:50:36,285,no_activity,mobile
sess_00006841,,2026-04-07 20:13:15,555,timeout,desktop
sess_00006842,cust_001800,2026-04-07 17:16:49,867,no_activity,desktop
sess_00006843,,2026-04-07 11:38:29,296,no_activity,desktop
sess_00006844,cust_000839,2026-04-07 19:08:30,74,no_activity,tablet
sess_00006845,,2026-04-07 14:55:50,69,no_activity,desktop
sess_00006846,,2026-04-07 16:43:23,273,no_activity,desktop
sess_00006847,cust_000315,2026-04-07 19:54:03,278,no_activity,desktop
sess_00006848,,2026-04-07 18:46:55,844,no_activity,desktop
sess_00006849,cust_002756,2026-04-07 16:30:53,1,no_activity,desktop
sess_00006850,cust_002916,2026-04-07 11:38:32,520,no_activity,desktop
sess_00006851,cust_001000,2026-04-07 10:43:22,1366,no_activity,desktop
sess_00006852,cust_002957,2026-04-07 21:05:37,24,no_activity,mobile
sess_00006853,cust_000616,2026-04-07 13:32:11,68,no_activity,mobile
sess_00006854,,2026-04-08 09:20:15,427,timeout,mobile
sess_00006855,cust_000609,2026-04-08 11:19:46,173,timeout,mobile
sess_00006856,,2026-04-08 15:30:33,931,no_activity,desktop
sess_00006857,,2026-04-08 13:54:44,17,no_activity,mobile
sess_00006858,cust_001405,2026-04-08 13:50:17,971,no_activity,desktop
sess_00006859,,2026-04-08 07:02:38,562,no_activity,mobile
sess_00006860,cust_002254,2026-04-08 09:30:44,21,no_activity,tablet
sess_00006861,cust_000002,2026-04-08 19:00:46,23,no_activity,mobile
sess_00006862,cust_002228,2026-04-08 12:28:27,375,no_activity,desktop
sess_00006863,cust_000572,2026-04-08 09:11:10,10,no_activity,mobile
sess_00006864,,2026-04-08 14:35:37,1403,no_activity,desktop
sess_00006865,,2026-04-08 23:57:02,61,no_activity,tablet
sess_00006866,cust_000705,2026-04-08 17:57:21,10,no_activity,mobile
sess_00006867,,2026-04-08 08:17:06,524,no_activity,desktop
sess_00006868,cust_000733,2026-04-08 11:04:45,635,no_activity,mobile
sess_00006869,cust_001929,2026-04-08 08:26:06,241,no_activity,desktop
sess_00006870,cust_000923,2026-04-08 12:08:26,507,no_activity,desktop
sess_00006871,cust_002519,2026-04-08 07:10:09,281,no_activity,desktop
sess_00006872,,2026-04-08 16:06:43,368,no_activity,mobile
sess_00006873,,2026-04-08 16:17:04,784,no_activity,desktop
sess_00006874,,2026-04-08 11:00:37,164,no_activity,desktop
sess_00006875,,2026-04-08 21:57:01,18,no_activity,desktop
sess_00006876,,2026-04-08 12:52:16,157,timeout,desktop
sess_00006877,cust_001537,2026-04-08 19:12:47,980,timeout,desktop
sess_00006878,,2026-04-08 10:47:52,165,no_activity,desktop
sess_00006879,cust_001394,2026-04-08 21:09:49,954,no_activity,mobile
sess_00006880,,2026-04-08 18:19:11,6,no_activity,tablet
sess_00006881,,2026-04-08 21:50:08,853,no_activity,desktop
sess_00006882,,2026-04-08 11:57:21,52,no_activity,mobile
sess_00006883,cust_001120,2026-04-08 05:21:54,225,no_activity,desktop
sess_00006884,cust_002128,2026-04-08 19:45:17,678,no_activity,desktop
sess_00006885,,2026-04-08 12:14:54,122,no_activity,desktop
sess_00006886,cust_002014,2026-04-08 07:07:52,1134,no_activity,desktop
sess_00006887,cust_002271,2026-04-08 21:26:18,207,no_activity,mobile
sess_00006888,cust_001910,2026-04-08 21:45:36,1722,logout,desktop
sess_00006889,cust_000054,2026-04-08 21:12:45,788,logout,mobile
sess_00006890,cust_001272,2026-04-08 10:28:27,192,no_activity,mobile
sess_00006891,cust_001019,2026-04-08 13:49:01,618,no_activity,desktop
sess_00006892,,2026-04-08 19:11:05,150,no_activity,desktop
sess_00006893,,2026-04-08 20:49:38,144,no_activity,desktop
sess_00006894,,2026-04-08 21:51:01,1166,no_activity,desktop
sess_00006895,,2026-04-08 16:09:33,60,no_activity,mobile
sess_00006896,cust_002674,2026-04-08 17:48:05,666,no_activity,desktop
sess_00006897,,2026-04-08 15:44:22,992,no_activity,desktop
sess_00006898,,2026-04-08 19:31:03,109,no_activity,desktop
sess_00006899,,2026-04-08 18:28:14,570,logout,mobile
sess_00006900,,2026-04-08 13:16:04,807,timeout,mobile
sess_00006901,,2026-04-08 11:55:22,491,no_activity,desktop
sess_00006902,cust_002631,2026-04-08 19:56:23,1298,no_activity,mobile
sess_00006903,,2026-04-08 11:12:06,60,timeout,desktop
sess_00006904,,2026-04-08 20:37:09,150,no_activity,desktop
sess_00006905,,2026-04-08 17:51:17,7200,no_activity,desktop
sess_00006906,,2026-04-08 08:53:27,479,no_activity,mobile
sess_00006907,,2026-04-08 20:05:33,214,no_activity,desktop
sess_00006908,cust_001193,2026-04-08 09:03:27,175,no_activity,desktop
sess_00006909,,2026-04-08 15:13:39,452,no_activity,desktop
sess_00006910,cust_002539,2026-04-08 08:25:00,1106,timeout,mobile
sess_00006911,,2026-04-08 12:12:06,141,no_activity,desktop
sess_00006912,cust_000828,2026-04-08 16:23:59,2267,no_activity,desktop
sess_00006913,cust_000473,2026-04-08 20:39:01,10,no_activity,mobile
sess_00006914,cust_001696,2026-04-08 10:24:56,131,no_activity,tablet
sess_00006915,,2026-04-08 12:05:31,15,no_activity,mobile
sess_00006916,,2026-04-08 12:10:36,1652,timeout,desktop
sess_00006917,,2026-04-08 13:28:53,272,no_activity,mobile
sess_00006918,,2026-04-08 20:12:25,62,no_activity,mobile
sess_00006919,cust_001737,2026-04-08 10:30:26,16,no_activity,mobile
sess_00006920,,2026-04-08 09:39:11,210,logout,mobile
sess_00006921,cust_000300,2026-04-08 18:50:50,414,no_activity,mobile
sess_00006922,cust_001519,2026-04-08 10:03:50,864,no_activity,mobile
sess_00006923,,2026-04-08 13:48:47,2338,no_activity,desktop
sess_00006924,,2026-04-08 15:13:39,1366,no_activity,desktop
sess_00006925,cust_001833,2026-04-08 14:32:56,571,no_activity,desktop
sess_00006926,,2026-04-08 18:40:05,6,no_activity,mobile
sess_00006927,,2026-04-08 20:42:21,398,no_activity,desktop
sess_00006928,cust_000218,2026-04-09 09:52:56,683,no_activity,desktop
sess_00006929,cust_002070,2026-04-09 19:00:11,224,no_activity,mobile
sess_00006930,,2026-04-09 20:15:25,5,no_activity,desktop
sess_00006931,,2026-04-09 14:28:53,1023,no_activity,mobile
sess_00006932,,2026-04-09 11:51:29,239,no_activity,desktop
sess_00006933,cust_002741,2026-04-09 11:08:14,1075,no_activity,desktop
sess_00006934,,2026-04-09 21:15:27,497,no_activity,mobile
sess_00006935,,2026-04-09 14:15:18,770,no_activity,desktop
sess_00006936,,2026-04-09 17:53:58,170,no_activity,mobile
sess_00006937,,2026-04-09 12:09:02,214,no_activity,mobile
sess_00006938,,2026-04-09 12:35:50,436,logout,desktop
sess_00006939,,2026-04-09 16:58:42,921,no_activity,mobile
sess_00006940,,2026-04-09 09:20:19,120,no_activity,desktop
sess_00006941,cust_000785,2026-04-09 16:47:50,17,no_activity,tablet
sess_00006942,,2026-04-09 14:46:37,1994,no_activity,mobile
sess_00006943,,2026-04-09 18:01:47,545,no_activity,mobile
sess_00006944,cust_001909,2026-04-09 14:11:46,288,no_activity,desktop
sess_00006945,,2026-04-09 08:55:13,276,logout,mobile
sess_00006946,cust_002593,2026-04-09 20:34:49,101,no_activity,tablet
sess_00006947,,2026-04-09 00:10:20,27,no_activity,desktop
sess_00006948,,2026-04-09 16:01:40,184,no_activity,desktop
sess_00006949,cust_000458,2026-04-09 12:22:14,1657,no_activity,desktop
sess_00006950,cust_002286,2026-04-09 18:40:46,316,no_activity,mobile
sess_00006951,,2026-04-09 09:33:51,444,no_activity,desktop
sess_00006952,,2026-04-09 09:39:50,375,no_activity,mobile
sess_00006953,cust_001312,2026-04-09 15:49:23,388,no_activity,desktop
sess_00006954,cust_002585,2026-04-09 13:31:47,367,no_activity,desktop
sess_00006955,cust_002123,2026-04-09 11:16:22,368,no_activity,mobile
sess_00006956,cust_002592,2026-04-09 07:10:39,2022,timeout,desktop
sess_00006957,,2026-04-09 11:17:32,1347,no_activity,desktop
sess_00006958,cust_000281,2026-04-09 17:31:30,345,timeout,mobile
sess_00006959,,2026-04-09 17:48:11,393,no_activity,desktop
sess_00006960,,2026-04-09 21:18:24,705,no_activity,mobile
sess_00006961,,2026-04-09 15:43:42,951,no_activity,tablet
sess_00006962,cust_002859,2026-04-09 01:43:20,2,no_activity,desktop
sess_00006963,,2026-04-09 11:13:38,14,no_activity,mobile
sess_00006964,,2026-04-09 18:51:55,390,no_activity,desktop
sess_00006965,,2026-04-09 14:20:19,201,no_activity,mobile
sess_00006966,cust_002863,2026-04-09 12:33:09,343,no_activity,desktop
sess_00006967,,2026-04-09 14:02:57,529,no_activity,mobile
sess_00006968,cust_002750,2026-04-09 17:47:59,908,no_activity,desktop
sess_00006969,,2026-04-09 17:22:27,613,no_activity,desktop
sess_00006970,cust_000924,2026-04-09 04:58:11,556,logout,desktop
sess_00006971,cust_001697,2026-04-09 15:50:09,3,no_activity,tablet
sess_00006972,cust_002029,2026-04-09 08:21:13,315,no_activity,tablet
sess_00006973,cust_002273,2026-04-09 03:09:10,5,no_activity,tablet
sess_00006974,,2026-04-09 10:01:42,226,no_activity,desktop
sess_00006975,cust_000208,2026-04-09 22:55:57,18,no_activity,tablet
sess_00006976,cust_002805,2026-04-09 03:29:59,464,no_activity,desktop
sess_00006977,,2026-04-09 16:19:35,206,no_activity,mobile
sess_00006978,,2026-04-09 18:17:24,306,no_activity,desktop
sess_00006979,cust_000881,2026-04-09 13:14:04,1224,timeout,mobile
sess_00006980,,2026-04-09 16:17:01,1084,no_activity,desktop
sess_00006981,cust_002463,2026-04-09 12:16:54,55,no_activity,mobile
sess_00006982,,2026-04-09 10:07:45,567,logout,desktop
sess_00006983,,2026-04-09 11:11:35,18,no_activity,desktop
sess_00006984,cust_002021,2026-04-09 11:59:46,15,no_activity,desktop
sess_00006985,,2026-04-09 20:39:43,320,no_activity,desktop
sess_00006986,cust_000686,2026-04-09 18:50:39,276,no_activity,desktop
sess_00006987,,2026-04-09 09:43:52,955,logout,mobile
sess_00006988,,2026-04-09 12:01:24,210,no_activity,mobile
sess_00006989,cust_001074,2026-04-09 18:32:14,94,no_activity,mobile
sess_00006990,,2026-04-09 16:56:23,326,no_activity,desktop
sess_00006991,,2026-04-09 11:38:49,740,no_activity,desktop
sess_00006992,cust_001067,2026-04-09 14:49:49,14,no_activity,desktop
sess_00006993,cust_002443,2026-04-09 16:35:14,3,no_activity,mobile
sess_00006994,,2026-04-09 11:02:48,213,no_activity,desktop
sess_00006995,,2026-04-09 15:56:41,570,no_activity,desktop
sess_00006996,,2026-04-10 10:46:46,626,no_activity,mobile
sess_00006997,,2026-04-10 17:07:11,1194,timeout,mobile
sess_00006998,,2026-04-10 09:55:10,710,no_activity,desktop
sess_00006999,,2026-04-10 14:24:34,1561,no_activity,desktop
sess_00007000,cust_002466,2026-04-10 18:32:06,1298,timeout,desktop
sess_00007001,,2026-04-10 10:58:44,476,no_activity,desktop
sess_00007002,cust_002319,2026-04-10 17:30:31,592,timeout,mobile
sess_00007003,,2026-04-10 12:32:14,494,no_activity,desktop
sess_00007004,,2026-04-10 18:58:36,23,no_activity,mobile
sess_00007005,,2026-04-10 17:22:42,696,no_activity,mobile
sess_00007006,,2026-04-10 16:14:00,154,no_activity,mobile
sess_00007007,cust_000728,2026-04-10 09:30:32,135,no_activity,desktop
sess_00007008,,2026-04-10 20:32:56,286,no_activity,desktop
sess_00007009,,2026-04-10 10:36:49,194,timeout,desktop
sess_00007010,,2026-04-10 15:03:30,374,timeout,desktop
sess_00007011,,2026-04-10 19:50:55,538,timeout,mobile
sess_00007012,,2026-04-10 12:02:20,1060,no_activity,desktop
sess_00007013,,2026-04-10 14:44:18,223,no_activity,mobile
sess_00007014,,2026-04-10 22:24:32,1920,no_activity,mobile
sess_00007015,,2026-04-10 11:18:49,443,no_activity,desktop
sess_00007016,,2026-04-10 19:52:59,375,no_activity,desktop
sess_00007017,,2026-04-10 10:57:49,94,timeout,desktop
sess_00007018,,2026-04-10 09:21:09,380,no_activity,desktop
sess_00007019,,2026-04-10 14:30:17,214,no_activity,mobile
sess_00007020,cust_001646,2026-04-10 10:43:55,1352,no_activity,desktop
sess_00007021,cust_001197,2026-04-10 17:06:16,603,no_activity,mobile
sess_00007022,,2026-04-10 18:05:30,233,no_activity,desktop
sess_00007023,cust_000729,2026-04-10 13:19:18,363,timeout,mobile
sess_00007024,cust_001480,2026-04-10 22:54:59,108,no_activity,desktop
sess_00007025,cust_001714,2026-04-10 16:38:47,153,no_activity,mobile
sess_00007026,cust_002984,2026-04-10 10:52:12,386,no_activity,desktop
sess_00007027,cust_001950,2026-04-10 15:15:53,19,no_activity,mobile
sess_00007028,cust_002564,2026-04-10 21:37:01,243,no_activity,desktop
sess_00007029,,2026-04-10 18:56:23,2026,timeout,mobile
sess_00007030,cust_000307,2026-04-10 09:11:12,917,no_activity,mobile
sess_00007031,,2026-04-10 21:30:45,990,no_activity,tablet
sess_00007032,cust_001135,2026-04-10 11:38:32,4,no_activity,desktop
sess_00007033,cust_002844,2026-04-10 23:03:16,567,no_activity,desktop
sess_00007034,cust_001808,2026-04-10 02:42:55,884,no_activity,desktop
sess_00007035,cust_000255,2026-04-10 16:24:08,19,no_activity,desktop
sess_00007036,,2026-04-10 13:42:56,16,no_activity,mobile
sess_00007037,,2026-04-10 12:18:36,1359,no_activity,desktop
sess_00007038,,2026-04-10 19:06:45,692,timeout,mobile
sess_00007039,cust_000889,2026-04-10 18:15:30,259,timeout,mobile
sess_00007040,cust_002689,2026-04-10 07:07:16,849,no_activity,desktop
sess_00007041,cust_002937,2026-04-10 14:58:19,363,no_activity,mobile
sess_00007042,cust_001675,2026-04-10 18:31:41,810,no_activity,mobile
sess_00007043,cust_000262,2026-04-10 10:08:59,1097,timeout,mobile
sess_00007044,,2026-04-10 11:28:24,1306,no_activity,tablet
sess_00007045,cust_000836,2026-04-10 03:09:23,62,logout,mobile
sess_00007046,,2026-04-10 15:36:49,98,no_activity,mobile
sess_00007047,,2026-04-10 13:59:24,3300,no_activity,desktop
sess_00007048,cust_001492,2026-04-10 17:32:09,22,no_activity,desktop
sess_00007049,,2026-04-10 13:04:05,698,no_activity,mobile
sess_00007050,,2026-04-10 11:10:42,81,no_activity,mobile
sess_00007051,,2026-04-10 17:20:34,1215,timeout,desktop
sess_00007052,cust_000411,2026-04-10 18:23:22,12,no_activity,desktop
sess_00007053,cust_000787,2026-04-10 18:50:34,17,no_activity,mobile
sess_00007054,,2026-04-10 16:21:54,1013,no_activity,desktop
sess_00007055,,2026-04-10 13:47:20,249,no_activity,desktop
sess_00007056,,2026-04-10 20:21:49,4556,no_activity,desktop
sess_00007057,,2026-04-10 13:31:20,311,no_activity,desktop
sess_00007058,cust_002010,2026-04-10 18:31:51,488,no_activity,desktop
sess_00007059,,2026-04-10 10:18:50,1787,no_activity,mobile
sess_00007060,,2026-04-10 19:34:54,107,no_activity,desktop
sess_00007061,,2026-04-10 13:53:57,784,timeout,desktop
sess_00007062,,2026-04-10 18:14:54,1,no_activity,mobile
sess_00007063,cust_000624,2026-04-10 22:08:00,472,no_activity,desktop
sess_00007064,cust_002839,2026-04-10 14:35:41,15,no_activity,desktop
sess_00007065,cust_002111,2026-04-10 17:56:48,126,no_activity,desktop
sess_00007066,,2026-04-10 07:25:50,21,no_activity,desktop
sess_00007067,,2026-04-10 17:40:03,342,no_activity,mobile
sess_00007068,,2026-04-10 09:57:53,190,no_activity,desktop
sess_00007069,cust_002752,2026-04-10 13:05:32,4,no_activity,mobile
sess_00007070,cust_000892,2026-04-10 10:18:47,186,timeout,desktop
sess_00007071,,2026-04-10 17:48:36,158,no_activity,mobile
sess_00007072,cust_002136,2026-04-10 09:30:51,151,no_activity,desktop
sess_00007073,cust_000587,2026-04-10 13:16:23,168,no_activity,mobile
sess_00007074,cust_002961,2026-04-10 15:21:58,626,no_activity,mobile
sess_00007075,cust_002926,2026-04-10 08:21:31,89,no_activity,desktop
sess_00007076,cust_001944,2026-04-10 17:55:16,40,no_activity,mobile
sess_00007077,cust_002299,2026-04-11 01:20:59,1115,timeout,desktop
sess_00007078,cust_000898,2026-04-11 17:08:31,164,no_activity,mobile
sess_00007079,cust_001702,2026-04-11 12:16:08,14,no_activity,desktop
sess_00007080,,2026-04-11 19:26:53,315,no_activity,desktop
sess_00007081,,2026-04-11 13:33:21,7,no_activity,desktop
sess_00007082,,2026-04-11 11:06:05,374,timeout,desktop
sess_00007083,cust_002548,2026-04-11 09:28:43,428,timeout,desktop
sess_00007084,,2026-04-11 13:08:10,81,no_activity,mobile
sess_00007085,cust_000865,2026-04-11 13:26:42,751,no_activity,desktop
sess_00007086,cust_002908,2026-04-11 08:03:07,1681,no_activity,desktop
sess_00007087,cust_000874,2026-04-11 13:41:41,1428,no_activity,desktop
sess_00007088,,2026-04-11 16:14:08,829,no_activity,desktop
sess_00007089,cust_001871,2026-04-11 20:09:18,13,no_activity,desktop
sess_00007090,,2026-04-11 21:49:30,1406,no_activity,mobile
sess_00007091,,2026-04-11 12:57:41,821,no_activity,desktop
sess_00007092,,2026-04-11 13:34:38,703,no_activity,desktop
sess_00007093,,2026-04-11 08:32:41,216,no_activity,desktop
sess_00007094,,2026-04-11 06:00:50,558,logout,desktop
sess_00007095,,2026-04-11 15:39:17,206,no_activity,mobile
sess_00007096,cust_001365,2026-04-11 21:56:30,9,no_activity,desktop
sess_00007097,,2026-04-11 14:41:59,1341,timeout,desktop
sess_00007098,cust_002401,2026-04-11 05:06:56,339,no_activity,mobile
sess_00007099,cust_002161,2026-04-11 09:21:47,959,timeout,desktop
sess_00007100,cust_002167,2026-04-11 15:55:37,175,no_activity,desktop
sess_00007101,cust_000349,2026-04-11 07:07:18,147,no_activity,mobile
sess_00007102,,2026-04-11 16:18:05,27,no_activity,mobile
sess_00007103,,2026-04-11 14:00:27,10,no_activity,mobile
sess_00007104,,2026-04-11 08:30:18,1492,no_activity,mobile
sess_00007105,,2026-04-11 09:47:19,291,no_activity,desktop
sess_00007106,,2026-04-11 17:33:14,176,no_activity,mobile
sess_00007107,,2026-04-11 07:34:32,133,no_activity,desktop
sess_00007108,cust_002264,2026-04-11 21:42:37,373,logout,mobile
sess_00007109,cust_002569,2026-04-11 21:41:50,381,timeout,mobile
sess_00007110,cust_002244,2026-04-11 18:46:34,22,no_activity,mobile
sess_00007111,cust_002031,2026-04-11 10:09:39,1432,no_activity,desktop
sess_00007112,,2026-04-11 19:07:12,1427,no_activity,mobile
sess_00007113,cust_001214,2026-04-11 10:48:22,4756,no_activity,mobile
sess_00007114,,2026-04-11 17:33:31,103,logout,mobile
sess_00007115,cust_001627,2026-04-11 05:42:13,1400,timeout,mobile
sess_00007116,,2026-04-11 15:01:33,1051,no_activity,mobile
sess_00007117,,2026-04-11 04:33:24,181,no_activity,mobile
sess_00007118,cust_001710,2026-04-11 09:15:12,1732,logout,desktop
sess_00007119,,2026-04-11 10:18:04,144,logout,mobile
sess_00007120,,2026-04-11 12:31:24,344,no_activity,desktop
sess_00007121,cust_001113,2026-04-11 17:10:50,551,timeout,desktop
sess_00007122,,2026-04-11 22:43:50,156,timeout,mobile
sess_00007123,,2026-04-11 14:28:25,170,timeout,desktop
sess_00007124,,2026-04-11 09:55:02,542,no_activity,desktop
sess_00007125,,2026-04-11 12:22:43,497,no_activity,desktop
sess_00007126,,2026-04-11 13:02:19,25,no_activity,mobile
sess_00007127,cust_001373,2026-04-11 19:37:40,196,no_activity,desktop
sess_00007128,,2026-04-11 13:41:13,125,no_activity,desktop
sess_00007129,cust_002403,2026-04-11 10:38:45,414,timeout,desktop
sess_00007130,cust_002781,2026-04-11 11:05:18,26,no_activity,mobile
sess_00007131,cust_002842,2026-04-11 12:35:25,277,logout,desktop
sess_00007132,,2026-04-11 18:19:15,1191,no_activity,desktop
sess_00007133,,2026-04-11 18:48:53,108,no_activity,desktop
sess_00007134,,2026-04-11 17:31:12,204,no_activity,desktop
sess_00007135,cust_000271,2026-04-11 19:31:54,10,no_activity,desktop
sess_00007136,,2026-04-11 09:38:46,678,no_activity,mobile
sess_00007137,cust_001599,2026-04-11 16:27:58,571,no_activity,desktop
sess_00007138,cust_000200,2026-04-11 12:46:26,21,no_activity,tablet
sess_00007139,,2026-04-11 08:22:13,153,no_activity,mobile
sess_00007140,,2026-04-11 18:38:28,10,no_activity,desktop
sess_00007141,,2026-04-11 18:37:08,308,no_activity,desktop
sess_00007142,cust_002603,2026-04-11 15:07:59,16,no_activity,desktop
sess_00007143,,2026-04-11 09:22:02,19,no_activity,mobile
sess_00007144,cust_000894,2026-04-11 14:09:00,471,timeout,desktop
sess_00007145,cust_002551,2026-04-11 11:53:42,136,no_activity,desktop
sess_00007146,cust_001298,2026-04-11 14:16:49,161,no_activity,mobile
sess_00007147,cust_000520,2026-04-11 23:12:14,929,no_activity,mobile
sess_00007148,cust_000093,2026-04-11 11:42:50,1442,no_activity,tablet
sess_00007149,cust_001685,2026-04-11 14:51:12,2135,logout,mobile
sess_00007150,cust_000259,2026-04-11 12:56:21,664,no_activity,mobile
sess_00007151,,2026-04-11 17:00:08,132,timeout,desktop
sess_00007152,,2026-04-11 14:43:32,510,no_activity,desktop
sess_00007153,cust_001830,2026-04-11 12:54:37,392,no_activity,desktop
sess_00007154,cust_001310,2026-04-11 16:29:08,617,no_activity,desktop
sess_00007155,cust_000630,2026-04-11 06:59:52,550,timeout,mobile
sess_00007156,cust_002564,2026-04-11 08:05:40,135,no_activity,desktop
sess_00007157,,2026-04-11 04:16:05,920,logout,mobile
sess_00007158,cust_002689,2026-04-11 09:31:44,308,timeout,desktop
sess_00007159,cust_001132,2026-04-11 15:44:27,10,no_activity,desktop
sess_00007160,,2026-04-11 13:34:06,421,timeout,desktop
sess_00007161,,2026-04-11 14:41:06,3,no_activity,mobile
sess_00007162,,2026-04-11 15:01:35,2388,timeout,desktop
sess_00007163,cust_000215,2026-04-11 13:22:53,102,no_activity,desktop
sess_00007164,cust_001140,2026-04-11 20:50:40,474,no_activity,mobile
sess_00007165,cust_002957,2026-04-11 14:24:50,297,no_activity,desktop
sess_00007166,cust_001536,2026-04-12 08:30:24,387,timeout,desktop
sess_00007167,cust_000243,2026-04-12 13:48:18,225,no_activity,desktop
sess_00007168,cust_002744,2026-04-12 16:12:16,826,timeout,mobile
sess_00007169,,2026-04-12 15:27:35,567,no_activity,desktop
sess_00007170,cust_000234,2026-04-12 12:58:51,4132,no_activity,desktop
sess_00007171,cust_002800,2026-04-12 16:29:36,210,no_activity,tablet
sess_00007172,,2026-04-12 12:12:08,480,timeout,desktop
sess_00007173,cust_001332,2026-04-12 16:52:01,154,no_activity,mobile
sess_00007174,,2026-04-12 16:55:17,226,no_activity,desktop
sess_00007175,,2026-04-12 19:29:55,418,logout,desktop
sess_00007176,,2026-04-12 16:42:11,15,no_activity,desktop
sess_00007177,cust_002206,2026-04-12 16:03:19,255,no_activity,desktop
sess_00007178,,2026-04-12 13:05:33,176,no_activity,desktop
sess_00007179,,2026-04-12 10:51:18,173,timeout,mobile
sess_00007180,,2026-04-12 00:59:49,164,no_activity,desktop
sess_00007181,,2026-04-12 15:47:37,316,no_activity,mobile
sess_00007182,cust_002077,2026-04-12 19:08:10,811,timeout,desktop
sess_00007183,,2026-04-12 08:33:02,124,no_activity,desktop
sess_00007184,,2026-04-12 19:58:09,9,no_activity,mobile
sess_00007185,cust_000099,2026-04-12 18:02:27,1277,no_activity,mobile
sess_00007186,cust_000391,2026-04-12 14:53:24,786,timeout,desktop
sess_00007187,cust_002586,2026-04-12 10:23:40,201,no_activity,desktop
sess_00007188,cust_000769,2026-04-12 20:50:11,84,timeout,desktop
sess_00007189,,2026-04-12 05:11:58,489,no_activity,desktop
sess_00007190,,2026-04-12 19:57:58,2968,no_activity,desktop
sess_00007191,cust_001638,2026-04-12 15:55:50,11,no_activity,desktop
sess_00007192,,2026-04-12 18:28:25,798,no_activity,mobile
sess_00007193,,2026-04-12 21:47:16,12,no_activity,desktop
sess_00007194,cust_002471,2026-04-12 18:17:47,694,no_activity,mobile
sess_00007195,,2026-04-12 11:16:12,10,no_activity,mobile
sess_00007196,cust_002354,2026-04-12 19:14:49,1143,no_activity,desktop
sess_00007197,,2026-04-12 14:40:40,543,no_activity,desktop
sess_00007198,cust_001414,2026-04-12 17:47:41,600,no_activity,tablet
sess_00007199,,2026-04-12 07:02:25,91,timeout,tablet
sess_00007200,cust_002234,2026-04-12 12:53:29,98,no_activity,desktop
sess_00007201,cust_001549,2026-04-12 21:08:47,7,no_activity,desktop
sess_00007202,cust_001291,2026-04-12 14:08:12,486,timeout,tablet
sess_00007203,,2026-04-12 19:36:51,73,timeout,desktop
sess_00007204,,2026-04-12 12:38:29,567,logout,mobile
sess_00007205,cust_001486,2026-04-12 20:05:19,378,no_activity,desktop
sess_00007206,,2026-04-12 17:38:18,23,no_activity,desktop
sess_00007207,cust_001465,2026-04-12 13:27:09,30,no_activity,tablet
sess_00007208,cust_002238,2026-04-12 06:34:11,283,logout,desktop
sess_00007209,,2026-04-12 15:24:42,589,no_activity,desktop
sess_00007210,,2026-04-12 09:18:30,570,no_activity,mobile
sess_00007211,cust_002127,2026-04-12 17:11:18,1878,no_activity,mobile
sess_00007212,cust_002999,2026-04-12 07:34:21,236,no_activity,desktop
sess_00007213,cust_000342,2026-04-12 07:28:11,25,no_activity,mobile
sess_00007214,,2026-04-12 19:55:56,992,logout,desktop
sess_00007215,,2026-04-12 15:36:10,286,timeout,desktop
sess_00007216,cust_002412,2026-04-12 11:46:44,251,no_activity,mobile
sess_00007217,,2026-04-12 12:18:08,12,no_activity,desktop
sess_00007218,,2026-04-12 12:29:48,6,no_activity,desktop
sess_00007219,cust_002985,2026-04-12 00:36:50,195,logout,mobile
sess_00007220,cust_001911,2026-04-12 15:18:46,1411,no_activity,mobile
sess_00007221,cust_002606,2026-04-12 14:40:47,934,timeout,mobile
sess_00007222,cust_000275,2026-04-12 18:23:37,935,no_activity,mobile
sess_00007223,,2026-04-12 21:59:25,395,no_activity,mobile
sess_00007224,,2026-04-12 09:32:19,1,no_activity,desktop
sess_00007225,,2026-04-12 08:19:53,101,no_activity,desktop
sess_00007226,,2026-04-12 11:18:01,9,no_activity,desktop
sess_00007227,cust_000389,2026-04-12 17:55:08,2389,no_activity,desktop
sess_00007228,cust_002680,2026-04-12 18:18:41,369,no_activity,desktop
sess_00007229,cust_002594,2026-04-12 12:09:55,966,no_activity,mobile
sess_00007230,,2026-04-12 11:50:59,336,no_activity,mobile
sess_00007231,,2026-04-12 06:02:26,798,no_activity,desktop
sess_00007232,cust_001872,2026-04-12 09:39:31,428,no_activity,mobile
sess_00007233,,2026-04-12 11:28:06,57,timeout,mobile
sess_00007234,cust_001447,2026-04-12 17:48:22,137,timeout,mobile
sess_00007235,,2026-04-12 10:21:34,851,no_activity,desktop
sess_00007236,cust_000755,2026-04-12 10:30:00,14,no_activity,desktop
sess_00007237,cust_001946,2026-04-12 11:19:28,14,no_activity,mobile
sess_00007238,cust_000393,2026-04-12 20:39:21,289,timeout,desktop
sess_00007239,,2026-04-12 15:00:57,401,no_activity,desktop
sess_00007240,,2026-04-12 10:39:35,2235,no_activity,desktop
sess_00007241,,2026-04-12 18:47:08,312,logout,desktop
sess_00007242,,2026-04-12 18:25:26,88,logout,desktop
sess_00007243,,2026-04-12 09:10:48,334,no_activity,mobile
sess_00007244,,2026-04-12 21:22:08,298,no_activity,mobile
sess_00007245,,2026-04-12 17:49:00,220,no_activity,desktop
sess_00007246,cust_002302,2026-04-12 19:40:44,953,no_activity,desktop
sess_00007247,,2026-04-13 14:43:55,1415,no_activity,desktop
sess_00007248,cust_002487,2026-04-13 10:16:59,79,no_activity,desktop
sess_00007249,cust_002323,2026-04-13 15:25:20,15,no_activity,desktop
sess_00007250,cust_000142,2026-04-13 12:13:59,742,no_activity,desktop
sess_00007251,,2026-04-13 19:30:54,342,no_activity,desktop
sess_00007252,,2026-04-13 22:02:56,23,no_activity,desktop
sess_00007253,cust_000476,2026-04-13 06:06:14,564,no_activity,mobile
sess_00007254,,2026-04-13 22:04:57,212,logout,desktop
sess_00007255,cust_001538,2026-04-13 12:49:37,417,no_activity,mobile
sess_00007256,cust_002050,2026-04-13 07:59:30,254,timeout,mobile
sess_00007257,cust_002570,2026-04-13 16:35:49,667,no_activity,desktop
sess_00007258,cust_002252,2026-04-13 22:35:59,11,no_activity,desktop
sess_00007259,,2026-04-13 07:12:19,1,no_activity,mobile
sess_00007260,,2026-04-13 19:27:23,488,no_activity,mobile
sess_00007261,cust_001942,2026-04-13 09:25:45,426,no_activity,tablet
sess_00007262,,2026-04-13 10:58:48,1456,no_activity,mobile
sess_00007263,,2026-04-13 14:48:25,8,no_activity,desktop
sess_00007264,,2026-04-13 09:55:35,1083,no_activity,desktop
sess_00007265,cust_001071,2026-04-13 16:36:43,9,no_activity,mobile
sess_00007266,cust_002774,2026-04-13 19:24:18,230,no_activity,desktop
sess_00007267,,2026-04-13 19:32:28,1244,no_activity,desktop
sess_00007268,cust_000209,2026-04-13 18:59:55,260,no_activity,desktop
sess_00007269,cust_000819,2026-04-13 08:35:33,157,no_activity,desktop
sess_00007270,,2026-04-13 16:13:57,607,no_activity,mobile
sess_00007271,,2026-04-13 14:07:51,26,no_activity,mobile
sess_00007272,cust_000221,2026-04-13 21:33:17,799,timeout,mobile
sess_00007273,,2026-04-13 16:22:08,495,logout,mobile
sess_00007274,cust_002092,2026-04-13 20:30:20,454,no_activity,mobile
sess_00007275,,2026-04-13 21:16:47,45,no_activity,desktop
sess_00007276,cust_002849,2026-04-13 22:01:06,258,no_activity,mobile
sess_00007277,cust_000762,2026-04-13 16:04:21,462,no_activity,mobile
sess_00007278,cust_001409,2026-04-13 15:40:29,300,no_activity,desktop
sess_00007279,,2026-04-13 22:04:10,8,no_activity,mobile
sess_00007280,,2026-04-13 20:25:16,359,no_activity,desktop
sess_00007281,,2026-04-13 14:24:37,251,no_activity,desktop
sess_00007282,cust_002318,2026-04-13 03:32:07,111,no_activity,mobile
sess_00007283,,2026-04-13 20:54:20,268,timeout,tablet
sess_00007284,cust_000677,2026-04-13 13:03:52,1356,no_activity,desktop
sess_00007285,cust_000660,2026-04-13 12:37:22,197,no_activity,desktop
sess_00007286,,2026-04-13 12:32:13,201,no_activity,desktop
sess_00007287,cust_002912,2026-04-13 17:48:45,504,no_activity,desktop
sess_00007288,cust_000037,2026-04-13 20:01:57,3,no_activity,desktop
sess_00007289,,2026-04-13 17:00:31,26,no_activity,mobile
sess_00007290,,2026-04-13 14:18:42,1687,no_activity,mobile
sess_00007291,cust_000546,2026-04-13 21:18:48,718,no_activity,desktop
sess_00007292,,2026-04-13 06:38:15,46,no_activity,desktop
sess_00007293,cust_001664,2026-04-13 19:53:16,17,no_activity,mobile
sess_00007294,,2026-04-13 07:15:05,571,no_activity,mobile
sess_00007295,cust_001770,2026-04-13 01:58:34,121,no_activity,mobile
sess_00007296,cust_002987,2026-04-13 10:05:12,962,no_activity,desktop
sess_00007297,,2026-04-13 12:02:57,775,no_activity,mobile
sess_00007298,cust_000909,2026-04-13 17:19:18,787,timeout,desktop
sess_00007299,,2026-04-13 20:45:52,146,no_activity,tablet
sess_00007300,,2026-04-13 08:26:08,904,timeout,desktop
sess_00007301,,2026-04-13 20:01:52,529,timeout,mobile
sess_00007302,,2026-04-13 10:39:58,454,no_activity,desktop
sess_00007303,cust_002991,2026-04-13 00:29:15,339,logout,mobile
sess_00007304,cust_002498,2026-04-13 18:15:44,380,no_activity,desktop
sess_00007305,,2026-04-13 04:04:37,308,no_activity,desktop
sess_00007306,,2026-04-13 20:28:37,1482,logout,mobile
sess_00007307,cust_000742,2026-04-13 16:50:53,325,no_activity,mobile
sess_00007308,cust_002661,2026-04-13 13:56:43,1114,no_activity,desktop
sess_00007309,,2026-04-13 00:06:17,754,no_activity,desktop
sess_00007310,,2026-04-13 08:14:29,103,timeout,desktop
sess_00007311,cust_002676,2026-04-13 08:33:22,545,no_activity,desktop
sess_00007312,cust_001790,2026-04-13 12:24:09,11,no_activity,desktop
sess_00007313,cust_001313,2026-04-13 21:53:24,56,no_activity,tablet
sess_00007314,cust_001521,2026-04-13 09:14:40,208,no_activity,desktop
sess_00007315,cust_001510,2026-04-13 16:48:46,100,no_activity,desktop
sess_00007316,,2026-04-13 14:07:28,163,timeout,mobile
sess_00007317,,2026-04-13 14:02:18,1175,no_activity,desktop
sess_00007318,,2026-04-13 08:40:33,141,no_activity,desktop
sess_00007319,,2026-04-13 09:20:45,146,no_activity,mobile
sess_00007320,cust_000479,2026-04-13 09:53:06,317,no_activity,mobile
sess_00007321,,2026-04-13 06:23:36,300,logout,mobile
sess_00007322,,2026-04-13 09:40:46,353,timeout,mobile
sess_00007323,,2026-04-13 18:03:01,317,no_activity,desktop
sess_00007324,,2026-04-13 22:44:24,1513,no_activity,desktop
sess_00007325,cust_002551,2026-04-13 10:44:42,349,timeout,desktop
sess_00007326,cust_001174,2026-04-13 18:06:40,61,no_activity,desktop
sess_00007327,,2026-04-13 15:11:01,245,no_activity,desktop
sess_00007328,cust_000004,2026-04-13 15:31:07,25,no_activity,desktop
sess_00007329,,2026-04-13 13:20:19,25,no_activity,desktop
sess_00007330,,2026-04-13 14:02:34,683,logout,desktop
sess_00007331,cust_002335,2026-04-13 17:23:10,283,no_activity,desktop
sess_00007332,cust_000829,2026-04-13 07:57:48,788,no_activity,desktop
sess_00007333,,2026-04-13 10:35:03,29,no_activity,desktop
sess_00007334,,2026-04-13 16:27:58,4,no_activity,desktop
sess_00007335,cust_002519,2026-04-13 09:52:09,50,no_activity,tablet
sess_00007336,,2026-04-13 12:28:13,2775,no_activity,mobile
sess_00007337,cust_001323,2026-04-14 18:05:09,318,no_activity,desktop
sess_00007338,,2026-04-14 17:40:49,123,no_activity,mobile
sess_00007339,,2026-04-14 09:24:58,1000,no_activity,desktop
sess_00007340,,2026-04-14 12:56:23,837,no_activity,desktop
sess_00007341,,2026-04-14 19:10:50,189,no_activity,mobile
sess_00007342,,2026-04-14 11:41:28,155,no_activity,desktop
sess_00007343,,2026-04-14 17:53:59,239,no_activity,tablet
sess_00007344,cust_001807,2026-04-14 16:55:34,1052,no_activity,desktop
sess_00007345,,2026-04-14 11:34:33,564,no_activity,tablet
sess_00007346,cust_001526,2026-04-14 08:16:32,528,no_activity,desktop
sess_00007347,,2026-04-14 16:50:31,1526,no_activity,mobile
sess_00007348,cust_000040,2026-04-14 13:35:17,370,no_activity,mobile
sess_00007349,cust_002720,2026-04-14 20:35:17,628,no_activity,mobile
sess_00007350,,2026-04-14 20:10:43,1957,no_activity,desktop
sess_00007351,,2026-04-14 21:48:07,125,logout,mobile
sess_00007352,,2026-04-14 12:43:03,115,no_activity,mobile
sess_00007353,,2026-04-14 14:25:42,331,no_activity,desktop
sess_00007354,,2026-04-14 18:25:29,28,no_activity,desktop
sess_00007355,,2026-04-14 13:33:17,860,no_activity,mobile
sess_00007356,,2026-04-14 21:39:45,1790,no_activity,desktop
sess_00007357,,2026-04-14 17:37:04,586,no_activity,desktop
sess_00007358,cust_001343,2026-04-14 18:29:04,923,no_activity,mobile
sess_00007359,,2026-04-14 03:02:12,920,timeout,mobile
sess_00007360,,2026-04-14 18:50:44,23,no_activity,desktop
sess_00007361,,2026-04-14 09:24:12,259,timeout,desktop
sess_00007362,,2026-04-14 08:48:59,1073,logout,desktop
sess_00007363,,2026-04-14 18:05:08,1223,no_activity,mobile
sess_00007364,cust_001634,2026-04-14 19:15:53,1818,timeout,mobile
sess_00007365,,2026-04-14 13:11:39,303,no_activity,mobile
sess_00007366,,2026-04-14 10:34:23,181,timeout,mobile
sess_00007367,,2026-04-14 12:45:29,80,no_activity,mobile
sess_00007368,,2026-04-14 18:27:48,325,no_activity,mobile
sess_00007369,cust_002261,2026-04-14 08:37:14,435,no_activity,tablet
sess_00007370,,2026-04-14 12:51:40,1341,timeout,desktop
sess_00007371,,2026-04-14 01:29:48,979,no_activity,mobile
sess_00007372,,2026-04-14 11:23:18,1570,no_activity,desktop
sess_00007373,cust_002896,2026-04-14 14:04:53,326,no_activity,mobile
sess_00007374,cust_000719,2026-04-14 23:43:20,773,no_activity,desktop
sess_00007375,,2026-04-14 07:41:14,445,logout,desktop
sess_00007376,cust_000475,2026-04-14 15:49:21,26,no_activity,desktop
sess_00007377,cust_002657,2026-04-14 18:41:56,1366,timeout,desktop
sess_00007378,,2026-04-14 22:20:41,127,no_activity,desktop
sess_00007379,,2026-04-14 12:45:03,28,no_activity,mobile
sess_00007380,cust_001171,2026-04-14 16:10:39,590,logout,tablet
sess_00007381,,2026-04-14 21:21:38,5,no_activity,tablet
sess_00007382,,2026-04-14 15:43:39,159,no_activity,mobile
sess_00007383,cust_000110,2026-04-14 16:27:08,557,no_activity,mobile
sess_00007384,,2026-04-14 15:28:34,340,no_activity,desktop
sess_00007385,cust_001187,2026-04-14 20:51:04,378,no_activity,mobile
sess_00007386,,2026-04-14 08:10:03,105,no_activity,desktop
sess_00007387,,2026-04-14 19:11:08,919,no_activity,mobile
sess_00007388,cust_001869,2026-04-14 17:18:42,891,no_activity,mobile
sess_00007389,cust_001785,2026-04-14 08:14:46,154,no_activity,mobile
sess_00007390,cust_000269,2026-04-14 17:34:31,319,logout,desktop
sess_00007391,,2026-04-14 09:20:35,2029,no_activity,desktop
sess_00007392,,2026-04-14 10:43:42,579,no_activity,desktop
sess_00007393,cust_000313,2026-04-14 17:18:48,3727,no_activity,desktop
sess_00007394,cust_000758,2026-04-14 17:37:44,152,logout,desktop
sess_00007395,cust_000335,2026-04-14 19:44:47,65,no_activity,desktop
sess_00007396,cust_002074,2026-04-14 09:50:31,210,no_activity,desktop
sess_00007397,,2026-04-14 13:26:58,600,no_activity,desktop
sess_00007398,,2026-04-14 16:11:16,149,no_activity,mobile
sess_00007399,,2026-04-14 15:11:40,912,no_activity,desktop
sess_00007400,,2026-04-14 11:48:10,270,no_activity,mobile
sess_00007401,cust_002808,2026-04-14 20:35:10,278,no_activity,desktop
sess_00007402,,2026-04-14 21:25:56,19,no_activity,desktop
sess_00007403,cust_002087,2026-04-14 11:34:28,268,no_activity,mobile
sess_00007404,cust_001643,2026-04-14 11:36:37,491,no_activity,mobile
sess_00007405,cust_001187,2026-04-14 18:23:31,28,no_activity,mobile
sess_00007406,cust_001860,2026-04-14 16:24:04,144,no_activity,desktop
sess_00007407,,2026-04-14 13:18:33,2058,no_activity,desktop
sess_00007408,,2026-04-14 17:50:14,2,no_activity,desktop
sess_00007409,,2026-04-14 07:20:59,271,no_activity,mobile
sess_00007410,,2026-04-14 21:46:31,23,no_activity,mobile
sess_00007411,,2026-04-14 15:54:02,4301,timeout,desktop
sess_00007412,cust_002887,2026-04-14 18:39:14,23,no_activity,desktop
sess_00007413,,2026-04-14 20:31:26,819,logout,mobile
sess_00007414,,2026-04-14 04:46:48,1161,no_activity,desktop
sess_00007415,cust_002572,2026-04-14 10:36:20,424,no_activity,mobile
sess_00007416,,2026-04-15 12:35:46,176,no_activity,desktop
sess_00007417,,2026-04-15 03:07:43,741,no_activity,mobile
sess_00007418,cust_001017,2026-04-15 04:40:58,10,no_activity,desktop
sess_00007419,,2026-04-15 10:03:35,833,no_activity,desktop
sess_00007420,cust_001104,2026-04-15 12:40:17,813,timeout,mobile
sess_00007421,cust_001836,2026-04-15 19:46:32,109,no_activity,desktop
sess_00007422,cust_000926,2026-04-15 21:20:00,507,no_activity,desktop
sess_00007423,cust_001006,2026-04-15 21:24:57,205,no_activity,desktop
sess_00007424,,2026-04-15 18:36:11,147,timeout,desktop
sess_00007425,cust_001208,2026-04-15 22:41:11,27,no_activity,desktop
sess_00007426,,2026-04-15 18:38:18,229,timeout,desktop
sess_00007427,cust_001076,2026-04-15 12:32:17,1285,no_activity,mobile
sess_00007428,,2026-04-15 08:47:56,19,no_activity,desktop
sess_00007429,,2026-04-15 14:25:17,909,timeout,desktop
sess_00007430,,2026-04-15 10:22:15,99,no_activity,desktop
sess_00007431,cust_000851,2026-04-15 12:47:08,1188,no_activity,desktop
sess_00007432,,2026-04-15 08:22:15,624,no_activity,desktop
sess_00007433,,2026-04-15 21:13:11,19,no_activity,mobile
sess_00007434,cust_000018,2026-04-15 14:11:26,2,no_activity,desktop
sess_00007435,,2026-04-15 19:12:44,1623,no_activity,desktop
sess_00007436,,2026-04-15 20:36:15,562,no_activity,desktop
sess_00007437,cust_000230,2026-04-15 18:42:41,10,no_activity,desktop
sess_00007438,,2026-04-15 18:57:58,125,no_activity,desktop
sess_00007439,,2026-04-15 15:15:22,5,no_activity,mobile
sess_00007440,,2026-04-15 07:31:05,592,no_activity,desktop
sess_00007441,,2026-04-15 12:07:57,119,no_activity,mobile
sess_00007442,,2026-04-15 22:52:49,406,no_activity,desktop
sess_00007443,cust_001015,2026-04-15 19:56:09,609,no_activity,desktop
sess_00007444,cust_000577,2026-04-15 18:27:19,309,no_activity,desktop
sess_00007445,,2026-04-15 11:11:22,201,no_activity,desktop
sess_00007446,,2026-04-15 07:06:35,293,timeout,desktop
sess_00007447,,2026-04-15 20:12:11,831,no_activity,tablet
sess_00007448,,2026-04-15 10:13:44,64,no_activity,mobile
sess_00007449,cust_000278,2026-04-15 16:40:05,437,logout,mobile
sess_00007450,cust_001009,2026-04-15 17:02:28,301,no_activity,desktop
sess_00007451,cust_000210,2026-04-15 14:07:46,128,no_activity,desktop
sess_00007452,cust_002229,2026-04-15 17:50:07,144,no_activity,mobile
sess_00007453,cust_000224,2026-04-15 15:45:35,29,no_activity,mobile
sess_00007454,cust_000177,2026-04-15 17:14:51,212,no_activity,mobile
sess_00007455,cust_002910,2026-04-15 16:07:29,22,no_activity,mobile
sess_00007456,,2026-04-15 14:18:10,747,no_activity,desktop
sess_00007457,,2026-04-15 10:53:24,176,no_activity,desktop
sess_00007458,,2026-04-15 18:11:16,1684,no_activity,mobile
sess_00007459,,2026-04-15 17:04:35,165,no_activity,tablet
sess_00007460,cust_002287,2026-04-15 12:01:30,48,no_activity,mobile
sess_00007461,cust_000904,2026-04-15 12:12:58,512,no_activity,mobile
sess_00007462,cust_000957,2026-04-15 16:20:34,183,no_activity,mobile
sess_00007463,cust_000871,2026-04-15 17:52:12,894,timeout,desktop
sess_00007464,,2026-04-15 09:11:34,246,no_activity,mobile
sess_00007465,,2026-04-15 21:10:39,559,no_activity,tablet
sess_00007466,,2026-04-15 20:45:56,357,no_activity,desktop
sess_00007467,,2026-04-15 10:20:09,3152,no_activity,desktop
sess_00007468,,2026-04-15 10:06:51,740,no_activity,desktop
sess_00007469,cust_000808,2026-04-15 11:15:24,599,no_activity,desktop
sess_00007470,,2026-04-15 13:40:15,460,timeout,mobile
sess_00007471,,2026-04-15 09:00:43,400,no_activity,desktop
sess_00007472,cust_002645,2026-04-15 10:24:27,137,logout,mobile
sess_00007473,cust_000223,2026-04-15 16:44:08,275,timeout,desktop
sess_00007474,cust_002993,2026-04-15 14:32:55,58,no_activity,mobile
sess_00007475,cust_000034,2026-04-15 09:37:44,450,no_activity,desktop
sess_00007476,cust_002586,2026-04-15 19:29:50,494,no_activity,desktop
sess_00007477,cust_001363,2026-04-15 19:31:22,422,no_activity,desktop
sess_00007478,cust_001000,2026-04-15 21:35:55,431,no_activity,mobile
sess_00007479,,2026-04-15 14:54:54,131,no_activity,desktop
sess_00007480,cust_001847,2026-04-15 14:58:27,342,no_activity,desktop
sess_00007481,cust_002235,2026-04-15 19:10:16,7153,no_activity,tablet
sess_00007482,cust_002312,2026-04-15 12:57:55,475,timeout,desktop
sess_00007483,cust_002421,2026-04-15 21:58:35,1066,no_activity,mobile
sess_00007484,cust_001749,2026-04-15 20:24:35,432,no_activity,mobile
sess_00007485,,2026-04-15 22:03:49,239,timeout,desktop
sess_00007486,,2026-04-15 19:54:37,1049,timeout,desktop
sess_00007487,cust_002074,2026-04-15 19:44:45,255,no_activity,mobile
sess_00007488,,2026-04-15 14:58:33,582,no_activity,desktop
sess_00007489,cust_001138,2026-04-15 08:57:08,96,no_activity,desktop
sess_00007490,,2026-04-15 15:18:39,1030,timeout,mobile
sess_00007491,cust_002588,2026-04-15 12:12:06,540,no_activity,mobile
sess_00007492,,2026-04-15 20:05:58,19,no_activity,desktop
sess_00007493,,2026-04-15 12:02:28,20,no_activity,desktop
sess_00007494,cust_001942,2026-04-16 13:41:10,867,timeout,desktop
sess_00007495,,2026-04-16 16:13:44,815,timeout,mobile
sess_00007496,,2026-04-16 19:04:09,3296,no_activity,desktop
sess_00007497,,2026-04-16 17:15:41,7,no_activity,tablet
sess_00007498,,2026-04-16 10:15:02,183,no_activity,desktop
sess_00007499,,2026-04-16 10:31:54,1454,no_activity,desktop
sess_00007500,,2026-04-16 13:48:23,29,no_activity,mobile
sess_00007501,cust_000022,2026-04-16 08:50:51,2855,no_activity,desktop
sess_00007502,,2026-04-16 06:02:56,12,no_activity,desktop
sess_00007503,cust_001874,2026-04-16 13:55:26,7,no_activity,desktop
sess_00007504,,2026-04-16 11:26:40,564,no_activity,mobile
sess_00007505,,2026-04-16 19:09:18,3825,logout,desktop
sess_00007506,cust_001250,2026-04-16 19:05:53,103,no_activity,mobile
sess_00007507,cust_001639,2026-04-16 18:06:15,11,no_activity,tablet
sess_00007508,,2026-04-16 06:14:59,111,no_activity,desktop
sess_00007509,,2026-04-16 14:30:37,2132,timeout,desktop
sess_00007510,cust_000630,2026-04-16 09:58:49,1,no_activity,desktop
sess_00007511,,2026-04-16 08:15:22,184,no_activity,desktop
sess_00007512,cust_001688,2026-04-16 14:46:14,2444,no_activity,desktop
sess_00007513,,2026-04-16 20:21:29,631,no_activity,mobile
sess_00007514,,2026-04-16 13:52:14,354,timeout,mobile
sess_00007515,,2026-04-16 11:59:36,118,no_activity,desktop
sess_00007516,,2026-04-16 18:09:48,3,no_activity,mobile
sess_00007517,,2026-04-16 17:33:24,517,no_activity,tablet
sess_00007518,cust_001236,2026-04-16 08:51:44,1460,timeout,desktop
sess_00007519,cust_000591,2026-04-16 08:08:12,25,no_activity,desktop
sess_00007520,,2026-04-16 21:07:56,28,no_activity,mobile
sess_00007521,,2026-04-16 11:51:53,725,no_activity,desktop
sess_00007522,,2026-04-16 15:39:53,174,no_activity,tablet
sess_00007523,cust_000911,2026-04-16 12:18:31,8,no_activity,mobile
sess_00007524,cust_001951,2026-04-16 17:53:44,30,no_activity,mobile
sess_00007525,cust_002319,2026-04-16 12:00:24,373,no_activity,desktop
sess_00007526,cust_002450,2026-04-16 06:28:14,287,logout,mobile
sess_00007527,cust_000656,2026-04-16 08:33:01,197,no_activity,tablet
sess_00007528,cust_001377,2026-04-16 19:45:44,722,no_activity,mobile
sess_00007529,,2026-04-16 17:03:16,390,no_activity,desktop
sess_00007530,,2026-04-16 18:43:58,261,no_activity,mobile
sess_00007531,,2026-04-16 16:28:12,362,no_activity,desktop
sess_00007532,cust_002151,2026-04-16 07:14:40,18,no_activity,desktop
sess_00007533,,2026-04-16 05:15:20,548,no_activity,mobile
sess_00007534,cust_001311,2026-04-16 09:56:50,1227,no_activity,desktop
sess_00007535,,2026-04-16 14:27:57,4007,no_activity,desktop
sess_00007536,,2026-04-16 16:52:36,506,no_activity,desktop
sess_00007537,,2026-04-16 18:46:29,270,no_activity,mobile
sess_00007538,,2026-04-16 15:51:52,180,no_activity,mobile
sess_00007539,cust_002620,2026-04-16 10:53:35,22,no_activity,desktop
sess_00007540,cust_000910,2026-04-16 20:12:32,972,no_activity,desktop
sess_00007541,,2026-04-16 19:08:32,612,no_activity,mobile
sess_00007542,cust_000429,2026-04-16 17:09:12,24,no_activity,tablet
sess_00007543,,2026-04-16 18:34:31,840,no_activity,desktop
sess_00007544,cust_002311,2026-04-16 07:00:31,787,no_activity,desktop
sess_00007545,cust_000101,2026-04-16 18:07:44,1439,no_activity,mobile
sess_00007546,cust_000334,2026-04-16 17:53:56,23,no_activity,desktop
sess_00007547,,2026-04-16 14:57:11,1325,timeout,desktop
sess_00007548,cust_000322,2026-04-16 10:33:49,975,no_activity,mobile
sess_00007549,,2026-04-16 08:08:35,574,no_activity,desktop
sess_00007550,,2026-04-16 09:40:07,68,timeout,desktop
sess_00007551,cust_002112,2026-04-16 11:09:15,515,logout,desktop
sess_00007552,cust_001854,2026-04-16 14:51:51,718,no_activity,mobile
sess_00007553,cust_002038,2026-04-16 07:11:56,1742,no_activity,mobile
sess_00007554,,2026-04-16 08:56:12,485,logout,mobile
sess_00007555,,2026-04-16 11:40:18,2119,no_activity,mobile
sess_00007556,,2026-04-16 14:55:42,288,timeout,mobile
sess_00007557,cust_001151,2026-04-16 19:41:12,2003,no_activity,tablet
sess_00007558,cust_000175,2026-04-16 09:38:52,221,timeout,desktop
sess_00007559,,2026-04-16 19:48:07,1071,no_activity,desktop
sess_00007560,,2026-04-16 18:22:20,15,no_activity,desktop
sess_00007561,,2026-04-16 16:46:18,30,no_activity,mobile
sess_00007562,,2026-04-16 23:02:51,6,no_activity,mobile
sess_00007563,,2026-04-16 16:11:45,757,no_activity,desktop
sess_00007564,cust_001604,2026-04-16 18:56:37,1457,no_activity,desktop
sess_00007565,cust_000919,2026-04-16 19:28:39,721,no_activity,mobile
sess_00007566,,2026-04-16 15:12:33,7,no_activity,desktop
sess_00007567,cust_001445,2026-04-16 09:29:51,977,no_activity,desktop
sess_00007568,cust_002922,2026-04-16 12:19:38,205,no_activity,mobile
sess_00007569,,2026-04-16 09:45:50,16,no_activity,tablet
sess_00007570,cust_000563,2026-04-16 14:59:32,795,timeout,desktop
sess_00007571,cust_001134,2026-04-16 23:25:37,579,timeout,desktop
sess_00007572,,2026-04-16 09:11:17,890,no_activity,desktop
sess_00007573,,2026-04-16 09:24:36,233,no_activity,desktop
sess_00007574,cust_001449,2026-04-16 12:37:32,487,timeout,mobile
sess_00007575,,2026-04-16 13:20:45,137,no_activity,mobile
sess_00007576,,2026-04-16 19:08:15,1824,no_activity,desktop
sess_00007577,cust_001004,2026-04-16 18:52:17,1853,no_activity,desktop
sess_00007578,,2026-04-17 13:40:55,249,logout,desktop
sess_00007579,,2026-04-17 20:09:08,126,logout,mobile
sess_00007580,,2026-04-17 13:06:56,870,timeout,desktop
sess_00007581,cust_002517,2026-04-17 14:08:07,386,no_activity,mobile
sess_00007582,,2026-04-17 10:54:58,2085,no_activity,desktop
sess_00007583,cust_001925,2026-04-17 11:24:20,689,no_activity,desktop
sess_00007584,,2026-04-17 14:45:43,26,no_activity,mobile
sess_00007585,cust_000303,2026-04-17 20:44:12,8,no_activity,tablet
sess_00007586,,2026-04-17 08:40:49,1639,no_activity,mobile
sess_00007587,,2026-04-17 13:54:22,167,no_activity,mobile
sess_00007588,cust_002783,2026-04-17 10:45:05,129,no_activity,desktop
sess_00007589,,2026-04-17 13:09:45,210,logout,mobile
sess_00007590,cust_001613,2026-04-17 16:27:47,1082,no_activity,mobile
sess_00007591,,2026-04-17 16:23:41,321,no_activity,mobile
sess_00007592,,2026-04-17 19:14:24,7,no_activity,desktop
sess_00007593,cust_002244,2026-04-17 10:23:29,647,timeout,desktop
sess_00007594,,2026-04-17 16:26:29,26,no_activity,desktop
sess_00007595,,2026-04-17 14:49:58,273,no_activity,desktop
sess_00007596,cust_001126,2026-04-17 07:04:16,422,no_activity,mobile
sess_00007597,,2026-04-17 20:19:08,4,no_activity,desktop
sess_00007598,,2026-04-17 10:38:17,7200,logout,mobile
sess_00007599,,2026-04-17 16:42:42,947,no_activity,desktop
sess_00007600,cust_000187,2026-04-17 09:03:00,130,no_activity,mobile
sess_00007601,,2026-04-17 19:50:21,233,no_activity,mobile
sess_00007602,cust_001585,2026-04-17 06:36:59,557,no_activity,mobile
sess_00007603,,2026-04-17 11:05:46,688,no_activity,mobile
sess_00007604,,2026-04-17 21:59:57,6,no_activity,mobile
sess_00007605,cust_001346,2026-04-17 08:21:59,43,no_activity,desktop
sess_00007606,,2026-04-17 20:21:32,200,timeout,desktop
sess_00007607,,2026-04-17 20:23:45,306,no_activity,mobile
sess_00007608,,2026-04-17 14:54:34,142,no_activity,desktop
sess_00007609,,2026-04-17 14:31:47,100,timeout,tablet
sess_00007610,cust_000069,2026-04-17 20:49:31,471,timeout,mobile
sess_00007611,cust_001904,2026-04-17 07:19:43,310,no_activity,desktop
sess_00007612,,2026-04-17 12:13:15,478,no_activity,desktop
sess_00007613,,2026-04-17 11:13:59,2887,no_activity,desktop
sess_00007614,,2026-04-17 15:16:54,551,no_activity,desktop
sess_00007615,cust_002460,2026-04-17 12:52:45,1737,timeout,desktop
sess_00007616,cust_002702,2026-04-17 12:52:40,102,no_activity,mobile
sess_00007617,,2026-04-17 18:55:11,2606,logout,desktop
sess_00007618,,2026-04-17 15:56:45,157,no_activity,desktop
sess_00007619,,2026-04-17 16:50:27,216,no_activity,desktop
sess_00007620,,2026-04-17 14:40:43,500,timeout,desktop
sess_00007621,,2026-04-17 07:05:00,1525,logout,mobile
sess_00007622,,2026-04-17 13:13:48,648,no_activity,mobile
sess_00007623,,2026-04-17 05:24:53,205,no_activity,desktop
sess_00007624,,2026-04-17 13:22:43,67,timeout,desktop
sess_00007625,,2026-04-17 18:37:54,29,no_activity,desktop
sess_00007626,,2026-04-17 15:36:43,196,no_activity,tablet
sess_00007627,,2026-04-17 20:49:54,872,no_activity,mobile
sess_00007628,cust_001396,2026-04-17 09:32:00,21,no_activity,desktop
sess_00007629,cust_001081,2026-04-17 19:48:59,198,no_activity,desktop
sess_00007630,cust_002725,2026-04-17 14:54:59,173,no_activity,mobile
sess_00007631,,2026-04-17 19:29:23,470,no_activity,desktop
sess_00007632,,2026-04-17 17:00:48,98,no_activity,desktop
sess_00007633,,2026-04-17 19:10:07,902,no_activity,mobile
sess_00007634,cust_002841,2026-04-17 12:19:22,799,timeout,mobile
sess_00007635,cust_002511,2026-04-17 08:05:59,696,no_activity,desktop
sess_00007636,,2026-04-17 09:16:21,530,no_activity,desktop
sess_00007637,cust_000048,2026-04-17 09:42:37,22,no_activity,desktop
sess_00007638,cust_001239,2026-04-17 12:02:59,1185,no_activity,desktop
sess_00007639,cust_002094,2026-04-17 19:35:20,228,logout,desktop
sess_00007640,,2026-04-17 06:03:55,250,no_activity,tablet
sess_00007641,,2026-04-17 20:48:42,116,no_activity,tablet
sess_00007642,cust_001750,2026-04-17 21:22:14,269,no_activity,mobile
sess_00007643,,2026-04-17 21:24:25,48,timeout,mobile
sess_00007644,cust_000195,2026-04-17 16:24:33,1080,no_activity,desktop
sess_00007645,cust_000584,2026-04-17 11:47:50,123,no_activity,desktop
sess_00007646,cust_002587,2026-04-17 18:18:55,5895,no_activity,mobile
sess_00007647,,2026-04-17 09:38:29,471,no_activity,desktop
sess_00007648,,2026-04-18 16:34:29,21,no_activity,desktop
sess_00007649,cust_002158,2026-04-18 09:06:02,636,no_activity,mobile
sess_00007650,,2026-04-18 17:34:41,365,no_activity,mobile
sess_00007651,cust_001399,2026-04-18 11:16:13,201,no_activity,mobile
sess_00007652,cust_002951,2026-04-18 15:06:24,465,no_activity,desktop
sess_00007653,cust_000455,2026-04-18 15:08:27,194,no_activity,desktop
sess_00007654,,2026-04-18 17:27:48,1335,no_activity,mobile
sess_00007655,,2026-04-18 17:16:05,262,no_activity,desktop
sess_00007656,cust_000884,2026-04-18 09:39:09,184,no_activity,mobile
sess_00007657,cust_002461,2026-04-18 08:22:22,282,no_activity,desktop
sess_00007658,,2026-04-18 17:57:15,608,no_activity,tablet
sess_00007659,cust_002724,2026-04-18 12:55:02,186,logout,mobile
sess_00007660,cust_000579,2026-04-18 22:29:51,224,no_activity,desktop
sess_00007661,cust_000328,2026-04-18 09:04:00,18,no_activity,mobile
sess_00007662,,2026-04-18 09:59:25,2585,no_activity,mobile
sess_00007663,,2026-04-18 19:23:03,138,no_activity,desktop
sess_00007664,cust_000002,2026-04-18 17:42:51,3450,no_activity,desktop
sess_00007665,cust_002629,2026-04-18 17:33:05,372,no_activity,desktop
sess_00007666,,2026-04-18 07:10:53,27,no_activity,mobile
sess_00007667,cust_002553,2026-04-18 15:51:33,364,no_activity,desktop
sess_00007668,,2026-04-18 14:43:25,679,no_activity,desktop
sess_00007669,,2026-04-18 11:14:32,7,no_activity,desktop
sess_00007670,cust_000303,2026-04-18 18:12:26,810,no_activity,desktop
sess_00007671,cust_000175,2026-04-18 12:46:25,304,no_activity,mobile
sess_00007672,cust_000674,2026-04-18 16:40:54,21,no_activity,mobile
sess_00007673,cust_000935,2026-04-18 05:55:11,445,no_activity,mobile
sess_00007674,cust_000214,2026-04-18 09:56:18,767,no_activity,desktop
sess_00007675,cust_001029,2026-04-18 14:09:31,166,no_activity,desktop
sess_00007676,,2026-04-18 20:33:19,29,no_activity,desktop
sess_00007677,cust_000564,2026-04-18 21:34:36,357,no_activity,mobile
sess_00007678,cust_001696,2026-04-18 16:22:38,3,no_activity,mobile
sess_00007679,cust_000815,2026-04-18 18:14:50,1455,timeout,desktop
sess_00007680,,2026-04-18 13:19:02,439,no_activity,desktop
sess_00007681,,2026-04-18 12:04:07,1029,timeout,tablet
sess_00007682,cust_001640,2026-04-18 04:27:28,382,logout,mobile
sess_00007683,cust_000093,2026-04-18 09:43:57,22,no_activity,mobile
sess_00007684,cust_000721,2026-04-18 00:16:11,1330,no_activity,mobile
sess_00007685,cust_002366,2026-04-18 15:47:16,659,no_activity,desktop
sess_00007686,cust_001830,2026-04-18 15:59:06,255,timeout,desktop
sess_00007687,cust_001958,2026-04-18 12:11:43,343,no_activity,desktop
sess_00007688,,2026-04-18 20:16:35,32,timeout,desktop
sess_00007689,,2026-04-18 06:06:18,355,no_activity,desktop
sess_00007690,cust_000894,2026-04-18 20:10:40,24,no_activity,mobile
sess_00007691,cust_000950,2026-04-18 04:02:52,142,no_activity,desktop
sess_00007692,,2026-04-18 10:46:08,531,timeout,desktop
sess_00007693,cust_002888,2026-04-18 08:41:00,3206,no_activity,desktop
sess_00007694,cust_002249,2026-04-18 07:52:29,1836,no_activity,mobile
sess_00007695,cust_002815,2026-04-18 09:40:38,237,no_activity,desktop
sess_00007696,,2026-04-18 21:40:26,89,no_activity,desktop
sess_00007697,cust_002247,2026-04-18 12:09:15,731,no_activity,desktop
sess_00007698,cust_002222,2026-04-18 14:06:03,578,no_activity,desktop
sess_00007699,,2026-04-18 14:09:01,1040,timeout,tablet
sess_00007700,cust_002899,2026-04-18 12:48:34,2162,no_activity,mobile
sess_00007701,cust_001507,2026-04-18 18:40:03,99,no_activity,desktop
sess_00007702,cust_002046,2026-04-18 19:37:16,311,no_activity,desktop
sess_00007703,,2026-04-18 18:50:46,378,no_activity,mobile
sess_00007704,,2026-04-18 15:06:32,188,timeout,desktop
sess_00007705,cust_000580,2026-04-18 07:30:07,423,no_activity,mobile
sess_00007706,cust_001970,2026-04-18 12:54:04,1366,no_activity,desktop
sess_00007707,cust_000122,2026-04-18 20:06:38,721,no_activity,mobile
sess_00007708,,2026-04-18 14:08:14,284,logout,desktop
sess_00007709,,2026-04-18 14:48:23,8,no_activity,mobile
sess_00007710,cust_001057,2026-04-18 16:49:58,261,no_activity,mobile
sess_00007711,,2026-04-18 17:17:46,588,timeout,desktop
sess_00007712,cust_000939,2026-04-18 10:34:18,1039,no_activity,mobile
sess_00007713,,2026-04-18 04:29:11,456,no_activity,desktop
sess_00007714,,2026-04-18 16:24:44,72,timeout,mobile
sess_00007715,cust_000624,2026-04-18 15:56:37,173,no_activity,mobile
sess_00007716,cust_002140,2026-04-18 08:58:16,161,no_activity,mobile
sess_00007717,cust_001065,2026-04-18 15:09:28,559,no_activity,mobile
sess_00007718,cust_001861,2026-04-18 02:18:02,2577,no_activity,desktop
sess_00007719,cust_001343,2026-04-18 15:53:54,96,no_activity,mobile
sess_00007720,cust_001574,2026-04-18 21:50:42,265,no_activity,mobile
sess_00007721,cust_000891,2026-04-18 07:23:51,2027,no_activity,desktop
sess_00007722,,2026-04-18 22:08:22,219,no_activity,desktop
sess_00007723,,2026-04-18 19:32:20,636,no_activity,desktop
sess_00007724,cust_002521,2026-04-18 01:02:01,93,no_activity,mobile
sess_00007725,,2026-04-18 23:25:36,358,no_activity,desktop
sess_00007726,,2026-04-18 13:14:20,1164,no_activity,desktop
sess_00007727,cust_000965,2026-04-18 07:04:27,587,no_activity,mobile
sess_00007728,,2026-04-18 19:07:05,407,timeout,mobile
sess_00007729,,2026-04-18 19:39:07,26,no_activity,desktop
sess_00007730,cust_000390,2026-04-18 19:33:20,157,no_activity,desktop
sess_00007731,,2026-04-18 19:42:37,1657,no_activity,mobile
sess_00007732,,2026-04-18 16:54:31,585,no_activity,mobile
sess_00007733,,2026-04-18 10:02:47,30,no_activity,desktop
sess_00007734,,2026-04-18 21:24:16,179,no_activity,mobile
sess_00007735,,2026-04-19 05:18:45,175,timeout,desktop
sess_00007736,,2026-04-19 12:34:56,61,no_activity,mobile
sess_00007737,,2026-04-19 01:53:43,29,no_activity,mobile
sess_00007738,,2026-04-19 20:28:52,156,no_activity,desktop
sess_00007739,,2026-04-19 08:21:13,401,timeout,mobile
sess_00007740,cust_000698,2026-04-19 11:21:45,599,no_activity,desktop
sess_00007741,cust_002050,2026-04-19 09:33:59,2,no_activity,desktop
sess_00007742,,2026-04-19 13:13:59,412,no_activity,mobile
sess_00007743,,2026-04-19 17:23:37,142,logout,mobile
sess_00007744,,2026-04-19 13:35:48,5,no_activity,desktop
sess_00007745,,2026-04-19 21:19:30,1334,no_activity,desktop
sess_00007746,cust_000462,2026-04-19 14:36:48,16,no_activity,tablet
sess_00007747,cust_001876,2026-04-19 13:53:42,59,no_activity,desktop
sess_00007748,cust_001410,2026-04-19 10:25:00,205,no_activity,desktop
sess_00007749,,2026-04-19 17:52:18,103,logout,mobile
sess_00007750,cust_002931,2026-04-19 17:12:29,1251,no_activity,mobile
sess_00007751,,2026-04-19 16:22:06,291,timeout,desktop
sess_00007752,,2026-04-19 12:51:08,25,no_activity,mobile
sess_00007753,,2026-04-19 13:08:14,235,no_activity,desktop
sess_00007754,,2026-04-19 20:32:19,175,no_activity,desktop
sess_00007755,cust_001242,2026-04-19 13:45:13,826,no_activity,desktop
sess_00007756,,2026-04-19 14:38:22,96,no_activity,desktop
sess_00007757,cust_000513,2026-04-19 09:07:40,625,no_activity,desktop
sess_00007758,cust_001292,2026-04-19 20:54:57,1578,timeout,desktop
sess_00007759,cust_000432,2026-04-19 19:14:25,543,timeout,tablet
sess_00007760,,2026-04-19 19:03:25,29,no_activity,desktop
sess_00007761,,2026-04-19 16:32:30,716,no_activity,mobile
sess_00007762,,2026-04-19 11:47:57,1515,no_activity,desktop
sess_00007763,cust_001072,2026-04-19 08:11:18,363,no_activity,mobile
sess_00007764,cust_001210,2026-04-19 07:58:11,349,no_activity,desktop
sess_00007765,,2026-04-19 18:55:00,571,no_activity,mobile
sess_00007766,cust_002848,2026-04-19 15:27:29,17,no_activity,mobile
sess_00007767,cust_000746,2026-04-19 18:00:54,278,logout,tablet
sess_00007768,cust_001451,2026-04-19 19:27:35,874,no_activity,mobile
sess_00007769,,2026-04-19 15:06:31,212,timeout,mobile
sess_00007770,cust_000289,2026-04-19 09:58:51,20,no_activity,desktop
sess_00007771,,2026-04-19 03:31:19,15,no_activity,desktop
sess_00007772,cust_001677,2026-04-19 18:34:07,592,logout,mobile
sess_00007773,,2026-04-19 18:36:42,367,no_activity,desktop
sess_00007774,,2026-04-19 21:42:51,994,logout,desktop
sess_00007775,,2026-04-19 18:02:22,13,no_activity,desktop
sess_00007776,,2026-04-19 20:31:02,21,no_activity,desktop
sess_00007777,cust_000462,2026-04-19 18:47:52,1725,no_activity,desktop
sess_00007778,,2026-04-19 18:25:15,640,no_activity,desktop
sess_00007779,,2026-04-19 10:58:45,1005,no_activity,desktop
sess_00007780,,2026-04-19 10:38:13,73,no_activity,desktop
sess_00007781,,2026-04-19 18:21:21,104,no_activity,mobile
sess_00007782,cust_001450,2026-04-19 19:26:37,701,no_activity,desktop
sess_00007783,cust_002562,2026-04-19 09:39:04,15,no_activity,mobile
sess_00007784,,2026-04-19 16:18:44,535,timeout,desktop
sess_00007785,,2026-04-19 17:23:08,473,no_activity,desktop
sess_00007786,,2026-04-19 09:31:37,162,no_activity,mobile
sess_00007787,,2026-04-19 15:00:11,203,no_activity,mobile
sess_00007788,cust_002675,2026-04-19 21:33:43,40,no_activity,desktop
sess_00007789,,2026-04-19 12:07:11,747,no_activity,mobile
sess_00007790,,2026-04-19 13:52:42,8,no_activity,desktop
sess_00007791,,2026-04-19 11:03:13,245,no_activity,mobile
sess_00007792,,2026-04-19 08:20:19,2016,logout,mobile
sess_00007793,,2026-04-19 21:22:06,404,no_activity,desktop
sess_00007794,cust_002340,2026-04-19 12:54:38,130,no_activity,mobile
sess_00007795,,2026-04-19 12:00:34,2432,logout,mobile
sess_00007796,,2026-04-19 18:25:55,298,no_activity,mobile
sess_00007797,cust_002045,2026-04-19 10:23:19,299,timeout,desktop
sess_00007798,,2026-04-19 17:46:57,1279,no_activity,desktop
sess_00007799,,2026-04-19 17:38:30,416,no_activity,desktop
sess_00007800,,2026-04-19 12:37:09,202,no_activity,desktop
sess_00007801,cust_000221,2026-04-19 11:00:38,67,no_activity,desktop
sess_00007802,cust_002237,2026-04-19 17:30:17,817,logout,desktop
sess_00007803,cust_000771,2026-04-19 16:38:43,515,timeout,mobile
sess_00007804,,2026-04-19 15:00:19,9,no_activity,desktop
sess_00007805,,2026-04-19 16:41:18,736,timeout,desktop
sess_00007806,,2026-04-19 16:43:26,82,no_activity,mobile
sess_00007807,,2026-04-19 11:44:21,810,no_activity,mobile
sess_00007808,,2026-04-19 16:49:02,114,no_activity,desktop
sess_00007809,,2026-04-19 10:08:21,167,no_activity,desktop
sess_00007810,,2026-04-19 12:30:07,22,no_activity,desktop
sess_00007811,cust_002639,2026-04-19 10:08:16,52,no_activity,mobile
sess_00007812,,2026-04-19 17:40:14,311,timeout,mobile
sess_00007813,cust_001324,2026-04-19 10:42:58,560,no_activity,mobile
sess_00007814,,2026-04-20 11:59:28,174,no_activity,desktop
sess_00007815,,2026-04-20 20:01:43,496,timeout,desktop
sess_00007816,cust_002833,2026-04-20 17:56:58,241,timeout,mobile
sess_00007817,cust_002009,2026-04-20 20:38:52,337,no_activity,desktop
sess_00007818,,2026-04-20 22:44:07,1740,logout,desktop
sess_00007819,cust_000441,2026-04-20 15:32:19,157,no_activity,desktop
sess_00007820,,2026-04-20 14:02:47,2610,no_activity,desktop
sess_00007821,,2026-04-20 07:18:06,290,no_activity,mobile
sess_00007822,,2026-04-20 12:13:05,127,no_activity,desktop
sess_00007823,cust_000597,2026-04-20 13:00:55,27,no_activity,mobile
sess_00007824,,2026-04-20 16:03:18,1154,no_activity,desktop
sess_00007825,,2026-04-20 22:00:39,25,no_activity,mobile
sess_00007826,,2026-04-20 12:09:47,3,no_activity,desktop
sess_00007827,cust_002888,2026-04-20 13:10:05,889,no_activity,desktop
sess_00007828,,2026-04-20 22:23:24,4,no_activity,mobile
sess_00007829,cust_001183,2026-04-20 18:33:11,730,no_activity,mobile
sess_00007830,,2026-04-20 14:23:51,666,no_activity,desktop
sess_00007831,,2026-04-20 12:32:31,2096,no_activity,mobile
sess_00007832,,2026-04-20 12:32:00,694,no_activity,desktop
sess_00007833,cust_002443,2026-04-20 09:04:52,538,no_activity,desktop
sess_00007834,,2026-04-20 20:53:14,321,no_activity,mobile
sess_00007835,,2026-04-20 23:08:29,242,no_activity,mobile
sess_00007836,cust_002684,2026-04-20 19:05:36,11,no_activity,desktop
sess_00007837,cust_001601,2026-04-20 19:25:30,384,no_activity,desktop
sess_00007838,,2026-04-20 16:50:08,21,no_activity,desktop
sess_00007839,cust_002628,2026-04-20 15:00:36,508,timeout,mobile
sess_00007840,cust_000100,2026-04-20 22:41:06,185,no_activity,desktop
sess_00007841,cust_000089,2026-04-20 20:37:43,11,no_activity,desktop
sess_00007842,,2026-04-20 15:33:12,542,timeout,tablet
sess_00007843,,2026-04-20 12:44:06,1098,no_activity,desktop
sess_00007844,cust_001829,2026-04-20 12:21:05,230,no_activity,mobile
sess_00007845,cust_001967,2026-04-20 09:37:21,705,no_activity,desktop
sess_00007846,cust_000132,2026-04-20 18:14:51,441,no_activity,mobile
sess_00007847,,2026-04-20 12:51:39,334,no_activity,desktop
sess_00007848,,2026-04-20 19:02:51,583,logout,desktop
sess_00007849,cust_002755,2026-04-20 10:35:13,583,timeout,desktop
sess_00007850,cust_002619,2026-04-20 21:51:21,532,no_activity,tablet
sess_00007851,cust_002904,2026-04-20 18:31:14,1140,no_activity,desktop
sess_00007852,cust_002482,2026-04-20 08:25:47,595,no_activity,tablet
sess_00007853,cust_000607,2026-04-20 12:07:39,1181,no_activity,tablet
sess_00007854,,2026-04-20 09:52:40,128,no_activity,desktop
sess_00007855,,2026-04-20 17:53:23,1615,no_activity,mobile
sess_00007856,cust_001447,2026-04-20 18:49:29,315,no_activity,desktop
sess_00007857,cust_001017,2026-04-20 09:26:37,476,no_activity,mobile
sess_00007858,,2026-04-20 17:59:52,578,no_activity,desktop
sess_00007859,,2026-04-20 10:47:59,605,no_activity,desktop
sess_00007860,cust_002048,2026-04-20 13:49:44,1948,no_activity,desktop
sess_00007861,cust_001161,2026-04-20 22:19:54,589,no_activity,desktop
sess_00007862,,2026-04-20 08:32:07,358,no_activity,mobile
sess_00007863,,2026-04-20 20:54:28,327,logout,mobile
sess_00007864,,2026-04-20 17:52:45,913,no_activity,desktop
sess_00007865,cust_002160,2026-04-20 12:14:31,214,logout,desktop
sess_00007866,,2026-04-20 19:17:38,1454,timeout,desktop
sess_00007867,cust_002428,2026-04-20 11:34:12,142,no_activity,mobile
sess_00007868,cust_001292,2026-04-20 10:40:05,385,no_activity,desktop
sess_00007869,cust_000938,2026-04-20 09:35:33,1721,no_activity,desktop
sess_00007870,,2026-04-20 10:33:03,278,no_activity,mobile
sess_00007871,cust_000352,2026-04-20 15:08:43,956,timeout,desktop
sess_00007872,,2026-04-20 23:13:22,132,timeout,desktop
sess_00007873,cust_001037,2026-04-20 11:39:24,1747,logout,mobile
sess_00007874,,2026-04-20 17:53:17,561,no_activity,tablet
sess_00007875,cust_001538,2026-04-20 08:51:23,197,no_activity,mobile
sess_00007876,cust_002308,2026-04-20 16:51:48,869,no_activity,desktop
sess_00007877,cust_001950,2026-04-20 13:27:08,197,logout,desktop
sess_00007878,cust_000980,2026-04-20 15:15:13,918,no_activity,desktop
sess_00007879,,2026-04-20 22:08:56,522,no_activity,desktop
sess_00007880,,2026-04-20 18:20:00,5804,timeout,desktop
sess_00007881,,2026-04-20 08:16:57,69,logout,mobile
sess_00007882,,2026-04-20 13:59:02,228,no_activity,mobile
sess_00007883,,2026-04-20 20:43:33,719,timeout,mobile
sess_00007884,cust_002026,2026-04-20 08:19:24,1635,no_activity,mobile
sess_00007885,cust_001578,2026-04-20 19:28:53,400,no_activity,desktop
sess_00007886,cust_001217,2026-04-20 21:26:08,660,no_activity,mobile
sess_00007887,,2026-04-20 06:21:55,818,timeout,mobile
sess_00007888,,2026-04-20 11:13:25,117,timeout,desktop
sess_00007889,cust_001544,2026-04-20 21:59:49,848,no_activity,mobile
sess_00007890,,2026-04-20 11:57:59,13,no_activity,mobile
sess_00007891,cust_001058,2026-04-20 19:57:33,7,no_activity,mobile
sess_00007892,,2026-04-20 10:47:54,85,no_activity,desktop
sess_00007893,,2026-04-20 19:08:10,445,timeout,tablet
sess_00007894,,2026-04-20 08:18:13,1527,logout,desktop
sess_00007895,cust_001458,2026-04-21 12:06:38,392,no_activity,desktop
sess_00007896,cust_002639,2026-04-21 11:31:17,735,logout,desktop
sess_00007897,,2026-04-21 23:50:47,854,no_activity,desktop
sess_00007898,cust_001430,2026-04-21 16:45:15,244,no_activity,mobile
sess_00007899,cust_000468,2026-04-21 07:53:35,1402,no_activity,mobile
sess_00007900,,2026-04-21 09:34:39,602,no_activity,desktop
sess_00007901,,2026-04-21 11:07:50,196,no_activity,desktop
sess_00007902,,2026-04-21 12:05:05,429,no_activity,desktop
sess_00007903,,2026-04-21 11:16:08,23,no_activity,tablet
sess_00007904,cust_000060,2026-04-21 17:52:57,3886,no_activity,tablet
sess_00007905,cust_002461,2026-04-21 12:41:04,844,no_activity,mobile
sess_00007906,cust_001052,2026-04-21 11:25:06,208,no_activity,desktop
sess_00007907,cust_001970,2026-04-21 13:09:32,841,timeout,mobile
sess_00007908,,2026-04-21 18:24:15,1182,no_activity,desktop
sess_00007909,,2026-04-21 18:50:56,7200,no_activity,mobile
sess_00007910,cust_001484,2026-04-21 22:52:56,869,no_activity,desktop
sess_00007911,cust_002920,2026-04-21 11:36:46,243,no_activity,mobile
sess_00007912,,2026-04-21 13:22:33,1000,no_activity,mobile
sess_00007913,,2026-04-21 18:43:14,140,no_activity,desktop
sess_00007914,cust_001520,2026-04-21 08:45:37,19,no_activity,mobile
sess_00007915,cust_001453,2026-04-21 17:02:35,3,no_activity,mobile
sess_00007916,cust_002875,2026-04-21 16:20:06,201,logout,mobile
sess_00007917,,2026-04-21 12:22:47,20,no_activity,mobile
sess_00007918,,2026-04-21 16:13:44,913,no_activity,mobile
sess_00007919,,2026-04-21 19:46:56,661,no_activity,desktop
sess_00007920,,2026-04-21 11:40:14,218,timeout,mobile
sess_00007921,cust_002714,2026-04-21 19:27:14,1216,no_activity,desktop
sess_00007922,cust_001420,2026-04-21 12:38:08,942,no_activity,desktop
sess_00007923,,2026-04-21 19:50:43,1000,no_activity,desktop
sess_00007924,cust_002422,2026-04-21 12:12:07,3816,logout,mobile
sess_00007925,,2026-04-21 10:15:35,27,no_activity,desktop
sess_00007926,cust_000182,2026-04-21 15:15:21,813,no_activity,desktop
sess_00007927,,2026-04-21 15:59:22,7,no_activity,desktop
sess_00007928,,2026-04-21 14:21:57,846,timeout,mobile
sess_00007929,,2026-04-21 16:27:54,100,no_activity,desktop
sess_00007930,cust_001866,2026-04-21 18:53:31,201,no_activity,mobile
sess_00007931,,2026-04-21 19:25:27,484,timeout,mobile
sess_00007932,,2026-04-21 20:24:12,690,no_activity,tablet
sess_00007933,,2026-04-21 17:55:01,52,logout,desktop
sess_00007934,,2026-04-21 16:55:41,2252,no_activity,mobile
sess_00007935,cust_000329,2026-04-21 11:11:40,201,no_activity,mobile
sess_00007936,cust_001369,2026-04-21 18:19:53,414,no_activity,desktop
sess_00007937,,2026-04-21 03:04:18,534,no_activity,desktop
sess_00007938,,2026-04-21 13:40:47,86,no_activity,tablet
sess_00007939,cust_001001,2026-04-21 08:48:28,42,no_activity,mobile
sess_00007940,cust_002501,2026-04-21 13:50:11,212,no_activity,desktop
sess_00007941,cust_002718,2026-04-21 12:49:13,17,no_activity,desktop
sess_00007942,,2026-04-21 08:41:55,457,no_activity,mobile
sess_00007943,cust_002204,2026-04-21 10:58:22,11,no_activity,desktop
sess_00007944,,2026-04-21 21:17:12,203,no_activity,desktop
sess_00007945,cust_000943,2026-04-21 16:26:03,79,no_activity,mobile
sess_00007946,cust_002300,2026-04-21 09:08:23,624,no_activity,desktop
sess_00007947,,2026-04-21 11:30:28,261,logout,desktop
sess_00007948,,2026-04-21 23:05:49,76,no_activity,mobile
sess_00007949,,2026-04-21 12:47:06,27,no_activity,desktop
sess_00007950,,2026-04-21 16:47:57,159,no_activity,desktop
sess_00007951,,2026-04-21 22:22:34,311,no_activity,desktop
sess_00007952,cust_002342,2026-04-21 17:57:52,1944,no_activity,desktop
sess_00007953,cust_000565,2026-04-21 08:59:14,261,timeout,desktop
sess_00007954,cust_002257,2026-04-21 09:06:16,579,no_activity,desktop
sess_00007955,cust_002577,2026-04-21 12:10:36,280,no_activity,desktop
sess_00007956,,2026-04-21 12:58:33,341,no_activity,mobile
sess_00007957,,2026-04-21 17:02:41,239,no_activity,mobile
sess_00007958,,2026-04-21 12:55:57,163,no_activity,mobile
sess_00007959,cust_002774,2026-04-21 12:29:06,325,logout,desktop
sess_00007960,cust_001690,2026-04-21 19:13:16,385,no_activity,desktop
sess_00007961,cust_002389,2026-04-21 19:43:01,1396,no_activity,desktop
sess_00007962,cust_002811,2026-04-21 15:19:20,12,no_activity,desktop
sess_00007963,cust_002651,2026-04-21 06:40:28,710,no_activity,desktop
sess_00007964,,2026-04-21 17:53:16,681,no_activity,mobile
sess_00007965,,2026-04-21 13:42:17,494,no_activity,desktop
sess_00007966,cust_002199,2026-04-21 08:59:25,500,no_activity,mobile
sess_00007967,cust_001639,2026-04-21 19:18:58,167,timeout,desktop
sess_00007968,,2026-04-21 07:28:40,236,no_activity,mobile
sess_00007969,cust_001825,2026-04-21 14:56:19,18,no_activity,mobile
sess_00007970,cust_001892,2026-04-21 18:53:33,158,no_activity,mobile
sess_00007971,cust_000296,2026-04-21 15:56:21,409,timeout,desktop
sess_00007972,cust_001012,2026-04-21 13:06:26,1026,timeout,desktop
sess_00007973,,2026-04-21 10:04:32,1293,no_activity,mobile
sess_00007974,,2026-04-21 17:33:33,325,no_activity,mobile
sess_00007975,,2026-04-21 21:15:38,17,no_activity,desktop
sess_00007976,,2026-04-21 10:50:59,57,no_activity,desktop
sess_00007977,cust_002901,2026-04-21 17:32:16,436,no_activity,tablet
sess_00007978,cust_001447,2026-04-21 12:07:57,526,no_activity,desktop
sess_00007979,cust_001210,2026-04-21 09:12:46,234,no_activity,desktop
sess_00007980,cust_000311,2026-04-21 19:22:51,1244,no_activity,desktop
sess_00007981,cust_000050,2026-04-22 15:36:30,6,no_activity,desktop
sess_00007982,cust_002072,2026-04-22 10:24:09,260,no_activity,mobile
sess_00007983,cust_002152,2026-04-22 08:27:21,855,no_activity,mobile
sess_00007984,cust_001940,2026-04-22 15:38:22,168,logout,mobile
sess_00007985,,2026-04-22 09:27:42,476,no_activity,desktop
sess_00007986,,2026-04-22 13:02:53,834,logout,desktop
sess_00007987,,2026-04-22 08:28:03,20,no_activity,desktop
sess_00007988,cust_001366,2026-04-22 19:20:27,26,no_activity,desktop
sess_00007989,,2026-04-22 05:33:10,21,no_activity,desktop
sess_00007990,cust_002454,2026-04-22 16:45:45,112,logout,desktop
sess_00007991,cust_001428,2026-04-22 10:21:25,17,no_activity,desktop
sess_00007992,cust_001995,2026-04-22 09:01:33,68,logout,desktop
sess_00007993,,2026-04-22 14:06:56,186,no_activity,mobile
sess_00007994,,2026-04-22 10:37:46,786,logout,mobile
sess_00007995,,2026-04-22 18:39:17,4,no_activity,desktop
sess_00007996,,2026-04-22 15:58:13,323,no_activity,desktop
sess_00007997,,2026-04-22 11:35:42,70,no_activity,desktop
sess_00007998,cust_001410,2026-04-22 13:44:46,31,timeout,desktop
sess_00007999,,2026-04-22 09:13:12,138,no_activity,desktop
sess_00008000,,2026-04-22 16:54:40,1494,no_activity,desktop
sess_00008001,,2026-04-22 09:27:49,789,no_activity,desktop
sess_00008002,cust_000038,2026-04-22 13:36:50,202,timeout,desktop
sess_00008003,,2026-04-22 11:08:13,46,no_activity,mobile
sess_00008004,,2026-04-22 01:42:53,316,no_activity,desktop
sess_00008005,cust_002645,2026-04-22 17:39:48,76,logout,tablet
sess_00008006,cust_000962,2026-04-22 20:31:17,339,timeout,mobile
sess_00008007,cust_000505,2026-04-22 17:31:32,631,no_activity,desktop
sess_00008008,cust_001888,2026-04-22 09:36:37,1011,no_activity,mobile
sess_00008009,cust_000165,2026-04-22 17:38:29,1480,no_activity,mobile
sess_00008010,cust_002167,2026-04-22 18:06:34,13,no_activity,desktop
sess_00008011,,2026-04-22 12:22:04,23,no_activity,mobile
sess_00008012,,2026-04-22 20:49:03,930,no_activity,mobile
sess_00008013,,2026-04-22 12:23:43,395,no_activity,mobile
sess_00008014,cust_002267,2026-04-22 09:46:08,15,no_activity,mobile
sess_00008015,cust_002941,2026-04-22 12:56:57,172,no_activity,desktop
sess_00008016,,2026-04-22 16:30:34,312,no_activity,desktop
sess_00008017,cust_001887,2026-04-22 04:57:49,146,no_activity,mobile
sess_00008018,cust_002058,2026-04-22 19:06:48,958,no_activity,desktop
sess_00008019,,2026-04-22 04:12:30,89,no_activity,mobile
sess_00008020,cust_002322,2026-04-22 09:10:28,149,logout,desktop
sess_00008021,cust_000122,2026-04-22 14:25:57,784,timeout,desktop
sess_00008022,,2026-04-22 17:58:12,235,timeout,desktop
sess_00008023,cust_001068,2026-04-22 20:51:37,281,no_activity,desktop
sess_00008024,cust_002159,2026-04-22 23:39:05,91,no_activity,mobile
sess_00008025,cust_001686,2026-04-22 20:44:29,484,no_activity,desktop
sess_00008026,,2026-04-22 07:51:11,866,no_activity,mobile
sess_00008027,cust_001595,2026-04-22 16:05:46,804,no_activity,mobile
sess_00008028,cust_002865,2026-04-22 11:27:15,81,no_activity,mobile
sess_00008029,,2026-04-22 12:47:24,355,no_activity,desktop
sess_00008030,cust_001778,2026-04-22 14:31:45,336,no_activity,tablet
sess_00008031,cust_001099,2026-04-22 06:21:55,24,no_activity,mobile
sess_00008032,cust_002854,2026-04-22 13:47:47,424,no_activity,desktop
sess_00008033,,2026-04-22 08:30:14,105,no_activity,mobile
sess_00008034,,2026-04-22 18:17:13,342,no_activity,desktop
sess_00008035,,2026-04-22 17:10:39,130,no_activity,mobile
sess_00008036,cust_000260,2026-04-22 15:24:24,24,no_activity,desktop
sess_00008037,,2026-04-22 11:16:22,270,no_activity,desktop
sess_00008038,cust_001843,2026-04-22 20:56:42,318,no_activity,desktop
sess_00008039,,2026-04-22 15:07:04,229,timeout,desktop
sess_00008040,,2026-04-22 23:05:16,201,no_activity,desktop
sess_00008041,,2026-04-22 13:33:10,443,logout,mobile
sess_00008042,,2026-04-22 01:27:09,498,timeout,mobile
sess_00008043,,2026-04-22 20:44:07,117,no_activity,desktop
sess_00008044,,2026-04-22 12:06:32,1123,no_activity,desktop
sess_00008045,,2026-04-22 19:29:04,229,no_activity,mobile
sess_00008046,cust_001067,2026-04-22 11:52:10,1138,no_activity,tablet
sess_00008047,,2026-04-22 12:23:13,177,timeout,desktop
sess_00008048,cust_002556,2026-04-22 18:47:43,228,timeout,tablet
sess_00008049,cust_001181,2026-04-22 17:31:00,17,no_activity,desktop
sess_00008050,,2026-04-22 20:51:49,879,no_activity,desktop
sess_00008051,cust_002780,2026-04-22 10:42:09,1402,no_activity,mobile
sess_00008052,cust_001552,2026-04-22 10:29:52,426,timeout,desktop
sess_00008053,,2026-04-22 11:50:47,1875,no_activity,desktop
sess_00008054,cust_002772,2026-04-22 20:43:20,136,timeout,mobile
sess_00008055,cust_000652,2026-04-22 17:45:56,405,no_activity,mobile
sess_00008056,,2026-04-22 11:49:56,4,no_activity,desktop
sess_00008057,cust_001393,2026-04-22 11:54:38,173,no_activity,mobile
sess_00008058,cust_001764,2026-04-22 16:06:27,1266,no_activity,desktop
sess_00008059,,2026-04-22 22:59:22,413,no_activity,mobile
sess_00008060,cust_002386,2026-04-22 07:38:18,4,no_activity,mobile
sess_00008061,,2026-04-22 08:53:45,129,no_activity,tablet
sess_00008062,,2026-04-22 08:44:39,198,no_activity,desktop
sess_00008063,cust_002967,2026-04-22 17:03:17,404,no_activity,desktop
sess_00008064,,2026-04-22 18:44:11,90,timeout,mobile
sess_00008065,cust_002272,2026-04-22 17:10:18,82,timeout,desktop
sess_00008066,,2026-04-22 10:04:53,83,timeout,tablet
sess_00008067,,2026-04-22 20:12:03,237,logout,desktop
sess_00008068,cust_001233,2026-04-22 10:26:04,43,no_activity,mobile
sess_00008069,,2026-04-22 19:01:59,304,no_activity,tablet
sess_00008070,,2026-04-23 11:56:35,135,logout,mobile
sess_00008071,cust_001155,2026-04-23 19:07:29,349,timeout,desktop
sess_00008072,cust_000694,2026-04-23 13:04:21,501,timeout,desktop
sess_00008073,cust_000147,2026-04-23 17:48:05,3041,no_activity,desktop
sess_00008074,cust_001426,2026-04-23 07:35:09,1106,no_activity,mobile
sess_00008075,cust_001118,2026-04-23 16:50:10,156,timeout,mobile
sess_00008076,,2026-04-23 04:17:19,14,no_activity,desktop
sess_00008077,,2026-04-23 07:34:57,395,no_activity,desktop
sess_00008078,cust_000902,2026-04-23 08:10:36,1885,no_activity,mobile
sess_00008079,,2026-04-23 15:55:53,134,no_activity,mobile
sess_00008080,cust_000282,2026-04-23 12:00:58,1691,no_activity,mobile
sess_00008081,,2026-04-23 22:41:11,144,no_activity,mobile
sess_00008082,,2026-04-23 10:27:06,362,timeout,desktop
sess_00008083,,2026-04-23 13:24:42,177,no_activity,mobile
sess_00008084,cust_002636,2026-04-23 07:18:33,166,no_activity,desktop
sess_00008085,,2026-04-23 10:33:08,1620,no_activity,desktop
sess_00008086,,2026-04-23 16:10:30,280,no_activity,mobile
sess_00008087,cust_000062,2026-04-23 18:28:07,253,no_activity,mobile
sess_00008088,cust_000989,2026-04-23 14:56:30,1301,logout,desktop
sess_00008089,cust_001488,2026-04-23 16:42:13,28,no_activity,desktop
sess_00008090,cust_002531,2026-04-23 12:58:08,218,no_activity,mobile
sess_00008091,cust_002632,2026-04-23 12:39:43,4152,no_activity,mobile
sess_00008092,cust_000485,2026-04-23 21:55:45,1014,no_activity,desktop
sess_00008093,,2026-04-23 22:07:02,456,no_activity,desktop
sess_00008094,,2026-04-23 18:40:01,454,no_activity,desktop
sess_00008095,,2026-04-23 13:11:32,283,no_activity,desktop
sess_00008096,cust_002023,2026-04-23 16:42:32,211,no_activity,desktop
sess_00008097,,2026-04-23 17:29:19,1355,timeout,mobile
sess_00008098,cust_002112,2026-04-23 10:56:54,6,no_activity,mobile
sess_00008099,,2026-04-23 17:12:16,904,no_activity,desktop
sess_00008100,,2026-04-23 20:15:28,1271,timeout,desktop
sess_00008101,,2026-04-23 13:19:10,7,no_activity,desktop
sess_00008102,cust_001677,2026-04-23 13:35:37,5,no_activity,desktop
sess_00008103,,2026-04-23 05:13:00,378,no_activity,desktop
sess_00008104,,2026-04-23 14:01:25,861,timeout,mobile
sess_00008105,cust_002221,2026-04-23 11:04:00,29,no_activity,desktop
sess_00008106,,2026-04-23 18:32:02,464,no_activity,tablet
sess_00008107,cust_000579,2026-04-23 12:10:45,424,no_activity,mobile
sess_00008108,,2026-04-23 21:43:19,170,no_activity,mobile
sess_00008109,cust_001958,2026-04-23 18:04:59,710,no_activity,desktop
sess_00008110,,2026-04-23 10:52:20,79,no_activity,mobile
sess_00008111,,2026-04-23 18:50:27,7,no_activity,desktop
sess_00008112,,2026-04-23 11:59:26,2799,no_activity,desktop
sess_00008113,cust_002742,2026-04-23 07:37:28,741,no_activity,desktop
sess_00008114,,2026-04-23 13:07:23,2388,no_activity,mobile
sess_00008115,cust_002925,2026-04-23 10:12:01,6,no_activity,desktop
sess_00008116,,2026-04-23 16:36:38,179,no_activity,desktop
sess_00008117,,2026-04-23 21:42:16,112,timeout,desktop
sess_00008118,cust_000621,2026-04-23 20:58:25,91,no_activity,desktop
sess_00008119,cust_001034,2026-04-23 20:51:08,9,no_activity,desktop
sess_00008120,,2026-04-23 22:56:19,70,timeout,mobile
sess_00008121,,2026-04-23 12:22:28,148,no_activity,desktop
sess_00008122,,2026-04-23 08:15:53,1642,no_activity,desktop
sess_00008123,cust_000724,2026-04-23 20:01:30,12,no_activity,mobile
sess_00008124,,2026-04-23 18:13:49,104,timeout,desktop
sess_00008125,cust_000108,2026-04-23 18:55:06,1476,logout,mobile
sess_00008126,cust_001291,2026-04-23 12:06:47,18,no_activity,desktop
sess_00008127,cust_000960,2026-04-23 18:22:52,553,no_activity,mobile
sess_00008128,,2026-04-23 08:24:04,42,no_activity,desktop
sess_00008129,cust_002591,2026-04-23 13:49:28,4,no_activity,desktop
sess_00008130,,2026-04-23 20:27:11,3,no_activity,mobile
sess_00008131,cust_000299,2026-04-23 19:33:03,758,no_activity,mobile
sess_00008132,cust_000543,2026-04-23 14:31:26,29,no_activity,desktop
sess_00008133,,2026-04-23 19:32:14,8,no_activity,mobile
sess_00008134,,2026-04-23 08:33:27,14,no_activity,desktop
sess_00008135,cust_001990,2026-04-23 18:10:24,691,timeout,mobile
sess_00008136,,2026-04-23 18:15:07,538,no_activity,mobile
sess_00008137,,2026-04-23 16:39:21,21,no_activity,tablet
sess_00008138,cust_000434,2026-04-23 13:35:21,464,no_activity,desktop
sess_00008139,,2026-04-23 18:11:13,14,no_activity,mobile
sess_00008140,,2026-04-23 15:49:25,266,no_activity,desktop
sess_00008141,cust_001036,2026-04-23 16:31:06,14,no_activity,mobile
sess_00008142,,2026-04-23 20:00:31,200,no_activity,desktop
sess_00008143,cust_001946,2026-04-23 20:18:06,943,timeout,tablet
sess_00008144,,2026-04-23 11:07:30,789,no_activity,mobile
sess_00008145,,2026-04-23 13:50:08,497,no_activity,desktop
sess_00008146,,2026-04-23 16:16:59,456,no_activity,desktop
sess_00008147,,2026-04-23 07:18:14,10,no_activity,desktop
sess_00008148,cust_000162,2026-04-23 12:20:29,55,no_activity,mobile
sess_00008149,,2026-04-23 17:57:34,1747,no_activity,mobile
sess_00008150,cust_002662,2026-04-23 11:35:00,395,no_activity,desktop
sess_00008151,,2026-04-23 07:08:05,8,no_activity,mobile
sess_00008152,cust_001201,2026-04-23 20:00:50,872,no_activity,desktop
sess_00008153,,2026-04-23 20:30:04,73,logout,mobile
sess_00008154,cust_000389,2026-04-23 16:05:12,605,no_activity,mobile
sess_00008155,cust_002761,2026-04-23 17:30:39,130,no_activity,mobile
sess_00008156,cust_002042,2026-04-24 05:17:47,3,no_activity,desktop
sess_00008157,cust_000825,2026-04-24 17:06:12,13,no_activity,mobile
sess_00008158,,2026-04-24 11:47:15,21,no_activity,mobile
sess_00008159,,2026-04-24 09:05:21,341,timeout,mobile
sess_00008160,,2026-04-24 16:05:22,183,no_activity,desktop
sess_00008161,cust_001423,2026-04-24 09:10:06,243,timeout,desktop
sess_00008162,cust_001452,2026-04-24 18:19:16,18,no_activity,mobile
sess_00008163,cust_001323,2026-04-24 14:40:35,13,no_activity,mobile
sess_00008164,cust_001450,2026-04-24 08:24:08,198,timeout,mobile
sess_00008165,cust_000847,2026-04-24 09:57:32,217,no_activity,desktop
sess_00008166,cust_001986,2026-04-24 12:53:17,359,no_activity,desktop
sess_00008167,,2026-04-24 01:49:39,1709,logout,mobile
sess_00008168,,2026-04-24 10:13:59,259,logout,mobile
sess_00008169,,2026-04-24 17:53:18,11,no_activity,desktop
sess_00008170,,2026-04-24 08:08:27,988,no_activity,desktop
sess_00008171,,2026-04-24 11:56:39,884,no_activity,desktop
sess_00008172,,2026-04-24 07:59:53,6,no_activity,mobile
sess_00008173,cust_002509,2026-04-24 21:45:57,1027,no_activity,desktop
sess_00008174,,2026-04-24 14:32:39,827,no_activity,desktop
sess_00008175,cust_001304,2026-04-24 14:31:51,73,no_activity,desktop
sess_00008176,cust_000346,2026-04-24 18:57:28,743,no_activity,desktop
sess_00008177,,2026-04-24 14:09:10,554,no_activity,mobile
sess_00008178,,2026-04-24 14:58:49,301,no_activity,desktop
sess_00008179,cust_002875,2026-04-24 10:36:06,4777,no_activity,mobile
sess_00008180,cust_002194,2026-04-24 22:15:37,155,no_activity,mobile
sess_00008181,cust_001548,2026-04-24 14:24:04,579,no_activity,desktop
sess_00008182,cust_002393,2026-04-24 11:22:13,237,no_activity,desktop
sess_00008183,cust_000996,2026-04-24 07:20:38,237,no_activity,mobile
sess_00008184,cust_001186,2026-04-24 15:57:33,1274,no_activity,desktop
sess_00008185,cust_002492,2026-04-24 18:17:38,30,no_activity,mobile
sess_00008186,,2026-04-24 11:44:47,341,no_activity,desktop
sess_00008187,,2026-04-24 12:23:38,257,no_activity,mobile
sess_00008188,cust_001685,2026-04-24 16:42:01,445,timeout,desktop
sess_00008189,,2026-04-24 08:32:12,573,timeout,mobile
sess_00008190,cust_002320,2026-04-24 14:42:58,206,no_activity,mobile
sess_00008191,,2026-04-24 16:08:58,317,timeout,desktop
sess_00008192,,2026-04-24 12:37:19,3685,no_activity,mobile
sess_00008193,cust_002697,2026-04-24 16:42:53,848,no_activity,desktop
sess_00008194,,2026-04-24 20:29:26,367,no_activity,desktop
sess_00008195,,2026-04-24 23:27:32,420,logout,desktop
sess_00008196,cust_000851,2026-04-24 18:34:55,175,no_activity,mobile
sess_00008197,,2026-04-24 07:19:23,430,no_activity,desktop
sess_00008198,,2026-04-24 16:52:46,657,no_activity,mobile
sess_00008199,,2026-04-24 13:29:57,239,no_activity,mobile
sess_00008200,,2026-04-24 06:43:38,24,no_activity,desktop
sess_00008201,,2026-04-24 20:16:17,1048,no_activity,desktop
sess_00008202,,2026-04-24 21:11:59,26,no_activity,tablet
sess_00008203,,2026-04-24 18:59:34,357,no_activity,mobile
sess_00008204,cust_002284,2026-04-24 16:07:42,1056,no_activity,mobile
sess_00008205,,2026-04-24 10:28:16,245,no_activity,mobile
sess_00008206,cust_001715,2026-04-24 10:03:34,207,no_activity,desktop
sess_00008207,cust_002049,2026-04-24 23:26:02,45,no_activity,mobile
sess_00008208,,2026-04-24 14:01:53,734,timeout,mobile
sess_00008209,cust_002029,2026-04-24 08:20:02,125,timeout,mobile
sess_00008210,cust_000445,2026-04-24 13:46:00,19,no_activity,mobile
sess_00008211,cust_002225,2026-04-24 22:16:23,236,no_activity,desktop
sess_00008212,cust_001568,2026-04-24 10:53:40,711,no_activity,desktop
sess_00008213,,2026-04-24 13:08:32,64,no_activity,mobile
sess_00008214,cust_002228,2026-04-24 20:22:15,515,no_activity,desktop
sess_00008215,cust_002103,2026-04-24 10:25:08,573,no_activity,mobile
sess_00008216,,2026-04-24 19:07:43,685,no_activity,desktop
sess_00008217,,2026-04-24 16:48:06,4,no_activity,desktop
sess_00008218,cust_001140,2026-04-24 11:34:40,3,no_activity,desktop
sess_00008219,cust_000898,2026-04-24 21:32:18,2282,no_activity,desktop
sess_00008220,,2026-04-24 07:40:56,10,no_activity,desktop
sess_00008221,,2026-04-24 17:27:05,28,logout,mobile
sess_00008222,cust_000513,2026-04-24 19:41:17,354,no_activity,desktop
sess_00008223,cust_001817,2026-04-24 00:10:39,156,no_activity,desktop
sess_00008224,cust_001087,2026-04-24 17:34:04,170,no_activity,mobile
sess_00008225,,2026-04-24 14:22:38,546,no_activity,desktop
sess_00008226,cust_000826,2026-04-24 19:53:06,2483,no_activity,desktop
sess_00008227,,2026-04-24 22:21:25,3906,no_activity,desktop
sess_00008228,,2026-04-24 22:30:52,5,no_activity,desktop
sess_00008229,cust_001845,2026-04-24 16:04:54,2306,no_activity,desktop
sess_00008230,cust_001198,2026-04-25 14:23:47,2091,no_activity,mobile
sess_00008231,,2026-04-25 22:50:36,479,no_activity,desktop
sess_00008232,,2026-04-25 19:12:08,175,logout,mobile
sess_00008233,,2026-04-25 17:24:26,706,no_activity,desktop
sess_00008234,,2026-04-25 19:38:10,847,no_activity,desktop
sess_00008235,cust_001294,2026-04-25 08:41:36,516,no_activity,desktop
sess_00008236,,2026-04-25 14:38:40,3,no_activity,tablet
sess_00008237,,2026-04-25 14:08:29,7200,no_activity,mobile
sess_00008238,cust_000201,2026-04-25 20:34:11,1221,no_activity,desktop
sess_00008239,cust_001486,2026-04-25 18:45:42,169,no_activity,desktop
sess_00008240,cust_002707,2026-04-25 11:40:04,1,no_activity,desktop
sess_00008241,,2026-04-25 15:27:29,3084,timeout,desktop
sess_00008242,cust_000323,2026-04-25 10:54:26,37,logout,desktop
sess_00008243,cust_000610,2026-04-25 20:16:20,407,no_activity,desktop
sess_00008244,,2026-04-25 11:15:01,734,no_activity,desktop
sess_00008245,cust_002629,2026-04-25 07:58:22,30,no_activity,mobile
sess_00008246,,2026-04-25 15:57:23,60,no_activity,desktop
sess_00008247,cust_001608,2026-04-25 22:19:05,946,timeout,desktop
sess_00008248,,2026-04-25 18:57:10,166,no_activity,desktop
sess_00008249,cust_001313,2026-04-25 18:37:30,97,no_activity,desktop
sess_00008250,,2026-04-25 17:48:26,165,no_activity,desktop
sess_00008251,cust_001160,2026-04-25 10:31:55,6,no_activity,desktop
sess_00008252,cust_000112,2026-04-25 10:02:06,579,no_activity,mobile
sess_00008253,,2026-04-25 22:26:44,27,no_activity,mobile
sess_00008254,,2026-04-25 07:28:20,185,logout,desktop
sess_00008255,cust_001460,2026-04-25 16:01:36,99,timeout,mobile
sess_00008256,,2026-04-25 11:43:25,480,no_activity,mobile
sess_00008257,,2026-04-25 16:18:18,867,no_activity,desktop
sess_00008258,cust_001007,2026-04-25 12:11:12,374,no_activity,mobile
sess_00008259,cust_000232,2026-04-25 12:20:32,4,no_activity,mobile
sess_00008260,,2026-04-25 10:30:09,646,no_activity,desktop
sess_00008261,,2026-04-25 16:53:15,29,no_activity,mobile
sess_00008262,cust_000492,2026-04-25 10:58:18,178,no_activity,mobile
sess_00008263,cust_002207,2026-04-25 14:05:01,4538,no_activity,mobile
sess_00008264,cust_002767,2026-04-25 09:12:45,693,no_activity,desktop
sess_00008265,cust_000448,2026-04-25 13:37:15,184,timeout,mobile
sess_00008266,,2026-04-25 09:46:04,674,logout,mobile
sess_00008267,cust_000872,2026-04-25 21:24:06,262,timeout,desktop
sess_00008268,,2026-04-25 11:34:49,483,timeout,mobile
sess_00008269,,2026-04-25 17:44:34,26,no_activity,desktop
sess_00008270,cust_000572,2026-04-25 19:32:00,410,no_activity,mobile
sess_00008271,,2026-04-25 15:00:13,18,no_activity,desktop
sess_00008272,,2026-04-25 02:14:55,186,no_activity,desktop
sess_00008273,,2026-04-25 09:34:10,281,no_activity,tablet
sess_00008274,,2026-04-25 11:28:21,411,no_activity,desktop
sess_00008275,cust_001699,2026-04-25 10:03:14,553,no_activity,desktop
sess_00008276,cust_001720,2026-04-25 19:01:19,133,timeout,mobile
sess_00008277,cust_002872,2026-04-25 08:04:50,1968,no_activity,mobile
sess_00008278,,2026-04-25 14:20:40,1109,no_activity,mobile
sess_00008279,cust_002552,2026-04-25 21:51:38,407,no_activity,mobile
sess_00008280,cust_000942,2026-04-25 10:38:31,127,no_activity,mobile
sess_00008281,,2026-04-25 08:19:37,212,no_activity,desktop
sess_00008282,cust_000413,2026-04-25 10:59:46,706,no_activity,desktop
sess_00008283,cust_000137,2026-04-25 14:51:15,1761,no_activity,desktop
sess_00008284,,2026-04-25 19:44:41,556,no_activity,mobile
sess_00008285,cust_001290,2026-04-25 10:53:58,320,timeout,mobile
sess_00008286,cust_002116,2026-04-25 08:11:04,598,no_activity,desktop
sess_00008287,cust_001450,2026-04-25 21:08:15,1688,no_activity,mobile
sess_00008288,,2026-04-25 22:58:36,527,timeout,mobile
sess_00008289,cust_002713,2026-04-25 17:51:20,450,no_activity,mobile
sess_00008290,,2026-04-25 17:25:11,839,no_activity,desktop
sess_00008291,cust_002260,2026-04-25 21:48:49,11,no_activity,desktop
sess_00008292,,2026-04-25 17:05:38,153,no_activity,desktop
sess_00008293,cust_000186,2026-04-25 21:59:56,203,timeout,desktop
sess_00008294,cust_001968,2026-04-25 10:50:49,96,no_activity,desktop
sess_00008295,,2026-04-25 19:22:44,1965,no_activity,mobile
sess_00008296,cust_002977,2026-04-25 19:31:14,9,no_activity,mobile
sess_00008297,cust_001061,2026-04-25 09:36:20,709,no_activity,desktop
sess_00008298,cust_000367,2026-04-25 18:36:44,840,timeout,desktop
sess_00008299,cust_001992,2026-04-25 05:14:02,12,no_activity,mobile
sess_00008300,,2026-04-25 10:20:56,4,no_activity,desktop
sess_00008301,,2026-04-25 17:40:44,207,timeout,mobile
sess_00008302,,2026-04-25 18:09:34,595,timeout,tablet
sess_00008303,cust_000376,2026-04-25 17:15:49,476,no_activity,desktop
sess_00008304,,2026-04-25 19:08:01,835,timeout,desktop
sess_00008305,,2026-04-25 08:33:10,2061,no_activity,desktop
sess_00008306,,2026-04-25 20:28:35,1092,no_activity,mobile
sess_00008307,cust_002138,2026-04-25 13:51:07,143,timeout,mobile
sess_00008308,cust_000477,2026-04-25 11:41:24,2,no_activity,mobile
sess_00008309,cust_002497,2026-04-25 18:46:47,231,logout,desktop
sess_00008310,,2026-04-25 10:01:27,209,timeout,tablet
sess_00008311,cust_001359,2026-04-25 01:23:11,139,no_activity,desktop
sess_00008312,,2026-04-25 08:51:48,394,no_activity,mobile
sess_00008313,cust_001968,2026-04-25 13:42:09,352,no_activity,mobile
sess_00008314,,2026-04-25 11:13:42,1441,no_activity,tablet
sess_00008315,cust_002322,2026-04-25 13:44:14,655,no_activity,mobile
sess_00008316,,2026-04-25 22:02:28,772,no_activity,tablet
sess_00008317,,2026-04-25 19:18:05,196,no_activity,mobile
sess_00008318,,2026-04-25 12:36:32,685,logout,desktop
sess_00008319,cust_002247,2026-04-25 07:50:25,20,no_activity,mobile
sess_00008320,,2026-04-25 17:56:04,837,no_activity,tablet
sess_00008321,cust_002975,2026-04-25 10:56:31,504,no_activity,mobile
sess_00008322,,2026-04-25 08:51:05,798,no_activity,desktop
sess_00008323,cust_001975,2026-04-25 13:37:48,183,timeout,desktop
sess_00008324,,2026-04-25 19:01:16,318,no_activity,desktop
sess_00008325,cust_002614,2026-04-26 06:36:02,139,no_activity,desktop
sess_00008326,cust_001266,2026-04-26 06:20:41,167,no_activity,mobile
sess_00008327,,2026-04-26 13:41:10,175,no_activity,desktop
sess_00008328,,2026-04-26 20:23:02,27,no_activity,desktop
sess_00008329,,2026-04-26 17:02:56,156,no_activity,mobile
sess_00008330,cust_002186,2026-04-26 01:18:57,671,no_activity,mobile
sess_00008331,,2026-04-26 12:31:43,66,no_activity,desktop
sess_00008332,,2026-04-26 13:56:01,58,no_activity,tablet
sess_00008333,,2026-04-26 16:17:17,630,no_activity,mobile
sess_00008334,,2026-04-26 10:20:16,123,no_activity,mobile
sess_00008335,,2026-04-26 15:49:23,1079,no_activity,desktop
sess_00008336,,2026-04-26 10:42:07,4,no_activity,mobile
sess_00008337,,2026-04-26 12:32:15,738,no_activity,mobile
sess_00008338,,2026-04-26 19:30:44,185,logout,desktop
sess_00008339,,2026-04-26 09:28:10,218,no_activity,mobile
sess_00008340,,2026-04-26 14:16:30,939,no_activity,desktop
sess_00008341,cust_001000,2026-04-26 15:44:11,152,timeout,mobile
sess_00008342,,2026-04-26 19:47:57,1095,no_activity,desktop
sess_00008343,,2026-04-26 17:42:12,443,no_activity,desktop
sess_00008344,,2026-04-26 09:10:52,1,no_activity,mobile
sess_00008345,,2026-04-26 11:55:27,22,no_activity,desktop
sess_00008346,cust_000128,2026-04-26 13:31:24,315,no_activity,desktop
sess_00008347,cust_000052,2026-04-26 22:12:09,269,no_activity,mobile
sess_00008348,cust_001960,2026-04-26 16:15:20,117,no_activity,desktop
sess_00008349,cust_001277,2026-04-26 13:36:27,3200,no_activity,desktop
sess_00008350,cust_001783,2026-04-26 19:30:48,296,no_activity,desktop
sess_00008351,cust_002425,2026-04-26 19:52:48,78,no_activity,mobile
sess_00008352,cust_002814,2026-04-26 14:40:15,30,no_activity,desktop
sess_00008353,cust_002946,2026-04-26 14:34:06,427,no_activity,desktop
sess_00008354,cust_002920,2026-04-26 14:40:45,26,no_activity,desktop
sess_00008355,,2026-04-26 21:06:55,489,no_activity,mobile
sess_00008356,,2026-04-26 14:25:28,321,no_activity,mobile
sess_00008357,cust_002562,2026-04-26 17:04:25,481,no_activity,mobile
sess_00008358,cust_000460,2026-04-26 13:55:30,187,no_activity,desktop
sess_00008359,cust_000551,2026-04-26 11:52:02,30,no_activity,desktop
sess_00008360,,2026-04-26 02:06:48,472,logout,desktop
sess_00008361,,2026-04-26 18:33:03,230,no_activity,desktop
sess_00008362,cust_000017,2026-04-26 10:49:07,25,no_activity,desktop
sess_00008363,,2026-04-26 21:48:06,20,no_activity,mobile
sess_00008364,,2026-04-26 17:55:37,437,timeout,tablet
sess_00008365,,2026-04-26 15:09:47,19,no_activity,desktop
sess_00008366,,2026-04-26 19:28:03,1027,no_activity,desktop
sess_00008367,,2026-04-26 13:57:43,4,no_activity,mobile
sess_00008368,,2026-04-26 10:47:58,858,no_activity,desktop
sess_00008369,cust_000971,2026-04-26 14:49:14,27,no_activity,desktop
sess_00008370,cust_000738,2026-04-26 18:01:59,592,timeout,desktop
sess_00008371,,2026-04-26 11:09:31,14,no_activity,mobile
sess_00008372,,2026-04-26 13:43:51,535,no_activity,desktop
sess_00008373,cust_002449,2026-04-26 20:05:08,706,timeout,tablet
sess_00008374,cust_000369,2026-04-26 11:39:15,19,no_activity,mobile
sess_00008375,cust_000371,2026-04-26 20:46:33,176,no_activity,mobile
sess_00008376,,2026-04-26 19:08:59,414,no_activity,desktop
sess_00008377,,2026-04-26 09:25:12,282,no_activity,mobile
sess_00008378,,2026-04-26 06:39:38,270,no_activity,desktop
sess_00008379,,2026-04-26 09:06:04,108,no_activity,desktop
sess_00008380,cust_000710,2026-04-26 18:29:18,340,no_activity,desktop
sess_00008381,cust_001293,2026-04-26 12:42:54,181,no_activity,mobile
sess_00008382,cust_001584,2026-04-26 13:05:33,1047,no_activity,mobile
sess_00008383,cust_001074,2026-04-26 20:29:53,790,no_activity,desktop
sess_00008384,cust_002903,2026-04-26 12:12:14,1070,no_activity,desktop
sess_00008385,cust_000013,2026-04-26 19:26:39,29,no_activity,mobile
sess_00008386,,2026-04-26 16:00:05,4,no_activity,desktop
sess_00008387,cust_002947,2026-04-26 09:10:07,30,no_activity,desktop
sess_00008388,,2026-04-26 20:42:08,9,no_activity,desktop
sess_00008389,,2026-04-26 12:29:58,81,no_activity,desktop
sess_00008390,,2026-04-26 18:47:35,418,timeout,desktop
sess_00008391,,2026-04-26 18:56:03,254,no_activity,tablet
sess_00008392,,2026-04-26 17:20:03,417,no_activity,desktop
sess_00008393,cust_001173,2026-04-26 11:42:12,229,timeout,mobile
sess_00008394,,2026-04-26 16:40:14,172,no_activity,mobile
sess_00008395,,2026-04-26 20:36:47,296,no_activity,desktop
sess_00008396,,2026-04-26 15:55:56,81,no_activity,desktop
sess_00008397,,2026-04-26 20:21:57,164,no_activity,desktop
sess_00008398,cust_002670,2026-04-26 17:56:24,106,timeout,mobile
sess_00008399,cust_000698,2026-04-26 12:14:44,561,no_activity,desktop
sess_00008400,,2026-04-26 13:58:59,2025,no_activity,mobile
sess_00008401,cust_000689,2026-04-27 15:39:49,198,no_activity,desktop
sess_00008402,,2026-04-27 18:52:54,247,no_activity,mobile
sess_00008403,cust_001110,2026-04-27 14:01:09,1027,no_activity,desktop
sess_00008404,,2026-04-27 10:52:52,426,no_activity,desktop
sess_00008405,cust_002651,2026-04-27 13:10:37,28,no_activity,desktop
sess_00008406,,2026-04-27 08:15:00,1362,no_activity,desktop
sess_00008407,cust_001359,2026-04-27 14:20:38,458,timeout,desktop
sess_00008408,cust_001580,2026-04-27 08:58:37,849,no_activity,desktop
sess_00008409,cust_002180,2026-04-27 10:20:50,24,no_activity,mobile
sess_00008410,,2026-04-27 22:40:36,989,no_activity,desktop
sess_00008411,,2026-04-27 12:18:13,796,no_activity,desktop
sess_00008412,,2026-04-27 12:35:16,230,no_activity,mobile
sess_00008413,cust_002086,2026-04-27 12:32:03,151,no_activity,desktop
sess_00008414,cust_002521,2026-04-27 18:15:48,582,no_activity,desktop
sess_00008415,cust_001478,2026-04-27 04:00:38,14,no_activity,mobile
sess_00008416,,2026-04-27 13:44:15,214,timeout,desktop
sess_00008417,,2026-04-27 07:48:38,658,no_activity,desktop
sess_00008418,,2026-04-27 21:48:19,746,timeout,desktop
sess_00008419,,2026-04-27 15:02:49,2570,no_activity,desktop
sess_00008420,,2026-04-27 10:30:38,1,no_activity,mobile
sess_00008421,,2026-04-27 19:07:18,278,logout,desktop
sess_00008422,cust_000700,2026-04-27 16:17:57,475,no_activity,tablet
sess_00008423,cust_000093,2026-04-27 18:52:32,164,no_activity,desktop
sess_00008424,cust_000542,2026-04-27 18:13:35,482,no_activity,desktop
sess_00008425,,2026-04-27 21:49:46,307,timeout,mobile
sess_00008426,cust_001182,2026-04-27 06:02:36,1661,no_activity,mobile
sess_00008427,cust_001396,2026-04-27 17:06:52,218,no_activity,desktop
sess_00008428,cust_002664,2026-04-27 10:05:56,837,no_activity,desktop
sess_00008429,,2026-04-27 13:30:46,1105,no_activity,mobile
sess_00008430,cust_000628,2026-04-27 11:23:05,201,no_activity,desktop
sess_00008431,cust_001092,2026-04-27 18:37:07,280,no_activity,desktop
sess_00008432,,2026-04-27 09:15:12,176,timeout,desktop
sess_00008433,,2026-04-27 12:38:10,268,no_activity,desktop
sess_00008434,,2026-04-27 14:58:27,219,logout,mobile
sess_00008435,cust_001776,2026-04-27 11:35:47,428,no_activity,desktop
sess_00008436,cust_000280,2026-04-27 05:50:47,168,no_activity,desktop
sess_00008437,cust_001741,2026-04-27 13:57:04,55,no_activity,mobile
sess_00008438,,2026-04-27 11:31:42,1163,timeout,mobile
sess_00008439,,2026-04-27 18:14:17,384,no_activity,desktop
sess_00008440,,2026-04-27 16:09:00,410,no_activity,desktop
sess_00008441,,2026-04-27 16:58:36,11,no_activity,mobile
sess_00008442,,2026-04-27 21:04:34,626,no_activity,desktop
sess_00008443,cust_000456,2026-04-27 16:31:05,94,no_activity,tablet
sess_00008444,cust_002781,2026-04-27 15:14:17,388,timeout,desktop
sess_00008445,cust_000223,2026-04-27 09:18:01,1500,timeout,desktop
sess_00008446,,2026-04-27 09:10:22,395,no_activity,desktop
sess_00008447,,2026-04-27 20:34:28,197,no_activity,desktop
sess_00008448,,2026-04-27 11:07:51,508,no_activity,desktop
sess_00008449,,2026-04-27 09:55:30,888,no_activity,mobile
sess_00008450,cust_000612,2026-04-27 22:18:51,207,no_activity,mobile
sess_00008451,cust_001428,2026-04-27 13:16:56,1917,no_activity,mobile
sess_00008452,,2026-04-27 11:33:01,225,no_activity,desktop
sess_00008453,,2026-04-27 12:58:30,29,no_activity,mobile
sess_00008454,cust_000397,2026-04-27 18:15:44,11,no_activity,desktop
sess_00008455,,2026-04-27 13:25:23,4,no_activity,desktop
sess_00008456,cust_000472,2026-04-27 13:16:02,9,no_activity,mobile
sess_00008457,,2026-04-27 10:02:54,295,no_activity,mobile
sess_00008458,,2026-04-27 12:39:21,714,no_activity,desktop
sess_00008459,cust_001938,2026-04-27 13:48:56,401,no_activity,desktop
sess_00008460,,2026-04-27 18:35:03,26,no_activity,desktop
sess_00008461,cust_000275,2026-04-27 09:05:06,632,no_activity,desktop
sess_00008462,,2026-04-27 08:42:48,1544,timeout,mobile
sess_00008463,cust_001401,2026-04-27 03:18:42,67,no_activity,mobile
sess_00008464,cust_000327,2026-04-27 03:00:39,987,no_activity,mobile
sess_00008465,,2026-04-27 15:24:17,7,no_activity,desktop
sess_00008466,,2026-04-27 12:24:50,1047,no_activity,desktop
sess_00008467,,2026-04-27 09:04:29,243,no_activity,desktop
sess_00008468,,2026-04-27 07:36:00,136,no_activity,mobile
sess_00008469,,2026-04-27 13:58:40,680,logout,desktop
sess_00008470,,2026-04-27 14:03:42,19,no_activity,desktop
sess_00008471,cust_001403,2026-04-27 16:09:49,21,no_activity,desktop
sess_00008472,cust_002903,2026-04-27 23:52:10,310,timeout,mobile
sess_00008473,cust_000374,2026-04-27 12:02:14,191,timeout,tablet
sess_00008474,cust_001472,2026-04-27 19:15:05,340,no_activity,mobile
sess_00008475,,2026-04-27 18:19:27,302,no_activity,desktop
sess_00008476,,2026-04-27 17:41:43,119,logout,mobile
sess_00008477,cust_001337,2026-04-27 13:57:23,14,no_activity,desktop
sess_00008478,,2026-04-27 15:10:32,131,no_activity,mobile
sess_00008479,,2026-04-27 16:37:04,193,no_activity,desktop
sess_00008480,cust_002672,2026-04-27 14:44:10,598,timeout,desktop
sess_00008481,cust_000207,2026-04-27 07:11:28,694,logout,mobile
sess_00008482,,2026-04-27 10:16:27,394,timeout,mobile
sess_00008483,,2026-04-27 08:21:50,2,no_activity,desktop
sess_00008484,,2026-04-27 06:36:25,371,no_activity,desktop
sess_00008485,cust_000474,2026-04-27 15:18:30,393,timeout,desktop
sess_00008486,cust_001689,2026-04-27 14:16:06,334,no_activity,mobile
sess_00008487,,2026-04-27 20:33:16,363,no_activity,desktop
sess_00008488,cust_002799,2026-04-27 16:20:41,1651,no_activity,desktop
sess_00008489,cust_001662,2026-04-27 11:16:29,19,no_activity,desktop
sess_00008490,cust_001325,2026-04-28 20:51:52,17,no_activity,desktop
sess_00008491,cust_001212,2026-04-28 19:46:57,2004,no_activity,mobile
sess_00008492,,2026-04-28 19:24:30,18,no_activity,mobile
sess_00008493,cust_001971,2026-04-28 22:34:32,120,no_activity,mobile
sess_00008494,,2026-04-28 12:50:17,273,timeout,mobile
sess_00008495,,2026-04-28 06:38:55,164,no_activity,tablet
sess_00008496,cust_002478,2026-04-28 16:19:10,888,timeout,mobile
sess_00008497,,2026-04-28 10:57:24,326,no_activity,mobile
sess_00008498,,2026-04-28 12:36:53,4,no_activity,mobile
sess_00008499,cust_001891,2026-04-28 16:11:17,337,timeout,mobile
sess_00008500,cust_001811,2026-04-28 05:14:45,1013,no_activity,mobile
sess_00008501,cust_002315,2026-04-28 03:35:30,346,no_activity,mobile
sess_00008502,,2026-04-28 06:45:59,602,no_activity,desktop
sess_00008503,,2026-04-28 19:45:18,221,no_activity,desktop
sess_00008504,,2026-04-28 18:10:54,826,no_activity,mobile
sess_00008505,cust_001150,2026-04-28 19:31:20,609,no_activity,mobile
sess_00008506,cust_001296,2026-04-28 19:26:07,2,no_activity,tablet
sess_00008507,,2026-04-28 09:34:54,170,no_activity,desktop
sess_00008508,cust_000726,2026-04-28 21:50:59,216,no_activity,mobile
sess_00008509,cust_002690,2026-04-28 16:20:36,282,no_activity,desktop
sess_00008510,cust_002659,2026-04-28 14:04:00,30,no_activity,mobile
sess_00008511,,2026-04-28 16:55:24,2272,timeout,desktop
sess_00008512,,2026-04-28 19:15:54,87,no_activity,mobile
sess_00008513,cust_000282,2026-04-28 11:15:20,1312,no_activity,desktop
sess_00008514,cust_000771,2026-04-28 11:09:55,588,logout,mobile
sess_00008515,cust_002838,2026-04-28 18:46:26,173,no_activity,desktop
sess_00008516,,2026-04-28 12:02:25,1226,no_activity,desktop
sess_00008517,cust_001690,2026-04-28 08:45:41,1190,no_activity,desktop
sess_00008518,,2026-04-28 13:11:16,442,no_activity,mobile
sess_00008519,cust_000205,2026-04-28 20:37:58,321,no_activity,desktop
sess_00008520,cust_001116,2026-04-28 09:05:50,174,no_activity,desktop
sess_00008521,,2026-04-28 14:46:42,176,no_activity,desktop
sess_00008522,,2026-04-28 05:21:26,82,no_activity,mobile
sess_00008523,,2026-04-28 16:37:54,14,no_activity,desktop
sess_00008524,,2026-04-28 20:24:05,29,no_activity,desktop
sess_00008525,,2026-04-28 19:55:24,892,no_activity,mobile
sess_00008526,,2026-04-28 07:27:10,3233,timeout,mobile
sess_00008527,,2026-04-28 13:10:49,1246,no_activity,tablet
sess_00008528,,2026-04-28 13:36:51,1119,no_activity,desktop
sess_00008529,,2026-04-28 09:58:15,7,no_activity,desktop
sess_00008530,cust_002416,2026-04-28 15:35:54,884,no_activity,desktop
sess_00008531,,2026-04-28 18:29:36,2620,no_activity,desktop
sess_00008532,,2026-04-28 07:19:13,29,no_activity,desktop
sess_00008533,cust_001375,2026-04-28 12:08:04,513,timeout,desktop
sess_00008534,cust_000518,2026-04-28 20:21:44,3161,no_activity,desktop
sess_00008535,,2026-04-28 16:28:05,401,no_activity,desktop
sess_00008536,,2026-04-28 07:42:50,446,no_activity,mobile
sess_00008537,,2026-04-28 18:05:07,933,no_activity,desktop
sess_00008538,,2026-04-28 12:27:36,1248,no_activity,desktop
sess_00008539,,2026-04-28 12:06:54,5,no_activity,desktop
sess_00008540,,2026-04-28 17:18:27,18,no_activity,desktop
sess_00008541,,2026-04-28 16:57:00,13,no_activity,mobile
sess_00008542,cust_002550,2026-04-28 23:14:16,7,no_activity,desktop
sess_00008543,cust_000925,2026-04-28 11:49:28,275,no_activity,mobile
sess_00008544,cust_000560,2026-04-28 18:38:31,27,no_activity,desktop
sess_00008545,cust_002082,2026-04-28 11:39:38,112,no_activity,desktop
sess_00008546,,2026-04-28 08:45:27,1,no_activity,desktop
sess_00008547,,2026-04-28 13:09:52,956,no_activity,desktop
sess_00008548,cust_001954,2026-04-28 20:34:40,1104,timeout,mobile
sess_00008549,,2026-04-28 08:55:24,550,no_activity,tablet
sess_00008550,cust_000629,2026-04-28 14:09:04,109,no_activity,mobile
sess_00008551,,2026-04-28 17:43:44,995,no_activity,mobile
sess_00008552,,2026-04-28 11:28:05,623,no_activity,desktop
sess_00008553,,2026-04-28 20:55:22,609,no_activity,desktop
sess_00008554,cust_002063,2026-04-28 10:40:49,373,no_activity,desktop
sess_00008555,cust_000904,2026-04-28 10:03:06,279,no_activity,desktop
sess_00008556,cust_002613,2026-04-28 21:32:35,378,no_activity,desktop
sess_00008557,cust_002541,2026-04-28 14:21:45,145,no_activity,mobile
sess_00008558,cust_001487,2026-04-28 12:19:36,242,no_activity,mobile
sess_00008559,,2026-04-28 22:54:08,93,no_activity,mobile
sess_00008560,,2026-04-28 12:54:51,4,no_activity,desktop
sess_00008561,cust_001601,2026-04-28 13:15:06,12,no_activity,mobile
sess_00008562,cust_002595,2026-04-28 20:16:13,753,no_activity,desktop
sess_00008563,,2026-04-28 18:54:54,286,no_activity,mobile
sess_00008564,cust_002694,2026-04-28 13:17:37,2096,no_activity,desktop
sess_00008565,cust_000277,2026-04-28 17:13:19,169,no_activity,desktop
sess_00008566,cust_002806,2026-04-28 20:12:11,26,no_activity,desktop
sess_00008567,,2026-04-28 06:49:59,428,no_activity,mobile
sess_00008568,,2026-04-28 17:39:52,572,logout,desktop
sess_00008569,,2026-04-28 19:18:25,22,no_activity,tablet
sess_00008570,,2026-04-28 14:34:50,254,no_activity,desktop
sess_00008571,,2026-04-28 09:15:07,258,timeout,desktop
sess_00008572,,2026-04-28 20:44:52,912,no_activity,desktop
sess_00008573,cust_001928,2026-04-28 01:14:07,577,no_activity,desktop
sess_00008574,cust_002990,2026-04-28 17:10:34,1019,no_activity,desktop
sess_00008575,,2026-04-28 15:04:14,52,logout,desktop
sess_00008576,,2026-04-28 12:16:06,551,no_activity,mobile
sess_00008577,,2026-04-28 22:43:11,109,no_activity,desktop
sess_00008578,cust_002436,2026-04-29 13:57:44,785,no_activity,desktop
sess_00008579,cust_001822,2026-04-29 13:58:41,20,no_activity,desktop
sess_00008580,,2026-04-29 15:17:25,1240,timeout,mobile
sess_00008581,,2026-04-29 19:31:02,156,logout,desktop
sess_00008582,,2026-04-29 12:23:11,411,no_activity,desktop
sess_00008583,,2026-04-29 15:28:18,143,timeout,desktop
sess_00008584,,2026-04-29 20:59:11,429,no_activity,mobile
sess_00008585,,2026-04-29 08:44:02,1842,no_activity,desktop
sess_00008586,cust_002695,2026-04-29 16:14:25,87,no_activity,mobile
sess_00008587,,2026-04-29 19:04:31,282,no_activity,desktop
sess_00008588,cust_000791,2026-04-29 19:53:32,6,no_activity,mobile
sess_00008589,cust_000992,2026-04-29 15:42:50,417,no_activity,mobile
sess_00008590,,2026-04-29 10:25:23,174,no_activity,mobile
sess_00008591,cust_001423,2026-04-29 14:56:30,448,no_activity,desktop
sess_00008592,,2026-04-29 11:02:33,364,no_activity,desktop
sess_00008593,cust_002575,2026-04-29 17:36:34,9,no_activity,desktop
sess_00008594,cust_000180,2026-04-29 18:49:43,380,timeout,desktop
sess_00008595,,2026-04-29 14:29:10,25,no_activity,desktop
sess_00008596,cust_000399,2026-04-29 07:09:32,681,no_activity,tablet
sess_00008597,,2026-04-29 17:36:00,206,no_activity,desktop
sess_00008598,,2026-04-29 08:11:44,749,no_activity,desktop
sess_00008599,,2026-04-29 19:20:10,272,no_activity,desktop
sess_00008600,,2026-04-29 17:30:48,504,no_activity,mobile
sess_00008601,,2026-04-29 16:59:23,155,no_activity,mobile
sess_00008602,cust_000916,2026-04-29 20:41:36,247,no_activity,mobile
sess_00008603,,2026-04-29 17:39:28,95,no_activity,desktop
sess_00008604,cust_001672,2026-04-29 14:52:02,215,no_activity,mobile
sess_00008605,,2026-04-29 11:48:36,1106,no_activity,desktop
sess_00008606,cust_002964,2026-04-29 16:57:59,1844,no_activity,desktop
sess_00008607,,2026-04-29 18:17:08,252,no_activity,mobile
sess_00008608,cust_001314,2026-04-29 11:28:00,2087,no_activity,mobile
sess_00008609,cust_001591,2026-04-29 18:51:46,15,no_activity,desktop
sess_00008610,cust_000653,2026-04-29 21:44:32,322,no_activity,desktop
sess_00008611,cust_001785,2026-04-29 13:37:32,438,logout,desktop
sess_00008612,,2026-04-29 15:19:22,1104,no_activity,mobile
sess_00008613,,2026-04-29 16:31:01,597,logout,mobile
sess_00008614,cust_001539,2026-04-29 18:54:51,16,no_activity,desktop
sess_00008615,,2026-04-29 18:45:07,123,no_activity,mobile
sess_00008616,cust_001458,2026-04-29 22:26:55,1314,no_activity,desktop
sess_00008617,,2026-04-29 17:45:37,1323,no_activity,mobile
sess_00008618,,2026-04-29 20:59:40,178,no_activity,mobile
sess_00008619,cust_000869,2026-04-29 14:32:07,15,no_activity,mobile
sess_00008620,,2026-04-29 08:04:17,1149,no_activity,desktop
sess_00008621,,2026-04-29 10:17:36,2176,no_activity,desktop
sess_00008622,cust_002653,2026-04-29 09:13:13,676,no_activity,desktop
sess_00008623,cust_001927,2026-04-29 13:04:17,1,no_activity,desktop
sess_00008624,,2026-04-29 20:02:49,7,no_activity,desktop
sess_00008625,cust_002467,2026-04-29 10:48:48,236,no_activity,desktop
sess_00008626,,2026-04-29 21:27:32,164,no_activity,desktop
sess_00008627,,2026-04-29 18:21:05,808,no_activity,desktop
sess_00008628,,2026-04-29 15:55:17,569,no_activity,desktop
sess_00008629,cust_000938,2026-04-29 12:49:35,743,no_activity,desktop
sess_00008630,cust_000097,2026-04-29 19:23:16,132,no_activity,desktop
sess_00008631,,2026-04-29 17:42:37,494,no_activity,desktop
sess_00008632,,2026-04-29 09:17:49,593,no_activity,mobile
sess_00008633,,2026-04-29 09:20:54,1686,no_activity,desktop
sess_00008634,,2026-04-29 15:34:41,445,no_activity,desktop
sess_00008635,,2026-04-29 16:05:06,1691,no_activity,desktop
sess_00008636,,2026-04-29 14:52:47,225,no_activity,desktop
sess_00008637,,2026-04-29 14:30:26,667,no_activity,mobile
sess_00008638,cust_001235,2026-04-29 16:14:39,919,logout,desktop
sess_00008639,,2026-04-29 18:51:47,336,timeout,desktop
sess_00008640,,2026-04-29 19:28:50,10,no_activity,tablet
sess_00008641,cust_000682,2026-04-29 07:19:31,871,no_activity,desktop
sess_00008642,cust_002148,2026-04-29 18:54:39,188,no_activity,desktop
sess_00008643,,2026-04-29 20:09:52,380,no_activity,desktop
sess_00008644,,2026-04-29 14:04:33,609,no_activity,mobile
sess_00008645,cust_002178,2026-04-29 19:09:44,65,no_activity,desktop
sess_00008646,cust_002512,2026-04-29 12:37:12,234,no_activity,mobile
sess_00008647,cust_000845,2026-04-29 14:30:45,377,timeout,mobile
sess_00008648,cust_001192,2026-04-29 07:49:37,1131,logout,mobile
sess_00008649,,2026-04-29 22:07:04,619,logout,desktop
sess_00008650,cust_000158,2026-04-29 18:01:26,200,no_activity,desktop
sess_00008651,,2026-04-29 05:02:04,280,no_activity,mobile
sess_00008652,,2026-04-29 18:32:49,32,no_activity,mobile
sess_00008653,cust_001443,2026-04-29 15:32:48,1225,no_activity,desktop
sess_00008654,cust_000953,2026-04-29 18:17:00,158,timeout,desktop
sess_00008655,cust_001721,2026-04-29 17:13:43,515,no_activity,desktop
sess_00008656,,2026-04-29 14:34:33,259,no_activity,mobile
sess_00008657,,2026-04-29 18:45:35,314,timeout,desktop
sess_00008658,cust_000055,2026-04-29 19:52:00,143,no_activity,desktop
sess_00008659,cust_001171,2026-04-29 20:08:57,635,timeout,desktop
sess_00008660,cust_000885,2026-04-29 20:40:52,102,no_activity,mobile
sess_00008661,cust_001823,2026-04-29 08:25:34,1720,no_activity,mobile
sess_00008662,,2026-04-29 11:17:00,210,timeout,desktop
sess_00008663,,2026-04-29 16:28:50,1280,no_activity,mobile
sess_00008664,,2026-04-29 10:58:02,6,no_activity,desktop
sess_00008665,cust_001995,2026-04-30 16:36:20,405,no_activity,mobile
sess_00008666,,2026-04-30 09:13:02,25,no_activity,mobile
sess_00008667,cust_001135,2026-04-30 22:46:30,693,no_activity,desktop
sess_00008668,cust_000821,2026-04-30 19:22:49,7,no_activity,desktop
sess_00008669,,2026-04-30 20:04:18,91,no_activity,desktop
sess_00008670,,2026-04-30 18:59:19,1927,no_activity,desktop
sess_00008671,cust_000070,2026-04-30 07:49:24,1361,timeout,desktop
sess_00008672,,2026-04-30 07:31:21,8,no_activity,desktop
sess_00008673,,2026-04-30 14:50:29,129,no_activity,mobile
sess_00008674,,2026-04-30 07:10:34,607,no_activity,mobile
sess_00008675,,2026-04-30 18:54:29,648,no_activity,mobile
sess_00008676,cust_000052,2026-04-30 20:20:52,292,no_activity,mobile
sess_00008677,,2026-04-30 09:44:45,1119,no_activity,mobile
sess_00008678,,2026-04-30 23:02:01,816,no_activity,desktop
sess_00008679,cust_001945,2026-04-30 10:15:27,104,no_activity,desktop
sess_00008680,cust_001549,2026-04-30 20:52:13,208,no_activity,desktop
sess_00008681,,2026-04-30 18:53:25,213,timeout,desktop
sess_00008682,,2026-04-30 18:40:57,26,no_activity,mobile
sess_00008683,,2026-04-30 19:41:37,339,no_activity,mobile
sess_00008684,,2026-04-30 13:39:21,224,timeout,desktop
sess_00008685,cust_002221,2026-04-30 15:18:33,8,no_activity,desktop
sess_00008686,,2026-04-30 18:21:10,16,no_activity,desktop
sess_00008687,,2026-04-30 21:12:42,77,timeout,desktop
sess_00008688,cust_002027,2026-04-30 18:59:12,375,no_activity,desktop
sess_00008689,,2026-04-30 18:44:04,572,no_activity,desktop
sess_00008690,cust_000445,2026-04-30 09:43:38,1342,timeout,mobile
sess_00008691,,2026-04-30 09:18:17,134,no_activity,desktop
sess_00008692,cust_000212,2026-04-30 11:19:34,1044,no_activity,desktop
sess_00008693,,2026-04-30 18:41:28,399,no_activity,mobile
sess_00008694,cust_002861,2026-04-30 11:43:37,297,no_activity,mobile
sess_00008695,cust_002303,2026-04-30 11:20:57,1119,no_activity,desktop
sess_00008696,cust_002859,2026-04-30 07:02:42,5,no_activity,desktop
sess_00008697,,2026-04-30 17:03:48,27,no_activity,mobile
sess_00008698,cust_001221,2026-04-30 15:22:20,7,no_activity,desktop
sess_00008699,cust_000399,2026-04-30 13:23:22,885,no_activity,tablet
sess_00008700,cust_001075,2026-04-30 12:52:28,318,logout,desktop
sess_00008701,,2026-04-30 14:58:16,462,no_activity,desktop
sess_00008702,,2026-04-30 17:07:07,355,no_activity,mobile
sess_00008703,,2026-04-30 20:44:52,211,no_activity,mobile
sess_00008704,,2026-04-30 12:39:04,117,no_activity,desktop
sess_00008705,,2026-04-30 09:07:12,30,no_activity,mobile
sess_00008706,,2026-04-30 18:17:53,150,no_activity,desktop
sess_00008707,,2026-04-30 07:10:27,342,no_activity,mobile
sess_00008708,,2026-04-30 14:58:56,195,no_activity,mobile
sess_00008709,,2026-04-30 17:21:28,679,no_activity,tablet
sess_00008710,,2026-04-30 10:07:34,226,no_activity,desktop
sess_00008711,,2026-04-30 15:54:23,28,no_activity,desktop
sess_00008712,,2026-04-30 05:59:47,721,no_activity,desktop
sess_00008713,cust_000924,2026-04-30 07:03:59,365,no_activity,desktop
sess_00008714,cust_000892,2026-04-30 14:25:28,374,no_activity,desktop
sess_00008715,,2026-04-30 18:10:54,394,no_activity,mobile
sess_00008716,cust_002661,2026-04-30 09:26:11,14,no_activity,desktop
sess_00008717,cust_001816,2026-04-30 12:42:24,1055,no_activity,desktop
sess_00008718,,2026-04-30 12:53:27,167,no_activity,desktop
sess_00008719,,2026-04-30 09:25:35,23,no_activity,mobile
sess_00008720,,2026-04-30 13:38:37,117,no_activity,mobile
sess_00008721,,2026-04-30 19:26:08,7200,no_activity,desktop
sess_00008722,cust_002230,2026-04-30 08:42:51,236,no_activity,mobile
sess_00008723,,2026-04-30 20:29:17,256,no_activity,desktop
sess_00008724,,2026-04-30 12:33:47,646,no_activity,mobile
sess_00008725,cust_002686,2026-04-30 13:52:49,548,no_activity,mobile
sess_00008726,,2026-04-30 19:50:29,28,no_activity,mobile
sess_00008727,,2026-04-30 18:09:35,361,no_activity,mobile
sess_00008728,cust_001303,2026-04-30 18:19:06,151,no_activity,mobile
sess_00008729,,2026-04-30 15:21:40,807,timeout,mobile
sess_00008730,cust_000836,2026-04-30 19:51:42,151,timeout,desktop
sess_00008731,cust_000082,2026-04-30 15:34:22,14,no_activity,desktop
sess_00008732,,2026-04-30 13:42:49,1329,no_activity,desktop
sess_00008733,cust_001647,2026-04-30 11:19:54,4,no_activity,mobile
sess_00008734,,2026-04-30 07:22:55,525,no_activity,mobile
sess_00008735,,2026-04-30 13:27:20,876,no_activity,tablet
sess_00008736,cust_001605,2026-04-30 10:33:07,2268,timeout,mobile
sess_00008737,,2026-04-30 18:49:53,846,no_activity,tablet
sess_00008738,,2026-04-30 16:43:56,30,no_activity,tablet
sess_00008739,cust_000731,2026-04-30 21:38:16,28,no_activity,desktop
sess_00008740,cust_000976,2026-04-30 12:06:10,1562,no_activity,tablet
sess_00008741,cust_002383,2026-04-30 17:31:13,460,logout,desktop
sess_00008742,cust_000596,2026-04-30 14:36:10,2633,no_activity,mobile
sess_00008743,cust_000261,2026-04-30 18:21:51,178,no_activity,desktop
sess_00008744,,2026-04-30 12:27:26,650,timeout,desktop
sess_00008745,,2026-04-30 14:58:42,1668,no_activity,mobile
sess_00008746,,2026-04-30 17:56:15,8,no_activity,desktop
sess_00008747,,2026-04-30 19:08:27,6,no_activity,desktop
sess_00008748,cust_000575,2026-04-30 10:34:55,1968,no_activity,desktop
sess_00008749,,2026-04-30 20:47:19,30,no_activity,mobile
sess_00008750,cust_001424,2026-04-30 20:00:40,577,no_activity,mobile
sess_00008751,,2026-04-30 13:20:57,8,no_activity,desktop
sess_00008752,,2026-04-30 14:02:04,388,no_activity,desktop
sess_00008753,cust_002488,2026-04-30 09:01:46,119,no_activity,desktop
sess_00008754,cust_000987,2026-04-30 18:28:04,741,no_activity,desktop
sess_00008755,,2026-04-30 20:37:06,151,logout,desktop
sess_00008756,cust_000253,2026-05-01 22:16:26,439,no_activity,desktop
sess_00008757,,2026-05-01 15:13:45,666,no_activity,mobile
sess_00008758,cust_001803,2026-05-01 13:21:04,147,logout,desktop
sess_00008759,,2026-05-01 18:30:07,8,no_activity,mobile
sess_00008760,,2026-05-01 20:41:43,284,no_activity,mobile
sess_00008761,cust_001057,2026-05-01 17:36:14,2375,no_activity,mobile
sess_00008762,cust_001845,2026-05-01 16:11:35,17,no_activity,desktop
sess_00008763,,2026-05-01 18:16:32,2651,timeout,mobile
sess_00008764,,2026-05-01 07:35:26,332,timeout,mobile
sess_00008765,,2026-05-01 14:11:54,273,no_activity,desktop
sess_00008766,cust_001572,2026-05-01 12:44:30,197,no_activity,desktop
sess_00008767,,2026-05-01 02:57:25,505,timeout,tablet
sess_00008768,,2026-05-01 14:31:30,19,no_activity,desktop
sess_00008769,,2026-05-01 18:37:26,595,timeout,mobile
sess_00008770,,2026-05-01 21:04:33,1018,timeout,mobile
sess_00008771,cust_000974,2026-05-01 13:06:05,423,timeout,mobile
sess_00008772,,2026-05-01 12:49:18,130,no_activity,mobile
sess_00008773,,2026-05-01 21:50:23,218,no_activity,mobile
sess_00008774,,2026-05-01 09:17:23,26,no_activity,desktop
sess_00008775,cust_000659,2026-05-01 18:48:39,353,no_activity,mobile
sess_00008776,cust_001116,2026-05-01 17:25:43,888,no_activity,mobile
sess_00008777,cust_002147,2026-05-01 18:17:04,600,no_activity,desktop
sess_00008778,,2026-05-01 18:39:40,342,no_activity,mobile
sess_00008779,,2026-05-01 17:31:14,267,no_activity,desktop
sess_00008780,,2026-05-01 18:26:34,547,no_activity,desktop
sess_00008781,cust_002272,2026-05-01 21:28:55,1038,no_activity,desktop
sess_00008782,,2026-05-01 17:15:31,238,no_activity,desktop
sess_00008783,cust_001934,2026-05-01 19:10:48,266,no_activity,tablet
sess_00008784,,2026-05-01 19:34:53,273,timeout,desktop
sess_00008785,,2026-05-01 12:35:29,117,no_activity,desktop
sess_00008786,,2026-05-01 21:25:52,753,no_activity,mobile
sess_00008787,,2026-05-01 12:55:09,4,no_activity,desktop
sess_00008788,,2026-05-01 07:02:53,2082,no_activity,desktop
sess_00008789,cust_002858,2026-05-01 20:04:10,269,no_activity,mobile
sess_00008790,cust_001572,2026-05-01 06:10:11,1388,no_activity,mobile
sess_00008791,cust_002302,2026-05-01 08:17:12,153,no_activity,mobile
sess_00008792,,2026-05-01 14:17:52,374,no_activity,desktop
sess_00008793,cust_002063,2026-05-01 10:30:08,567,no_activity,desktop
sess_00008794,,2026-05-01 17:27:26,201,no_activity,desktop
sess_00008795,,2026-05-01 15:14:52,447,no_activity,mobile
sess_00008796,,2026-05-01 19:43:51,273,no_activity,desktop
sess_00008797,cust_001210,2026-05-01 21:29:46,323,no_activity,mobile
sess_00008798,,2026-05-01 16:53:43,151,timeout,mobile
sess_00008799,,2026-05-01 12:38:10,1172,timeout,desktop
sess_00008800,,2026-05-01 08:48:15,115,no_activity,mobile
sess_00008801,,2026-05-01 09:57:48,764,no_activity,mobile
sess_00008802,,2026-05-01 08:13:33,537,no_activity,mobile
sess_00008803,cust_000245,2026-05-01 11:24:46,299,logout,mobile
sess_00008804,,2026-05-01 19:33:17,725,no_activity,mobile
sess_00008805,,2026-05-01 20:10:54,644,timeout,desktop
sess_00008806,cust_001288,2026-05-01 17:44:59,1026,no_activity,mobile
sess_00008807,cust_000554,2026-05-01 21:14:28,1136,logout,desktop
sess_00008808,cust_000811,2026-05-01 18:23:56,31,no_activity,mobile
sess_00008809,,2026-05-01 20:44:33,2142,no_activity,desktop
sess_00008810,,2026-05-01 07:06:10,1693,no_activity,mobile
sess_00008811,cust_002573,2026-05-01 10:38:21,337,no_activity,mobile
sess_00008812,,2026-05-01 13:49:04,595,no_activity,desktop
sess_00008813,,2026-05-01 08:04:18,867,timeout,tablet
sess_00008814,,2026-05-01 08:29:50,1092,no_activity,mobile
sess_00008815,,2026-05-01 11:51:56,1556,logout,desktop
sess_00008816,,2026-05-01 12:43:45,1240,no_activity,mobile
sess_00008817,,2026-05-01 12:32:00,10,no_activity,desktop
sess_00008818,,2026-05-01 12:44:56,408,no_activity,mobile
sess_00008819,cust_002156,2026-05-01 16:37:19,326,no_activity,mobile
sess_00008820,,2026-05-01 18:21:20,1003,timeout,desktop
sess_00008821,,2026-05-01 19:00:42,135,no_activity,tablet
sess_00008822,,2026-05-01 18:50:33,407,no_activity,desktop
sess_00008823,,2026-05-01 22:42:18,17,no_activity,mobile
sess_00008824,cust_001226,2026-05-01 17:58:50,836,no_activity,tablet
sess_00008825,,2026-05-01 10:15:03,67,timeout,desktop
sess_00008826,,2026-05-01 12:29:16,442,no_activity,desktop
sess_00008827,cust_002807,2026-05-01 12:56:34,85,no_activity,desktop
sess_00008828,cust_002526,2026-05-01 18:51:36,3995,timeout,mobile
sess_00008829,,2026-05-01 19:58:14,433,no_activity,mobile
sess_00008830,cust_000454,2026-05-01 13:19:42,1724,no_activity,desktop
sess_00008831,,2026-05-01 11:51:40,303,no_activity,desktop
sess_00008832,cust_002720,2026-05-01 18:57:10,4366,no_activity,mobile
sess_00008833,cust_002847,2026-05-01 04:19:06,173,no_activity,desktop
sess_00008834,cust_000563,2026-05-01 16:20:30,559,timeout,mobile
sess_00008835,,2026-05-01 12:55:14,268,no_activity,tablet
sess_00008836,,2026-05-01 10:11:27,338,no_activity,mobile
sess_00008837,,2026-05-01 12:13:44,244,timeout,desktop
sess_00008838,,2026-05-01 14:24:08,133,timeout,mobile
sess_00008839,,2026-05-01 13:03:09,23,no_activity,mobile
sess_00008840,cust_000053,2026-05-01 16:29:40,2446,no_activity,mobile
sess_00008841,cust_000784,2026-05-01 15:56:14,162,no_activity,mobile
sess_00008842,,2026-05-01 17:05:13,1000,no_activity,desktop
sess_00008843,cust_001026,2026-05-01 22:04:51,685,no_activity,desktop
sess_00008844,,2026-05-01 20:25:58,317,no_activity,mobile
sess_00008845,cust_000341,2026-05-01 16:09:32,335,no_activity,desktop
sess_00008846,cust_001667,2026-05-02 07:22:33,510,no_activity,desktop
sess_00008847,,2026-05-02 18:03:16,44,no_activity,desktop
sess_00008848,,2026-05-02 08:02:07,237,no_activity,desktop
sess_00008849,,2026-05-02 17:59:24,89,timeout,desktop
sess_00008850,cust_001483,2026-05-02 15:04:49,26,no_activity,desktop
sess_00008851,cust_001306,2026-05-02 14:09:54,26,no_activity,mobile
sess_00008852,cust_002884,2026-05-02 09:23:11,299,no_activity,mobile
sess_00008853,,2026-05-02 13:05:59,33,logout,mobile
sess_00008854,cust_001215,2026-05-02 19:23:18,26,no_activity,desktop
sess_00008855,,2026-05-02 20:55:07,647,no_activity,desktop
sess_00008856,,2026-05-02 11:42:31,1321,no_activity,desktop
sess_00008857,cust_002104,2026-05-02 13:36:55,24,no_activity,desktop
sess_00008858,cust_002511,2026-05-02 17:58:00,151,no_activity,desktop
sess_00008859,,2026-05-02 14:10:35,803,no_activity,tablet
sess_00008860,cust_002654,2026-05-02 19:38:47,527,no_activity,desktop
sess_00008861,,2026-05-02 16:56:48,428,timeout,desktop
sess_00008862,,2026-05-02 08:31:42,2,no_activity,desktop
sess_00008863,,2026-05-02 18:29:28,3445,no_activity,desktop
sess_00008864,,2026-05-02 12:41:19,1336,no_activity,desktop
sess_00008865,,2026-05-02 15:59:19,804,logout,desktop
sess_00008866,,2026-05-02 18:58:08,699,no_activity,desktop
sess_00008867,,2026-05-02 10:54:59,122,no_activity,desktop
sess_00008868,,2026-05-02 14:58:05,437,no_activity,desktop
sess_00008869,cust_000765,2026-05-02 11:44:39,625,no_activity,desktop
sess_00008870,,2026-05-02 14:59:19,627,no_activity,tablet
sess_00008871,,2026-05-02 14:23:03,345,no_activity,mobile
sess_00008872,cust_000755,2026-05-02 18:49:39,12,no_activity,mobile
sess_00008873,cust_001853,2026-05-02 16:41:32,1234,no_activity,desktop
sess_00008874,cust_001602,2026-05-02 18:26:26,22,no_activity,desktop
sess_00008875,cust_002169,2026-05-02 12:26:56,106,no_activity,desktop
sess_00008876,,2026-05-02 18:36:55,268,no_activity,desktop
sess_00008877,,2026-05-02 13:08:28,285,no_activity,mobile
sess_00008878,,2026-05-02 23:32:14,1249,no_activity,desktop
sess_00008879,,2026-05-02 11:51:05,179,no_activity,mobile
sess_00008880,,2026-05-02 17:27:26,335,logout,mobile
sess_00008881,,2026-05-02 07:59:11,163,no_activity,mobile
sess_00008882,,2026-05-02 15:55:13,520,no_activity,mobile
sess_00008883,cust_001130,2026-05-02 07:03:23,15,no_activity,mobile
sess_00008884,,2026-05-02 07:29:01,582,no_activity,desktop
sess_00008885,cust_001099,2026-05-02 09:15:22,2127,no_activity,mobile
sess_00008886,,2026-05-02 18:01:51,390,no_activity,desktop
sess_00008887,,2026-05-02 21:35:58,867,no_activity,desktop
sess_00008888,cust_001753,2026-05-02 13:02:17,329,timeout,mobile
sess_00008889,,2026-05-02 18:00:13,535,timeout,desktop
sess_00008890,cust_002884,2026-05-02 14:56:05,150,no_activity,mobile
sess_00008891,cust_000998,2026-05-02 07:50:19,131,timeout,desktop
sess_00008892,,2026-05-02 17:38:19,345,no_activity,mobile
sess_00008893,,2026-05-02 20:08:04,249,no_activity,desktop
sess_00008894,,2026-05-02 15:13:08,59,no_activity,mobile
sess_00008895,,2026-05-02 18:55:00,645,no_activity,mobile
sess_00008896,cust_000426,2026-05-02 09:08:04,12,no_activity,desktop
sess_00008897,cust_000223,2026-05-02 17:57:28,805,logout,desktop
sess_00008898,cust_000412,2026-05-02 12:53:50,1386,no_activity,mobile
sess_00008899,,2026-05-02 15:01:02,168,logout,tablet
sess_00008900,cust_002186,2026-05-02 15:11:32,131,no_activity,mobile
sess_00008901,,2026-05-02 18:27:15,518,no_activity,desktop
sess_00008902,,2026-05-02 16:58:52,672,no_activity,mobile
sess_00008903,,2026-05-02 15:12:50,291,no_activity,mobile
sess_00008904,,2026-05-02 13:31:45,660,no_activity,desktop
sess_00008905,cust_002906,2026-05-02 19:48:22,21,no_activity,desktop
sess_00008906,,2026-05-02 16:42:20,390,no_activity,desktop
sess_00008907,cust_000147,2026-05-02 15:00:23,538,timeout,tablet
sess_00008908,,2026-05-02 23:08:20,792,no_activity,desktop
sess_00008909,,2026-05-02 19:45:46,65,no_activity,desktop
sess_00008910,,2026-05-02 10:02:31,268,no_activity,mobile
sess_00008911,,2026-05-02 14:52:39,360,no_activity,desktop
sess_00008912,cust_001163,2026-05-02 23:09:04,110,timeout,desktop
sess_00008913,,2026-05-02 19:16:40,18,no_activity,desktop
sess_00008914,cust_001612,2026-05-02 11:22:27,330,no_activity,mobile
sess_00008915,cust_000405,2026-05-03 20:19:51,509,logout,mobile
sess_00008916,cust_002456,2026-05-03 17:26:43,200,no_activity,desktop
sess_00008917,cust_000410,2026-05-03 06:29:05,11,no_activity,mobile
sess_00008918,,2026-05-03 09:16:37,530,no_activity,desktop
sess_00008919,cust_002243,2026-05-03 18:30:49,165,no_activity,desktop
sess_00008920,cust_002283,2026-05-03 14:01:30,28,no_activity,mobile
sess_00008921,cust_002435,2026-05-03 10:15:38,158,timeout,mobile
sess_00008922,cust_001631,2026-05-03 12:08:06,237,timeout,mobile
sess_00008923,,2026-05-03 05:46:04,753,no_activity,mobile
sess_00008924,,2026-05-03 10:48:22,1466,no_activity,mobile
sess_00008925,,2026-05-03 19:41:28,1635,no_activity,desktop
sess_00008926,cust_001552,2026-05-03 12:04:09,189,no_activity,mobile
sess_00008927,cust_000133,2026-05-03 18:51:40,445,timeout,desktop
sess_00008928,,2026-05-03 16:19:18,22,no_activity,desktop
sess_00008929,cust_001649,2026-05-03 15:08:50,861,no_activity,desktop
sess_00008930,,2026-05-03 17:31:20,1320,no_activity,desktop
sess_00008931,,2026-05-03 19:30:56,1997,no_activity,desktop
sess_00008932,cust_002851,2026-05-03 15:57:03,20,no_activity,desktop
sess_00008933,cust_002782,2026-05-03 17:13:03,1576,no_activity,desktop
sess_00008934,,2026-05-03 19:14:27,30,no_activity,mobile
sess_00008935,,2026-05-03 11:41:40,25,no_activity,mobile
sess_00008936,,2026-05-03 02:15:43,195,no_activity,desktop
sess_00008937,,2026-05-03 19:40:09,127,no_activity,mobile
sess_00008938,cust_001634,2026-05-03 18:15:21,29,no_activity,mobile
sess_00008939,cust_001656,2026-05-03 12:18:21,90,no_activity,mobile
sess_00008940,cust_002534,2026-05-03 16:22:02,4,no_activity,mobile
sess_00008941,,2026-05-03 12:37:34,353,no_activity,mobile
sess_00008942,,2026-05-03 07:50:45,275,no_activity,mobile
sess_00008943,cust_001455,2026-05-03 22:07:23,468,no_activity,mobile
sess_00008944,cust_001862,2026-05-03 20:08:40,282,timeout,desktop
sess_00008945,,2026-05-03 19:49:07,978,no_activity,mobile
sess_00008946,,2026-05-03 08:48:01,8,no_activity,desktop
sess_00008947,cust_002879,2026-05-03 08:33:08,1698,no_activity,desktop
sess_00008948,cust_002112,2026-05-03 19:30:08,114,logout,desktop
sess_00008949,,2026-05-03 14:41:42,1663,no_activity,mobile
sess_00008950,cust_002004,2026-05-03 16:04:12,384,logout,mobile
sess_00008951,cust_001915,2026-05-03 20:12:51,2232,no_activity,mobile
sess_00008952,cust_000938,2026-05-03 05:06:35,923,no_activity,mobile
sess_00008953,,2026-05-03 13:16:38,178,timeout,desktop
sess_00008954,,2026-05-03 19:33:20,9,no_activity,desktop
sess_00008955,,2026-05-03 16:23:08,587,no_activity,desktop
sess_00008956,cust_002206,2026-05-03 10:14:29,943,no_activity,mobile
sess_00008957,,2026-05-03 10:37:14,255,no_activity,desktop
sess_00008958,,2026-05-03 19:32:56,158,no_activity,desktop
sess_00008959,cust_002088,2026-05-03 21:44:26,92,no_activity,mobile
sess_00008960,cust_000694,2026-05-03 17:16:56,232,no_activity,mobile
sess_00008961,cust_002018,2026-05-03 17:43:22,473,no_activity,mobile
sess_00008962,,2026-05-03 10:19:24,26,no_activity,desktop
sess_00008963,,2026-05-03 12:21:14,724,no_activity,mobile
sess_00008964,,2026-05-03 11:20:37,510,timeout,desktop
sess_00008965,cust_000897,2026-05-03 22:45:21,590,no_activity,mobile
sess_00008966,cust_002203,2026-05-03 16:26:08,2238,no_activity,mobile
sess_00008967,,2026-05-03 09:07:36,421,timeout,mobile
sess_00008968,,2026-05-03 20:39:43,235,no_activity,desktop
sess_00008969,cust_001978,2026-05-03 15:39:34,133,timeout,tablet
sess_00008970,,2026-05-03 13:30:28,209,no_activity,mobile
sess_00008971,cust_001794,2026-05-03 09:56:37,750,no_activity,desktop
sess_00008972,,2026-05-03 20:02:47,255,no_activity,desktop
sess_00008973,cust_001426,2026-05-03 07:12:54,2109,no_activity,mobile
sess_00008974,,2026-05-03 18:04:44,111,timeout,desktop
sess_00008975,,2026-05-03 10:35:23,224,no_activity,mobile
sess_00008976,cust_001867,2026-05-03 17:17:32,10,no_activity,mobile
sess_00008977,,2026-05-03 12:55:42,561,no_activity,mobile
sess_00008978,,2026-05-03 14:43:29,467,no_activity,mobile
sess_00008979,,2026-05-03 07:38:37,2336,no_activity,desktop
sess_00008980,,2026-05-03 08:52:44,443,no_activity,desktop
sess_00008981,,2026-05-03 17:12:00,731,no_activity,desktop
sess_00008982,,2026-05-03 18:15:51,147,timeout,desktop
sess_00008983,,2026-05-03 17:40:22,684,no_activity,desktop
sess_00008984,,2026-05-03 19:18:38,30,no_activity,desktop
sess_00008985,,2026-05-03 16:04:45,175,no_activity,mobile
sess_00008986,,2026-05-03 10:52:34,482,no_activity,mobile
sess_00008987,,2026-05-03 09:53:12,29,no_activity,desktop
sess_00008988,cust_001265,2026-05-03 13:38:33,745,no_activity,desktop
sess_00008989,,2026-05-03 14:05:08,342,no_activity,mobile
sess_00008990,cust_001371,2026-05-03 15:25:21,1118,no_activity,mobile
sess_00008991,,2026-05-03 10:57:09,17,no_activity,desktop
sess_00008992,cust_000304,2026-05-03 16:56:46,162,no_activity,mobile
sess_00008993,cust_001117,2026-05-03 09:31:40,184,logout,mobile
sess_00008994,,2026-05-03 15:04:07,29,no_activity,desktop
sess_00008995,cust_000412,2026-05-03 15:11:14,596,no_activity,desktop
sess_00008996,,2026-05-03 19:49:59,214,no_activity,mobile
sess_00008997,cust_000352,2026-05-03 20:39:57,56,no_activity,desktop
sess_00008998,,2026-05-03 10:08:13,140,no_activity,mobile
sess_00008999,cust_002513,2026-05-03 18:21:21,340,no_activity,mobile
sess_00009000,,2026-05-03 21:31:24,434,no_activity,mobile
sess_00009001,cust_001519,2026-05-03 22:38:40,347,timeout,desktop
sess_00009002,cust_001434,2026-05-03 04:04:18,23,no_activity,mobile
sess_00009003,,2026-05-03 12:38:34,540,no_activity,desktop
sess_00009004,,2026-05-03 01:28:29,262,no_activity,mobile
sess_00009005,,2026-05-03 19:02:34,94,timeout,mobile
sess_00009006,cust_001576,2026-05-03 12:15:55,21,no_activity,tablet
sess_00009007,cust_001281,2026-05-03 15:36:31,586,timeout,desktop
sess_00009008,,2026-05-03 11:53:51,624,no_activity,tablet
sess_00009009,,2026-05-03 10:25:00,12,no_activity,desktop
sess_00009010,cust_001010,2026-05-04 02:03:40,30,no_activity,desktop
sess_00009011,cust_002358,2026-05-04 20:47:35,1845,logout,desktop
sess_00009012,,2026-05-04 08:44:36,388,no_activity,desktop
sess_00009013,cust_002799,2026-05-04 18:59:17,878,no_activity,mobile
sess_00009014,,2026-05-04 12:49:48,13,no_activity,desktop
sess_00009015,cust_001905,2026-05-04 10:14:06,60,no_activity,mobile
sess_00009016,,2026-05-04 15:40:20,26,no_activity,mobile
sess_00009017,,2026-05-04 17:52:56,267,no_activity,desktop
sess_00009018,cust_000298,2026-05-04 16:54:09,2995,no_activity,desktop
sess_00009019,cust_001599,2026-05-04 22:14:40,508,no_activity,mobile
sess_00009020,,2026-05-04 17:51:58,324,timeout,desktop
sess_00009021,cust_001102,2026-05-04 09:43:37,34,no_activity,desktop
sess_00009022,,2026-05-04 08:06:25,1508,timeout,desktop
sess_00009023,,2026-05-04 17:42:27,640,no_activity,desktop
sess_00009024,cust_001650,2026-05-04 08:50:50,193,no_activity,desktop
sess_00009025,,2026-05-04 23:04:41,883,no_activity,tablet
sess_00009026,cust_001394,2026-05-04 13:47:03,264,no_activity,mobile
sess_00009027,,2026-05-04 21:55:28,4194,timeout,desktop
sess_00009028,,2026-05-04 20:39:04,1976,no_activity,mobile
sess_00009029,cust_000076,2026-05-04 16:07:16,950,timeout,mobile
sess_00009030,cust_000496,2026-05-04 14:59:48,82,no_activity,desktop
sess_00009031,cust_002154,2026-05-04 15:52:24,516,timeout,desktop
sess_00009032,cust_001497,2026-05-04 09:10:23,1,no_activity,desktop
sess_00009033,,2026-05-04 13:03:06,328,no_activity,desktop
sess_00009034,,2026-05-04 22:19:58,525,no_activity,desktop
sess_00009035,cust_001400,2026-05-04 16:55:16,291,no_activity,desktop
sess_00009036,,2026-05-04 13:16:55,48,no_activity,mobile
sess_00009037,cust_001239,2026-05-04 09:04:11,168,no_activity,desktop
sess_00009038,,2026-05-04 16:17:47,1088,timeout,mobile
sess_00009039,,2026-05-04 17:03:22,94,no_activity,mobile
sess_00009040,,2026-05-04 17:04:38,101,no_activity,mobile
sess_00009041,cust_000496,2026-05-04 21:20:51,144,logout,desktop
sess_00009042,,2026-05-04 14:14:26,849,no_activity,mobile
sess_00009043,cust_000807,2026-05-04 15:29:10,875,no_activity,desktop
sess_00009044,,2026-05-04 14:03:57,569,no_activity,tablet
sess_00009045,,2026-05-04 11:02:18,2900,no_activity,desktop
sess_00009046,cust_000390,2026-05-04 17:22:41,247,no_activity,mobile
sess_00009047,,2026-05-04 17:51:27,650,no_activity,tablet
sess_00009048,,2026-05-04 19:38:19,365,no_activity,desktop
sess_00009049,,2026-05-04 16:33:51,387,timeout,desktop
sess_00009050,,2026-05-04 15:17:06,513,no_activity,desktop
sess_00009051,,2026-05-04 08:39:42,364,no_activity,desktop
sess_00009052,,2026-05-04 13:02:32,194,no_activity,desktop
sess_00009053,cust_002263,2026-05-04 17:34:09,521,no_activity,mobile
sess_00009054,cust_000830,2026-05-04 15:14:58,1224,no_activity,mobile
sess_00009055,,2026-05-04 12:02:07,401,no_activity,desktop
sess_00009056,cust_001207,2026-05-04 13:32:15,711,timeout,desktop
sess_00009057,,2026-05-04 15:23:05,1941,no_activity,mobile
sess_00009058,,2026-05-04 21:44:26,743,timeout,desktop
sess_00009059,cust_001484,2026-05-04 07:44:33,1106,timeout,desktop
sess_00009060,cust_000378,2026-05-04 13:11:49,264,no_activity,mobile
sess_00009061,cust_001066,2026-05-04 11:19:16,592,timeout,mobile
sess_00009062,cust_002717,2026-05-04 04:36:59,125,no_activity,mobile
sess_00009063,,2026-05-04 16:10:52,906,no_activity,desktop
sess_00009064,,2026-05-04 19:00:19,1256,no_activity,mobile
sess_00009065,,2026-05-04 18:03:47,442,timeout,desktop
sess_00009066,,2026-05-04 15:31:09,439,no_activity,mobile
sess_00009067,,2026-05-04 11:14:08,134,no_activity,desktop
sess_00009068,,2026-05-04 14:37:00,464,timeout,desktop
sess_00009069,,2026-05-04 14:34:08,706,timeout,mobile
sess_00009070,,2026-05-04 19:31:16,1065,no_activity,desktop
sess_00009071,,2026-05-04 12:03:59,264,no_activity,desktop
sess_00009072,,2026-05-04 07:03:48,23,no_activity,desktop
sess_00009073,cust_001178,2026-05-04 17:31:06,544,timeout,desktop
sess_00009074,cust_001893,2026-05-04 17:10:52,16,no_activity,mobile
sess_00009075,,2026-05-04 13:11:56,930,no_activity,desktop
sess_00009076,,2026-05-04 20:34:21,75,no_activity,desktop
sess_00009077,,2026-05-04 09:34:27,252,timeout,desktop
sess_00009078,cust_001381,2026-05-04 17:39:55,168,no_activity,desktop
sess_00009079,cust_001340,2026-05-04 17:07:21,140,no_activity,desktop
sess_00009080,,2026-05-04 17:35:51,792,no_activity,tablet
sess_00009081,cust_000553,2026-05-04 12:39:37,15,no_activity,desktop
sess_00009082,,2026-05-04 20:25:09,11,no_activity,desktop
sess_00009083,,2026-05-04 18:51:54,3923,timeout,desktop
sess_00009084,,2026-05-04 12:04:12,392,no_activity,desktop
sess_00009085,cust_002432,2026-05-04 06:01:08,203,no_activity,desktop
sess_00009086,,2026-05-04 14:53:46,141,logout,desktop
sess_00009087,cust_000438,2026-05-04 13:03:00,30,no_activity,desktop
sess_00009088,,2026-05-04 13:01:02,100,no_activity,mobile
sess_00009089,cust_000349,2026-05-04 22:28:41,971,no_activity,desktop
sess_00009090,cust_002054,2026-05-04 19:20:12,414,no_activity,tablet
sess_00009091,,2026-05-04 12:34:14,360,no_activity,mobile
sess_00009092,cust_002959,2026-05-04 10:20:13,5,no_activity,mobile
sess_00009093,cust_000976,2026-05-04 16:04:04,15,no_activity,mobile
sess_00009094,,2026-05-04 07:15:16,2651,no_activity,desktop
sess_00009095,,2026-05-04 18:11:44,405,no_activity,desktop
sess_00009096,cust_002935,2026-05-04 13:35:48,523,logout,desktop
sess_00009097,,2026-05-04 12:12:40,548,no_activity,mobile
sess_00009098,,2026-05-04 15:00:20,428,no_activity,desktop
sess_00009099,cust_001677,2026-05-04 15:56:42,293,no_activity,mobile
sess_00009100,,2026-05-04 14:10:47,25,no_activity,desktop
sess_00009101,cust_000765,2026-05-04 10:59:31,52,no_activity,mobile
sess_00009102,,2026-05-04 12:25:26,225,no_activity,desktop
sess_00009103,cust_002580,2026-05-05 20:06:55,329,no_activity,desktop
sess_00009104,cust_002057,2026-05-05 12:47:24,7200,no_activity,desktop
sess_00009105,,2026-05-05 16:50:06,374,no_activity,desktop
sess_00009106,cust_000834,2026-05-05 06:08:02,153,no_activity,mobile
sess_00009107,cust_000532,2026-05-05 14:43:16,1041,no_activity,mobile
sess_00009108,cust_002480,2026-05-05 14:17:07,659,no_activity,mobile
sess_00009109,,2026-05-05 14:00:37,3874,no_activity,mobile
sess_00009110,,2026-05-05 08:29:54,17,no_activity,tablet
sess_00009111,,2026-05-05 21:39:46,87,no_activity,desktop
sess_00009112,,2026-05-05 17:44:54,9,no_activity,desktop
sess_00009113,,2026-05-05 19:22:50,853,no_activity,mobile
sess_00009114,,2026-05-05 20:43:44,496,no_activity,desktop
sess_00009115,,2026-05-05 15:09:48,224,timeout,desktop
sess_00009116,cust_000430,2026-05-05 08:10:46,310,no_activity,desktop
sess_00009117,,2026-05-05 20:59:26,19,no_activity,tablet
sess_00009118,cust_002057,2026-05-05 15:42:00,185,no_activity,desktop
sess_00009119,,2026-05-05 20:34:26,285,no_activity,desktop
sess_00009120,,2026-05-05 16:36:02,596,no_activity,desktop
sess_00009121,cust_001667,2026-05-05 18:30:41,112,no_activity,desktop
sess_00009122,cust_001038,2026-05-05 17:08:15,349,no_activity,mobile
sess_00009123,cust_002837,2026-05-05 14:47:09,192,no_activity,mobile
sess_00009124,cust_002430,2026-05-05 16:17:42,196,no_activity,desktop
sess_00009125,cust_002082,2026-05-05 11:21:11,126,no_activity,desktop
sess_00009126,,2026-05-05 19:02:04,707,no_activity,desktop
sess_00009127,,2026-05-05 15:10:26,60,no_activity,desktop
sess_00009128,,2026-05-05 13:44:06,6,no_activity,desktop
sess_00009129,cust_000527,2026-05-05 21:52:29,104,no_activity,desktop
sess_00009130,cust_000907,2026-05-05 08:48:12,79,no_activity,mobile
sess_00009131,cust_001524,2026-05-05 16:57:16,127,no_activity,desktop
sess_00009132,,2026-05-05 13:36:31,595,timeout,desktop
sess_00009133,,2026-05-05 08:56:00,197,logout,mobile
sess_00009134,cust_000027,2026-05-05 21:15:11,71,no_activity,mobile
sess_00009135,,2026-05-05 17:18:23,139,timeout,desktop
sess_00009136,cust_000518,2026-05-05 06:50:42,989,no_activity,desktop
sess_00009137,cust_002996,2026-05-05 16:41:41,500,timeout,desktop
sess_00009138,cust_002810,2026-05-05 11:37:36,202,no_activity,desktop
sess_00009139,,2026-05-05 17:53:00,107,no_activity,desktop
sess_00009140,,2026-05-05 13:24:36,2437,no_activity,mobile
sess_00009141,cust_002276,2026-05-05 05:12:43,241,no_activity,desktop
sess_00009142,,2026-05-05 18:34:24,234,timeout,mobile
sess_00009143,,2026-05-05 12:25:27,411,no_activity,desktop
sess_00009144,,2026-05-05 12:45:29,626,timeout,desktop
sess_00009145,,2026-05-05 19:36:46,33,no_activity,desktop
sess_00009146,cust_002437,2026-05-05 19:45:35,311,no_activity,mobile
sess_00009147,cust_002467,2026-05-05 18:40:46,199,timeout,mobile
sess_00009148,cust_000224,2026-05-05 13:25:12,477,no_activity,mobile
sess_00009149,,2026-05-05 19:19:48,75,no_activity,mobile
sess_00009150,cust_000814,2026-05-05 08:45:32,24,no_activity,mobile
sess_00009151,cust_001802,2026-05-05 10:15:49,1911,timeout,desktop
sess_00009152,,2026-05-05 13:37:05,602,no_activity,desktop
sess_00009153,cust_001999,2026-05-05 19:21:45,567,no_activity,desktop
sess_00009154,,2026-05-05 16:26:11,606,no_activity,desktop
sess_00009155,,2026-05-05 17:54:25,1810,no_activity,desktop
sess_00009156,,2026-05-05 11:24:14,702,no_activity,desktop
sess_00009157,,2026-05-05 17:52:53,305,no_activity,mobile
sess_00009158,,2026-05-05 15:45:49,545,logout,mobile
sess_00009159,cust_002204,2026-05-05 12:30:43,408,no_activity,mobile
sess_00009160,cust_002845,2026-05-05 09:22:00,26,no_activity,mobile
sess_00009161,,2026-05-05 11:18:04,426,no_activity,mobile
sess_00009162,cust_002803,2026-05-05 10:53:18,14,no_activity,mobile
sess_00009163,cust_001676,2026-05-05 19:56:21,113,logout,desktop
sess_00009164,cust_001226,2026-05-05 19:50:38,479,no_activity,mobile
sess_00009165,,2026-05-05 13:40:16,101,no_activity,desktop
sess_00009166,,2026-05-05 07:23:08,506,no_activity,desktop
sess_00009167,,2026-05-05 12:49:29,197,no_activity,desktop
sess_00009168,,2026-05-05 14:02:19,608,no_activity,desktop
sess_00009169,,2026-05-05 13:35:42,64,logout,mobile
sess_00009170,,2026-05-05 13:01:19,280,no_activity,mobile
sess_00009171,,2026-05-05 10:20:22,1569,no_activity,desktop
sess_00009172,,2026-05-05 13:27:52,2,no_activity,desktop
sess_00009173,,2026-05-05 07:16:19,437,no_activity,desktop
sess_00009174,,2026-05-05 10:16:20,581,logout,desktop
sess_00009175,,2026-05-05 17:52:12,128,no_activity,mobile
sess_00009176,cust_001624,2026-05-05 17:03:26,276,no_activity,mobile
sess_00009177,,2026-05-05 08:37:05,271,timeout,mobile
sess_00009178,,2026-05-05 12:30:14,102,no_activity,desktop
sess_00009179,cust_002274,2026-05-05 17:08:51,503,no_activity,desktop
sess_00009180,,2026-05-05 20:53:21,440,no_activity,desktop
sess_00009181,,2026-05-05 07:41:27,26,no_activity,mobile
sess_00009182,,2026-05-05 11:50:07,18,no_activity,desktop
sess_00009183,,2026-05-05 12:01:09,734,no_activity,desktop
sess_00009184,,2026-05-05 11:26:32,237,no_activity,desktop
sess_00009185,cust_001663,2026-05-05 16:11:55,163,no_activity,desktop
sess_00009186,,2026-05-05 17:21:04,91,logout,desktop
sess_00009187,,2026-05-06 16:15:46,3593,no_activity,mobile
sess_00009188,cust_001073,2026-05-06 11:10:01,20,no_activity,desktop
sess_00009189,cust_000130,2026-05-06 07:49:59,777,no_activity,mobile
sess_00009190,,2026-05-06 18:50:46,339,no_activity,mobile
sess_00009191,,2026-05-06 18:15:12,716,no_activity,mobile
sess_00009192,,2026-05-06 22:31:47,637,timeout,mobile
sess_00009193,cust_000838,2026-05-06 13:11:12,74,no_activity,mobile
sess_00009194,,2026-05-06 11:38:14,663,no_activity,desktop
sess_00009195,,2026-05-06 12:45:44,170,no_activity,mobile
sess_00009196,cust_000623,2026-05-06 22:18:47,236,no_activity,desktop
sess_00009197,,2026-05-06 00:54:13,25,no_activity,mobile
sess_00009198,cust_000357,2026-05-06 13:32:34,90,logout,mobile
sess_00009199,,2026-05-06 13:05:09,1746,no_activity,desktop
sess_00009200,cust_000930,2026-05-06 19:15:47,3105,no_activity,desktop
sess_00009201,,2026-05-06 22:43:05,6,no_activity,desktop
sess_00009202,cust_002285,2026-05-06 14:21:03,269,no_activity,desktop
sess_00009203,,2026-05-06 17:11:28,9,no_activity,mobile
sess_00009204,,2026-05-06 09:06:27,1196,no_activity,desktop
sess_00009205,,2026-05-06 17:46:26,369,no_activity,desktop
sess_00009206,,2026-05-06 09:16:38,525,no_activity,desktop
sess_00009207,cust_000840,2026-05-06 14:54:36,72,timeout,mobile
sess_00009208,,2026-05-06 17:35:20,10,no_activity,desktop
sess_00009209,,2026-05-06 14:15:02,162,no_activity,desktop
sess_00009210,,2026-05-06 16:25:00,813,timeout,mobile
sess_00009211,,2026-05-06 10:54:16,84,no_activity,desktop
sess_00009212,,2026-05-06 18:02:14,243,no_activity,desktop
sess_00009213,cust_002832,2026-05-06 23:52:28,1531,no_activity,desktop
sess_00009214,cust_002531,2026-05-06 11:48:03,74,timeout,mobile
sess_00009215,,2026-05-06 22:49:29,657,timeout,desktop
sess_00009216,cust_000376,2026-05-06 00:50:25,380,no_activity,mobile
sess_00009217,cust_000313,2026-05-06 15:02:31,595,no_activity,desktop
sess_00009218,cust_002858,2026-05-06 16:22:37,883,no_activity,tablet
sess_00009219,cust_001805,2026-05-06 18:18:28,579,timeout,desktop
sess_00009220,cust_002662,2026-05-06 12:52:16,1522,no_activity,mobile
sess_00009221,cust_002354,2026-05-06 20:40:34,488,no_activity,desktop
sess_00009222,,2026-05-06 23:30:39,387,no_activity,desktop
sess_00009223,,2026-05-06 18:00:14,446,timeout,desktop
sess_00009224,,2026-05-06 12:54:09,1034,no_activity,desktop
sess_00009225,,2026-05-06 14:42:08,8,no_activity,mobile
sess_00009226,,2026-05-06 16:30:46,88,logout,desktop
sess_00009227,,2026-05-06 17:13:28,306,no_activity,mobile
sess_00009228,cust_001634,2026-05-06 12:45:43,702,timeout,desktop
sess_00009229,,2026-05-06 16:53:19,26,no_activity,mobile
sess_00009230,cust_000986,2026-05-06 19:42:43,20,no_activity,desktop
sess_00009231,,2026-05-06 10:57:18,315,no_activity,desktop
sess_00009232,,2026-05-06 14:16:22,556,timeout,desktop
sess_00009233,,2026-05-06 18:51:15,369,timeout,desktop
sess_00009234,,2026-05-06 17:28:52,8,no_activity,mobile
sess_00009235,,2026-05-06 14:42:46,66,logout,desktop
sess_00009236,,2026-05-06 13:19:55,169,no_activity,mobile
sess_00009237,cust_002401,2026-05-06 20:38:47,702,logout,mobile
sess_00009238,,2026-05-06 09:13:04,950,no_activity,tablet
sess_00009239,,2026-05-06 08:06:09,28,no_activity,mobile
sess_00009240,,2026-05-06 12:16:22,1287,no_activity,mobile
sess_00009241,,2026-05-06 20:10:33,580,logout,mobile
sess_00009242,cust_001087,2026-05-06 15:48:04,18,no_activity,desktop
sess_00009243,cust_002636,2026-05-06 11:52:00,998,no_activity,desktop
sess_00009244,cust_002452,2026-05-06 07:55:35,2726,no_activity,desktop
sess_00009245,,2026-05-06 18:43:05,17,no_activity,desktop
sess_00009246,cust_002894,2026-05-06 11:05:25,2053,no_activity,desktop
sess_00009247,,2026-05-06 10:56:03,454,no_activity,desktop
sess_00009248,,2026-05-06 18:36:12,432,timeout,mobile
sess_00009249,,2026-05-06 18:18:53,163,no_activity,desktop
sess_00009250,cust_001387,2026-05-06 16:59:08,904,no_activity,mobile
sess_00009251,,2026-05-06 17:31:41,705,no_activity,desktop
sess_00009252,cust_000457,2026-05-06 19:19:16,807,no_activity,mobile
sess_00009253,cust_002646,2026-05-06 13:08:11,12,no_activity,desktop
sess_00009254,cust_001439,2026-05-06 18:32:49,466,no_activity,mobile
sess_00009255,cust_000285,2026-05-06 19:00:40,23,no_activity,mobile
sess_00009256,,2026-05-06 15:43:49,20,no_activity,mobile
sess_00009257,cust_000405,2026-05-06 09:31:57,509,no_activity,desktop
sess_00009258,,2026-05-06 17:21:15,9,no_activity,mobile
sess_00009259,,2026-05-06 13:42:07,1805,no_activity,desktop
sess_00009260,,2026-05-06 13:32:12,213,no_activity,desktop
sess_00009261,cust_001967,2026-05-06 11:04:44,181,no_activity,mobile
sess_00009262,,2026-05-06 09:24:13,130,no_activity,desktop
sess_00009263,,2026-05-06 22:44:58,685,no_activity,mobile
sess_00009264,cust_002864,2026-05-06 11:41:51,86,no_activity,desktop
sess_00009265,cust_000137,2026-05-06 11:50:54,798,timeout,desktop
sess_00009266,,2026-05-06 14:43:06,578,timeout,desktop
sess_00009267,cust_001027,2026-05-06 09:57:48,969,no_activity,mobile
sess_00009268,,2026-05-07 06:30:09,326,no_activity,desktop
sess_00009269,,2026-05-07 12:44:39,667,no_activity,desktop
sess_00009270,,2026-05-07 16:18:08,375,no_activity,desktop
sess_00009271,cust_003000,2026-05-07 09:08:44,61,no_activity,tablet
sess_00009272,,2026-05-07 14:56:29,5,no_activity,mobile
sess_00009273,,2026-05-07 08:46:38,1418,no_activity,mobile
sess_00009274,cust_000805,2026-05-07 18:59:08,407,no_activity,mobile
sess_00009275,cust_001352,2026-05-07 14:51:02,220,no_activity,desktop
sess_00009276,,2026-05-07 19:21:28,79,no_activity,desktop
sess_00009277,cust_002425,2026-05-07 16:04:46,491,no_activity,desktop
sess_00009278,cust_000889,2026-05-07 12:58:17,30,no_activity,desktop
sess_00009279,,2026-05-07 10:02:05,27,no_activity,desktop
sess_00009280,,2026-05-07 16:35:37,201,no_activity,desktop
sess_00009281,cust_001581,2026-05-07 08:04:30,243,no_activity,mobile
sess_00009282,cust_000480,2026-05-07 12:46:28,3,no_activity,desktop
sess_00009283,,2026-05-07 19:50:04,2192,no_activity,desktop
sess_00009284,cust_000002,2026-05-07 14:21:00,124,no_activity,desktop
sess_00009285,cust_000588,2026-05-07 17:18:28,261,no_activity,mobile
sess_00009286,cust_002309,2026-05-07 21:26:59,69,no_activity,mobile
sess_00009287,cust_000463,2026-05-07 17:07:16,458,no_activity,desktop
sess_00009288,,2026-05-07 17:03:13,172,no_activity,mobile
sess_00009289,,2026-05-07 15:07:23,30,no_activity,tablet
sess_00009290,,2026-05-07 13:01:26,219,no_activity,desktop
sess_00009291,cust_001140,2026-05-07 16:57:32,199,no_activity,desktop
sess_00009292,,2026-05-07 23:16:06,1982,no_activity,desktop
sess_00009293,cust_002678,2026-05-07 08:41:57,21,no_activity,mobile
sess_00009294,,2026-05-07 20:49:37,461,no_activity,desktop
sess_00009295,,2026-05-07 08:54:16,8,no_activity,desktop
sess_00009296,cust_001393,2026-05-07 22:58:33,477,no_activity,mobile
sess_00009297,,2026-05-07 13:48:14,208,no_activity,mobile
sess_00009298,,2026-05-07 18:50:13,127,no_activity,mobile
sess_00009299,,2026-05-07 15:06:27,941,no_activity,mobile
sess_00009300,,2026-05-07 09:08:59,204,no_activity,mobile
sess_00009301,cust_002828,2026-05-07 19:04:42,388,no_activity,mobile
sess_00009302,cust_002370,2026-05-07 11:23:37,67,no_activity,mobile
sess_00009303,cust_002271,2026-05-07 12:56:15,112,no_activity,mobile
sess_00009304,,2026-05-07 10:44:22,16,no_activity,mobile
sess_00009305,cust_001166,2026-05-07 09:53:19,779,no_activity,tablet
sess_00009306,,2026-05-07 20:17:50,255,logout,mobile
sess_00009307,,2026-05-07 05:39:33,4,no_activity,mobile
sess_00009308,,2026-05-07 09:51:17,1400,no_activity,mobile
sess_00009309,,2026-05-07 19:29:23,148,no_activity,desktop
sess_00009310,,2026-05-07 15:08:04,28,no_activity,desktop
sess_00009311,cust_002119,2026-05-07 11:47:11,639,timeout,desktop
sess_00009312,cust_002287,2026-05-07 05:41:51,1579,no_activity,desktop
sess_00009313,,2026-05-07 12:49:21,1374,no_activity,mobile
sess_00009314,cust_002817,2026-05-07 08:58:29,1103,no_activity,desktop
sess_00009315,,2026-05-07 15:44:29,257,no_activity,desktop
sess_00009316,cust_000123,2026-05-07 07:09:07,2694,logout,mobile
sess_00009317,cust_002019,2026-05-07 10:36:44,242,no_activity,tablet
sess_00009318,cust_002010,2026-05-07 21:11:25,4,no_activity,desktop
sess_00009319,,2026-05-07 13:53:17,244,no_activity,mobile
sess_00009320,,2026-05-07 17:52:47,15,no_activity,mobile
sess_00009321,,2026-05-07 12:56:04,213,no_activity,mobile
sess_00009322,,2026-05-07 19:49:38,1334,no_activity,desktop
sess_00009323,,2026-05-07 16:55:11,107,no_activity,mobile
sess_00009324,cust_001712,2026-05-07 10:46:12,1753,no_activity,mobile
sess_00009325,cust_000668,2026-05-07 12:36:22,286,no_activity,mobile
sess_00009326,cust_002650,2026-05-07 12:01:43,381,no_activity,desktop
sess_00009327,cust_001528,2026-05-07 19:15:27,1124,no_activity,mobile
sess_00009328,,2026-05-07 12:35:38,2687,timeout,desktop
sess_00009329,cust_000776,2026-05-07 11:33:03,181,no_activity,desktop
sess_00009330,,2026-05-07 05:29:02,699,no_activity,tablet
sess_00009331,cust_001063,2026-05-07 17:36:12,29,no_activity,desktop
sess_00009332,cust_002502,2026-05-07 17:19:57,451,no_activity,mobile
sess_00009333,,2026-05-07 17:54:39,814,logout,desktop
sess_00009334,,2026-05-07 08:24:59,147,no_activity,mobile
sess_00009335,,2026-05-07 08:45:53,178,no_activity,mobile
sess_00009336,cust_002868,2026-05-07 09:32:05,196,no_activity,mobile
sess_00009337,cust_000685,2026-05-07 17:15:31,508,logout,desktop
sess_00009338,,2026-05-07 14:52:08,4,no_activity,mobile
sess_00009339,,2026-05-07 19:28:07,541,no_activity,mobile
sess_00009340,cust_001272,2026-05-07 14:12:05,1411,no_activity,tablet
sess_00009341,cust_002672,2026-05-07 17:51:30,449,no_activity,tablet
sess_00009342,,2026-05-07 13:20:34,841,timeout,mobile
sess_00009343,,2026-05-07 12:42:56,805,no_activity,mobile
sess_00009344,,2026-05-07 22:19:14,431,no_activity,desktop
sess_00009345,,2026-05-07 18:14:59,1054,no_activity,mobile
sess_00009346,cust_001282,2026-05-07 15:50:46,143,no_activity,mobile
sess_00009347,,2026-05-07 10:53:43,72,no_activity,mobile
sess_00009348,,2026-05-07 20:52:42,658,no_activity,mobile
sess_00009349,cust_001321,2026-05-07 17:13:18,15,no_activity,desktop
sess_00009350,cust_000946,2026-05-07 12:12:42,993,no_activity,desktop
sess_00009351,cust_002824,2026-05-07 12:27:34,212,no_activity,mobile
sess_00009352,,2026-05-07 18:36:48,842,no_activity,desktop
sess_00009353,,2026-05-07 07:32:10,1485,timeout,mobile
sess_00009354,,2026-05-07 21:54:48,629,timeout,desktop
sess_00009355,,2026-05-07 16:32:08,125,no_activity,desktop
sess_00009356,,2026-05-07 17:52:09,1758,no_activity,mobile
sess_00009357,,2026-05-07 16:17:51,298,no_activity,desktop
sess_00009358,,2026-05-07 12:56:50,19,no_activity,mobile
sess_00009359,,2026-05-07 11:34:26,151,logout,mobile
sess_00009360,,2026-05-08 13:50:25,1541,no_activity,mobile
sess_00009361,cust_000764,2026-05-08 07:07:00,2028,no_activity,mobile
sess_00009362,cust_001634,2026-05-08 18:47:49,75,no_activity,desktop
sess_00009363,,2026-05-08 17:49:56,374,timeout,desktop
sess_00009364,cust_001675,2026-05-08 10:26:44,505,no_activity,desktop
sess_00009365,cust_000058,2026-05-08 22:20:19,1206,no_activity,desktop
sess_00009366,cust_000107,2026-05-08 15:22:08,206,no_activity,mobile
sess_00009367,,2026-05-08 08:29:04,1008,logout,desktop
sess_00009368,cust_002111,2026-05-08 15:05:38,183,timeout,desktop
sess_00009369,cust_001906,2026-05-08 13:40:33,175,logout,desktop
sess_00009370,cust_000022,2026-05-08 18:28:45,412,no_activity,desktop
sess_00009371,cust_000564,2026-05-08 16:43:15,7,no_activity,desktop
sess_00009372,cust_000683,2026-05-08 12:16:57,12,no_activity,mobile
sess_00009373,,2026-05-08 16:19:03,189,timeout,mobile
sess_00009374,cust_002100,2026-05-08 13:13:14,226,no_activity,mobile
sess_00009375,,2026-05-08 17:01:50,289,logout,desktop
sess_00009376,cust_002479,2026-05-08 17:21:46,2600,no_activity,mobile
sess_00009377,,2026-05-08 19:48:59,65,no_activity,mobile
sess_00009378,,2026-05-08 20:07:32,595,no_activity,mobile
sess_00009379,cust_001103,2026-05-08 17:56:11,114,no_activity,tablet
sess_00009380,,2026-05-08 06:00:43,87,no_activity,mobile
sess_00009381,cust_001615,2026-05-08 21:27:31,639,no_activity,mobile
sess_00009382,cust_001914,2026-05-08 16:43:44,391,no_activity,desktop
sess_00009383,,2026-05-08 13:03:29,336,no_activity,desktop
sess_00009384,cust_000570,2026-05-08 19:38:17,578,no_activity,mobile
sess_00009385,cust_001890,2026-05-08 12:31:15,120,no_activity,mobile
sess_00009386,cust_002978,2026-05-08 17:17:33,1952,no_activity,desktop
sess_00009387,,2026-05-08 20:24:24,965,no_activity,mobile
sess_00009388,,2026-05-08 09:31:40,155,no_activity,mobile
sess_00009389,,2026-05-08 09:30:40,525,no_activity,desktop
sess_00009390,cust_002390,2026-05-08 14:30:22,754,no_activity,mobile
sess_00009391,,2026-05-08 15:21:04,666,no_activity,desktop
sess_00009392,,2026-05-08 07:01:12,428,no_activity,mobile
sess_00009393,cust_000204,2026-05-08 10:09:46,315,timeout,mobile
sess_00009394,,2026-05-08 18:55:50,408,no_activity,mobile
sess_00009395,cust_001376,2026-05-08 10:10:34,431,no_activity,desktop
sess_00009396,,2026-05-08 11:17:01,13,no_activity,desktop
sess_00009397,cust_002844,2026-05-08 12:29:15,954,timeout,desktop
sess_00009398,,2026-05-08 07:19:42,88,no_activity,mobile
sess_00009399,cust_000078,2026-05-08 17:37:32,66,no_activity,mobile
sess_00009400,,2026-05-08 20:52:41,149,timeout,desktop
sess_00009401,cust_002954,2026-05-08 18:26:04,1,no_activity,desktop
sess_00009402,cust_000595,2026-05-08 07:41:15,1411,no_activity,desktop
sess_00009403,cust_001146,2026-05-08 07:24:59,515,no_activity,mobile
sess_00009404,cust_000090,2026-05-08 16:32:11,884,no_activity,mobile
sess_00009405,,2026-05-08 09:37:05,1,no_activity,mobile
sess_00009406,,2026-05-08 14:06:37,380,no_activity,desktop
sess_00009407,,2026-05-08 16:43:40,4,no_activity,tablet
sess_00009408,,2026-05-08 19:40:25,1159,no_activity,desktop
sess_00009409,cust_002226,2026-05-08 20:00:20,934,no_activity,tablet
sess_00009410,,2026-05-08 09:42:08,127,no_activity,mobile
sess_00009411,,2026-05-08 07:39:23,146,no_activity,desktop
sess_00009412,cust_000947,2026-05-08 11:31:25,550,logout,desktop
sess_00009413,cust_000956,2026-05-08 10:34:44,47,no_activity,mobile
sess_00009414,cust_000274,2026-05-08 18:02:34,1051,no_activity,mobile
sess_00009415,,2026-05-08 20:02:13,89,no_activity,desktop
sess_00009416,cust_000518,2026-05-08 09:29:53,6,no_activity,desktop
sess_00009417,cust_002098,2026-05-08 11:00:44,19,no_activity,mobile
sess_00009418,cust_002078,2026-05-08 10:36:23,152,timeout,mobile
sess_00009419,cust_001992,2026-05-08 19:52:18,29,no_activity,tablet
sess_00009420,cust_001041,2026-05-08 18:56:18,702,no_activity,mobile
sess_00009421,cust_002416,2026-05-08 12:12:54,409,logout,desktop
sess_00009422,cust_002263,2026-05-08 14:07:32,643,logout,mobile
sess_00009423,cust_000686,2026-05-08 10:56:39,5,no_activity,mobile
sess_00009424,cust_000282,2026-05-08 15:54:48,1202,no_activity,desktop
sess_00009425,cust_000729,2026-05-08 13:37:11,498,no_activity,desktop
sess_00009426,cust_000809,2026-05-08 09:18:36,323,timeout,desktop
sess_00009427,cust_001405,2026-05-08 08:05:04,395,no_activity,mobile
sess_00009428,,2026-05-08 17:59:17,231,no_activity,desktop
sess_00009429,,2026-05-08 20:59:20,5,no_activity,desktop
sess_00009430,cust_000298,2026-05-08 16:09:34,19,no_activity,desktop
sess_00009431,cust_000732,2026-05-08 06:05:20,480,no_activity,desktop
sess_00009432,cust_000313,2026-05-08 17:04:29,93,no_activity,desktop
sess_00009433,cust_001224,2026-05-08 07:49:04,262,no_activity,desktop
sess_00009434,,2026-05-08 14:27:18,65,timeout,desktop
sess_00009435,cust_002986,2026-05-08 18:51:05,24,no_activity,mobile
sess_00009436,,2026-05-08 17:34:18,980,no_activity,desktop
sess_00009437,,2026-05-08 15:50:34,23,no_activity,mobile
sess_00009438,cust_002666,2026-05-08 17:53:35,17,no_activity,desktop
sess_00009439,cust_000336,2026-05-09 14:36:12,67,no_activity,desktop
sess_00009440,cust_001045,2026-05-09 11:18:20,41,no_activity,desktop
sess_00009441,,2026-05-09 22:31:50,18,no_activity,desktop
sess_00009442,,2026-05-09 13:54:49,112,timeout,desktop
sess_00009443,,2026-05-09 09:04:35,601,no_activity,desktop
sess_00009444,,2026-05-09 18:30:55,89,no_activity,mobile
sess_00009445,,2026-05-09 16:02:46,29,no_activity,desktop
sess_00009446,,2026-05-09 11:10:13,489,no_activity,mobile
sess_00009447,,2026-05-09 12:49:33,17,no_activity,mobile
sess_00009448,cust_001384,2026-05-09 17:17:35,146,no_activity,desktop
sess_00009449,cust_002823,2026-05-09 12:30:15,14,no_activity,tablet
sess_00009450,cust_000726,2026-05-09 09:19:06,619,no_activity,desktop
sess_00009451,cust_002296,2026-05-09 21:02:21,521,no_activity,desktop
sess_00009452,cust_000771,2026-05-09 19:22:03,243,no_activity,desktop
sess_00009453,cust_002950,2026-05-09 09:27:19,797,no_activity,desktop
sess_00009454,,2026-05-09 20:07:45,370,no_activity,desktop
sess_00009455,,2026-05-09 05:21:58,509,no_activity,desktop
sess_00009456,cust_002306,2026-05-09 10:59:35,148,no_activity,mobile
sess_00009457,cust_002485,2026-05-09 14:36:30,405,no_activity,mobile
sess_00009458,cust_002238,2026-05-09 11:03:33,366,no_activity,mobile
sess_00009459,cust_000106,2026-05-09 19:54:32,61,no_activity,desktop
sess_00009460,cust_000824,2026-05-09 16:25:04,94,no_activity,mobile
sess_00009461,cust_002262,2026-05-09 21:00:17,9,no_activity,desktop
sess_00009462,,2026-05-09 20:21:01,335,no_activity,desktop
sess_00009463,,2026-05-09 19:05:41,205,no_activity,mobile
sess_00009464,,2026-05-09 17:57:22,15,no_activity,desktop
sess_00009465,cust_001013,2026-05-09 09:05:29,1787,timeout,mobile
sess_00009466,,2026-05-09 14:52:44,142,no_activity,mobile
sess_00009467,cust_000894,2026-05-09 14:05:07,2594,no_activity,mobile
sess_00009468,,2026-05-09 12:14:10,429,no_activity,desktop
sess_00009469,cust_001896,2026-05-09 18:29:36,107,no_activity,mobile
sess_00009470,,2026-05-09 04:54:06,164,no_activity,desktop
sess_00009471,,2026-05-09 06:26:14,310,no_activity,desktop
sess_00009472,cust_000766,2026-05-09 19:41:15,129,no_activity,desktop
sess_00009473,,2026-05-09 14:12:26,186,timeout,desktop
sess_00009474,cust_002003,2026-05-09 11:15:20,155,no_activity,desktop
sess_00009475,,2026-05-09 09:01:34,8,no_activity,desktop
sess_00009476,,2026-05-09 18:18:20,20,no_activity,desktop
sess_00009477,cust_002331,2026-05-09 08:16:51,284,no_activity,desktop
sess_00009478,,2026-05-09 04:16:23,225,logout,desktop
sess_00009479,,2026-05-09 20:47:37,230,no_activity,desktop
sess_00009480,cust_000540,2026-05-09 14:08:21,678,timeout,mobile
sess_00009481,cust_000956,2026-05-09 18:16:49,179,no_activity,desktop
sess_00009482,,2026-05-09 19:30:18,2256,no_activity,mobile
sess_00009483,,2026-05-09 12:16:20,900,no_activity,mobile
sess_00009484,,2026-05-09 17:26:34,25,no_activity,tablet
sess_00009485,,2026-05-09 10:03:27,538,logout,mobile
sess_00009486,cust_001657,2026-05-09 10:37:56,201,no_activity,desktop
sess_00009487,,2026-05-09 18:46:29,795,no_activity,desktop
sess_00009488,cust_000873,2026-05-09 00:06:37,18,no_activity,desktop
sess_00009489,cust_001181,2026-05-09 07:10:02,1611,no_activity,mobile
sess_00009490,,2026-05-09 15:31:08,5319,no_activity,mobile
sess_00009491,cust_000290,2026-05-09 09:23:36,249,no_activity,desktop
sess_00009492,,2026-05-09 17:38:51,2,no_activity,desktop
sess_00009493,cust_002297,2026-05-09 19:13:51,27,no_activity,mobile
sess_00009494,cust_002708,2026-05-09 10:05:46,15,no_activity,mobile
sess_00009495,,2026-05-09 10:43:14,50,no_activity,mobile
sess_00009496,cust_002576,2026-05-09 11:32:58,985,no_activity,desktop
sess_00009497,cust_001493,2026-05-09 20:47:58,3,no_activity,mobile
sess_00009498,cust_000400,2026-05-09 15:23:29,141,no_activity,desktop
sess_00009499,,2026-05-09 12:01:54,367,no_activity,tablet
sess_00009500,,2026-05-09 21:23:48,836,timeout,desktop
sess_00009501,,2026-05-09 15:26:07,4225,timeout,desktop
sess_00009502,,2026-05-09 19:43:31,1526,no_activity,mobile
sess_00009503,,2026-05-09 19:08:01,75,no_activity,desktop
sess_00009504,cust_000077,2026-05-09 13:18:44,1108,no_activity,mobile
sess_00009505,cust_000067,2026-05-09 21:48:06,611,no_activity,desktop
sess_00009506,,2026-05-09 11:00:18,304,timeout,desktop
sess_00009507,cust_000947,2026-05-09 04:40:59,122,no_activity,desktop
sess_00009508,,2026-05-09 18:59:00,2607,no_activity,mobile
sess_00009509,,2026-05-09 09:49:11,253,no_activity,desktop
sess_00009510,,2026-05-09 16:30:45,86,no_activity,desktop
sess_00009511,cust_000501,2026-05-09 13:34:59,640,no_activity,mobile
sess_00009512,,2026-05-09 18:28:55,923,no_activity,mobile
sess_00009513,,2026-05-09 18:47:08,523,no_activity,tablet
sess_00009514,,2026-05-09 20:53:37,463,no_activity,desktop
sess_00009515,,2026-05-09 05:25:45,29,no_activity,desktop
sess_00009516,cust_001281,2026-05-09 17:39:53,939,no_activity,desktop
sess_00009517,,2026-05-09 09:00:40,234,no_activity,mobile
sess_00009518,cust_000249,2026-05-09 17:40:16,348,no_activity,mobile
sess_00009519,cust_000114,2026-05-09 09:36:32,374,logout,desktop
sess_00009520,cust_000481,2026-05-09 15:52:43,1441,no_activity,tablet
sess_00009521,,2026-05-10 17:33:56,381,no_activity,mobile
sess_00009522,cust_001981,2026-05-10 10:50:29,1867,timeout,desktop
sess_00009523,,2026-05-10 10:08:31,825,no_activity,desktop
sess_00009524,,2026-05-10 06:09:59,5,no_activity,desktop
sess_00009525,,2026-05-10 14:24:34,265,no_activity,mobile
sess_00009526,,2026-05-10 10:33:38,2525,no_activity,desktop
sess_00009527,,2026-05-10 15:40:03,75,timeout,mobile
sess_00009528,,2026-05-10 09:45:03,2963,timeout,desktop
sess_00009529,,2026-05-10 21:34:35,234,no_activity,mobile
sess_00009530,cust_001026,2026-05-10 14:54:48,73,no_activity,desktop
sess_00009531,cust_001107,2026-05-10 08:13:39,548,logout,mobile
sess_00009532,cust_001369,2026-05-10 17:44:35,535,no_activity,desktop
sess_00009533,,2026-05-10 06:45:41,28,no_activity,mobile
sess_00009534,cust_000726,2026-05-10 22:01:33,419,timeout,desktop
sess_00009535,cust_001141,2026-05-10 19:44:57,379,no_activity,desktop
sess_00009536,,2026-05-10 16:15:15,30,no_activity,desktop
sess_00009537,cust_001048,2026-05-10 08:31:23,1488,no_activity,mobile
sess_00009538,,2026-05-10 12:13:47,4,no_activity,mobile
sess_00009539,cust_002473,2026-05-10 14:19:37,722,no_activity,desktop
sess_00009540,cust_000912,2026-05-10 19:06:38,1449,no_activity,desktop
sess_00009541,cust_002206,2026-05-10 10:46:52,247,no_activity,desktop
sess_00009542,cust_002096,2026-05-10 14:30:03,1160,no_activity,desktop
sess_00009543,cust_002380,2026-05-10 19:34:11,904,no_activity,mobile
sess_00009544,cust_001937,2026-05-10 18:34:39,84,no_activity,mobile
sess_00009545,,2026-05-10 13:47:52,2629,timeout,desktop
sess_00009546,cust_000326,2026-05-10 12:37:00,1059,no_activity,desktop
sess_00009547,,2026-05-10 15:52:54,944,no_activity,desktop
sess_00009548,cust_001971,2026-05-10 23:22:36,322,no_activity,tablet
sess_00009549,cust_002148,2026-05-10 21:05:18,1527,no_activity,mobile
sess_00009550,,2026-05-10 07:43:39,1317,no_activity,mobile
sess_00009551,,2026-05-10 13:31:36,19,no_activity,desktop
sess_00009552,cust_000255,2026-05-10 18:37:07,3,no_activity,mobile
sess_00009553,cust_002471,2026-05-10 10:18:20,429,timeout,desktop
sess_00009554,cust_001942,2026-05-10 21:42:50,191,timeout,mobile
sess_00009555,,2026-05-10 20:29:40,23,no_activity,desktop
sess_00009556,cust_001708,2026-05-10 18:34:34,13,no_activity,desktop
sess_00009557,cust_000951,2026-05-10 07:16:33,178,no_activity,desktop
sess_00009558,cust_002950,2026-05-10 10:48:50,546,no_activity,desktop
sess_00009559,,2026-05-10 19:58:56,176,no_activity,mobile
sess_00009560,,2026-05-10 12:37:11,136,no_activity,desktop
sess_00009561,,2026-05-10 15:20:04,55,timeout,mobile
sess_00009562,cust_001897,2026-05-10 19:51:45,848,no_activity,desktop
sess_00009563,,2026-05-10 12:17:23,377,no_activity,desktop
sess_00009564,,2026-05-10 12:57:07,1400,no_activity,desktop
sess_00009565,cust_001625,2026-05-10 20:31:42,1785,no_activity,desktop
sess_00009566,cust_002979,2026-05-10 20:42:13,681,timeout,desktop
sess_00009567,cust_002115,2026-05-10 11:47:54,18,no_activity,desktop
sess_00009568,cust_001509,2026-05-10 09:56:02,12,no_activity,mobile
sess_00009569,,2026-05-10 16:28:20,6,no_activity,mobile
sess_00009570,cust_000008,2026-05-10 07:23:36,1766,timeout,mobile
sess_00009571,,2026-05-10 07:53:48,142,no_activity,desktop
sess_00009572,cust_000706,2026-05-10 20:25:46,163,no_activity,mobile
sess_00009573,,2026-05-10 06:30:13,345,no_activity,desktop
sess_00009574,cust_000384,2026-05-10 06:25:54,808,no_activity,desktop
sess_00009575,cust_000858,2026-05-10 19:52:02,165,timeout,desktop
sess_00009576,,2026-05-10 18:24:38,1575,no_activity,desktop
sess_00009577,,2026-05-10 05:10:07,125,timeout,desktop
sess_00009578,,2026-05-10 14:03:48,17,no_activity,mobile
sess_00009579,,2026-05-10 21:41:49,426,no_activity,desktop
sess_00009580,,2026-05-10 08:30:49,2632,no_activity,tablet
sess_00009581,cust_002749,2026-05-10 12:51:06,1026,no_activity,mobile
sess_00009582,cust_001014,2026-05-10 11:51:18,81,no_activity,mobile
sess_00009583,,2026-05-10 07:12:26,236,no_activity,mobile
sess_00009584,,2026-05-10 22:52:15,689,no_activity,mobile
sess_00009585,cust_002726,2026-05-10 15:23:42,16,no_activity,mobile
sess_00009586,,2026-05-10 19:36:40,276,no_activity,mobile
sess_00009587,,2026-05-10 12:03:08,484,no_activity,mobile
sess_00009588,,2026-05-10 08:16:38,1150,no_activity,desktop
sess_00009589,,2026-05-10 12:21:15,205,no_activity,mobile
sess_00009590,,2026-05-10 14:43:54,1601,logout,mobile
sess_00009591,,2026-05-10 09:54:12,14,no_activity,desktop
sess_00009592,,2026-05-10 18:42:43,722,timeout,mobile
sess_00009593,,2026-05-10 07:36:41,79,logout,mobile
sess_00009594,,2026-05-10 04:33:39,1158,no_activity,desktop
sess_00009595,,2026-05-10 20:22:32,2702,no_activity,desktop
sess_00009596,,2026-05-10 10:50:54,123,no_activity,desktop
sess_00009597,cust_002239,2026-05-10 16:14:50,1925,no_activity,desktop
sess_00009598,cust_001700,2026-05-10 14:45:43,27,no_activity,desktop
sess_00009599,cust_001235,2026-05-10 17:47:37,58,no_activity,mobile
sess_00009600,cust_001158,2026-05-10 10:35:54,247,no_activity,mobile
sess_00009601,,2026-05-10 06:27:45,1231,timeout,mobile
sess_00009602,cust_000568,2026-05-10 20:12:01,667,timeout,desktop
sess_00009603,,2026-05-10 15:12:45,599,logout,mobile
sess_00009604,cust_001721,2026-05-10 20:26:44,355,no_activity,desktop
sess_00009605,,2026-05-10 12:12:08,168,timeout,desktop
sess_00009606,,2026-05-10 15:54:57,44,timeout,mobile
sess_00009607,cust_001754,2026-05-10 11:14:27,8,no_activity,mobile
sess_00009608,,2026-05-10 08:16:24,1489,no_activity,tablet
sess_00009609,,2026-05-10 21:24:36,17,no_activity,mobile
sess_00009610,,2026-05-10 10:22:41,185,no_activity,mobile
sess_00009611,cust_000980,2026-05-10 13:49:47,2565,no_activity,tablet
sess_00009612,,2026-05-10 18:40:54,548,no_activity,mobile
sess_00009613,cust_001776,2026-05-10 12:33:58,69,no_activity,desktop
sess_00009614,,2026-05-10 09:33:51,24,no_activity,desktop
sess_00009615,cust_001411,2026-05-10 17:17:18,208,timeout,mobile
sess_00009616,cust_001731,2026-05-10 07:17:00,28,no_activity,desktop
sess_00009617,,2026-05-11 09:29:50,228,timeout,desktop
sess_00009618,,2026-05-11 20:21:45,519,no_activity,desktop
sess_00009619,cust_002407,2026-05-11 12:43:21,502,no_activity,desktop
sess_00009620,,2026-05-11 12:34:48,2310,no_activity,desktop
sess_00009621,,2026-05-11 22:55:58,1000,no_activity,mobile
sess_00009622,cust_002804,2026-05-11 23:03:06,626,no_activity,desktop
sess_00009623,,2026-05-11 09:33:09,122,no_activity,desktop
sess_00009624,cust_002602,2026-05-11 10:51:10,2088,no_activity,desktop
sess_00009625,,2026-05-11 20:37:50,1402,timeout,desktop
sess_00009626,,2026-05-11 12:22:05,13,no_activity,desktop
sess_00009627,cust_001697,2026-05-11 02:42:38,81,timeout,desktop
sess_00009628,,2026-05-11 14:43:27,382,no_activity,desktop
sess_00009629,cust_000183,2026-05-11 14:16:19,2114,no_activity,desktop
sess_00009630,cust_002683,2026-05-11 13:43:32,168,no_activity,mobile
sess_00009631,cust_000694,2026-05-11 19:12:15,112,no_activity,desktop
sess_00009632,cust_000907,2026-05-11 15:40:57,196,no_activity,mobile
sess_00009633,cust_001729,2026-05-11 12:45:08,579,no_activity,desktop
sess_00009634,,2026-05-11 12:43:03,212,no_activity,desktop
sess_00009635,,2026-05-11 11:22:02,464,timeout,desktop
sess_00009636,cust_000328,2026-05-11 10:56:14,15,no_activity,mobile
sess_00009637,cust_001835,2026-05-11 04:44:51,425,logout,mobile
sess_00009638,,2026-05-11 15:04:23,520,no_activity,desktop
sess_00009639,cust_002073,2026-05-11 20:43:41,641,no_activity,desktop
sess_00009640,cust_001799,2026-05-11 10:04:56,7,no_activity,tablet
sess_00009641,,2026-05-11 18:57:04,142,timeout,desktop
sess_00009642,,2026-05-11 18:13:57,3474,no_activity,mobile
sess_00009643,,2026-05-11 17:54:22,331,no_activity,desktop
sess_00009644,,2026-05-11 17:23:02,162,no_activity,mobile
sess_00009645,,2026-05-11 01:05:46,122,timeout,desktop
sess_00009646,cust_000923,2026-05-11 15:14:42,5207,no_activity,desktop
sess_00009647,,2026-05-11 09:43:53,7,no_activity,mobile
sess_00009648,cust_000850,2026-05-11 02:14:22,26,no_activity,desktop
sess_00009649,,2026-05-11 20:11:51,145,no_activity,mobile
sess_00009650,cust_000651,2026-05-11 18:21:45,56,timeout,mobile
sess_00009651,cust_002015,2026-05-11 18:50:29,839,no_activity,desktop
sess_00009652,,2026-05-11 03:28:10,3529,no_activity,mobile
sess_00009653,cust_000845,2026-05-11 14:07:52,305,no_activity,mobile
sess_00009654,,2026-05-11 16:59:24,612,no_activity,desktop
sess_00009655,cust_000769,2026-05-11 18:49:05,277,timeout,desktop
sess_00009656,cust_002620,2026-05-11 10:25:04,1230,timeout,mobile
sess_00009657,,2026-05-11 13:39:01,404,no_activity,desktop
sess_00009658,cust_002661,2026-05-11 17:12:21,13,no_activity,mobile
sess_00009659,,2026-05-11 17:25:51,1127,logout,mobile
sess_00009660,,2026-05-11 20:23:01,248,timeout,desktop
sess_00009661,,2026-05-11 17:09:21,230,no_activity,desktop
sess_00009662,,2026-05-11 10:29:41,418,no_activity,desktop
sess_00009663,,2026-05-11 08:23:37,312,no_activity,desktop
sess_00009664,,2026-05-11 08:01:37,980,no_activity,mobile
sess_00009665,,2026-05-11 11:00:04,195,no_activity,mobile
sess_00009666,cust_000512,2026-05-11 18:11:28,2725,no_activity,mobile
sess_00009667,cust_001464,2026-05-11 05:26:34,176,no_activity,desktop
sess_00009668,cust_002607,2026-05-11 18:13:38,1177,logout,desktop
sess_00009669,cust_000788,2026-05-11 20:50:59,69,no_activity,tablet
sess_00009670,,2026-05-11 14:08:26,108,no_activity,desktop
sess_00009671,cust_002890,2026-05-11 10:42:32,546,no_activity,mobile
sess_00009672,,2026-05-11 19:08:26,138,logout,mobile
sess_00009673,cust_002019,2026-05-11 11:38:42,98,no_activity,desktop
sess_00009674,,2026-05-11 17:29:42,231,no_activity,desktop
sess_00009675,,2026-05-11 10:26:06,2383,no_activity,desktop
sess_00009676,,2026-05-11 10:11:33,13,no_activity,mobile
sess_00009677,cust_001423,2026-05-11 11:02:47,368,timeout,desktop
sess_00009678,cust_002756,2026-05-11 17:12:22,60,no_activity,mobile
sess_00009679,cust_001715,2026-05-11 14:16:52,1797,no_activity,mobile
sess_00009680,,2026-05-11 19:34:42,240,logout,desktop
sess_00009681,cust_001479,2026-05-11 16:10:04,101,timeout,desktop
sess_00009682,cust_001458,2026-05-11 20:48:51,27,no_activity,desktop
sess_00009683,cust_002947,2026-05-11 20:55:03,29,no_activity,desktop
sess_00009684,cust_001172,2026-05-11 17:07:42,27,no_activity,mobile
sess_00009685,,2026-05-11 17:36:26,257,no_activity,mobile
sess_00009686,cust_000633,2026-05-11 19:38:20,187,no_activity,mobile
sess_00009687,,2026-05-11 05:52:59,227,no_activity,desktop
sess_00009688,,2026-05-11 10:45:27,1,no_activity,desktop
sess_00009689,,2026-05-11 18:24:46,68,no_activity,mobile
sess_00009690,,2026-05-11 11:20:48,761,no_activity,mobile
sess_00009691,,2026-05-11 21:16:46,215,no_activity,desktop
sess_00009692,,2026-05-11 16:46:23,99,no_activity,desktop
sess_00009693,cust_000525,2026-05-11 15:10:08,155,no_activity,desktop
sess_00009694,cust_002859,2026-05-11 22:57:03,477,no_activity,desktop
sess_00009695,,2026-05-11 09:11:20,467,no_activity,desktop
sess_00009696,,2026-05-11 18:53:15,1449,timeout,mobile
sess_00009697,cust_000693,2026-05-11 09:17:36,270,no_activity,desktop
sess_00009698,,2026-05-11 13:23:50,369,no_activity,mobile
sess_00009699,cust_001133,2026-05-11 16:41:18,999,no_activity,desktop
sess_00009700,cust_002457,2026-05-11 12:26:25,271,timeout,desktop
sess_00009701,,2026-05-11 18:21:21,146,no_activity,desktop
sess_00009702,,2026-05-11 09:37:19,11,no_activity,desktop
sess_00009703,cust_002950,2026-05-11 16:07:33,265,no_activity,desktop
sess_00009704,cust_001971,2026-05-11 13:33:48,934,timeout,mobile
sess_00009705,cust_002181,2026-05-11 11:31:23,578,no_activity,mobile
sess_00009706,cust_000119,2026-05-11 14:35:01,421,no_activity,mobile
sess_00009707,,2026-05-11 18:20:45,1746,no_activity,mobile
sess_00009708,,2026-05-11 16:05:03,386,logout,mobile
sess_00009709,,2026-05-11 10:19:00,499,no_activity,desktop
sess_00009710,,2026-05-11 01:06:31,264,no_activity,mobile
sess_00009711,,2026-05-11 21:06:47,4196,no_activity,desktop
sess_00009712,cust_001856,2026-05-11 17:09:30,2705,no_activity,desktop
sess_00009713,,2026-05-11 15:51:16,2548,no_activity,mobile
sess_00009714,,2026-05-11 16:33:15,78,no_activity,mobile
sess_00009715,cust_001257,2026-05-11 08:56:27,8,no_activity,mobile
sess_00009716,cust_000564,2026-05-12 14:06:22,961,no_activity,desktop
sess_00009717,cust_001873,2026-05-12 10:06:48,208,no_activity,desktop
sess_00009718,,2026-05-12 18:11:06,764,logout,mobile
sess_00009719,,2026-05-12 18:28:40,547,no_activity,desktop
sess_00009720,,2026-05-12 12:14:36,362,no_activity,desktop
sess_00009721,,2026-05-12 14:27:55,1067,no_activity,desktop
sess_00009722,cust_000538,2026-05-12 17:19:21,364,no_activity,mobile
sess_00009723,cust_001443,2026-05-12 19:59:45,140,no_activity,mobile
sess_00009724,,2026-05-12 06:51:50,319,no_activity,mobile
sess_00009725,,2026-05-12 19:06:45,743,no_activity,mobile
sess_00009726,cust_001359,2026-05-12 20:56:48,6,no_activity,mobile
sess_00009727,,2026-05-12 20:53:42,660,no_activity,desktop
sess_00009728,cust_002062,2026-05-12 08:29:37,21,no_activity,desktop
sess_00009729,cust_002682,2026-05-12 16:14:19,4,no_activity,desktop
sess_00009730,cust_000983,2026-05-12 16:23:14,300,no_activity,desktop
sess_00009731,cust_000034,2026-05-12 16:44:37,78,no_activity,mobile
sess_00009732,cust_002252,2026-05-12 19:25:56,351,no_activity,desktop
sess_00009733,cust_001835,2026-05-12 18:40:31,479,no_activity,mobile
sess_00009734,cust_000397,2026-05-12 08:04:20,341,no_activity,desktop
sess_00009735,,2026-05-12 20:12:52,45,no_activity,mobile
sess_00009736,cust_002064,2026-05-12 19:28:20,136,no_activity,mobile
sess_00009737,,2026-05-12 22:21:46,282,no_activity,tablet
sess_00009738,cust_002673,2026-05-12 19:44:58,852,no_activity,tablet
sess_00009739,cust_001975,2026-05-12 18:45:03,563,no_activity,desktop
sess_00009740,,2026-05-12 19:56:08,87,no_activity,mobile
sess_00009741,,2026-05-12 09:47:54,126,no_activity,desktop
sess_00009742,,2026-05-12 18:26:05,1116,no_activity,desktop
sess_00009743,cust_000542,2026-05-12 18:12:07,750,no_activity,mobile
sess_00009744,,2026-05-12 11:36:36,731,no_activity,desktop
sess_00009745,,2026-05-12 12:59:39,321,no_activity,mobile
sess_00009746,,2026-05-12 13:28:04,328,no_activity,desktop
sess_00009747,,2026-05-12 19:48:35,349,no_activity,desktop
sess_00009748,,2026-05-12 11:42:46,460,no_activity,desktop
sess_00009749,cust_000628,2026-05-12 08:38:13,1258,timeout,mobile
sess_00009750,cust_000973,2026-05-12 16:16:44,246,timeout,desktop
sess_00009751,cust_002838,2026-05-12 23:57:12,19,no_activity,tablet
sess_00009752,cust_000740,2026-05-12 17:33:26,400,no_activity,mobile
sess_00009753,,2026-05-12 02:41:39,341,no_activity,desktop
sess_00009754,cust_001871,2026-05-12 06:05:50,474,no_activity,mobile
sess_00009755,,2026-05-12 19:23:56,9,no_activity,desktop
sess_00009756,,2026-05-12 11:36:46,522,no_activity,desktop
sess_00009757,,2026-05-12 23:35:41,279,timeout,mobile
sess_00009758,cust_002149,2026-05-12 09:21:26,146,logout,desktop
sess_00009759,,2026-05-12 04:19:55,543,no_activity,desktop
sess_00009760,,2026-05-12 12:00:25,1647,no_activity,mobile
sess_00009761,cust_002354,2026-05-12 16:56:22,295,no_activity,tablet
sess_00009762,cust_002926,2026-05-12 19:47:55,70,no_activity,desktop
sess_00009763,cust_000640,2026-05-12 19:23:07,218,no_activity,desktop
sess_00009764,,2026-05-12 09:08:36,325,no_activity,mobile
sess_00009765,cust_000743,2026-05-12 11:09:41,359,timeout,desktop
sess_00009766,,2026-05-12 16:27:18,85,no_activity,mobile
sess_00009767,cust_002167,2026-05-12 20:11:05,26,no_activity,mobile
sess_00009768,cust_000564,2026-05-12 12:44:16,1851,logout,desktop
sess_00009769,cust_000787,2026-05-12 09:32:42,409,no_activity,mobile
sess_00009770,,2026-05-12 11:45:15,1080,no_activity,desktop
sess_00009771,cust_002830,2026-05-12 12:25:05,575,no_activity,desktop
sess_00009772,,2026-05-12 09:07:03,111,timeout,desktop
sess_00009773,,2026-05-12 10:33:12,1640,timeout,desktop
sess_00009774,cust_000729,2026-05-12 17:46:10,196,timeout,desktop
sess_00009775,,2026-05-12 10:10:15,499,no_activity,mobile
sess_00009776,cust_001778,2026-05-12 08:46:16,786,timeout,mobile
sess_00009777,cust_000090,2026-05-12 11:57:52,160,no_activity,desktop
sess_00009778,cust_001050,2026-05-12 14:11:10,449,no_activity,desktop
sess_00009779,,2026-05-12 12:51:12,236,no_activity,desktop
sess_00009780,,2026-05-12 12:19:30,15,no_activity,desktop
sess_00009781,cust_000504,2026-05-12 00:27:37,17,no_activity,desktop
sess_00009782,,2026-05-12 11:34:07,265,no_activity,mobile
sess_00009783,cust_002402,2026-05-12 07:34:57,685,logout,tablet
sess_00009784,cust_000814,2026-05-12 12:12:19,155,no_activity,desktop
sess_00009785,cust_002896,2026-05-12 21:39:07,1187,no_activity,desktop
sess_00009786,cust_002150,2026-05-12 16:17:51,271,no_activity,mobile
sess_00009787,,2026-05-12 09:25:45,679,logout,desktop
sess_00009788,,2026-05-12 18:57:05,112,no_activity,mobile
sess_00009789,,2026-05-12 15:00:43,76,timeout,desktop
sess_00009790,,2026-05-12 15:42:10,712,no_activity,mobile
sess_00009791,cust_001347,2026-05-12 09:02:44,3,no_activity,desktop
sess_00009792,,2026-05-12 17:06:38,1148,no_activity,mobile
sess_00009793,cust_000577,2026-05-12 00:16:00,394,timeout,mobile
sess_00009794,,2026-05-12 20:59:58,6,no_activity,mobile
sess_00009795,,2026-05-12 20:29:40,1076,logout,desktop
sess_00009796,,2026-05-12 12:52:45,1416,no_activity,desktop
sess_00009797,,2026-05-12 18:19:19,123,timeout,desktop
sess_00009798,cust_002613,2026-05-12 16:31:35,281,no_activity,desktop
sess_00009799,cust_002004,2026-05-12 23:49:33,694,no_activity,mobile
sess_00009800,,2026-05-12 19:36:44,1044,no_activity,desktop
sess_00009801,,2026-05-12 00:33:50,232,no_activity,mobile
sess_00009802,,2026-05-12 13:29:42,1170,no_activity,desktop
sess_00009803,cust_001913,2026-05-12 02:43:01,118,no_activity,mobile
sess_00009804,cust_000266,2026-05-13 16:10:36,211,no_activity,desktop
sess_00009805,cust_000383,2026-05-13 11:38:34,306,no_activity,desktop
sess_00009806,,2026-05-13 06:07:21,254,timeout,desktop
sess_00009807,cust_002894,2026-05-13 19:12:06,191,no_activity,desktop
sess_00009808,cust_000123,2026-05-13 18:15:27,1004,no_activity,tablet
sess_00009809,,2026-05-13 16:15:54,2142,no_activity,desktop
sess_00009810,cust_001698,2026-05-13 10:23:01,1857,no_activity,desktop
sess_00009811,,2026-05-13 19:46:05,93,no_activity,mobile
sess_00009812,cust_000189,2026-05-13 11:36:31,26,no_activity,desktop
sess_00009813,,2026-05-13 23:13:26,336,no_activity,desktop
sess_00009814,cust_001915,2026-05-13 00:51:26,12,no_activity,desktop
sess_00009815,,2026-05-13 15:04:22,576,no_activity,desktop
sess_00009816,,2026-05-13 10:51:02,492,timeout,desktop
sess_00009817,cust_000330,2026-05-13 12:41:10,1357,no_activity,mobile
sess_00009818,cust_002746,2026-05-13 11:01:30,267,no_activity,mobile
sess_00009819,,2026-05-13 08:50:01,98,no_activity,desktop
sess_00009820,cust_000112,2026-05-13 11:24:12,348,no_activity,tablet
sess_00009821,,2026-05-13 15:01:27,1249,no_activity,desktop
sess_00009822,,2026-05-13 20:01:01,232,timeout,desktop
sess_00009823,cust_002719,2026-05-13 18:45:52,22,no_activity,desktop
sess_00009824,,2026-05-13 10:40:37,305,no_activity,mobile
sess_00009825,,2026-05-13 18:25:02,3872,no_activity,desktop
sess_00009826,,2026-05-13 15:10:18,309,no_activity,mobile
sess_00009827,,2026-05-13 13:29:54,325,no_activity,mobile
sess_00009828,,2026-05-13 09:52:54,1358,no_activity,desktop
sess_00009829,cust_002058,2026-05-13 18:41:33,104,no_activity,mobile
sess_00009830,,2026-05-13 14:50:50,754,no_activity,desktop
sess_00009831,cust_002363,2026-05-13 18:42:40,244,no_activity,desktop
sess_00009832,,2026-05-13 12:57:39,95,no_activity,mobile
sess_00009833,,2026-05-13 11:14:55,267,logout,mobile
sess_00009834,,2026-05-13 08:31:28,442,no_activity,mobile
sess_00009835,,2026-05-13 12:37:38,191,timeout,desktop
sess_00009836,,2026-05-13 14:17:48,242,no_activity,mobile
sess_00009837,,2026-05-13 16:56:42,1507,no_activity,desktop
sess_00009838,cust_002430,2026-05-13 07:53:51,315,no_activity,mobile
sess_00009839,cust_001380,2026-05-13 18:52:54,493,no_activity,desktop
sess_00009840,cust_000766,2026-05-13 06:01:34,30,no_activity,desktop
sess_00009841,cust_002855,2026-05-13 12:53:25,78,no_activity,mobile
sess_00009842,cust_000037,2026-05-13 14:13:16,377,no_activity,desktop
sess_00009843,cust_001173,2026-05-13 08:55:48,273,no_activity,desktop
sess_00009844,cust_002294,2026-05-13 11:17:02,138,no_activity,mobile
sess_00009845,,2026-05-13 19:55:28,314,no_activity,mobile
sess_00009846,,2026-05-13 09:46:59,16,no_activity,desktop
sess_00009847,cust_001342,2026-05-13 17:13:53,59,no_activity,desktop
sess_00009848,cust_001842,2026-05-13 13:07:34,1014,timeout,desktop
sess_00009849,,2026-05-13 12:23:20,748,no_activity,desktop
sess_00009850,cust_001874,2026-05-13 15:06:04,331,no_activity,desktop
sess_00009851,cust_001276,2026-05-13 07:09:41,1073,timeout,desktop
sess_00009852,,2026-05-13 13:57:06,616,no_activity,mobile
sess_00009853,,2026-05-13 16:06:34,74,no_activity,desktop
sess_00009854,,2026-05-13 16:46:29,504,timeout,mobile
sess_00009855,,2026-05-13 09:32:25,5,no_activity,desktop
sess_00009856,cust_002522,2026-05-13 17:51:57,4,no_activity,desktop
sess_00009857,cust_001889,2026-05-13 20:49:23,779,no_activity,desktop
sess_00009858,cust_002883,2026-05-13 09:31:40,98,no_activity,mobile
sess_00009859,cust_001038,2026-05-13 12:22:34,459,timeout,mobile
sess_00009860,cust_002992,2026-05-13 22:13:26,565,no_activity,desktop
sess_00009861,cust_001323,2026-05-13 12:04:53,67,no_activity,tablet
sess_00009862,,2026-05-13 19:22:10,158,no_activity,mobile
sess_00009863,,2026-05-13 14:49:53,927,no_activity,mobile
sess_00009864,cust_002500,2026-05-13 13:53:47,1447,timeout,desktop
sess_00009865,cust_000380,2026-05-13 22:22:51,274,no_activity,desktop
sess_00009866,cust_001472,2026-05-13 13:43:02,54,no_activity,mobile
sess_00009867,cust_000574,2026-05-13 13:55:53,29,no_activity,mobile
sess_00009868,,2026-05-13 06:09:10,167,no_activity,mobile
sess_00009869,cust_001569,2026-05-13 19:49:48,25,no_activity,desktop
sess_00009870,,2026-05-13 17:40:58,764,no_activity,tablet
sess_00009871,cust_002308,2026-05-13 18:08:19,1340,no_activity,desktop
sess_00009872,,2026-05-13 20:46:58,519,no_activity,mobile
sess_00009873,,2026-05-13 14:00:49,487,no_activity,desktop
sess_00009874,cust_000770,2026-05-13 17:08:02,502,no_activity,desktop
sess_00009875,,2026-05-13 06:09:34,1048,no_activity,desktop
sess_00009876,,2026-05-13 18:37:53,203,no_activity,mobile
sess_00009877,cust_002570,2026-05-13 08:47:38,1,no_activity,desktop
sess_00009878,,2026-05-13 11:17:25,312,timeout,mobile
sess_00009879,,2026-05-13 09:32:41,1487,no_activity,mobile
sess_00009880,,2026-05-13 17:19:09,892,no_activity,desktop
sess_00009881,,2026-05-13 19:43:15,77,no_activity,desktop
sess_00009882,,2026-05-13 15:10:49,1961,no_activity,mobile
sess_00009883,,2026-05-13 21:27:50,922,no_activity,mobile
sess_00009884,,2026-05-13 11:09:45,655,no_activity,desktop
sess_00009885,,2026-05-13 17:56:58,1042,no_activity,desktop
sess_00009886,,2026-05-13 00:23:52,264,no_activity,desktop
sess_00009887,,2026-05-13 11:15:35,174,no_activity,mobile
sess_00009888,cust_001742,2026-05-13 17:52:34,289,timeout,mobile
sess_00009889,cust_000582,2026-05-13 11:02:27,25,no_activity,desktop
sess_00009890,cust_002110,2026-05-13 18:15:11,75,timeout,desktop
sess_00009891,,2026-05-13 11:19:06,259,no_activity,desktop
sess_00009892,cust_001149,2026-05-13 16:12:32,776,timeout,desktop
sess_00009893,,2026-05-13 06:56:30,73,timeout,desktop
sess_00009894,,2026-05-13 18:38:43,855,timeout,desktop
sess_00009895,,2026-05-13 18:14:43,1349,no_activity,mobile
sess_00009896,cust_000725,2026-05-13 13:07:44,22,no_activity,desktop
sess_00009897,,2026-05-13 16:20:59,135,no_activity,desktop
sess_00009898,,2026-05-13 16:05:36,567,no_activity,desktop
sess_00009899,,2026-05-13 11:18:38,76,no_activity,desktop
sess_00009900,cust_000002,2026-05-14 08:48:21,281,no_activity,desktop
sess_00009901,cust_002709,2026-05-14 19:05:37,547,no_activity,mobile
sess_00009902,cust_000152,2026-05-14 20:07:19,538,no_activity,desktop
sess_00009903,,2026-05-14 13:30:19,363,no_activity,desktop
sess_00009904,,2026-05-14 09:39:30,314,no_activity,mobile
sess_00009905,,2026-05-14 08:00:22,9,no_activity,mobile
sess_00009906,,2026-05-14 19:50:49,468,no_activity,desktop
sess_00009907,cust_000776,2026-05-14 08:05:28,1963,no_activity,mobile
sess_00009908,cust_001131,2026-05-14 21:37:50,191,timeout,desktop
sess_00009909,,2026-05-14 07:16:20,287,timeout,desktop
sess_00009910,cust_000743,2026-05-14 08:35:44,344,no_activity,mobile
sess_00009911,,2026-05-14 20:36:13,406,no_activity,desktop
sess_00009912,,2026-05-14 13:49:03,405,no_activity,tablet
sess_00009913,cust_001183,2026-05-14 13:55:37,1,no_activity,mobile
sess_00009914,cust_000115,2026-05-14 12:59:39,192,timeout,desktop
sess_00009915,cust_001895,2026-05-14 11:01:53,1567,logout,mobile
sess_00009916,cust_001967,2026-05-14 16:52:22,1193,no_activity,desktop
sess_00009917,,2026-05-14 13:07:31,624,no_activity,desktop
sess_00009918,cust_001093,2026-05-14 11:23:32,964,no_activity,desktop
sess_00009919,,2026-05-14 22:24:22,461,no_activity,tablet
sess_00009920,,2026-05-14 10:05:41,258,timeout,mobile
sess_00009921,cust_001899,2026-05-14 10:27:02,24,no_activity,desktop
sess_00009922,cust_001242,2026-05-14 15:53:22,2267,no_activity,mobile
sess_00009923,,2026-05-14 17:48:03,698,no_activity,mobile
sess_00009924,,2026-05-14 16:00:12,348,no_activity,desktop
sess_00009925,,2026-05-14 20:52:01,915,no_activity,desktop
sess_00009926,,2026-05-14 17:43:32,291,no_activity,desktop
sess_00009927,cust_002892,2026-05-14 16:29:41,362,no_activity,desktop
sess_00009928,cust_001102,2026-05-14 18:34:16,797,timeout,desktop
sess_00009929,,2026-05-14 22:55:35,228,no_activity,desktop
sess_00009930,,2026-05-14 21:37:16,1207,no_activity,desktop
sess_00009931,,2026-05-14 08:09:24,72,no_activity,mobile
sess_00009932,,2026-05-14 18:02:24,616,no_activity,mobile
sess_00009933,cust_002165,2026-05-14 17:17:40,1115,no_activity,desktop
sess_00009934,,2026-05-14 23:09:31,754,no_activity,mobile
sess_00009935,cust_002068,2026-05-14 18:33:25,477,no_activity,desktop
sess_00009936,,2026-05-14 13:38:58,545,no_activity,desktop
sess_00009937,,2026-05-14 19:17:47,424,no_activity,tablet
sess_00009938,,2026-05-14 22:36:26,5,no_activity,desktop
sess_00009939,cust_000484,2026-05-14 14:04:38,110,no_activity,tablet
sess_00009940,cust_001010,2026-05-14 06:40:15,100,timeout,desktop
sess_00009941,cust_000483,2026-05-14 10:54:47,638,logout,mobile
sess_00009942,cust_000621,2026-05-14 15:22:02,114,no_activity,mobile
sess_00009943,,2026-05-14 13:41:18,760,no_activity,mobile
sess_00009944,,2026-05-14 15:19:00,1181,timeout,desktop
sess_00009945,cust_002116,2026-05-14 14:43:27,326,no_activity,mobile
sess_00009946,,2026-05-14 11:27:05,857,no_activity,desktop
sess_00009947,cust_002871,2026-05-14 12:06:46,892,no_activity,desktop
sess_00009948,cust_001224,2026-05-14 21:06:33,268,timeout,desktop
sess_00009949,cust_002203,2026-05-14 09:47:23,22,no_activity,mobile
sess_00009950,cust_002252,2026-05-14 20:46:49,401,timeout,tablet
sess_00009951,cust_001800,2026-05-14 18:52:07,420,no_activity,desktop
sess_00009952,,2026-05-14 15:32:45,5,no_activity,mobile
sess_00009953,,2026-05-14 08:37:41,3690,timeout,desktop
sess_00009954,cust_000489,2026-05-14 08:26:47,707,no_activity,mobile
sess_00009955,,2026-05-14 13:38:00,1192,no_activity,desktop
sess_00009956,cust_002205,2026-05-14 15:09:38,263,no_activity,desktop
sess_00009957,cust_002372,2026-05-14 16:20:46,276,no_activity,desktop
sess_00009958,cust_001286,2026-05-14 18:07:30,700,no_activity,mobile
sess_00009959,cust_000253,2026-05-14 16:26:11,575,no_activity,desktop
sess_00009960,cust_001532,2026-05-14 19:05:34,279,no_activity,desktop
sess_00009961,cust_001406,2026-05-14 17:39:45,41,timeout,mobile
sess_00009962,cust_001805,2026-05-14 22:09:35,200,no_activity,desktop
sess_00009963,,2026-05-14 20:11:08,1179,no_activity,desktop
sess_00009964,,2026-05-14 11:09:55,20,no_activity,desktop
sess_00009965,cust_000697,2026-05-14 09:52:12,164,no_activity,desktop
sess_00009966,,2026-05-14 19:16:53,3159,no_activity,mobile
sess_00009967,cust_002617,2026-05-14 05:38:51,117,timeout,mobile
sess_00009968,,2026-05-14 21:50:11,526,timeout,desktop
sess_00009969,,2026-05-14 06:09:59,1270,no_activity,mobile
sess_00009970,,2026-05-14 08:47:17,598,no_activity,mobile
sess_00009971,,2026-05-14 06:05:48,228,no_activity,mobile
sess_00009972,,2026-05-14 17:46:25,111,no_activity,desktop
sess_00009973,,2026-05-14 09:05:33,26,no_activity,mobile
sess_00009974,,2026-05-14 16:04:47,1913,no_activity,mobile
sess_00009975,,2026-05-14 18:17:33,1174,timeout,mobile
sess_00009976,cust_001609,2026-05-14 09:55:13,566,logout,mobile
sess_00009977,,2026-05-14 18:43:10,3767,logout,mobile
sess_00009978,,2026-05-14 10:52:13,2849,no_activity,desktop
sess_00009979,,2026-05-14 12:03:29,123,no_activity,desktop
sess_00009980,,2026-05-14 22:30:40,24,logout,mobile
sess_00009981,cust_000203,2026-05-14 21:25:07,355,no_activity,desktop
sess_00009982,,2026-05-14 13:50:09,468,timeout,desktop
sess_00009983,,2026-05-14 13:33:49,20,no_activity,desktop
sess_00009984,,2026-05-14 11:57:06,280,logout,desktop
sess_00009985,,2026-05-14 10:19:53,27,no_activity,mobile
sess_00009986,cust_000294,2026-05-14 08:23:23,132,no_activity,desktop
sess_00009987,cust_001913,2026-05-14 20:47:47,120,timeout,desktop
sess_00009988,,2026-05-14 18:40:46,486,no_activity,desktop
sess_00009989,cust_001892,2026-05-14 16:56:26,218,no_activity,tablet
sess_00009990,cust_000496,2026-05-14 17:35:46,3,no_activity,mobile
sess_00009991,cust_000532,2026-05-14 19:27:11,2,no_activity,mobile
sess_00009992,,2026-05-14 07:36:30,471,no_activity,desktop
sess_00009993,cust_002890,2026-05-14 20:26:31,204,no_activity,mobile
sess_00009994,,2026-05-14 20:51:54,6,no_activity,tablet
sess_00009995,,2026-05-14 11:54:46,7,no_activity,mobile
sess_00009996,,2026-05-14 17:45:41,527,no_activity,mobile
sess_00009997,,2026-05-15 09:26:02,640,no_activity,mobile
sess_00009998,cust_001271,2026-05-15 10:14:11,8,no_activity,mobile
sess_00009999,,2026-05-15 18:39:01,2511,no_activity,desktop
sess_00010000,,2026-05-15 08:09:18,219,no_activity,desktop
sess_00010001,,2026-05-15 09:49:41,20,no_activity,desktop
sess_00010002,cust_001351,2026-05-15 09:51:50,1210,no_activity,mobile
sess_00010003,,2026-05-15 13:45:29,59,no_activity,desktop
sess_00010004,cust_001655,2026-05-15 17:53:21,351,no_activity,desktop
sess_00010005,cust_001613,2026-05-15 22:38:23,808,no_activity,desktop
sess_00010006,,2026-05-15 21:19:51,10,no_activity,desktop
sess_00010007,cust_000188,2026-05-15 00:53:47,29,no_activity,desktop
sess_00010008,,2026-05-15 06:37:09,1887,timeout,mobile
sess_00010009,cust_002835,2026-05-15 14:00:48,475,no_activity,desktop
sess_00010010,,2026-05-15 11:53:44,716,logout,mobile
sess_00010011,cust_001037,2026-05-15 12:16:41,383,no_activity,desktop
sess_00010012,,2026-05-15 18:42:25,445,no_activity,mobile
sess_00010013,,2026-05-15 09:26:40,451,no_activity,desktop
sess_00010014,cust_002708,2026-05-15 05:45:23,1031,no_activity,desktop
sess_00010015,,2026-05-15 19:48:28,796,no_activity,desktop
sess_00010016,cust_001186,2026-05-15 10:48:05,63,no_activity,mobile
sess_00010017,,2026-05-15 10:54:54,650,no_activity,desktop
sess_00010018,,2026-05-15 13:49:48,29,no_activity,desktop
sess_00010019,,2026-05-15 19:58:03,341,no_activity,desktop
sess_00010020,,2026-05-15 13:27:33,588,no_activity,desktop
sess_00010021,cust_001228,2026-05-15 15:15:01,5,no_activity,desktop
sess_00010022,,2026-05-15 13:46:56,641,no_activity,desktop
sess_00010023,,2026-05-15 07:23:57,17,no_activity,mobile
sess_00010024,,2026-05-15 15:59:11,407,no_activity,mobile
sess_00010025,cust_000890,2026-05-15 08:54:07,14,no_activity,desktop
sess_00010026,,2026-05-15 12:04:50,1106,no_activity,desktop
sess_00010027,cust_001556,2026-05-15 18:18:23,1442,timeout,mobile
sess_00010028,,2026-05-15 20:04:41,4,no_activity,desktop
sess_00010029,,2026-05-15 16:42:40,439,no_activity,tablet
sess_00010030,,2026-05-15 18:27:00,26,no_activity,desktop
sess_00010031,,2026-05-15 15:05:48,21,no_activity,desktop
sess_00010032,,2026-05-15 18:30:22,785,no_activity,desktop
sess_00010033,,2026-05-15 15:13:36,88,no_activity,mobile
sess_00010034,,2026-05-15 10:11:17,362,no_activity,desktop
sess_00010035,,2026-05-15 13:43:18,356,no_activity,desktop
sess_00010036,cust_001147,2026-05-15 16:12:38,506,no_activity,mobile
sess_00010037,,2026-05-15 09:25:15,6,no_activity,desktop
sess_00010038,,2026-05-15 10:57:41,539,no_activity,mobile
sess_00010039,,2026-05-15 15:11:26,9,no_activity,desktop
sess_00010040,,2026-05-15 19:35:30,1120,timeout,mobile
sess_00010041,,2026-05-15 18:48:21,1152,timeout,mobile
sess_00010042,cust_001807,2026-05-15 21:30:42,4,no_activity,mobile
sess_00010043,,2026-05-15 10:55:30,25,no_activity,mobile
sess_00010044,,2026-05-15 15:08:03,978,no_activity,desktop
sess_00010045,cust_001827,2026-05-15 12:48:28,278,no_activity,desktop
sess_00010046,,2026-05-15 17:56:54,150,timeout,mobile
sess_00010047,cust_002736,2026-05-15 12:40:27,655,timeout,mobile
sess_00010048,,2026-05-15 08:43:48,2114,timeout,mobile
sess_00010049,cust_000382,2026-05-15 07:49:48,1126,timeout,desktop
sess_00010050,,2026-05-15 14:49:22,213,timeout,desktop
sess_00010051,,2026-05-15 21:29:24,1067,timeout,desktop
sess_00010052,,2026-05-15 21:54:20,212,no_activity,desktop
sess_00010053,,2026-05-15 17:09:31,115,no_activity,desktop
sess_00010054,,2026-05-15 18:54:22,993,no_activity,mobile
sess_00010055,,2026-05-15 19:46:41,136,no_activity,desktop
sess_00010056,,2026-05-15 01:11:26,853,timeout,mobile
sess_00010057,,2026-05-15 17:42:43,99,no_activity,desktop
sess_00010058,cust_002519,2026-05-15 21:58:16,246,no_activity,desktop
sess_00010059,cust_000018,2026-05-15 17:23:21,422,no_activity,desktop
sess_00010060,cust_001828,2026-05-15 18:03:33,149,no_activity,mobile
sess_00010061,,2026-05-15 13:36:45,48,no_activity,mobile
sess_00010062,cust_001740,2026-05-15 19:58:47,20,no_activity,desktop
sess_00010063,cust_000289,2026-05-15 12:09:14,410,no_activity,desktop
sess_00010064,cust_000802,2026-05-15 08:03:42,10,no_activity,desktop
sess_00010065,cust_001845,2026-05-15 17:31:40,1350,no_activity,desktop
sess_00010066,cust_001399,2026-05-15 08:19:22,1039,no_activity,mobile
sess_00010067,cust_001283,2026-05-15 16:04:01,61,timeout,desktop
sess_00010068,cust_000705,2026-05-15 16:14:26,149,timeout,desktop
sess_00010069,cust_002682,2026-05-15 13:17:03,849,no_activity,mobile
sess_00010070,cust_001425,2026-05-15 14:04:50,12,no_activity,mobile
sess_00010071,,2026-05-15 13:27:02,272,no_activity,mobile
sess_00010072,cust_000195,2026-05-15 10:26:44,61,no_activity,desktop
sess_00010073,,2026-05-15 06:41:37,669,no_activity,mobile
sess_00010074,,2026-05-15 07:07:30,339,no_activity,desktop
sess_00010075,cust_000046,2026-05-15 05:21:46,7,no_activity,mobile
sess_00010076,cust_001303,2026-05-15 20:57:21,185,no_activity,mobile
sess_00010077,,2026-05-15 13:25:32,1305,timeout,desktop
sess_00010078,,2026-05-15 16:16:03,3633,no_activity,desktop
sess_00010079,cust_001831,2026-05-15 20:46:22,312,no_activity,desktop
sess_00010080,cust_002551,2026-05-15 22:14:49,1061,timeout,mobile
sess_00010081,,2026-05-15 12:19:45,2019,logout,mobile
sess_00010082,cust_002702,2026-05-15 02:12:23,453,no_activity,desktop
sess_00010083,cust_000966,2026-05-15 13:17:30,161,timeout,mobile
sess_00010084,cust_001623,2026-05-15 12:30:16,232,no_activity,desktop
sess_00010085,cust_000290,2026-05-15 18:49:36,95,no_activity,desktop
sess_00010086,,2026-05-15 20:34:12,244,no_activity,mobile
sess_00010087,,2026-05-15 16:04:26,14,no_activity,mobile
sess_00010088,,2026-05-15 12:39:22,28,no_activity,mobile
sess_00010089,cust_001365,2026-05-15 12:51:55,23,no_activity,mobile
sess_00010090,cust_001353,2026-05-15 19:53:21,1306,no_activity,desktop
sess_00010091,,2026-05-15 12:36:46,452,timeout,mobile
sess_00010092,cust_000639,2026-05-15 15:29:42,1156,timeout,mobile
sess_00010093,cust_000335,2026-05-15 20:48:39,376,no_activity,desktop
sess_00010094,cust_000466,2026-05-15 11:23:59,123,no_activity,tablet
sess_00010095,cust_001696,2026-05-16 17:33:42,1167,no_activity,mobile
sess_00010096,cust_002601,2026-05-16 10:20:06,35,no_activity,mobile
sess_00010097,cust_001699,2026-05-16 09:41:37,235,no_activity,desktop
sess_00010098,,2026-05-16 20:27:34,883,no_activity,desktop
sess_00010099,,2026-05-16 07:20:29,443,no_activity,desktop
sess_00010100,cust_001983,2026-05-16 08:00:57,501,no_activity,desktop
sess_00010101,,2026-05-16 16:15:55,205,no_activity,mobile
sess_00010102,cust_000011,2026-05-16 15:17:15,90,no_activity,mobile
sess_00010103,cust_001156,2026-05-16 18:49:05,316,no_activity,mobile
sess_00010104,cust_001570,2026-05-16 11:53:06,159,no_activity,desktop
sess_00010105,cust_001735,2026-05-16 16:11:21,941,no_activity,desktop
sess_00010106,cust_002409,2026-05-16 20:43:25,246,no_activity,mobile
sess_00010107,cust_001605,2026-05-16 12:35:33,61,logout,mobile
sess_00010108,cust_001662,2026-05-16 09:51:51,353,no_activity,mobile
sess_00010109,,2026-05-16 12:15:22,153,timeout,desktop
sess_00010110,,2026-05-16 18:51:24,10,no_activity,mobile
sess_00010111,,2026-05-16 20:09:44,256,no_activity,mobile
sess_00010112,cust_002705,2026-05-16 14:13:04,162,no_activity,mobile
sess_00010113,,2026-05-16 18:22:14,27,no_activity,desktop
sess_00010114,cust_001551,2026-05-16 07:59:40,427,no_activity,desktop
sess_00010115,cust_002096,2026-05-16 09:55:31,7200,no_activity,mobile
sess_00010116,cust_000344,2026-05-16 11:07:15,462,no_activity,desktop
sess_00010117,,2026-05-16 19:41:36,564,logout,mobile
sess_00010118,cust_001544,2026-05-16 16:30:10,244,no_activity,mobile
sess_00010119,cust_001030,2026-05-16 14:51:29,1,no_activity,mobile
sess_00010120,cust_000592,2026-05-16 11:44:53,205,no_activity,desktop
sess_00010121,,2026-05-16 19:18:27,262,logout,mobile
sess_00010122,cust_002909,2026-05-16 18:21:59,539,no_activity,desktop
sess_00010123,cust_002700,2026-05-16 13:25:19,39,no_activity,desktop
sess_00010124,,2026-05-16 10:46:33,352,no_activity,desktop
sess_00010125,,2026-05-16 16:26:05,773,no_activity,desktop
sess_00010126,cust_001553,2026-05-16 09:45:03,332,timeout,mobile
sess_00010127,,2026-05-16 16:25:20,842,no_activity,mobile
sess_00010128,cust_001891,2026-05-16 07:38:42,452,no_activity,mobile
sess_00010129,,2026-05-16 16:02:01,665,no_activity,desktop
sess_00010130,,2026-05-16 16:48:37,98,no_activity,desktop
sess_00010131,cust_001777,2026-05-16 19:27:49,439,no_activity,desktop
sess_00010132,cust_002087,2026-05-16 15:59:37,201,no_activity,mobile
sess_00010133,cust_002098,2026-05-16 18:26:47,162,no_activity,desktop
sess_00010134,,2026-05-16 18:03:46,298,logout,mobile
sess_00010135,,2026-05-16 19:13:13,750,no_activity,mobile
sess_00010136,,2026-05-16 20:56:10,435,no_activity,desktop
sess_00010137,,2026-05-16 15:40:21,540,timeout,mobile
sess_00010138,,2026-05-16 12:07:02,849,logout,tablet
sess_00010139,,2026-05-16 12:21:16,229,no_activity,desktop
sess_00010140,,2026-05-16 13:44:00,361,no_activity,mobile
sess_00010141,,2026-05-16 20:16:18,43,timeout,mobile
sess_00010142,,2026-05-16 14:10:36,204,timeout,desktop
sess_00010143,cust_002416,2026-05-16 12:34:54,189,no_activity,mobile
sess_00010144,,2026-05-16 13:31:53,755,logout,desktop
sess_00010145,,2026-05-16 07:14:16,1650,no_activity,mobile
sess_00010146,,2026-05-16 16:34:06,206,no_activity,desktop
sess_00010147,,2026-05-16 20:22:26,15,no_activity,mobile
sess_00010148,,2026-05-16 14:36:52,844,no_activity,desktop
sess_00010149,cust_000641,2026-05-16 12:40:32,629,timeout,tablet
sess_00010150,,2026-05-16 16:37:52,972,no_activity,mobile
sess_00010151,,2026-05-16 17:32:26,958,no_activity,desktop
sess_00010152,,2026-05-16 18:52:17,2882,no_activity,desktop
sess_00010153,,2026-05-16 08:10:32,1727,no_activity,mobile
sess_00010154,cust_000748,2026-05-16 16:37:13,24,no_activity,mobile
sess_00010155,,2026-05-16 05:33:38,393,no_activity,desktop
sess_00010156,,2026-05-16 14:12:58,266,no_activity,mobile
sess_00010157,,2026-05-16 08:03:50,170,no_activity,mobile
sess_00010158,cust_001974,2026-05-16 12:47:12,527,no_activity,desktop
sess_00010159,cust_001804,2026-05-16 16:30:25,404,no_activity,tablet
sess_00010160,cust_002326,2026-05-16 07:58:30,454,no_activity,desktop
sess_00010161,cust_000632,2026-05-16 22:19:11,3,no_activity,tablet
sess_00010162,,2026-05-16 13:02:56,201,no_activity,desktop
sess_00010163,cust_001039,2026-05-16 07:40:18,679,no_activity,mobile
sess_00010164,,2026-05-16 19:04:57,7,no_activity,desktop
sess_00010165,cust_002796,2026-05-16 15:52:27,24,no_activity,desktop
sess_00010166,,2026-05-16 10:59:42,5,no_activity,mobile
sess_00010167,,2026-05-16 18:34:11,106,no_activity,desktop
sess_00010168,,2026-05-16 11:23:38,15,no_activity,tablet
sess_00010169,,2026-05-16 11:00:28,21,no_activity,desktop
sess_00010170,,2026-05-16 13:36:25,288,no_activity,desktop
sess_00010171,cust_000495,2026-05-16 21:06:19,731,no_activity,desktop
sess_00010172,,2026-05-16 17:26:25,19,no_activity,mobile
sess_00010173,,2026-05-17 17:28:44,325,no_activity,mobile
sess_00010174,,2026-05-17 09:56:04,565,no_activity,mobile
sess_00010175,,2026-05-17 14:58:02,25,no_activity,desktop
sess_00010176,,2026-05-17 20:07:11,1546,timeout,mobile
sess_00010177,cust_000560,2026-05-17 13:22:54,4,no_activity,desktop
sess_00010178,cust_000449,2026-05-17 17:48:30,610,timeout,tablet
sess_00010179,,2026-05-17 19:00:47,186,no_activity,desktop
sess_00010180,cust_002323,2026-05-17 16:44:30,190,no_activity,mobile
sess_00010181,cust_001951,2026-05-17 19:11:13,2,no_activity,mobile
sess_00010182,,2026-05-17 16:31:17,441,no_activity,mobile
sess_00010183,cust_002614,2026-05-17 17:54:11,126,no_activity,mobile
sess_00010184,cust_000303,2026-05-17 23:07:24,7,no_activity,desktop
sess_00010185,,2026-05-17 12:45:22,238,no_activity,desktop
sess_00010186,,2026-05-17 09:15:56,364,no_activity,mobile
sess_00010187,cust_000041,2026-05-17 19:34:36,2,no_activity,mobile
sess_00010188,,2026-05-17 14:43:51,20,no_activity,mobile
sess_00010189,,2026-05-17 17:59:24,3,no_activity,desktop
sess_00010190,,2026-05-17 11:26:37,28,no_activity,mobile
sess_00010191,cust_002992,2026-05-17 15:27:32,885,no_activity,mobile
sess_00010192,,2026-05-17 20:14:01,452,no_activity,mobile
sess_00010193,cust_002231,2026-05-17 18:17:19,1009,no_activity,desktop
sess_00010194,,2026-05-17 18:50:19,435,no_activity,desktop
sess_00010195,cust_002564,2026-05-17 20:37:47,299,no_activity,desktop
sess_00010196,cust_001545,2026-05-17 17:05:12,1056,no_activity,mobile
sess_00010197,,2026-05-17 14:10:56,85,no_activity,desktop
sess_00010198,cust_000878,2026-05-17 10:54:23,747,no_activity,mobile
sess_00010199,cust_002972,2026-05-17 16:50:00,416,timeout,mobile
sess_00010200,,2026-05-17 11:01:25,533,no_activity,desktop
sess_00010201,cust_002669,2026-05-17 20:50:52,54,timeout,desktop
sess_00010202,cust_000128,2026-05-17 11:37:50,702,logout,desktop
sess_00010203,,2026-05-17 08:08:27,233,no_activity,desktop
sess_00010204,cust_000778,2026-05-17 12:05:16,602,no_activity,mobile
sess_00010205,,2026-05-17 11:39:52,794,no_activity,mobile
sess_00010206,,2026-05-17 13:43:52,275,timeout,desktop
sess_00010207,,2026-05-17 03:45:23,513,no_activity,mobile
sess_00010208,,2026-05-17 21:08:05,314,no_activity,mobile
sess_00010209,cust_000273,2026-05-17 19:32:52,83,no_activity,desktop
sess_00010210,,2026-05-17 08:38:41,315,timeout,mobile
sess_00010211,,2026-05-17 18:06:25,185,no_activity,mobile
sess_00010212,,2026-05-17 09:16:53,521,no_activity,desktop
sess_00010213,cust_000661,2026-05-17 17:10:22,37,no_activity,desktop
sess_00010214,,2026-05-17 15:14:52,571,no_activity,desktop
sess_00010215,,2026-05-17 19:26:08,755,no_activity,desktop
sess_00010216,,2026-05-17 17:02:00,114,no_activity,desktop
sess_00010217,cust_002893,2026-05-17 12:56:29,13,no_activity,desktop
sess_00010218,,2026-05-17 19:17:46,1037,no_activity,mobile
sess_00010219,,2026-05-17 09:20:47,29,no_activity,mobile
sess_00010220,cust_000476,2026-05-17 08:42:56,1991,timeout,desktop
sess_00010221,,2026-05-17 13:12:28,1383,no_activity,desktop
sess_00010222,cust_002987,2026-05-17 19:28:16,22,no_activity,desktop
sess_00010223,cust_002569,2026-05-17 12:36:21,922,no_activity,desktop
sess_00010224,,2026-05-17 20:42:42,963,no_activity,desktop
sess_00010225,,2026-05-17 15:01:59,1913,no_activity,mobile
sess_00010226,,2026-05-17 19:35:17,1182,no_activity,tablet
sess_00010227,,2026-05-17 11:37:32,20,no_activity,desktop
sess_00010228,,2026-05-17 11:30:09,22,no_activity,desktop
sess_00010229,cust_002564,2026-05-17 12:16:35,515,timeout,desktop
sess_00010230,cust_000270,2026-05-17 10:49:42,634,no_activity,mobile
sess_00010231,,2026-05-17 11:39:44,327,logout,desktop
sess_00010232,cust_000723,2026-05-17 18:21:52,3732,no_activity,desktop
sess_00010233,,2026-05-17 11:22:46,320,no_activity,desktop
sess_00010234,,2026-05-17 09:16:18,409,logout,mobile
sess_00010235,,2026-05-17 10:01:57,2992,no_activity,desktop
sess_00010236,,2026-05-17 17:02:26,197,logout,mobile
sess_00010237,,2026-05-17 17:14:54,883,logout,desktop
sess_00010238,,2026-05-17 22:20:07,87,no_activity,desktop
sess_00010239,cust_001618,2026-05-17 12:15:39,385,no_activity,mobile
sess_00010240,cust_002254,2026-05-17 18:34:42,152,no_activity,mobile
sess_00010241,cust_002281,2026-05-17 04:14:14,385,timeout,desktop
sess_00010242,,2026-05-17 16:48:59,229,no_activity,desktop
sess_00010243,,2026-05-17 20:50:41,15,no_activity,mobile
sess_00010244,cust_002440,2026-05-17 19:44:01,17,no_activity,desktop
sess_00010245,cust_001667,2026-05-17 21:37:14,196,logout,mobile
sess_00010246,cust_001938,2026-05-17 18:20:23,249,no_activity,mobile
sess_00010247,cust_001006,2026-05-17 13:37:01,255,no_activity,desktop
sess_00010248,cust_000539,2026-05-17 19:56:36,440,no_activity,desktop
sess_00010249,,2026-05-17 14:49:31,10,no_activity,mobile
sess_00010250,cust_000714,2026-05-17 16:11:24,3,no_activity,desktop
sess_00010251,cust_002984,2026-05-17 17:23:08,162,no_activity,tablet
sess_00010252,cust_002224,2026-05-17 18:23:25,133,no_activity,desktop
sess_00010253,,2026-05-17 09:32:23,234,no_activity,desktop
sess_00010254,,2026-05-17 12:59:17,334,no_activity,desktop
sess_00010255,cust_001255,2026-05-17 14:21:10,455,no_activity,mobile
sess_00010256,cust_001721,2026-05-17 11:18:50,490,no_activity,desktop
sess_00010257,cust_002049,2026-05-17 16:09:46,427,no_activity,mobile
sess_00010258,,2026-05-17 19:24:22,2387,no_activity,mobile
sess_00010259,,2026-05-18 18:51:09,1705,no_activity,mobile
sess_00010260,,2026-05-18 20:35:32,378,timeout,mobile
sess_00010261,cust_002822,2026-05-18 08:39:07,124,no_activity,mobile
sess_00010262,,2026-05-18 19:03:12,71,no_activity,desktop
sess_00010263,,2026-05-18 18:28:00,615,no_activity,mobile
sess_00010264,,2026-05-18 10:41:19,5,no_activity,mobile
sess_00010265,,2026-05-18 07:45:11,77,no_activity,mobile
sess_00010266,,2026-05-18 08:43:54,86,no_activity,mobile
sess_00010267,cust_002770,2026-05-18 16:07:54,434,no_activity,desktop
sess_00010268,,2026-05-18 06:13:45,366,no_activity,desktop
sess_00010269,,2026-05-18 15:45:50,397,no_activity,desktop
sess_00010270,,2026-05-18 15:54:13,9,no_activity,desktop
sess_00010271,,2026-05-18 14:32:58,891,no_activity,desktop
sess_00010272,,2026-05-18 20:09:32,735,no_activity,desktop
sess_00010273,,2026-05-18 05:22:52,102,no_activity,tablet
sess_00010274,,2026-05-18 06:30:35,140,timeout,mobile
sess_00010275,,2026-05-18 22:34:44,91,no_activity,mobile
sess_00010276,,2026-05-18 08:19:49,195,no_activity,mobile
sess_00010277,cust_002220,2026-05-18 19:58:04,380,timeout,desktop
sess_00010278,cust_001015,2026-05-18 10:31:03,146,no_activity,desktop
sess_00010279,,2026-05-18 06:13:58,5525,no_activity,desktop
sess_00010280,cust_001590,2026-05-18 22:49:58,355,timeout,desktop
sess_00010281,,2026-05-18 13:44:14,818,timeout,desktop
sess_00010282,cust_001081,2026-05-18 07:13:26,875,no_activity,desktop
sess_00010283,,2026-05-18 20:38:58,6,no_activity,desktop
sess_00010284,cust_000688,2026-05-18 19:00:21,817,timeout,desktop
sess_00010285,cust_001711,2026-05-18 09:23:40,241,no_activity,tablet
sess_00010286,,2026-05-18 14:31:13,227,no_activity,mobile
sess_00010287,cust_002750,2026-05-18 12:08:23,3185,no_activity,mobile
sess_00010288,,2026-05-18 13:46:55,157,no_activity,desktop
sess_00010289,,2026-05-18 11:33:32,220,timeout,mobile
sess_00010290,,2026-05-18 02:46:42,54,no_activity,mobile
sess_00010291,cust_002942,2026-05-18 13:10:57,1507,timeout,desktop
sess_00010292,cust_002984,2026-05-18 19:43:14,20,no_activity,desktop
sess_00010293,,2026-05-18 17:35:25,56,no_activity,mobile
sess_00010294,cust_000216,2026-05-18 08:33:55,460,no_activity,desktop
sess_00010295,,2026-05-18 17:22:48,281,no_activity,mobile
sess_00010296,,2026-05-18 15:03:45,547,timeout,tablet
sess_00010297,cust_001238,2026-05-18 07:48:37,30,no_activity,mobile
sess_00010298,cust_001794,2026-05-18 17:54:31,715,no_activity,mobile
sess_00010299,cust_000649,2026-05-18 17:19:39,315,no_activity,tablet
sess_00010300,cust_001649,2026-05-18 15:29:27,333,no_activity,desktop
sess_00010301,cust_002657,2026-05-18 11:48:36,1643,no_activity,desktop
sess_00010302,cust_001175,2026-05-18 22:01:06,28,no_activity,desktop
sess_00010303,cust_001522,2026-05-18 13:20:17,203,no_activity,mobile
sess_00010304,,2026-05-18 07:08:31,119,no_activity,mobile
sess_00010305,cust_001088,2026-05-18 10:45:59,526,no_activity,mobile
sess_00010306,cust_001207,2026-05-18 18:51:57,21,no_activity,mobile
sess_00010307,,2026-05-18 13:59:46,14,no_activity,mobile
sess_00010308,cust_000735,2026-05-18 17:36:32,3,no_activity,desktop
sess_00010309,cust_002759,2026-05-18 11:31:08,6,no_activity,desktop
sess_00010310,,2026-05-18 08:52:27,861,no_activity,desktop
sess_00010311,cust_002869,2026-05-18 08:39:53,8,no_activity,desktop
sess_00010312,,2026-05-18 15:20:34,1090,no_activity,desktop
sess_00010313,cust_000066,2026-05-18 21:04:17,154,no_activity,desktop
sess_00010314,cust_000330,2026-05-18 01:35:41,1590,timeout,desktop
sess_00010315,cust_001382,2026-05-18 02:48:19,9,no_activity,desktop
sess_00010316,cust_001678,2026-05-18 17:07:39,770,no_activity,desktop
sess_00010317,,2026-05-18 13:01:30,370,no_activity,desktop
sess_00010318,,2026-05-18 12:23:05,26,no_activity,desktop
sess_00010319,cust_001138,2026-05-18 13:04:53,22,no_activity,desktop
sess_00010320,,2026-05-18 12:00:32,518,no_activity,mobile
sess_00010321,,2026-05-18 17:24:35,168,no_activity,mobile
sess_00010322,cust_001929,2026-05-18 21:09:48,180,no_activity,mobile
sess_00010323,,2026-05-18 12:19:48,1483,timeout,mobile
sess_00010324,,2026-05-18 18:18:04,107,timeout,desktop
sess_00010325,,2026-05-18 22:18:29,3,no_activity,mobile
sess_00010326,cust_002896,2026-05-18 17:57:22,26,no_activity,mobile
sess_00010327,,2026-05-18 14:27:53,30,no_activity,mobile
sess_00010328,cust_002695,2026-05-18 13:25:26,695,no_activity,tablet
sess_00010329,cust_002477,2026-05-18 22:21:23,2168,timeout,tablet
sess_00010330,cust_000241,2026-05-18 06:18:49,28,no_activity,desktop
sess_00010331,cust_002377,2026-05-18 09:49:56,737,no_activity,desktop
sess_00010332,cust_002872,2026-05-18 17:12:00,3012,logout,desktop
sess_00010333,,2026-05-18 19:24:22,699,no_activity,desktop
sess_00010334,cust_002535,2026-05-18 16:24:14,303,no_activity,mobile
sess_00010335,cust_000125,2026-05-18 17:34:30,512,no_activity,desktop
sess_00010336,,2026-05-18 20:27:54,1026,no_activity,desktop
sess_00010337,,2026-05-18 06:11:15,921,logout,desktop
sess_00010338,cust_001680,2026-05-18 20:49:53,11,no_activity,mobile
sess_00010339,cust_001101,2026-05-18 17:08:37,218,logout,desktop
sess_00010340,,2026-05-18 16:20:32,138,no_activity,desktop
sess_00010341,cust_001985,2026-05-18 10:23:05,407,no_activity,mobile
sess_00010342,,2026-05-18 16:42:41,30,no_activity,mobile
sess_00010343,cust_002821,2026-05-18 09:45:29,23,no_activity,mobile
sess_00010344,cust_000609,2026-05-18 13:07:55,317,no_activity,mobile
sess_00010345,,2026-05-18 22:28:38,337,timeout,desktop
sess_00010346,cust_001215,2026-05-18 20:04:23,4,no_activity,mobile
sess_00010347,cust_001351,2026-05-18 14:57:58,194,no_activity,desktop
sess_00010348,,2026-05-18 08:00:41,428,no_activity,mobile
sess_00010349,,2026-05-18 10:52:35,139,no_activity,desktop
sess_00010350,,2026-05-18 18:47:33,1157,no_activity,mobile
sess_00010351,,2026-05-18 12:05:06,578,no_activity,desktop
sess_00010352,,2026-05-18 15:17:50,664,no_activity,desktop
sess_00010353,cust_000929,2026-05-18 09:28:08,2077,no_activity,desktop
sess_00010354,,2026-05-18 09:56:12,50,no_activity,desktop
sess_00010355,cust_001028,2026-05-19 12:59:02,17,no_activity,desktop
sess_00010356,cust_002024,2026-05-19 13:13:46,1029,logout,mobile
sess_00010357,cust_001427,2026-05-19 14:27:25,198,no_activity,mobile
sess_00010358,cust_002008,2026-05-19 16:59:22,28,no_activity,mobile
sess_00010359,,2026-05-19 18:00:03,709,no_activity,mobile
sess_00010360,,2026-05-19 18:00:48,308,no_activity,mobile
sess_00010361,cust_001127,2026-05-19 19:28:48,23,no_activity,desktop
sess_00010362,,2026-05-19 18:53:17,654,timeout,desktop
sess_00010363,cust_002923,2026-05-19 15:25:15,293,no_activity,mobile
sess_00010364,,2026-05-19 18:26:37,353,no_activity,mobile
sess_00010365,,2026-05-19 19:01:29,1826,no_activity,mobile
sess_00010366,cust_000955,2026-05-19 21:34:23,656,no_activity,desktop
sess_00010367,,2026-05-19 02:19:16,672,no_activity,desktop
sess_00010368,,2026-05-19 20:40:36,642,no_activity,mobile
sess_00010369,,2026-05-19 20:18:35,113,no_activity,desktop
sess_00010370,cust_001713,2026-05-19 17:49:32,2664,no_activity,mobile
sess_00010371,cust_002755,2026-05-19 14:01:05,938,no_activity,desktop
sess_00010372,,2026-05-19 16:54:13,199,no_activity,mobile
sess_00010373,,2026-05-19 12:24:16,162,no_activity,desktop
sess_00010374,,2026-05-19 14:49:38,499,no_activity,desktop
sess_00010375,cust_001261,2026-05-19 01:44:42,188,no_activity,mobile
sess_00010376,,2026-05-19 14:55:31,500,no_activity,mobile
sess_00010377,cust_001899,2026-05-19 17:00:02,576,no_activity,desktop
sess_00010378,cust_001636,2026-05-19 18:28:02,728,no_activity,mobile
sess_00010379,,2026-05-19 20:05:15,396,no_activity,mobile
sess_00010380,cust_002835,2026-05-19 11:10:36,305,no_activity,mobile
sess_00010381,,2026-05-19 11:03:40,657,no_activity,mobile
sess_00010382,,2026-05-19 11:16:58,618,no_activity,mobile
sess_00010383,,2026-05-19 08:49:34,607,no_activity,desktop
sess_00010384,,2026-05-19 13:30:22,827,no_activity,desktop
sess_00010385,cust_001278,2026-05-19 06:59:26,146,no_activity,desktop
sess_00010386,cust_001495,2026-05-19 19:24:34,1372,timeout,desktop
sess_00010387,cust_002164,2026-05-19 08:47:19,60,no_activity,desktop
sess_00010388,,2026-05-19 21:10:23,2559,no_activity,desktop
sess_00010389,,2026-05-19 15:16:37,181,no_activity,desktop
sess_00010390,,2026-05-19 09:59:11,296,no_activity,mobile
sess_00010391,cust_002963,2026-05-19 18:40:27,570,no_activity,mobile
sess_00010392,cust_002150,2026-05-19 16:32:52,867,no_activity,mobile
sess_00010393,cust_000167,2026-05-19 08:57:38,8,no_activity,tablet
sess_00010394,,2026-05-19 18:30:44,11,no_activity,desktop
sess_00010395,,2026-05-19 09:20:24,442,logout,desktop
sess_00010396,,2026-05-19 14:16:01,178,no_activity,desktop
sess_00010397,,2026-05-19 16:24:59,372,no_activity,desktop
sess_00010398,,2026-05-19 18:24:54,247,timeout,desktop
sess_00010399,cust_000165,2026-05-19 09:00:47,17,no_activity,mobile
sess_00010400,,2026-05-19 23:17:26,535,no_activity,mobile
sess_00010401,cust_001702,2026-05-19 09:58:47,1429,no_activity,mobile
sess_00010402,,2026-05-19 18:52:10,204,no_activity,mobile
sess_00010403,,2026-05-19 17:19:48,319,logout,mobile
sess_00010404,,2026-05-19 11:11:21,126,logout,desktop
sess_00010405,,2026-05-19 11:04:45,257,no_activity,mobile
sess_00010406,,2026-05-19 14:15:25,269,no_activity,desktop
sess_00010407,,2026-05-19 08:51:55,972,no_activity,mobile
sess_00010408,,2026-05-19 15:39:41,351,no_activity,mobile
sess_00010409,,2026-05-19 15:43:19,26,no_activity,mobile
sess_00010410,,2026-05-19 09:48:17,163,no_activity,desktop
sess_00010411,cust_001206,2026-05-19 19:18:31,1152,no_activity,mobile
sess_00010412,cust_001362,2026-05-19 17:58:15,28,no_activity,mobile
sess_00010413,,2026-05-19 20:19:41,780,no_activity,mobile
sess_00010414,cust_002483,2026-05-19 14:08:14,601,no_activity,desktop
sess_00010415,,2026-05-19 14:12:26,361,no_activity,mobile
sess_00010416,cust_000787,2026-05-19 12:22:43,159,timeout,mobile
sess_00010417,,2026-05-19 06:19:19,252,no_activity,mobile
sess_00010418,,2026-05-19 17:37:09,816,no_activity,desktop
sess_00010419,cust_000236,2026-05-19 07:33:05,1102,no_activity,mobile
sess_00010420,,2026-05-19 11:18:02,350,no_activity,desktop
sess_00010421,cust_000285,2026-05-19 12:43:20,1,no_activity,tablet
sess_00010422,cust_002217,2026-05-19 10:43:55,264,no_activity,desktop
sess_00010423,cust_002734,2026-05-19 16:43:25,86,no_activity,mobile
sess_00010424,cust_000268,2026-05-19 18:11:24,14,no_activity,mobile
sess_00010425,,2026-05-19 16:31:26,1545,no_activity,mobile
sess_00010426,cust_002628,2026-05-19 18:26:36,213,no_activity,desktop
sess_00010427,,2026-05-19 20:40:36,1199,no_activity,desktop
sess_00010428,cust_000915,2026-05-19 14:49:56,960,logout,mobile
sess_00010429,,2026-05-19 10:46:03,824,no_activity,desktop
sess_00010430,cust_000766,2026-05-19 16:00:03,136,timeout,desktop
sess_00010431,,2026-05-19 18:07:48,83,no_activity,tablet
sess_00010432,,2026-05-19 15:39:04,439,no_activity,mobile
sess_00010433,,2026-05-19 10:28:31,8,no_activity,desktop
sess_00010434,,2026-05-19 09:45:00,6,no_activity,desktop
sess_00010435,cust_000878,2026-05-19 16:15:36,188,no_activity,desktop
sess_00010436,,2026-05-19 18:58:35,17,no_activity,mobile
sess_00010437,,2026-05-19 11:07:49,599,no_activity,desktop
sess_00010438,,2026-05-20 13:02:54,19,no_activity,mobile
sess_00010439,,2026-05-20 18:37:08,227,no_activity,desktop
sess_00010440,,2026-05-20 19:31:32,5,no_activity,desktop
sess_00010441,cust_001154,2026-05-20 11:00:47,1290,timeout,desktop
sess_00010442,cust_002168,2026-05-20 15:23:13,443,no_activity,desktop
sess_00010443,cust_000642,2026-05-20 20:39:00,1,no_activity,desktop
sess_00010444,cust_000653,2026-05-20 17:27:59,324,no_activity,mobile
sess_00010445,,2026-05-20 13:33:30,1712,no_activity,mobile
sess_00010446,,2026-05-20 08:20:42,17,no_activity,desktop
sess_00010447,cust_002028,2026-05-20 20:27:26,600,no_activity,desktop
sess_00010448,,2026-05-20 18:10:03,392,logout,desktop
sess_00010449,,2026-05-20 04:24:13,3765,no_activity,desktop
sess_00010450,cust_002388,2026-05-20 03:34:11,346,no_activity,mobile
sess_00010451,,2026-05-20 05:13:45,1083,no_activity,mobile
sess_00010452,,2026-05-20 12:37:27,813,no_activity,tablet
sess_00010453,cust_002547,2026-05-20 12:35:52,2021,logout,desktop
sess_00010454,,2026-05-20 12:45:09,222,logout,mobile
sess_00010455,cust_001016,2026-05-20 07:41:56,458,no_activity,mobile
sess_00010456,cust_000016,2026-05-20 18:10:09,320,no_activity,desktop
sess_00010457,,2026-05-20 16:05:14,150,timeout,mobile
sess_00010458,cust_000759,2026-05-20 10:59:26,723,no_activity,tablet
sess_00010459,,2026-05-20 12:15:57,3,no_activity,mobile
sess_00010460,,2026-05-20 08:50:33,150,no_activity,desktop
sess_00010461,cust_000054,2026-05-20 15:48:29,641,timeout,mobile
sess_00010462,cust_000330,2026-05-20 11:04:44,5,no_activity,mobile
sess_00010463,cust_002097,2026-05-20 17:38:54,11,no_activity,mobile
sess_00010464,,2026-05-20 19:35:54,334,no_activity,mobile
sess_00010465,cust_002711,2026-05-20 13:40:28,13,no_activity,mobile
sess_00010466,,2026-05-20 16:47:52,549,no_activity,desktop
sess_00010467,,2026-05-20 05:38:58,219,no_activity,mobile
sess_00010468,,2026-05-20 17:04:47,2,no_activity,desktop
sess_00010469,,2026-05-20 20:40:27,317,timeout,desktop
sess_00010470,,2026-05-20 06:14:38,1418,no_activity,desktop
sess_00010471,,2026-05-20 08:49:15,420,timeout,mobile
sess_00010472,cust_001650,2026-05-20 08:14:14,1262,timeout,tablet
sess_00010473,,2026-05-20 22:15:32,198,no_activity,desktop
sess_00010474,cust_002232,2026-05-20 20:30:48,295,no_activity,desktop
sess_00010475,,2026-05-20 20:07:23,8,no_activity,mobile
sess_00010476,cust_000032,2026-05-20 20:43:53,568,no_activity,desktop
sess_00010477,,2026-05-20 20:00:25,161,timeout,mobile
sess_00010478,cust_001066,2026-05-20 19:23:22,1217,no_activity,mobile
sess_00010479,,2026-05-20 11:43:22,19,no_activity,mobile
sess_00010480,,2026-05-20 09:30:07,20,no_activity,mobile
sess_00010481,cust_001811,2026-05-20 21:42:29,1207,no_activity,desktop
sess_00010482,cust_000978,2026-05-20 16:58:54,212,no_activity,mobile
sess_00010483,,2026-05-20 15:26:17,917,no_activity,desktop
sess_00010484,,2026-05-20 11:41:02,141,no_activity,mobile
sess_00010485,,2026-05-20 18:43:30,1912,no_activity,desktop
sess_00010486,cust_002181,2026-05-20 11:54:09,43,timeout,desktop
sess_00010487,,2026-05-20 14:03:50,175,no_activity,mobile
sess_00010488,,2026-05-20 07:57:30,16,no_activity,desktop
sess_00010489,cust_000248,2026-05-20 17:17:43,492,no_activity,desktop
sess_00010490,cust_001654,2026-05-20 09:28:42,49,no_activity,desktop
sess_00010491,,2026-05-20 09:16:49,197,timeout,mobile
sess_00010492,cust_002680,2026-05-20 07:07:43,2598,timeout,desktop
sess_00010493,,2026-05-20 13:56:43,176,no_activity,mobile
sess_00010494,,2026-05-20 15:53:27,1065,no_activity,tablet
sess_00010495,cust_002405,2026-05-20 10:00:39,368,no_activity,desktop
sess_00010496,cust_000623,2026-05-20 11:34:36,76,no_activity,desktop
sess_00010497,,2026-05-20 22:07:36,1832,no_activity,mobile
sess_00010498,cust_000527,2026-05-20 10:34:49,2072,no_activity,mobile
sess_00010499,cust_000844,2026-05-20 21:06:33,462,no_activity,desktop
sess_00010500,,2026-05-20 21:34:39,628,no_activity,mobile
sess_00010501,,2026-05-20 18:09:19,21,no_activity,desktop
sess_00010502,,2026-05-20 14:48:33,487,no_activity,desktop
sess_00010503,cust_002750,2026-05-20 10:35:27,231,logout,desktop
sess_00010504,,2026-05-20 12:28:50,3,no_activity,mobile
sess_00010505,,2026-05-20 08:30:02,508,timeout,desktop
sess_00010506,,2026-05-20 17:22:00,275,no_activity,desktop
sess_00010507,cust_001679,2026-05-20 17:26:52,18,no_activity,mobile
sess_00010508,cust_000554,2026-05-20 16:26:21,159,no_activity,mobile
sess_00010509,cust_000589,2026-05-20 18:49:48,263,timeout,desktop
sess_00010510,cust_002764,2026-05-20 07:25:48,180,no_activity,desktop
sess_00010511,,2026-05-20 23:49:16,2621,no_activity,desktop
sess_00010512,,2026-05-20 20:11:44,275,no_activity,mobile
sess_00010513,,2026-05-20 16:34:51,668,no_activity,desktop
sess_00010514,cust_001047,2026-05-20 10:57:37,352,logout,desktop
sess_00010515,,2026-05-20 11:43:22,348,no_activity,desktop
sess_00010516,cust_000027,2026-05-20 09:27:05,348,no_activity,desktop
sess_00010517,,2026-05-20 13:05:22,866,no_activity,desktop
sess_00010518,cust_002589,2026-05-20 08:34:29,279,timeout,mobile
sess_00010519,,2026-05-20 10:48:14,188,no_activity,desktop
sess_00010520,,2026-05-20 12:40:57,7,no_activity,desktop
sess_00010521,,2026-05-20 20:25:25,265,no_activity,mobile
sess_00010522,cust_001872,2026-05-20 18:42:15,116,no_activity,mobile
sess_00010523,,2026-05-20 20:31:40,336,no_activity,desktop
sess_00010524,cust_001487,2026-05-20 11:22:07,922,no_activity,desktop
sess_00010525,,2026-05-20 15:35:24,30,no_activity,mobile
sess_00010526,cust_001152,2026-05-20 12:08:35,106,no_activity,mobile
sess_00010527,,2026-05-20 19:05:47,571,no_activity,desktop
sess_00010528,,2026-05-20 13:44:46,266,no_activity,desktop
sess_00010529,cust_002675,2026-05-20 08:51:57,276,no_activity,desktop
sess_00010530,,2026-05-20 15:58:05,28,no_activity,mobile
sess_00010531,,2026-05-20 09:54:38,28,no_activity,desktop
sess_00010532,cust_000255,2026-05-20 16:28:06,266,timeout,mobile
sess_00010533,cust_001559,2026-05-20 13:02:12,260,no_activity,desktop
sess_00010534,cust_000265,2026-05-20 19:35:55,591,no_activity,desktop
sess_00010535,cust_001697,2026-05-20 09:20:45,370,no_activity,desktop
sess_00010536,,2026-05-20 18:41:22,3061,no_activity,mobile
sess_00010537,,2026-05-20 17:01:52,216,no_activity,desktop
sess_00010538,cust_000301,2026-05-20 14:20:34,422,no_activity,mobile
sess_00010539,cust_000388,2026-05-21 11:11:57,249,no_activity,desktop
sess_00010540,,2026-05-21 12:33:30,280,no_activity,desktop
sess_00010541,,2026-05-21 13:31:32,888,no_activity,mobile
sess_00010542,cust_002212,2026-05-21 11:39:18,138,timeout,mobile
sess_00010543,cust_002902,2026-05-21 13:36:27,11,no_activity,desktop
sess_00010544,,2026-05-21 19:31:03,303,no_activity,desktop
sess_00010545,,2026-05-21 19:24:35,166,no_activity,desktop
sess_00010546,cust_002270,2026-05-21 12:12:16,6,no_activity,desktop
sess_00010547,cust_000977,2026-05-21 22:03:19,17,no_activity,desktop
sess_00010548,cust_001309,2026-05-21 08:47:25,25,no_activity,mobile
sess_00010549,cust_001532,2026-05-21 19:52:45,56,timeout,mobile
sess_00010550,,2026-05-21 09:39:25,222,no_activity,desktop
sess_00010551,cust_001739,2026-05-21 14:02:50,61,no_activity,desktop
sess_00010552,,2026-05-21 10:35:52,459,logout,mobile
sess_00010553,,2026-05-21 11:24:14,333,no_activity,mobile
sess_00010554,,2026-05-21 11:11:57,183,no_activity,desktop
sess_00010555,,2026-05-21 15:28:33,6,no_activity,mobile
sess_00010556,,2026-05-21 19:05:15,340,timeout,desktop
sess_00010557,,2026-05-21 07:10:33,1454,no_activity,mobile
sess_00010558,,2026-05-21 09:51:29,402,no_activity,mobile
sess_00010559,cust_002593,2026-05-21 14:51:59,297,timeout,mobile
sess_00010560,cust_000879,2026-05-21 16:52:47,701,no_activity,desktop
sess_00010561,,2026-05-21 17:43:35,104,logout,desktop
sess_00010562,cust_000673,2026-05-21 20:30:35,470,no_activity,desktop
sess_00010563,cust_002971,2026-05-21 16:41:04,1986,logout,desktop
sess_00010564,cust_000498,2026-05-21 13:32:39,26,no_activity,desktop
sess_00010565,cust_002042,2026-05-21 16:04:54,305,no_activity,desktop
sess_00010566,cust_001083,2026-05-21 11:26:08,645,timeout,mobile
sess_00010567,cust_002950,2026-05-21 09:46:17,1062,logout,mobile
sess_00010568,cust_000593,2026-05-21 07:03:54,21,no_activity,desktop
sess_00010569,cust_002745,2026-05-21 22:56:13,27,no_activity,mobile
sess_00010570,,2026-05-21 16:36:59,406,no_activity,mobile
sess_00010571,,2026-05-21 23:27:56,278,logout,mobile
sess_00010572,,2026-05-21 17:29:49,254,no_activity,mobile
sess_00010573,,2026-05-21 05:47:37,2556,no_activity,desktop
sess_00010574,,2026-05-21 07:46:13,265,no_activity,mobile
sess_00010575,,2026-05-21 20:28:52,10,no_activity,mobile
sess_00010576,cust_001732,2026-05-21 12:03:06,284,timeout,desktop
sess_00010577,cust_002113,2026-05-21 05:47:52,2805,timeout,mobile
sess_00010578,cust_000733,2026-05-21 09:56:23,37,no_activity,mobile
sess_00010579,cust_001601,2026-05-21 06:52:36,341,timeout,mobile
sess_00010580,cust_002992,2026-05-21 12:18:49,266,no_activity,desktop
sess_00010581,,2026-05-21 15:12:32,442,no_activity,mobile
sess_00010582,,2026-05-21 15:03:12,265,no_activity,desktop
sess_00010583,,2026-05-21 19:10:05,83,logout,mobile
sess_00010584,,2026-05-21 16:29:46,327,no_activity,desktop
sess_00010585,,2026-05-21 06:32:56,268,no_activity,mobile
sess_00010586,cust_001324,2026-05-21 11:48:48,77,no_activity,desktop
sess_00010587,cust_001952,2026-05-21 09:52:56,861,no_activity,desktop
sess_00010588,cust_001283,2026-05-21 15:10:20,131,no_activity,desktop
sess_00010589,,2026-05-21 07:10:35,323,no_activity,mobile
sess_00010590,cust_001081,2026-05-21 08:45:38,77,no_activity,mobile
sess_00010591,,2026-05-21 05:12:23,121,no_activity,tablet
sess_00010592,cust_002731,2026-05-21 20:38:04,693,timeout,desktop
sess_00010593,,2026-05-21 19:21:55,9,no_activity,desktop
sess_00010594,cust_001292,2026-05-21 18:34:25,379,no_activity,desktop
sess_00010595,,2026-05-21 14:51:03,108,no_activity,mobile
sess_00010596,,2026-05-21 04:02:19,294,timeout,desktop
sess_00010597,cust_001806,2026-05-21 09:35:36,237,no_activity,desktop
sess_00010598,cust_001474,2026-05-21 19:23:57,13,no_activity,mobile
sess_00010599,,2026-05-21 11:55:45,327,no_activity,mobile
sess_00010600,,2026-05-21 21:20:17,406,no_activity,desktop
sess_00010601,cust_001318,2026-05-21 19:33:16,3467,no_activity,mobile
sess_00010602,,2026-05-21 13:11:29,207,timeout,desktop
sess_00010603,cust_000937,2026-05-21 15:53:55,573,no_activity,mobile
sess_00010604,,2026-05-21 21:08:28,1299,no_activity,desktop
sess_00010605,cust_001056,2026-05-21 09:54:43,989,timeout,desktop
sess_00010606,,2026-05-21 12:54:11,9,no_activity,desktop
sess_00010607,cust_001388,2026-05-21 09:45:26,158,no_activity,tablet
sess_00010608,,2026-05-21 19:10:32,1408,no_activity,mobile
sess_00010609,,2026-05-21 10:56:09,362,no_activity,mobile
sess_00010610,,2026-05-21 10:04:49,3898,timeout,desktop
sess_00010611,,2026-05-21 11:09:13,26,no_activity,desktop
sess_00010612,cust_000434,2026-05-21 13:34:41,20,no_activity,desktop
sess_00010613,,2026-05-21 15:39:48,1161,no_activity,desktop
sess_00010614,,2026-05-21 08:34:11,88,no_activity,desktop
sess_00010615,,2026-05-21 19:28:58,521,no_activity,desktop
sess_00010616,cust_001967,2026-05-21 17:55:51,2,no_activity,desktop
sess_00010617,cust_001511,2026-05-21 13:05:59,5,no_activity,desktop
sess_00010618,cust_002516,2026-05-21 10:26:30,197,no_activity,desktop
sess_00010619,cust_002968,2026-05-21 17:52:48,11,no_activity,desktop
sess_00010620,,2026-05-21 13:32:59,757,timeout,mobile
sess_00010621,cust_001535,2026-05-21 14:38:26,430,timeout,mobile
sess_00010622,,2026-05-21 22:33:41,948,no_activity,mobile
sess_00010623,,2026-05-21 12:19:36,19,no_activity,desktop
sess_00010624,,2026-05-21 20:52:39,177,no_activity,desktop
sess_00010625,,2026-05-21 17:55:31,63,timeout,mobile
sess_00010626,cust_000380,2026-05-21 16:29:26,550,no_activity,desktop
sess_00010627,cust_000017,2026-05-21 08:59:02,101,no_activity,mobile
sess_00010628,cust_000771,2026-05-21 10:19:27,7,no_activity,desktop
sess_00010629,cust_000243,2026-05-21 20:13:40,295,no_activity,mobile
sess_00010630,cust_000280,2026-05-21 13:10:30,650,timeout,desktop
sess_00010631,,2026-05-21 15:36:29,294,no_activity,mobile
sess_00010632,cust_000352,2026-05-21 16:12:49,249,no_activity,desktop
sess_00010633,cust_000716,2026-05-21 18:11:01,1938,no_activity,desktop
sess_00010634,cust_002657,2026-05-21 10:27:12,20,timeout,mobile
sess_00010635,,2026-05-21 13:51:47,1004,no_activity,desktop
sess_00010636,cust_000001,2026-05-21 17:33:37,315,timeout,mobile
sess_00010637,cust_001313,2026-05-21 18:09:31,171,no_activity,desktop
sess_00010638,,2026-05-21 17:10:39,564,no_activity,desktop
sess_00010639,,2026-05-22 12:03:28,592,no_activity,desktop
sess_00010640,cust_001968,2026-05-22 21:26:12,146,logout,mobile
sess_00010641,,2026-05-22 13:09:41,89,no_activity,desktop
sess_00010642,,2026-05-22 14:09:19,429,no_activity,mobile
sess_00010643,,2026-05-22 20:52:23,22,no_activity,desktop
sess_00010644,,2026-05-22 00:42:51,47,no_activity,desktop
sess_00010645,,2026-05-22 18:32:52,284,no_activity,desktop
sess_00010646,,2026-05-22 15:29:37,632,no_activity,tablet
sess_00010647,,2026-05-22 16:39:35,644,timeout,desktop
sess_00010648,,2026-05-22 10:36:43,589,no_activity,mobile
sess_00010649,,2026-05-22 17:02:18,290,timeout,desktop
sess_00010650,cust_002567,2026-05-22 15:53:46,124,no_activity,desktop
sess_00010651,cust_000176,2026-05-22 19:37:56,645,no_activity,mobile
sess_00010652,cust_000119,2026-05-22 13:16:28,239,timeout,desktop
sess_00010653,,2026-05-22 12:44:27,148,no_activity,desktop
sess_00010654,cust_002152,2026-05-22 11:07:09,152,no_activity,desktop
sess_00010655,cust_000963,2026-05-22 10:14:57,390,no_activity,desktop
sess_00010656,cust_002277,2026-05-22 20:29:13,738,timeout,mobile
sess_00010657,cust_000458,2026-05-22 16:23:11,202,no_activity,desktop
sess_00010658,cust_002989,2026-05-22 19:02:27,1364,no_activity,desktop
sess_00010659,,2026-05-22 08:47:15,344,no_activity,desktop
sess_00010660,cust_000910,2026-05-22 14:18:14,250,no_activity,mobile
sess_00010661,cust_001946,2026-05-22 12:55:27,3329,no_activity,mobile
sess_00010662,,2026-05-22 14:13:41,297,timeout,desktop
sess_00010663,,2026-05-22 18:53:42,150,no_activity,mobile
sess_00010664,,2026-05-22 09:29:09,559,no_activity,desktop
sess_00010665,cust_002558,2026-05-22 10:12:36,214,no_activity,mobile
sess_00010666,,2026-05-22 17:42:00,335,no_activity,mobile
sess_00010667,,2026-05-22 20:39:58,14,no_activity,desktop
sess_00010668,cust_000562,2026-05-22 00:16:51,890,no_activity,mobile
sess_00010669,,2026-05-22 19:06:43,823,timeout,desktop
sess_00010670,cust_001885,2026-05-22 18:19:03,671,no_activity,mobile
sess_00010671,,2026-05-22 21:16:33,263,timeout,mobile
sess_00010672,cust_002948,2026-05-22 10:19:01,514,no_activity,desktop
sess_00010673,cust_000693,2026-05-22 18:38:10,674,timeout,desktop
sess_00010674,,2026-05-22 18:44:46,116,no_activity,desktop
sess_00010675,cust_000525,2026-05-22 16:11:54,25,no_activity,desktop
sess_00010676,,2026-05-22 19:47:17,555,no_activity,mobile
sess_00010677,cust_002825,2026-05-22 20:16:13,1639,no_activity,mobile
sess_00010678,,2026-05-22 08:02:20,363,no_activity,desktop
sess_00010679,,2026-05-22 02:20:08,316,no_activity,mobile
sess_00010680,,2026-05-22 19:54:25,12,no_activity,desktop
sess_00010681,,2026-05-22 17:46:59,532,no_activity,desktop
sess_00010682,cust_001891,2026-05-22 10:57:36,137,no_activity,mobile
sess_00010683,,2026-05-22 19:57:33,136,no_activity,mobile
sess_00010684,,2026-05-22 20:03:53,155,no_activity,desktop
sess_00010685,cust_002786,2026-05-22 07:57:28,266,no_activity,mobile
sess_00010686,cust_001344,2026-05-22 17:25:53,996,no_activity,desktop
sess_00010687,,2026-05-22 21:27:45,112,timeout,desktop
sess_00010688,cust_002373,2026-05-22 23:33:11,46,no_activity,desktop
sess_00010689,cust_002702,2026-05-22 11:14:54,447,timeout,desktop
sess_00010690,,2026-05-22 22:26:07,149,timeout,desktop
sess_00010691,,2026-05-22 19:25:57,229,no_activity,desktop
sess_00010692,cust_000077,2026-05-22 11:17:43,17,no_activity,desktop
sess_00010693,,2026-05-22 14:20:33,2552,no_activity,mobile
sess_00010694,cust_002358,2026-05-22 20:08:23,157,no_activity,desktop
sess_00010695,cust_001392,2026-05-22 15:48:22,295,logout,desktop
sess_00010696,,2026-05-22 10:54:32,664,timeout,mobile
sess_00010697,cust_000668,2026-05-22 17:31:11,358,no_activity,desktop
sess_00010698,,2026-05-22 11:36:40,1712,no_activity,mobile
sess_00010699,,2026-05-22 12:01:16,196,no_activity,desktop
sess_00010700,,2026-05-22 00:03:02,612,no_activity,desktop
sess_00010701,,2026-05-22 22:01:07,625,logout,desktop
sess_00010702,,2026-05-22 19:32:18,2316,no_activity,desktop
sess_00010703,cust_002597,2026-05-22 18:53:20,321,no_activity,desktop
sess_00010704,,2026-05-22 17:13:12,207,timeout,desktop
sess_00010705,cust_000049,2026-05-22 14:24:21,374,timeout,mobile
sess_00010706,cust_002274,2026-05-22 17:35:13,594,no_activity,mobile
sess_00010707,,2026-05-22 17:59:34,1648,no_activity,mobile
sess_00010708,,2026-05-22 21:34:34,1204,no_activity,desktop
sess_00010709,cust_000013,2026-05-22 18:36:56,810,no_activity,mobile
sess_00010710,,2026-05-22 18:39:06,1544,no_activity,desktop
sess_00010711,cust_001946,2026-05-22 11:06:49,546,timeout,mobile
sess_00010712,,2026-05-22 13:17:07,723,no_activity,mobile
sess_00010713,,2026-05-22 19:36:38,4,no_activity,desktop
sess_00010714,cust_000796,2026-05-22 18:36:25,537,no_activity,mobile
sess_00010715,,2026-05-22 07:50:28,805,no_activity,desktop
sess_00010716,,2026-05-22 17:08:38,207,logout,mobile
sess_00010717,,2026-05-22 14:17:50,15,no_activity,desktop
sess_00010718,,2026-05-22 22:59:49,942,no_activity,mobile
sess_00010719,,2026-05-22 08:06:06,955,no_activity,desktop
sess_00010720,,2026-05-22 21:48:00,20,no_activity,mobile
sess_00010721,,2026-05-22 17:30:11,1562,timeout,mobile
sess_00010722,,2026-05-22 15:37:06,3,no_activity,desktop
sess_00010723,cust_000907,2026-05-22 09:50:32,648,no_activity,mobile
sess_00010724,cust_001186,2026-05-22 07:49:53,247,no_activity,mobile
sess_00010725,cust_000663,2026-05-22 17:14:07,2895,no_activity,desktop
sess_00010726,cust_002830,2026-05-22 15:57:22,3761,no_activity,mobile
sess_00010727,,2026-05-22 17:02:00,1400,timeout,desktop
sess_00010728,cust_000036,2026-05-22 14:23:14,71,no_activity,tablet
sess_00010729,cust_000997,2026-05-22 17:16:07,589,logout,mobile
sess_00010730,,2026-05-22 19:27:10,1650,timeout,desktop
sess_00010731,cust_001543,2026-05-22 19:07:51,749,no_activity,tablet
sess_00010732,cust_001438,2026-05-22 08:08:08,1113,logout,desktop
sess_00010733,,2026-05-22 15:36:51,13,no_activity,desktop
sess_00010734,cust_002067,2026-05-22 10:14:23,631,no_activity,desktop
sess_00010735,,2026-05-22 14:09:04,169,no_activity,mobile
sess_00010736,,2026-05-22 21:33:42,448,no_activity,desktop
sess_00010737,,2026-05-22 17:51:54,556,no_activity,mobile
sess_00010738,,2026-05-22 19:03:49,184,no_activity,desktop
sess_00010739,,2026-05-22 17:15:19,436,no_activity,desktop
sess_00010740,cust_001665,2026-05-22 18:17:12,146,no_activity,desktop
sess_00010741,,2026-05-22 17:57:44,526,no_activity,desktop
sess_00010742,cust_002296,2026-05-22 09:43:58,15,no_activity,desktop
sess_00010743,,2026-05-22 13:40:11,639,no_activity,desktop
sess_00010744,,2026-05-23 17:54:27,934,logout,desktop
sess_00010745,,2026-05-23 13:25:53,140,no_activity,desktop
sess_00010746,,2026-05-23 19:02:35,23,no_activity,desktop
sess_00010747,,2026-05-23 13:40:59,331,no_activity,mobile
sess_00010748,,2026-05-23 11:03:59,1774,timeout,mobile
sess_00010749,cust_002890,2026-05-23 05:26:40,483,no_activity,desktop
sess_00010750,,2026-05-23 08:04:33,884,logout,desktop
sess_00010751,,2026-05-23 16:33:37,18,no_activity,desktop
sess_00010752,,2026-05-23 09:46:02,1621,no_activity,mobile
sess_00010753,,2026-05-23 07:01:54,264,no_activity,mobile
sess_00010754,,2026-05-23 10:02:12,635,logout,mobile
sess_00010755,cust_000792,2026-05-23 18:58:56,99,no_activity,desktop
sess_00010756,cust_000896,2026-05-23 11:53:59,1890,timeout,tablet
sess_00010757,,2026-05-23 16:45:50,6,no_activity,mobile
sess_00010758,cust_001625,2026-05-23 17:04:48,23,no_activity,mobile
sess_00010759,cust_000822,2026-05-23 17:39:33,151,no_activity,mobile
sess_00010760,,2026-05-23 07:11:06,272,no_activity,desktop
sess_00010761,,2026-05-23 09:26:53,50,no_activity,desktop
sess_00010762,,2026-05-23 13:00:33,7,no_activity,desktop
sess_00010763,cust_002678,2026-05-23 23:39:16,97,no_activity,mobile
sess_00010764,cust_002311,2026-05-23 20:11:09,164,logout,desktop
sess_00010765,cust_003000,2026-05-23 12:42:05,1030,no_activity,desktop
sess_00010766,cust_002474,2026-05-23 01:24:22,83,timeout,desktop
sess_00010767,,2026-05-23 14:31:05,3,no_activity,mobile
sess_00010768,,2026-05-23 18:26:02,1009,no_activity,mobile
sess_00010769,cust_002400,2026-05-23 17:17:33,526,timeout,tablet
sess_00010770,cust_000267,2026-05-23 21:03:58,430,no_activity,mobile
sess_00010771,cust_002862,2026-05-23 08:50:11,380,no_activity,desktop
sess_00010772,,2026-05-23 19:00:55,174,no_activity,desktop
sess_00010773,,2026-05-23 12:58:43,111,no_activity,desktop
sess_00010774,cust_000335,2026-05-23 13:52:18,21,no_activity,desktop
sess_00010775,cust_002371,2026-05-23 10:26:43,173,no_activity,desktop
sess_00010776,,2026-05-23 08:03:33,146,no_activity,mobile
sess_00010777,cust_001594,2026-05-23 07:16:19,333,no_activity,desktop
sess_00010778,cust_001301,2026-05-23 18:53:47,139,no_activity,mobile
sess_00010779,cust_002324,2026-05-23 18:01:07,186,timeout,mobile
sess_00010780,,2026-05-23 15:46:40,235,no_activity,mobile
sess_00010781,cust_001181,2026-05-23 18:00:12,207,timeout,mobile
sess_00010782,,2026-05-23 19:25:50,2144,timeout,mobile
sess_00010783,cust_002840,2026-05-23 14:11:18,19,no_activity,mobile
sess_00010784,,2026-05-23 17:03:10,478,no_activity,mobile
sess_00010785,cust_002583,2026-05-23 15:46:34,1963,no_activity,mobile
sess_00010786,,2026-05-23 14:13:37,114,no_activity,desktop
sess_00010787,,2026-05-23 20:04:32,216,no_activity,desktop
sess_00010788,cust_001721,2026-05-23 19:34:09,214,no_activity,desktop
sess_00010789,,2026-05-23 18:05:11,668,no_activity,desktop
sess_00010790,cust_001430,2026-05-23 17:49:33,749,timeout,mobile
sess_00010791,cust_000263,2026-05-23 08:31:06,17,no_activity,tablet
sess_00010792,,2026-05-23 17:56:18,717,no_activity,desktop
sess_00010793,,2026-05-23 05:07:11,1483,no_activity,mobile
sess_00010794,,2026-05-23 21:34:32,21,no_activity,desktop
sess_00010795,,2026-05-23 15:32:08,370,timeout,desktop
sess_00010796,cust_000707,2026-05-23 22:20:45,28,no_activity,mobile
sess_00010797,,2026-05-23 09:49:23,62,logout,desktop
sess_00010798,,2026-05-23 13:28:30,223,no_activity,desktop
sess_00010799,,2026-05-23 12:50:07,2278,no_activity,desktop
sess_00010800,,2026-05-23 06:32:50,787,timeout,desktop
sess_00010801,,2026-05-23 15:18:36,2167,no_activity,desktop
sess_00010802,cust_000734,2026-05-23 11:02:59,258,no_activity,desktop
sess_00010803,,2026-05-23 17:50:24,27,no_activity,desktop
sess_00010804,,2026-05-23 07:59:43,19,no_activity,desktop
sess_00010805,,2026-05-23 19:14:37,306,timeout,desktop
sess_00010806,,2026-05-23 16:10:20,488,no_activity,desktop
sess_00010807,cust_000048,2026-05-23 15:11:24,458,no_activity,desktop
sess_00010808,,2026-05-23 18:54:06,379,no_activity,desktop
sess_00010809,cust_002563,2026-05-23 16:04:15,668,no_activity,desktop
sess_00010810,,2026-05-23 14:39:45,366,no_activity,desktop
sess_00010811,cust_002017,2026-05-23 08:34:06,149,logout,desktop
sess_00010812,cust_000704,2026-05-23 18:44:10,1769,no_activity,desktop
sess_00010813,,2026-05-23 16:44:27,1128,timeout,desktop
sess_00010814,,2026-05-23 16:56:52,299,no_activity,mobile
sess_00010815,cust_000330,2026-05-23 06:39:18,18,no_activity,desktop
sess_00010816,cust_000340,2026-05-23 16:47:57,424,no_activity,desktop
sess_00010817,,2026-05-23 14:05:16,940,timeout,mobile
sess_00010818,cust_002233,2026-05-23 12:20:27,277,no_activity,desktop
sess_00010819,,2026-05-23 12:27:22,1249,no_activity,mobile
sess_00010820,cust_000402,2026-05-23 15:30:49,644,timeout,mobile
sess_00010821,,2026-05-23 12:56:04,1247,no_activity,desktop
sess_00010822,,2026-05-23 08:41:11,327,timeout,desktop
sess_00010823,cust_002125,2026-05-23 22:35:49,102,no_activity,desktop
sess_00010824,cust_002160,2026-05-23 07:18:06,323,timeout,mobile
sess_00010825,cust_002287,2026-05-23 19:24:59,517,no_activity,desktop
sess_00010826,,2026-05-23 19:33:19,11,no_activity,mobile
sess_00010827,,2026-05-23 15:13:42,515,no_activity,mobile
sess_00010828,,2026-05-23 11:39:20,858,no_activity,mobile
sess_00010829,cust_001620,2026-05-23 19:31:51,567,timeout,desktop
sess_00010830,cust_000612,2026-05-24 21:06:09,171,no_activity,tablet
sess_00010831,,2026-05-24 13:13:21,424,no_activity,mobile
sess_00010832,cust_001884,2026-05-24 08:40:27,74,timeout,desktop
sess_00010833,cust_000280,2026-05-24 10:39:26,240,no_activity,mobile
sess_00010834,,2026-05-24 12:12:08,439,no_activity,desktop
sess_00010835,,2026-05-24 15:55:03,295,no_activity,desktop
sess_00010836,cust_001860,2026-05-24 11:07:05,30,no_activity,mobile
sess_00010837,,2026-05-24 17:36:18,382,no_activity,mobile
sess_00010838,cust_000536,2026-05-24 13:22:34,650,no_activity,desktop
sess_00010839,cust_001115,2026-05-24 18:08:12,119,no_activity,desktop
sess_00010840,,2026-05-24 10:19:09,337,no_activity,desktop
sess_00010841,,2026-05-24 17:39:15,814,logout,desktop
sess_00010842,,2026-05-24 20:23:58,579,timeout,desktop
sess_00010843,,2026-05-24 16:37:37,406,timeout,desktop
sess_00010844,,2026-05-24 12:59:40,294,no_activity,desktop
sess_00010845,cust_001574,2026-05-24 16:40:26,60,timeout,mobile
sess_00010846,cust_002684,2026-05-24 11:22:06,13,no_activity,desktop
sess_00010847,cust_002255,2026-05-24 19:44:08,127,timeout,mobile
sess_00010848,cust_000142,2026-05-24 10:34:57,336,no_activity,desktop
sess_00010849,,2026-05-24 09:23:20,839,no_activity,desktop
sess_00010850,,2026-05-24 11:02:12,438,no_activity,mobile
sess_00010851,,2026-05-24 16:03:52,335,no_activity,desktop
sess_00010852,cust_002673,2026-05-24 01:23:06,533,no_activity,desktop
sess_00010853,,2026-05-24 19:38:09,372,no_activity,desktop
sess_00010854,,2026-05-24 14:38:17,156,no_activity,desktop
sess_00010855,,2026-05-24 01:21:54,222,no_activity,mobile
sess_00010856,,2026-05-24 21:41:23,325,no_activity,desktop
sess_00010857,,2026-05-24 09:11:33,479,timeout,mobile
sess_00010858,,2026-05-24 22:05:38,321,no_activity,desktop
sess_00010859,cust_000582,2026-05-24 22:42:50,1019,no_activity,desktop
sess_00010860,,2026-05-24 03:21:36,27,no_activity,mobile
sess_00010861,,2026-05-24 15:06:21,41,no_activity,desktop
sess_00010862,cust_002498,2026-05-24 04:45:43,108,timeout,mobile
sess_00010863,,2026-05-24 07:46:48,834,no_activity,mobile
sess_00010864,cust_000219,2026-05-24 17:00:41,25,no_activity,desktop
sess_00010865,cust_002450,2026-05-24 10:32:52,1559,timeout,mobile
sess_00010866,cust_002140,2026-05-24 10:45:09,194,no_activity,desktop
sess_00010867,cust_000537,2026-05-24 15:37:50,252,no_activity,mobile
sess_00010868,,2026-05-24 10:24:05,1219,timeout,mobile
sess_00010869,,2026-05-24 10:48:18,1484,no_activity,mobile
sess_00010870,cust_000008,2026-05-24 16:57:50,905,no_activity,desktop
sess_00010871,cust_000496,2026-05-24 17:17:46,300,no_activity,desktop
sess_00010872,,2026-05-24 21:46:18,16,no_activity,desktop
sess_00010873,,2026-05-24 17:57:52,85,no_activity,desktop
sess_00010874,cust_000744,2026-05-24 19:36:20,2549,no_activity,desktop
sess_00010875,,2026-05-24 10:58:52,119,no_activity,desktop
sess_00010876,,2026-05-24 17:24:31,349,no_activity,mobile
sess_00010877,,2026-05-24 18:28:20,1110,no_activity,mobile
sess_00010878,,2026-05-24 02:17:18,9,no_activity,desktop
sess_00010879,,2026-05-24 17:56:03,491,no_activity,desktop
sess_00010880,cust_000957,2026-05-24 19:15:16,582,no_activity,desktop
sess_00010881,,2026-05-24 18:01:17,831,no_activity,mobile
sess_00010882,cust_000992,2026-05-24 18:31:09,178,no_activity,desktop
sess_00010883,cust_001053,2026-05-24 20:27:30,523,no_activity,mobile
sess_00010884,cust_000219,2026-05-24 19:03:10,197,no_activity,tablet
sess_00010885,,2026-05-24 05:31:06,631,no_activity,desktop
sess_00010886,cust_002470,2026-05-24 07:16:26,27,no_activity,desktop
sess_00010887,cust_002774,2026-05-24 19:07:43,271,timeout,mobile
sess_00010888,,2026-05-24 12:19:49,630,timeout,mobile
sess_00010889,,2026-05-24 15:36:50,19,no_activity,mobile
sess_00010890,,2026-05-24 20:50:33,181,no_activity,mobile
sess_00010891,,2026-05-24 11:13:36,401,no_activity,mobile
sess_00010892,cust_002480,2026-05-24 18:30:44,93,no_activity,desktop
sess_00010893,cust_002008,2026-05-24 13:34:47,130,no_activity,tablet
sess_00010894,,2026-05-24 17:24:33,49,no_activity,desktop
sess_00010895,cust_001259,2026-05-24 18:20:52,371,no_activity,mobile
sess_00010896,,2026-05-24 20:43:14,274,no_activity,mobile
sess_00010897,cust_001774,2026-05-24 05:21:11,4636,timeout,mobile
sess_00010898,,2026-05-24 13:23:39,77,no_activity,mobile
sess_00010899,,2026-05-24 17:32:55,191,no_activity,desktop
sess_00010900,,2026-05-24 10:10:13,732,no_activity,mobile
sess_00010901,cust_001149,2026-05-24 18:45:37,23,no_activity,tablet
sess_00010902,cust_001033,2026-05-24 15:32:14,13,no_activity,desktop
sess_00010903,,2026-05-24 16:56:36,98,no_activity,desktop
sess_00010904,cust_000821,2026-05-24 17:31:21,1563,no_activity,desktop
sess_00010905,cust_001254,2026-05-24 07:16:06,9,no_activity,desktop
sess_00010906,,2026-05-24 15:23:03,151,timeout,desktop
sess_00010907,,2026-05-24 04:58:51,123,logout,mobile
sess_00010908,,2026-05-24 17:57:17,486,no_activity,desktop
sess_00010909,cust_002825,2026-05-24 12:44:15,38,no_activity,desktop
sess_00010910,cust_002233,2026-05-24 20:56:18,274,no_activity,desktop
sess_00010911,,2026-05-24 13:50:25,1667,timeout,desktop
sess_00010912,,2026-05-24 19:00:41,2273,timeout,desktop
sess_00010913,cust_002493,2026-05-24 09:11:54,1274,no_activity,mobile
sess_00010914,cust_000485,2026-05-24 17:04:29,738,no_activity,desktop
sess_00010915,cust_001836,2026-05-24 21:43:43,4,no_activity,desktop
sess_00010916,cust_000933,2026-05-24 15:15:29,29,no_activity,mobile
sess_00010917,cust_002114,2026-05-24 21:35:22,220,no_activity,desktop
sess_00010918,,2026-05-24 15:48:55,144,timeout,desktop
sess_00010919,,2026-05-24 18:39:16,777,no_activity,desktop
sess_00010920,,2026-05-24 14:04:58,725,no_activity,desktop
sess_00010921,cust_002036,2026-05-24 10:49:08,114,no_activity,desktop
sess_00010922,cust_000827,2026-05-24 16:16:01,198,no_activity,desktop
sess_00010923,cust_002675,2026-05-24 16:38:53,98,timeout,mobile
sess_00010924,,2026-05-24 12:03:17,13,no_activity,mobile
sess_00010925,cust_001630,2026-05-24 23:26:35,576,no_activity,desktop
sess_00010926,,2026-05-24 18:41:15,247,no_activity,mobile
sess_00010927,,2026-05-24 09:25:18,1250,no_activity,mobile
sess_00010928,,2026-05-25 15:19:11,41,no_activity,mobile
sess_00010929,cust_001159,2026-05-25 07:18:27,1460,no_activity,mobile
sess_00010930,cust_001276,2026-05-25 18:46:58,111,no_activity,desktop
sess_00010931,cust_000952,2026-05-25 14:50:52,202,no_activity,mobile
sess_00010932,,2026-05-25 15:34:20,317,no_activity,mobile
sess_00010933,,2026-05-25 19:59:13,18,no_activity,mobile
sess_00010934,,2026-05-25 13:08:44,1428,no_activity,desktop
sess_00010935,,2026-05-25 16:12:42,1218,timeout,tablet
sess_00010936,,2026-05-25 09:06:54,30,no_activity,mobile
sess_00010937,cust_000459,2026-05-25 08:17:50,2950,logout,mobile
sess_00010938,,2026-05-25 19:42:59,48,timeout,desktop
sess_00010939,,2026-05-25 12:06:49,171,no_activity,desktop
sess_00010940,,2026-05-25 18:44:37,18,no_activity,desktop
sess_00010941,,2026-05-25 09:18:45,12,no_activity,desktop
sess_00010942,cust_001372,2026-05-25 12:41:51,472,no_activity,desktop
sess_00010943,,2026-05-25 10:20:53,207,no_activity,desktop
sess_00010944,cust_002937,2026-05-25 22:02:12,638,no_activity,mobile
sess_00010945,,2026-05-25 10:50:58,3,no_activity,mobile
sess_00010946,,2026-05-25 17:40:15,21,no_activity,mobile
sess_00010947,,2026-05-25 10:24:44,470,no_activity,desktop
sess_00010948,cust_002419,2026-05-25 18:40:34,172,no_activity,mobile
sess_00010949,cust_001178,2026-05-25 13:06:36,190,no_activity,desktop
sess_00010950,,2026-05-25 18:58:11,24,no_activity,mobile
sess_00010951,cust_002524,2026-05-25 09:41:50,1534,timeout,desktop
sess_00010952,cust_000566,2026-05-25 12:21:26,8,no_activity,desktop
sess_00010953,,2026-05-25 15:13:09,338,no_activity,mobile
sess_00010954,,2026-05-25 22:52:32,989,no_activity,desktop
sess_00010955,,2026-05-25 14:54:51,409,logout,mobile
sess_00010956,cust_002418,2026-05-25 19:31:38,322,no_activity,mobile
sess_00010957,cust_002066,2026-05-25 19:40:46,1403,no_activity,mobile
sess_00010958,cust_002412,2026-05-25 23:31:24,593,timeout,desktop
sess_00010959,cust_001113,2026-05-25 11:38:51,239,no_activity,desktop
sess_00010960,,2026-05-25 16:15:54,437,no_activity,desktop
sess_00010961,,2026-05-25 11:19:58,310,logout,desktop
sess_00010962,cust_000929,2026-05-25 20:35:51,18,no_activity,desktop
sess_00010963,cust_000269,2026-05-25 10:46:45,1139,no_activity,desktop
sess_00010964,,2026-05-25 19:05:36,323,no_activity,desktop
sess_00010965,,2026-05-25 09:26:05,327,logout,desktop
sess_00010966,,2026-05-25 11:31:17,246,no_activity,tablet
sess_00010967,cust_000099,2026-05-25 11:25:20,625,no_activity,desktop
sess_00010968,cust_002878,2026-05-25 21:24:59,611,no_activity,desktop
sess_00010969,,2026-05-25 16:05:02,21,no_activity,desktop
sess_00010970,cust_002921,2026-05-25 08:15:40,169,no_activity,desktop
sess_00010971,cust_000312,2026-05-25 20:30:54,1671,no_activity,mobile
sess_00010972,,2026-05-25 05:33:05,10,no_activity,desktop
sess_00010973,cust_001580,2026-05-25 10:38:45,13,no_activity,mobile
sess_00010974,cust_001136,2026-05-25 16:20:24,841,no_activity,mobile
sess_00010975,cust_001542,2026-05-25 15:25:05,13,no_activity,desktop
sess_00010976,cust_001107,2026-05-25 22:47:53,209,no_activity,mobile
sess_00010977,,2026-05-25 20:03:39,3104,no_activity,desktop
sess_00010978,cust_000853,2026-05-25 17:57:11,698,no_activity,desktop
sess_00010979,cust_002283,2026-05-25 21:52:04,19,no_activity,desktop
sess_00010980,,2026-05-25 15:27:44,1147,no_activity,mobile
sess_00010981,,2026-05-25 12:23:50,301,no_activity,tablet
sess_00010982,cust_001392,2026-05-25 10:46:04,59,no_activity,mobile
sess_00010983,,2026-05-25 20:23:50,187,no_activity,mobile
sess_00010984,cust_001519,2026-05-25 10:10:28,6,no_activity,mobile
sess_00010985,cust_001999,2026-05-25 18:49:38,689,no_activity,desktop
sess_00010986,cust_000225,2026-05-25 19:12:39,181,no_activity,mobile
sess_00010987,cust_001914,2026-05-25 08:09:20,1291,no_activity,desktop
sess_00010988,,2026-05-25 18:03:48,13,no_activity,mobile
sess_00010989,cust_000293,2026-05-25 15:30:09,135,no_activity,mobile
sess_00010990,,2026-05-25 14:10:55,480,no_activity,desktop
sess_00010991,,2026-05-25 11:18:36,295,logout,desktop
sess_00010992,cust_002819,2026-05-25 03:26:14,324,no_activity,desktop
sess_00010993,,2026-05-25 17:59:31,339,no_activity,mobile
sess_00010994,,2026-05-25 16:52:15,1044,no_activity,mobile
sess_00010995,,2026-05-25 11:40:41,680,no_activity,mobile
sess_00010996,,2026-05-25 15:59:47,164,no_activity,desktop
sess_00010997,,2026-05-25 19:02:06,327,no_activity,tablet
sess_00010998,,2026-05-25 12:35:01,3,no_activity,mobile
sess_00010999,,2026-05-25 15:33:08,4,no_activity,desktop
sess_00011000,,2026-05-25 18:32:18,415,no_activity,mobile
sess_00011001,,2026-05-25 22:26:02,278,no_activity,mobile
sess_00011002,cust_002366,2026-05-25 15:11:59,23,no_activity,mobile
sess_00011003,,2026-05-25 10:56:27,19,no_activity,desktop
sess_00011004,,2026-05-25 12:51:42,70,no_activity,desktop
sess_00011005,cust_000020,2026-05-25 09:43:42,823,no_activity,tablet
sess_00011006,cust_002604,2026-05-25 12:32:47,501,no_activity,mobile
sess_00011007,cust_002224,2026-05-25 14:49:45,56,no_activity,desktop
sess_00011008,,2026-05-25 13:26:18,599,no_activity,desktop
sess_00011009,cust_000214,2026-05-25 08:35:30,205,no_activity,mobile
sess_00011010,cust_001338,2026-05-25 18:02:57,333,timeout,mobile
sess_00011011,,2026-05-26 11:06:08,2190,no_activity,desktop
sess_00011012,cust_002871,2026-05-26 10:18:26,28,no_activity,desktop
sess_00011013,cust_002570,2026-05-26 08:20:20,692,no_activity,desktop
sess_00011014,,2026-05-26 12:39:11,159,timeout,desktop
sess_00011015,cust_000450,2026-05-26 08:00:37,616,timeout,desktop
sess_00011016,cust_002645,2026-05-26 18:24:57,62,no_activity,mobile
sess_00011017,cust_002631,2026-05-26 16:15:29,1262,no_activity,mobile
sess_00011018,,2026-05-26 13:22:43,1222,no_activity,desktop
sess_00011019,,2026-05-26 11:10:45,193,no_activity,desktop
sess_00011020,cust_001336,2026-05-26 08:58:19,172,no_activity,mobile
sess_00011021,,2026-05-26 11:05:35,1401,timeout,desktop
sess_00011022,,2026-05-26 11:33:01,286,no_activity,mobile
sess_00011023,cust_000333,2026-05-26 11:23:03,364,no_activity,desktop
sess_00011024,cust_000832,2026-05-26 11:20:56,65,no_activity,desktop
sess_00011025,,2026-05-26 09:17:30,608,logout,desktop
sess_00011026,cust_001590,2026-05-26 12:56:01,346,no_activity,desktop
sess_00011027,,2026-05-26 09:09:17,680,no_activity,tablet
sess_00011028,,2026-05-26 15:46:40,1,no_activity,desktop
sess_00011029,cust_000478,2026-05-26 10:15:19,1156,no_activity,mobile
sess_00011030,,2026-05-26 19:26:32,14,no_activity,mobile
sess_00011031,,2026-05-26 08:05:16,354,no_activity,mobile
sess_00011032,,2026-05-26 11:08:10,241,timeout,desktop
sess_00011033,,2026-05-26 07:49:32,912,logout,desktop
sess_00011034,cust_001490,2026-05-26 20:52:17,2141,no_activity,desktop
sess_00011035,cust_002754,2026-05-26 14:53:57,170,no_activity,desktop
sess_00011036,,2026-05-26 15:51:53,384,logout,desktop
sess_00011037,,2026-05-26 16:10:29,966,no_activity,mobile
sess_00011038,,2026-05-26 16:48:09,3,no_activity,desktop
sess_00011039,,2026-05-26 08:33:21,1209,no_activity,mobile
sess_00011040,cust_000801,2026-05-26 15:40:00,21,no_activity,desktop
sess_00011041,,2026-05-26 07:54:26,29,no_activity,mobile
sess_00011042,,2026-05-26 13:12:50,76,no_activity,desktop
sess_00011043,cust_002309,2026-05-26 10:11:25,23,no_activity,mobile
sess_00011044,,2026-05-26 14:55:59,31,logout,desktop
sess_00011045,,2026-05-26 19:03:53,242,timeout,mobile
sess_00011046,,2026-05-26 13:51:48,214,no_activity,desktop
sess_00011047,,2026-05-26 19:06:02,19,no_activity,desktop
sess_00011048,cust_002071,2026-05-26 13:12:24,28,no_activity,desktop
sess_00011049,,2026-05-26 11:08:43,2128,timeout,desktop
sess_00011050,cust_002763,2026-05-26 11:30:39,187,no_activity,mobile
sess_00011051,cust_000282,2026-05-26 12:40:55,21,no_activity,mobile
sess_00011052,,2026-05-26 20:20:18,26,no_activity,desktop
sess_00011053,cust_002019,2026-05-26 20:48:31,1902,no_activity,desktop
sess_00011054,cust_001203,2026-05-26 14:52:11,3124,no_activity,desktop
sess_00011055,,2026-05-26 12:25:33,358,no_activity,desktop
sess_00011056,cust_001008,2026-05-26 13:41:22,943,timeout,mobile
sess_00011057,cust_000002,2026-05-26 10:17:06,782,no_activity,desktop
sess_00011058,,2026-05-26 17:21:09,29,no_activity,desktop
sess_00011059,,2026-05-26 15:36:11,226,no_activity,mobile
sess_00011060,,2026-05-26 19:57:56,1473,no_activity,desktop
sess_00011061,,2026-05-26 20:26:19,25,no_activity,mobile
sess_00011062,cust_001666,2026-05-26 19:32:19,29,no_activity,desktop
sess_00011063,cust_001884,2026-05-26 13:38:52,1146,logout,mobile
sess_00011064,cust_002911,2026-05-26 11:19:54,112,timeout,desktop
sess_00011065,,2026-05-26 17:51:22,151,timeout,desktop
sess_00011066,,2026-05-26 17:14:34,683,timeout,mobile
sess_00011067,cust_002785,2026-05-26 20:31:34,2413,timeout,desktop
sess_00011068,cust_000150,2026-05-26 14:34:59,26,no_activity,desktop
sess_00011069,cust_000160,2026-05-26 20:15:42,671,no_activity,tablet
sess_00011070,cust_000178,2026-05-26 15:55:18,3870,timeout,mobile
sess_00011071,cust_000473,2026-05-26 20:28:45,10,no_activity,desktop
sess_00011072,,2026-05-26 17:38:25,65,timeout,desktop
sess_00011073,,2026-05-26 18:52:40,7,no_activity,mobile
sess_00011074,,2026-05-26 07:44:42,820,no_activity,desktop
sess_00011075,cust_000984,2026-05-26 09:08:34,370,no_activity,desktop
sess_00011076,,2026-05-26 22:42:49,215,timeout,desktop
sess_00011077,cust_002306,2026-05-26 09:33:15,18,no_activity,mobile
sess_00011078,,2026-05-26 18:18:05,698,no_activity,mobile
sess_00011079,cust_000093,2026-05-26 13:54:49,680,no_activity,desktop
sess_00011080,cust_002696,2026-05-26 12:24:43,2084,logout,tablet
sess_00011081,,2026-05-26 17:18:50,217,timeout,mobile
sess_00011082,,2026-05-26 13:31:58,646,no_activity,desktop
sess_00011083,cust_002671,2026-05-26 19:29:19,2857,timeout,desktop
sess_00011084,,2026-05-26 21:10:14,220,no_activity,mobile
sess_00011085,,2026-05-26 17:44:36,478,logout,desktop
sess_00011086,,2026-05-26 15:14:19,1166,no_activity,desktop
sess_00011087,,2026-05-26 13:38:44,24,no_activity,mobile
sess_00011088,,2026-05-26 17:10:35,361,no_activity,desktop
sess_00011089,cust_001467,2026-05-26 18:42:48,470,no_activity,mobile
sess_00011090,,2026-05-26 18:50:54,1593,no_activity,mobile
sess_00011091,,2026-05-26 19:41:06,184,no_activity,desktop
sess_00011092,cust_002746,2026-05-26 00:07:37,424,no_activity,desktop
sess_00011093,cust_002991,2026-05-26 11:49:24,6,no_activity,mobile
sess_00011094,,2026-05-26 18:15:28,2255,no_activity,mobile
sess_00011095,cust_000792,2026-05-26 08:09:26,146,no_activity,mobile
sess_00011096,,2026-05-26 21:28:48,479,timeout,desktop
sess_00011097,,2026-05-26 10:31:21,191,no_activity,desktop
sess_00011098,cust_001844,2026-05-26 14:02:29,344,no_activity,desktop
sess_00011099,cust_002606,2026-05-26 14:35:42,729,no_activity,mobile
sess_00011100,cust_000078,2026-05-26 18:37:19,282,no_activity,desktop
sess_00011101,cust_000123,2026-05-26 08:08:01,435,timeout,desktop
sess_00011102,,2026-05-26 18:53:28,381,no_activity,mobile
sess_00011103,cust_000057,2026-05-26 20:44:56,558,no_activity,mobile
sess_00011104,,2026-05-26 22:48:40,337,no_activity,desktop
sess_00011105,,2026-05-26 20:28:47,951,no_activity,mobile
sess_00011106,,2026-05-26 16:56:04,2975,timeout,desktop
sess_00011107,,2026-05-26 19:37:30,567,no_activity,desktop
sess_00011108,,2026-05-27 15:51:50,133,no_activity,mobile
sess_00011109,cust_001042,2026-05-27 09:58:35,20,no_activity,mobile
sess_00011110,,2026-05-27 08:30:20,618,no_activity,mobile
sess_00011111,,2026-05-27 11:30:36,341,no_activity,tablet
sess_00011112,,2026-05-27 07:51:07,14,no_activity,mobile
sess_00011113,,2026-05-27 17:54:05,929,no_activity,tablet
sess_00011114,cust_001650,2026-05-27 12:55:13,130,no_activity,tablet
sess_00011115,,2026-05-27 11:19:47,294,no_activity,desktop
sess_00011116,,2026-05-27 13:57:18,28,no_activity,mobile
sess_00011117,,2026-05-27 14:03:54,352,no_activity,desktop
sess_00011118,cust_000740,2026-05-27 07:47:43,109,no_activity,desktop
sess_00011119,,2026-05-27 14:43:30,1,no_activity,desktop
sess_00011120,,2026-05-27 06:29:02,5,no_activity,desktop
sess_00011121,,2026-05-27 20:58:12,255,timeout,mobile
sess_00011122,,2026-05-27 16:04:26,693,no_activity,desktop
sess_00011123,,2026-05-27 12:44:14,807,timeout,desktop
sess_00011124,,2026-05-27 08:31:30,439,no_activity,mobile
sess_00011125,cust_000877,2026-05-27 19:50:22,898,timeout,desktop
sess_00011126,,2026-05-27 07:31:44,88,no_activity,desktop
sess_00011127,,2026-05-27 13:56:48,303,no_activity,tablet
sess_00011128,,2026-05-27 10:43:44,521,no_activity,desktop
sess_00011129,,2026-05-27 10:28:00,577,timeout,mobile
sess_00011130,,2026-05-27 12:36:58,402,no_activity,mobile
sess_00011131,cust_000020,2026-05-27 10:10:22,28,no_activity,desktop
sess_00011132,cust_002994,2026-05-27 17:48:08,800,no_activity,desktop
sess_00011133,cust_002622,2026-05-27 18:49:53,2850,no_activity,mobile
sess_00011134,cust_002816,2026-05-27 17:47:23,438,no_activity,mobile
sess_00011135,cust_002606,2026-05-27 17:44:15,741,no_activity,mobile
sess_00011136,,2026-05-27 14:31:20,454,no_activity,mobile
sess_00011137,,2026-05-27 05:29:03,368,timeout,mobile
sess_00011138,,2026-05-27 16:19:59,2756,no_activity,mobile
sess_00011139,cust_002569,2026-05-27 17:55:47,197,no_activity,mobile
sess_00011140,cust_002150,2026-05-27 08:49:47,230,no_activity,desktop
sess_00011141,,2026-05-27 17:44:30,150,no_activity,desktop
sess_00011142,cust_002026,2026-05-27 16:38:08,304,no_activity,desktop
sess_00011143,,2026-05-27 12:44:08,24,no_activity,desktop
sess_00011144,,2026-05-27 15:24:24,637,no_activity,mobile
sess_00011145,cust_000160,2026-05-27 17:07:13,265,timeout,mobile
sess_00011146,cust_000056,2026-05-27 18:37:37,590,no_activity,desktop
sess_00011147,,2026-05-27 16:59:13,60,no_activity,mobile
sess_00011148,,2026-05-27 09:59:58,25,no_activity,desktop
sess_00011149,,2026-05-27 08:05:17,1865,no_activity,desktop
sess_00011150,,2026-05-27 10:50:36,399,no_activity,desktop
sess_00011151,,2026-05-27 05:00:51,102,no_activity,mobile
sess_00011152,,2026-05-27 16:23:08,104,no_activity,mobile
sess_00011153,cust_002115,2026-05-27 17:06:18,955,no_activity,desktop
sess_00011154,,2026-05-27 09:49:58,146,no_activity,desktop
sess_00011155,,2026-05-27 21:01:10,206,timeout,mobile
sess_00011156,cust_001019,2026-05-27 08:25:31,527,no_activity,mobile
sess_00011157,cust_000008,2026-05-27 20:28:36,540,no_activity,desktop
sess_00011158,,2026-05-27 09:05:35,369,no_activity,mobile
sess_00011159,,2026-05-27 12:11:39,226,logout,desktop
sess_00011160,cust_002820,2026-05-27 12:47:10,755,no_activity,desktop
sess_00011161,cust_002414,2026-05-27 19:34:53,216,no_activity,desktop
sess_00011162,,2026-05-27 06:43:31,820,no_activity,desktop
sess_00011163,,2026-05-27 11:27:02,466,no_activity,mobile
sess_00011164,cust_000131,2026-05-27 12:13:32,627,timeout,mobile
sess_00011165,cust_001976,2026-05-27 19:13:48,414,no_activity,tablet
sess_00011166,cust_001465,2026-05-27 05:11:42,773,no_activity,mobile
sess_00011167,,2026-05-27 11:25:41,1517,no_activity,mobile
sess_00011168,,2026-05-27 10:16:49,720,no_activity,desktop
sess_00011169,cust_000008,2026-05-27 08:09:38,15,no_activity,desktop
sess_00011170,,2026-05-27 06:36:32,912,timeout,mobile
sess_00011171,,2026-05-27 06:34:51,1242,no_activity,mobile
sess_00011172,,2026-05-27 17:05:53,4,no_activity,desktop
sess_00011173,,2026-05-27 08:41:06,26,no_activity,desktop
sess_00011174,cust_000463,2026-05-27 18:00:00,514,timeout,tablet
sess_00011175,,2026-05-27 18:37:07,601,no_activity,mobile
sess_00011176,,2026-05-27 17:54:59,1103,no_activity,desktop
sess_00011177,cust_002771,2026-05-27 19:52:08,201,no_activity,desktop
sess_00011178,,2026-05-27 11:01:34,3125,no_activity,tablet
sess_00011179,,2026-05-27 14:54:41,846,no_activity,desktop
sess_00011180,cust_000170,2026-05-27 08:21:27,677,no_activity,mobile
sess_00011181,cust_000075,2026-05-27 08:47:51,782,no_activity,mobile
sess_00011182,,2026-05-27 15:44:17,29,no_activity,desktop
sess_00011183,cust_002316,2026-05-27 14:05:35,298,timeout,desktop
sess_00011184,cust_000686,2026-05-27 11:42:51,1991,no_activity,desktop
sess_00011185,cust_000604,2026-05-27 07:34:40,147,no_activity,mobile
sess_00011186,,2026-05-27 11:15:27,149,no_activity,desktop
sess_00011187,,2026-05-27 19:47:03,6,no_activity,mobile
sess_00011188,cust_002710,2026-05-27 09:54:41,228,no_activity,desktop
sess_00011189,,2026-05-27 08:42:53,164,timeout,mobile
sess_00011190,,2026-05-27 09:20:55,310,no_activity,desktop
sess_00011191,cust_001541,2026-05-27 18:19:24,265,timeout,mobile
sess_00011192,cust_000301,2026-05-27 22:19:36,24,no_activity,mobile
sess_00011193,cust_002218,2026-05-27 17:40:39,2,no_activity,mobile
sess_00011194,cust_001557,2026-05-27 16:36:47,110,no_activity,desktop
sess_00011195,cust_000241,2026-05-27 16:35:50,1649,timeout,desktop
sess_00011196,,2026-05-27 10:32:32,1084,no_activity,desktop
sess_00011197,cust_000141,2026-05-27 19:10:07,437,no_activity,desktop
sess_00011198,cust_002794,2026-05-27 17:55:46,152,no_activity,desktop
sess_00011199,,2026-05-27 14:46:33,644,no_activity,desktop
sess_00011200,cust_000872,2026-05-27 15:43:48,386,no_activity,mobile
sess_00011201,,2026-05-27 11:44:52,227,timeout,mobile
sess_00011202,,2026-05-28 11:00:49,108,no_activity,desktop
sess_00011203,,2026-05-28 07:11:54,85,no_activity,desktop
sess_00011204,,2026-05-28 14:08:28,140,timeout,desktop
sess_00011205,,2026-05-28 17:00:48,166,no_activity,desktop
sess_00011206,cust_002154,2026-05-28 23:14:16,217,no_activity,desktop
sess_00011207,,2026-05-28 17:55:07,236,no_activity,mobile
sess_00011208,,2026-05-28 08:31:35,242,no_activity,desktop
sess_00011209,cust_001722,2026-05-28 15:31:11,66,no_activity,desktop
sess_00011210,,2026-05-28 05:33:46,14,no_activity,desktop
sess_00011211,,2026-05-28 05:45:49,237,no_activity,desktop
sess_00011212,cust_001831,2026-05-28 05:03:14,9,no_activity,mobile
sess_00011213,cust_001501,2026-05-28 07:14:28,345,logout,desktop
sess_00011214,,2026-05-28 12:36:09,2025,no_activity,mobile
sess_00011215,,2026-05-28 09:40:02,1451,no_activity,mobile
sess_00011216,cust_001403,2026-05-28 07:56:31,197,no_activity,tablet
sess_00011217,cust_000973,2026-05-28 11:39:40,365,timeout,mobile
sess_00011218,,2026-05-28 10:38:22,20,no_activity,mobile
sess_00011219,,2026-05-28 08:37:48,31,no_activity,mobile
sess_00011220,cust_001766,2026-05-28 14:48:22,437,no_activity,tablet
sess_00011221,cust_000225,2026-05-28 18:09:42,406,timeout,desktop
sess_00011222,,2026-05-28 19:23:38,187,timeout,mobile
sess_00011223,,2026-05-28 11:19:18,205,no_activity,desktop
sess_00011224,cust_000944,2026-05-28 12:50:37,323,timeout,desktop
sess_00011225,cust_000345,2026-05-28 16:25:01,607,no_activity,desktop
sess_00011226,cust_001468,2026-05-28 18:27:51,133,no_activity,mobile
sess_00011227,cust_000612,2026-05-28 17:42:05,111,no_activity,mobile
sess_00011228,cust_002917,2026-05-28 13:19:05,115,no_activity,mobile
sess_00011229,,2026-05-28 15:20:02,378,no_activity,desktop
sess_00011230,cust_000677,2026-05-28 14:22:13,1669,logout,desktop
sess_00011231,cust_001189,2026-05-28 16:44:21,516,no_activity,desktop
sess_00011232,,2026-05-28 13:42:07,730,no_activity,desktop
sess_00011233,,2026-05-28 14:05:13,1311,no_activity,desktop
sess_00011234,,2026-05-28 02:42:29,275,no_activity,mobile
sess_00011235,cust_001140,2026-05-28 15:28:29,1483,no_activity,mobile
sess_00011236,,2026-05-28 12:38:09,2002,no_activity,mobile
sess_00011237,,2026-05-28 08:35:11,2792,no_activity,desktop
sess_00011238,,2026-05-28 23:32:15,304,no_activity,desktop
sess_00011239,cust_002876,2026-05-28 09:06:01,407,timeout,mobile
sess_00011240,cust_000209,2026-05-28 14:49:16,590,no_activity,tablet
sess_00011241,cust_000005,2026-05-28 17:37:50,909,no_activity,mobile
sess_00011242,cust_001957,2026-05-28 09:43:21,475,no_activity,desktop
sess_00011243,cust_002440,2026-05-28 18:10:58,1178,no_activity,mobile
sess_00011244,,2026-05-28 14:54:25,487,no_activity,mobile
sess_00011245,,2026-05-28 19:47:40,355,no_activity,tablet
sess_00011246,cust_000120,2026-05-28 21:14:22,6973,logout,tablet
sess_00011247,,2026-05-28 14:51:17,1340,no_activity,desktop
sess_00011248,,2026-05-28 16:36:22,587,no_activity,mobile
sess_00011249,cust_000774,2026-05-28 04:19:36,1307,no_activity,tablet
sess_00011250,,2026-05-28 16:18:44,536,no_activity,mobile
sess_00011251,cust_001880,2026-05-28 14:06:02,270,timeout,desktop
sess_00011252,,2026-05-28 16:12:12,26,no_activity,mobile
sess_00011253,,2026-05-28 14:21:17,30,no_activity,desktop
sess_00011254,,2026-05-28 21:58:44,121,timeout,desktop
sess_00011255,,2026-05-28 08:59:17,225,no_activity,mobile
sess_00011256,,2026-05-28 19:15:25,183,no_activity,desktop
sess_00011257,cust_001192,2026-05-28 16:50:50,123,no_activity,desktop
sess_00011258,,2026-05-28 20:02:58,651,no_activity,tablet
sess_00011259,,2026-05-28 11:59:36,20,no_activity,mobile
sess_00011260,,2026-05-28 13:42:46,580,timeout,mobile
sess_00011261,,2026-05-28 04:45:48,326,no_activity,mobile
sess_00011262,,2026-05-28 11:37:33,235,no_activity,desktop
sess_00011263,cust_002494,2026-05-28 12:15:24,355,no_activity,mobile
sess_00011264,cust_002091,2026-05-28 20:24:36,157,no_activity,mobile
sess_00011265,cust_000558,2026-05-28 01:58:23,1049,no_activity,desktop
sess_00011266,,2026-05-28 16:11:34,641,no_activity,mobile
sess_00011267,cust_000630,2026-05-28 09:41:35,522,no_activity,tablet
sess_00011268,cust_001520,2026-05-28 20:33:29,20,no_activity,desktop
sess_00011269,,2026-05-28 18:34:58,15,no_activity,mobile
sess_00011270,,2026-05-28 10:07:43,239,no_activity,desktop
sess_00011271,,2026-05-28 19:11:01,2,no_activity,desktop
sess_00011272,cust_001514,2026-05-28 14:09:29,1226,no_activity,desktop
sess_00011273,cust_001708,2026-05-28 11:18:14,485,no_activity,mobile
sess_00011274,,2026-05-28 19:59:33,468,no_activity,desktop
sess_00011275,cust_001298,2026-05-28 10:26:38,781,no_activity,desktop
sess_00011276,cust_001406,2026-05-28 20:40:15,172,no_activity,mobile
sess_00011277,,2026-05-28 09:22:18,11,no_activity,mobile
sess_00011278,,2026-05-28 17:14:16,65,timeout,desktop
sess_00011279,cust_000071,2026-05-28 11:37:38,345,no_activity,desktop
sess_00011280,,2026-05-28 12:39:38,58,no_activity,desktop
sess_00011281,,2026-05-28 09:10:25,869,no_activity,mobile
sess_00011282,,2026-05-28 15:35:23,142,no_activity,desktop
sess_00011283,cust_000082,2026-05-28 12:00:07,800,no_activity,desktop
sess_00011284,cust_002767,2026-05-28 08:11:25,3,no_activity,desktop
sess_00011285,,2026-05-28 17:08:05,19,no_activity,mobile
sess_00011286,,2026-05-29 08:48:37,861,no_activity,mobile
sess_00011287,,2026-05-29 10:23:13,18,no_activity,desktop
sess_00011288,,2026-05-29 18:44:07,217,timeout,mobile
sess_00011289,cust_001236,2026-05-29 17:40:12,303,no_activity,desktop
sess_00011290,,2026-05-29 15:22:24,211,no_activity,desktop
sess_00011291,cust_000385,2026-05-29 10:48:05,12,no_activity,mobile
sess_00011292,cust_002358,2026-05-29 18:23:09,307,no_activity,desktop
sess_00011293,,2026-05-29 14:51:33,92,no_activity,desktop
sess_00011294,,2026-05-29 09:24:30,663,no_activity,desktop
sess_00011295,,2026-05-29 14:32:56,1256,no_activity,desktop
sess_00011296,,2026-05-29 08:20:01,25,no_activity,desktop
sess_00011297,,2026-05-29 18:58:29,392,timeout,mobile
sess_00011298,,2026-05-29 14:18:29,179,timeout,desktop
sess_00011299,,2026-05-29 14:42:56,4835,no_activity,desktop
sess_00011300,cust_002513,2026-05-29 16:05:56,544,no_activity,desktop
sess_00011301,cust_000910,2026-05-29 16:13:48,15,no_activity,desktop
sess_00011302,cust_001153,2026-05-29 09:18:26,267,no_activity,mobile
sess_00011303,,2026-05-29 01:50:27,253,logout,mobile
sess_00011304,cust_000105,2026-05-29 13:10:27,156,timeout,desktop
sess_00011305,cust_001987,2026-05-29 09:38:17,3036,timeout,mobile
sess_00011306,cust_001920,2026-05-29 08:09:51,389,timeout,mobile
sess_00011307,,2026-05-29 08:40:29,710,no_activity,desktop
sess_00011308,cust_000365,2026-05-29 10:00:40,524,logout,tablet
sess_00011309,,2026-05-29 18:29:14,14,no_activity,mobile
sess_00011310,cust_000336,2026-05-29 09:06:15,254,no_activity,mobile
sess_00011311,cust_001396,2026-05-29 18:50:49,78,no_activity,desktop
sess_00011312,,2026-05-29 12:14:10,279,no_activity,mobile
sess_00011313,,2026-05-29 16:04:24,504,no_activity,desktop
sess_00011314,,2026-05-29 09:08:04,162,no_activity,desktop
sess_00011315,cust_000277,2026-05-29 09:34:56,30,no_activity,desktop
sess_00011316,,2026-05-29 17:48:09,695,no_activity,desktop
sess_00011317,cust_002069,2026-05-29 15:57:45,1193,no_activity,mobile
sess_00011318,,2026-05-29 19:35:15,483,no_activity,mobile
sess_00011319,,2026-05-29 09:26:46,621,no_activity,mobile
sess_00011320,cust_001990,2026-05-29 09:19:48,3329,no_activity,desktop
sess_00011321,cust_001531,2026-05-29 12:06:10,187,no_activity,mobile
sess_00011322,,2026-05-29 13:09:45,1331,timeout,mobile
sess_00011323,cust_002144,2026-05-29 18:59:46,967,no_activity,desktop
sess_00011324,cust_002615,2026-05-29 18:53:12,633,no_activity,mobile
sess_00011325,cust_002036,2026-05-29 18:07:31,361,no_activity,desktop
sess_00011326,,2026-05-29 13:57:08,18,no_activity,mobile
sess_00011327,,2026-05-29 22:24:41,748,no_activity,desktop
sess_00011328,,2026-05-29 15:59:28,3888,no_activity,desktop
sess_00011329,,2026-05-29 11:57:38,30,no_activity,desktop
sess_00011330,,2026-05-29 08:22:22,1573,no_activity,desktop
sess_00011331,,2026-05-29 10:06:55,342,no_activity,mobile
sess_00011332,,2026-05-29 11:09:13,1119,no_activity,desktop
sess_00011333,cust_001395,2026-05-29 08:18:12,65,no_activity,desktop
sess_00011334,cust_002315,2026-05-29 13:41:21,288,no_activity,mobile
sess_00011335,cust_000684,2026-05-29 03:57:46,191,no_activity,desktop
sess_00011336,,2026-05-29 13:27:36,1644,timeout,desktop
sess_00011337,cust_002292,2026-05-29 14:53:29,214,no_activity,desktop
sess_00011338,,2026-05-29 08:49:09,6,no_activity,mobile
sess_00011339,,2026-05-29 14:19:37,576,no_activity,desktop
sess_00011340,,2026-05-29 16:09:21,24,no_activity,desktop
sess_00011341,cust_000625,2026-05-29 12:25:41,750,no_activity,mobile
sess_00011342,cust_002565,2026-05-29 08:36:10,1101,no_activity,tablet
sess_00011343,cust_001564,2026-05-29 13:30:19,763,no_activity,mobile
sess_00011344,,2026-05-29 17:46:52,86,no_activity,mobile
sess_00011345,,2026-05-29 18:18:54,245,no_activity,mobile
sess_00011346,cust_000939,2026-05-29 02:09:07,1797,no_activity,desktop
sess_00011347,,2026-05-29 22:35:55,1222,no_activity,mobile
sess_00011348,,2026-05-29 13:11:10,435,no_activity,desktop
sess_00011349,,2026-05-29 18:57:07,306,no_activity,mobile
sess_00011350,,2026-05-29 16:30:51,456,no_activity,mobile
sess_00011351,cust_002471,2026-05-29 11:08:28,1438,no_activity,mobile
sess_00011352,cust_002044,2026-05-29 20:07:55,1793,no_activity,mobile
sess_00011353,,2026-05-29 21:09:32,2438,timeout,desktop
sess_00011354,,2026-05-29 06:26:16,71,timeout,desktop
sess_00011355,,2026-05-29 23:47:41,1323,no_activity,mobile
sess_00011356,cust_001687,2026-05-29 05:07:08,302,no_activity,desktop
sess_00011357,cust_000944,2026-05-29 07:10:49,492,no_activity,mobile
sess_00011358,cust_002620,2026-05-29 16:45:06,1916,logout,mobile
sess_00011359,cust_000582,2026-05-29 06:02:37,149,no_activity,desktop
sess_00011360,,2026-05-29 08:10:39,1,no_activity,desktop
sess_00011361,cust_002014,2026-05-29 08:42:22,179,logout,desktop
sess_00011362,,2026-05-29 07:18:56,620,no_activity,tablet
sess_00011363,cust_001396,2026-05-29 17:27:00,24,no_activity,desktop
sess_00011364,cust_002999,2026-05-29 15:59:16,557,no_activity,desktop
sess_00011365,,2026-05-29 19:29:13,652,no_activity,desktop
sess_00011366,,2026-05-29 07:34:22,255,no_activity,mobile
sess_00011367,cust_001388,2026-05-29 15:38:42,769,no_activity,mobile
sess_00011368,,2026-05-29 14:11:53,1517,no_activity,desktop
sess_00011369,cust_000149,2026-05-29 14:11:30,15,no_activity,desktop
sess_00011370,cust_001364,2026-05-29 21:38:14,563,timeout,mobile
sess_00011371,,2026-05-29 14:54:15,26,no_activity,desktop
sess_00011372,,2026-05-29 14:19:24,2,no_activity,tablet
sess_00011373,,2026-05-29 11:18:10,1554,no_activity,desktop
sess_00011374,,2026-05-29 13:09:37,255,no_activity,tablet
sess_00011375,,2026-05-29 14:02:21,3251,no_activity,desktop
sess_00011376,cust_000355,2026-05-29 17:45:31,66,no_activity,desktop
sess_00011377,cust_001229,2026-05-29 21:10:03,253,no_activity,mobile
sess_00011378,,2026-05-30 13:49:54,307,no_activity,mobile
sess_00011379,,2026-05-30 20:57:41,27,no_activity,mobile
sess_00011380,cust_000226,2026-05-30 10:19:10,159,logout,desktop
sess_00011381,,2026-05-30 19:07:46,27,no_activity,mobile
sess_00011382,cust_002869,2026-05-30 09:02:04,135,no_activity,desktop
sess_00011383,cust_000287,2026-05-30 06:24:36,12,no_activity,mobile
sess_00011384,,2026-05-30 17:28:19,191,timeout,desktop
sess_00011385,,2026-05-30 17:23:20,11,no_activity,desktop
sess_00011386,,2026-05-30 20:06:11,991,timeout,desktop
sess_00011387,,2026-05-30 11:07:58,558,no_activity,desktop
sess_00011388,cust_001869,2026-05-30 16:46:24,77,no_activity,mobile
sess_00011389,cust_002564,2026-05-30 20:40:12,21,no_activity,desktop
sess_00011390,cust_000679,2026-05-30 15:01:55,40,no_activity,mobile
sess_00011391,cust_001469,2026-05-30 00:18:56,292,no_activity,mobile
sess_00011392,,2026-05-30 17:31:59,369,no_activity,mobile
sess_00011393,cust_002426,2026-05-30 18:20:31,225,timeout,desktop
sess_00011394,cust_001794,2026-05-30 14:05:08,1597,no_activity,mobile
sess_00011395,cust_002415,2026-05-30 13:23:49,912,timeout,desktop
sess_00011396,,2026-05-30 10:19:56,192,no_activity,mobile
sess_00011397,cust_001453,2026-05-30 14:55:05,27,no_activity,desktop
sess_00011398,,2026-05-30 13:56:13,1036,no_activity,mobile
sess_00011399,,2026-05-30 20:24:10,1000,no_activity,desktop
sess_00011400,,2026-05-30 12:27:25,233,no_activity,desktop
sess_00011401,cust_001006,2026-05-30 17:52:54,507,no_activity,desktop
sess_00011402,,2026-05-30 14:29:01,4,no_activity,desktop
sess_00011403,cust_000397,2026-05-30 17:07:50,516,no_activity,mobile
sess_00011404,,2026-05-30 16:51:48,2240,timeout,desktop
sess_00011405,,2026-05-30 16:01:00,6,no_activity,desktop
sess_00011406,cust_002863,2026-05-30 13:43:22,393,no_activity,mobile
sess_00011407,,2026-05-30 14:08:18,28,no_activity,desktop
sess_00011408,,2026-05-30 17:50:43,55,no_activity,desktop
sess_00011409,,2026-05-30 17:58:26,264,no_activity,desktop
sess_00011410,cust_001279,2026-05-30 08:05:55,7,no_activity,desktop
sess_00011411,,2026-05-30 18:38:40,5082,no_activity,mobile
sess_00011412,,2026-05-30 12:49:24,551,no_activity,desktop
sess_00011413,cust_002802,2026-05-30 17:26:14,581,no_activity,mobile
sess_00011414,,2026-05-30 12:25:33,77,timeout,mobile
sess_00011415,cust_000175,2026-05-30 18:37:06,224,no_activity,desktop
sess_00011416,,2026-05-30 19:28:44,378,no_activity,mobile
sess_00011417,,2026-05-30 16:04:07,285,no_activity,mobile
sess_00011418,cust_002235,2026-05-30 03:16:43,756,timeout,tablet
sess_00011419,cust_002978,2026-05-30 07:14:25,1457,no_activity,tablet
sess_00011420,cust_002331,2026-05-30 08:38:53,909,no_activity,mobile
sess_00011421,cust_002283,2026-05-30 10:07:31,23,no_activity,desktop
sess_00011422,,2026-05-30 14:48:06,121,no_activity,mobile
sess_00011423,cust_000591,2026-05-30 06:42:22,295,no_activity,mobile
sess_00011424,,2026-05-30 20:17:49,17,no_activity,desktop
sess_00011425,cust_001167,2026-05-30 19:26:26,1018,no_activity,desktop
sess_00011426,,2026-05-30 20:55:44,67,no_activity,desktop
sess_00011427,cust_001116,2026-05-30 04:11:44,409,no_activity,desktop
sess_00011428,cust_000755,2026-05-30 14:49:47,12,no_activity,mobile
sess_00011429,,2026-05-30 17:15:21,803,no_activity,mobile
sess_00011430,,2026-05-30 20:42:06,291,no_activity,desktop
sess_00011431,cust_002497,2026-05-30 20:58:47,430,no_activity,desktop
sess_00011432,cust_002760,2026-05-30 09:23:15,3,no_activity,desktop
sess_00011433,,2026-05-30 03:56:17,83,no_activity,mobile
sess_00011434,,2026-05-30 19:29:01,17,no_activity,mobile
sess_00011435,,2026-05-30 19:11:20,622,no_activity,desktop
sess_00011436,,2026-05-30 18:01:38,16,no_activity,desktop
sess_00011437,,2026-05-30 17:32:47,3748,no_activity,mobile
sess_00011438,,2026-05-30 14:29:16,408,no_activity,desktop
sess_00011439,,2026-05-30 11:34:44,147,no_activity,desktop
sess_00011440,,2026-05-30 10:53:17,361,no_activity,mobile
sess_00011441,,2026-05-30 18:31:54,340,no_activity,mobile
sess_00011442,,2026-05-30 12:30:55,352,no_activity,mobile
sess_00011443,cust_002081,2026-05-30 15:07:02,1025,no_activity,tablet
sess_00011444,cust_001890,2026-05-30 16:01:22,424,logout,desktop
sess_00011445,,2026-05-30 16:06:53,190,no_activity,desktop
sess_00011446,cust_002764,2026-05-30 18:41:04,777,no_activity,desktop
sess_00011447,,2026-05-30 14:04:53,235,no_activity,mobile
sess_00011448,cust_001042,2026-05-30 16:49:28,220,no_activity,desktop
sess_00011449,cust_001641,2026-05-30 13:39:33,1866,no_activity,desktop
sess_00011450,,2026-05-30 18:09:04,617,no_activity,desktop
sess_00011451,,2026-05-30 07:50:23,234,no_activity,mobile
sess_00011452,cust_001021,2026-05-30 18:04:06,262,no_activity,mobile
sess_00011453,cust_000851,2026-05-30 09:29:49,107,no_activity,desktop
sess_00011454,cust_000966,2026-05-30 15:46:59,348,no_activity,mobile
sess_00011455,,2026-05-30 07:14:23,28,no_activity,desktop
sess_00011456,cust_002724,2026-05-30 08:25:13,3520,no_activity,desktop
sess_00011457,,2026-05-30 10:49:14,58,no_activity,desktop
sess_00011458,,2026-05-30 13:49:58,1509,logout,desktop
sess_00011459,,2026-05-30 18:22:21,52,no_activity,desktop
sess_00011460,,2026-05-30 15:50:27,147,no_activity,mobile
sess_00011461,,2026-05-30 12:52:30,141,no_activity,mobile
sess_00011462,cust_002363,2026-05-30 09:38:08,19,no_activity,mobile
sess_00011463,,2026-05-30 11:52:47,1864,no_activity,desktop
sess_00011464,,2026-05-30 14:21:28,357,no_activity,mobile
sess_00011465,cust_000535,2026-05-30 19:20:29,66,no_activity,mobile
sess_00011466,cust_002448,2026-05-30 19:58:07,552,no_activity,desktop
sess_00011467,,2026-05-30 06:01:04,437,no_activity,mobile
sess_00011468,cust_002037,2026-05-31 21:36:51,2027,no_activity,mobile
sess_00011469,cust_001505,2026-05-31 11:12:46,1208,no_activity,mobile
sess_00011470,,2026-05-31 14:34:14,822,no_activity,desktop
sess_00011471,cust_001342,2026-05-31 16:06:47,362,timeout,desktop
sess_00011472,,2026-05-31 14:22:58,165,no_activity,desktop
sess_00011473,cust_002498,2026-05-31 13:37:52,832,timeout,desktop
sess_00011474,,2026-05-31 19:52:18,759,no_activity,desktop
sess_00011475,cust_002511,2026-05-31 09:09:50,1125,no_activity,mobile
sess_00011476,cust_000794,2026-05-31 10:08:09,646,no_activity,desktop
sess_00011477,cust_002020,2026-05-31 16:04:52,295,no_activity,desktop
sess_00011478,cust_001097,2026-05-31 11:03:09,128,logout,mobile
sess_00011479,,2026-05-31 14:09:31,1,no_activity,mobile
sess_00011480,cust_002383,2026-05-31 23:10:09,236,no_activity,desktop
sess_00011481,cust_000014,2026-05-31 18:08:36,2048,timeout,mobile
sess_00011482,cust_002912,2026-05-31 14:24:14,1091,timeout,mobile
sess_00011483,cust_001158,2026-05-31 18:06:16,23,no_activity,mobile
sess_00011484,,2026-05-31 16:07:49,905,timeout,desktop
sess_00011485,,2026-05-31 09:58:11,4,no_activity,desktop
sess_00011486,,2026-05-31 13:19:25,10,no_activity,desktop
sess_00011487,cust_001847,2026-05-31 18:34:31,543,no_activity,mobile
sess_00011488,,2026-05-31 09:19:23,1221,no_activity,desktop
sess_00011489,,2026-05-31 11:50:19,166,no_activity,desktop
sess_00011490,,2026-05-31 16:02:02,275,timeout,mobile
sess_00011491,,2026-05-31 10:14:23,40,no_activity,tablet
sess_00011492,cust_000655,2026-05-31 19:58:39,2,no_activity,desktop
sess_00011493,,2026-05-31 21:47:47,2,no_activity,desktop
sess_00011494,,2026-05-31 09:40:28,245,no_activity,mobile
sess_00011495,cust_000855,2026-05-31 16:24:32,81,no_activity,desktop
sess_00011496,,2026-05-31 21:30:34,60,no_activity,mobile
sess_00011497,,2026-05-31 15:18:08,131,timeout,desktop
sess_00011498,cust_001774,2026-05-31 20:02:57,231,timeout,mobile
sess_00011499,,2026-05-31 18:41:06,120,no_activity,desktop
sess_00011500,,2026-05-31 15:08:56,610,no_activity,desktop
sess_00011501,cust_000523,2026-05-31 10:46:27,611,no_activity,desktop
sess_00011502,,2026-05-31 17:46:02,798,no_activity,desktop
sess_00011503,cust_000287,2026-05-31 10:11:47,594,no_activity,mobile
sess_00011504,,2026-05-31 20:16:35,608,no_activity,mobile
sess_00011505,,2026-05-31 15:03:11,1866,timeout,desktop
sess_00011506,cust_002345,2026-05-31 13:18:34,268,timeout,mobile
sess_00011507,cust_002523,2026-05-31 17:20:32,304,no_activity,mobile
sess_00011508,cust_002762,2026-05-31 12:27:50,596,no_activity,desktop
sess_00011509,cust_000442,2026-05-31 05:18:08,138,timeout,mobile
sess_00011510,cust_001576,2026-05-31 13:36:08,145,no_activity,tablet
sess_00011511,,2026-05-31 21:23:56,384,no_activity,mobile
sess_00011512,,2026-05-31 18:08:04,872,no_activity,desktop
sess_00011513,cust_001472,2026-05-31 18:19:54,350,no_activity,desktop
sess_00011514,,2026-05-31 17:19:33,133,no_activity,desktop
sess_00011515,cust_000467,2026-05-31 09:30:31,504,no_activity,desktop
sess_00011516,cust_000136,2026-05-31 13:07:03,468,no_activity,desktop
sess_00011517,cust_001501,2026-05-31 18:38:36,61,no_activity,desktop
sess_00011518,,2026-05-31 15:43:11,920,no_activity,desktop
sess_00011519,cust_001598,2026-05-31 18:01:43,24,no_activity,desktop
sess_00011520,,2026-05-31 08:14:05,1,no_activity,mobile
sess_00011521,,2026-05-31 14:10:51,7,no_activity,desktop
sess_00011522,cust_000792,2026-05-31 10:24:19,1831,timeout,mobile
sess_00011523,cust_002492,2026-05-31 10:38:37,2,no_activity,mobile
sess_00011524,,2026-05-31 12:54:03,819,no_activity,desktop
sess_00011525,cust_000261,2026-05-31 17:13:00,277,no_activity,desktop
sess_00011526,,2026-05-31 17:29:25,37,no_activity,mobile
sess_00011527,,2026-05-31 18:05:39,12,no_activity,mobile
sess_00011528,cust_000765,2026-05-31 21:00:39,339,no_activity,desktop
sess_00011529,,2026-05-31 12:47:35,198,no_activity,desktop
sess_00011530,,2026-05-31 07:08:47,110,no_activity,desktop
sess_00011531,cust_002731,2026-05-31 07:07:12,641,timeout,mobile
sess_00011532,cust_000779,2026-05-31 13:04:25,187,no_activity,mobile
sess_00011533,cust_000456,2026-05-31 20:22:45,632,timeout,desktop
sess_00011534,cust_000547,2026-05-31 21:19:43,66,timeout,desktop
sess_00011535,cust_000186,2026-05-31 13:28:19,870,timeout,mobile
sess_00011536,,2026-05-31 10:51:48,31,logout,desktop
sess_00011537,,2026-05-31 09:38:23,462,no_activity,desktop
sess_00011538,,2026-05-31 08:53:31,7200,no_activity,desktop
sess_00011539,,2026-05-31 19:25:02,534,no_activity,desktop
sess_00011540,cust_001159,2026-05-31 10:12:42,560,no_activity,desktop
sess_00011541,cust_002448,2026-05-31 19:44:51,176,no_activity,mobile
sess_00011542,cust_002726,2026-05-31 20:23:54,773,no_activity,mobile
sess_00011543,,2026-05-31 15:55:43,707,no_activity,mobile
sess_00011544,,2026-05-31 09:09:05,1408,no_activity,desktop
sess_00011545,,2026-05-31 19:08:37,506,no_activity,mobile
sess_00011546,,2026-05-31 17:37:36,278,no_activity,tablet
sess_00011547,,2026-05-31 09:56:35,2673,no_activity,mobile
sess_00011548,,2026-05-31 10:40:50,630,no_activity,desktop
sess_00011549,cust_001301,2026-05-31 14:42:50,626,timeout,desktop
sess_00011550,,2026-05-31 08:44:18,819,no_activity,mobile
sess_00011551,,2026-05-31 14:42:16,180,no_activity,desktop
sess_00011552,cust_001339,2026-05-31 14:54:16,1118,timeout,desktop
sess_00011553,,2026-05-31 11:25:10,85,no_activity,mobile
sess_00011554,,2026-05-31 18:16:35,27,no_activity,mobile
sess_00011555,,2026-05-31 16:18:16,1058,no_activity,mobile
sess_00011556,,2026-05-31 18:55:10,242,no_activity,desktop
sess_00011557,cust_000694,2026-06-01 09:15:24,1288,timeout,desktop
sess_00011558,cust_001195,2026-06-01 15:15:09,52,no_activity,mobile
sess_00011559,cust_000035,2026-06-01 21:45:24,566,timeout,desktop
sess_00011560,,2026-06-01 12:04:52,16,no_activity,mobile
sess_00011561,,2026-06-01 20:14:28,702,no_activity,desktop
sess_00011562,,2026-06-01 09:33:09,24,no_activity,tablet
sess_00011563,,2026-06-01 17:31:42,339,no_activity,mobile
sess_00011564,cust_001310,2026-06-01 17:59:46,401,no_activity,tablet
sess_00011565,,2026-06-01 12:46:43,490,no_activity,desktop
sess_00011566,cust_001514,2026-06-01 13:56:53,67,no_activity,mobile
sess_00011567,,2026-06-01 20:25:52,265,no_activity,tablet
sess_00011568,cust_000837,2026-06-01 09:41:10,359,no_activity,desktop
sess_00011569,,2026-06-01 10:59:05,9,no_activity,desktop
sess_00011570,cust_002665,2026-06-01 11:48:19,19,no_activity,tablet
sess_00011571,,2026-06-01 17:05:35,1510,no_activity,mobile
sess_00011572,,2026-06-01 17:45:13,475,no_activity,desktop
sess_00011573,cust_000675,2026-06-01 13:07:35,111,no_activity,desktop
sess_00011574,cust_001458,2026-06-01 13:43:45,291,timeout,desktop
sess_00011575,,2026-06-01 19:57:37,751,no_activity,desktop
sess_00011576,,2026-06-01 14:28:26,42,no_activity,desktop
sess_00011577,cust_000171,2026-06-01 12:11:53,2543,logout,desktop
sess_00011578,cust_002381,2026-06-01 06:48:06,189,no_activity,mobile
sess_00011579,,2026-06-01 18:38:10,979,no_activity,desktop
sess_00011580,,2026-06-01 09:27:11,3128,no_activity,desktop
sess_00011581,,2026-06-01 13:50:46,5189,no_activity,desktop
sess_00011582,cust_002538,2026-06-01 16:48:15,506,no_activity,desktop
sess_00011583,,2026-06-01 20:16:28,3227,logout,mobile
sess_00011584,,2026-06-01 12:46:15,177,timeout,mobile
sess_00011585,cust_002823,2026-06-01 14:14:39,715,no_activity,mobile
sess_00011586,,2026-06-01 20:21:20,170,logout,desktop
sess_00011587,cust_001799,2026-06-01 09:57:41,353,no_activity,desktop
sess_00011588,,2026-06-01 21:53:34,10,no_activity,mobile
sess_00011589,cust_002191,2026-06-01 13:40:57,553,logout,mobile
sess_00011590,,2026-06-01 14:47:23,194,no_activity,desktop
sess_00011591,cust_000667,2026-06-01 07:24:11,635,no_activity,tablet
sess_00011592,cust_001580,2026-06-01 22:29:56,943,no_activity,desktop
sess_00011593,cust_001493,2026-06-01 13:29:01,24,no_activity,desktop
sess_00011594,cust_002275,2026-06-01 21:31:44,144,no_activity,desktop
sess_00011595,cust_000889,2026-06-01 15:09:00,819,no_activity,mobile
sess_00011596,,2026-06-01 11:58:11,24,no_activity,desktop
sess_00011597,,2026-06-01 18:45:31,3650,no_activity,desktop
sess_00011598,,2026-06-01 18:21:36,280,no_activity,desktop
sess_00011599,,2026-06-01 11:14:44,23,timeout,desktop
sess_00011600,cust_001075,2026-06-01 05:20:10,719,no_activity,desktop
sess_00011601,,2026-06-01 13:46:48,262,no_activity,mobile
sess_00011602,cust_001904,2026-06-01 12:06:51,439,no_activity,desktop
sess_00011603,,2026-06-01 18:14:11,1041,timeout,desktop
sess_00011604,,2026-06-01 23:31:37,754,no_activity,tablet
sess_00011605,cust_000057,2026-06-01 18:36:33,643,no_activity,desktop
sess_00011606,,2026-06-01 12:14:56,29,no_activity,desktop
sess_00011607,cust_000101,2026-06-01 09:06:56,828,no_activity,desktop
sess_00011608,,2026-06-01 16:13:43,1138,no_activity,mobile
sess_00011609,,2026-06-01 19:05:13,250,no_activity,mobile
sess_00011610,,2026-06-01 19:42:59,58,no_activity,desktop
sess_00011611,,2026-06-01 14:18:15,12,no_activity,mobile
sess_00011612,,2026-06-01 14:40:51,135,no_activity,mobile
sess_00011613,,2026-06-01 11:31:59,205,timeout,desktop
sess_00011614,,2026-06-01 12:55:02,509,no_activity,desktop
sess_00011615,,2026-06-01 16:43:59,5,no_activity,mobile
sess_00011616,,2026-06-01 21:58:29,549,no_activity,mobile
sess_00011617,,2026-06-01 11:58:49,28,no_activity,mobile
sess_00011618,cust_002163,2026-06-01 19:39:18,190,no_activity,desktop
sess_00011619,cust_000093,2026-06-01 13:18:31,682,no_activity,desktop
sess_00011620,cust_000478,2026-06-01 19:45:18,284,no_activity,mobile
sess_00011621,,2026-06-01 23:39:10,1870,no_activity,tablet
sess_00011622,cust_001438,2026-06-01 14:19:18,584,no_activity,mobile
sess_00011623,,2026-06-01 14:14:03,469,no_activity,desktop
sess_00011624,cust_002053,2026-06-01 05:35:39,164,no_activity,desktop
sess_00011625,cust_000238,2026-06-01 18:07:30,2474,no_activity,mobile
sess_00011626,,2026-06-01 04:18:59,53,no_activity,desktop
sess_00011627,cust_001022,2026-06-01 09:27:00,865,no_activity,mobile
sess_00011628,,2026-06-01 11:22:41,516,timeout,desktop
sess_00011629,,2026-06-01 11:47:28,153,timeout,mobile
sess_00011630,,2026-06-01 14:16:50,503,no_activity,desktop
sess_00011631,,2026-06-01 15:02:39,976,no_activity,mobile
sess_00011632,,2026-06-01 18:27:11,1755,no_activity,mobile
sess_00011633,cust_001911,2026-06-01 07:36:43,11,no_activity,mobile
sess_00011634,cust_002919,2026-06-01 19:43:05,285,no_activity,mobile
sess_00011635,cust_002634,2026-06-01 13:39:48,140,no_activity,desktop
sess_00011636,,2026-06-01 12:22:33,663,no_activity,desktop
sess_00011637,,2026-06-01 13:28:35,560,no_activity,desktop
sess_00011638,,2026-06-01 18:18:07,8,no_activity,desktop
sess_00011639,,2026-06-01 06:24:28,377,no_activity,desktop
sess_00011640,cust_002764,2026-06-01 16:11:06,321,no_activity,mobile
sess_00011641,cust_001448,2026-06-01 19:55:36,145,no_activity,desktop
sess_00011642,,2026-06-01 16:33:41,4,no_activity,desktop
sess_00011643,,2026-06-01 08:37:14,68,no_activity,mobile
sess_00011644,,2026-06-01 10:27:21,73,no_activity,desktop
sess_00011645,cust_002509,2026-06-01 19:11:14,700,no_activity,desktop
sess_00011646,cust_001647,2026-06-01 11:13:16,440,timeout,mobile
sess_00011647,cust_001988,2026-06-01 13:27:09,262,no_activity,desktop
sess_00011648,,2026-06-01 08:48:16,1083,timeout,mobile
sess_00011649,,2026-06-01 20:14:28,1926,no_activity,desktop
sess_00011650,cust_002063,2026-06-01 17:30:45,118,no_activity,desktop
sess_00011651,,2026-06-01 14:04:50,232,no_activity,desktop
sess_00011652,cust_000893,2026-06-01 21:46:17,263,no_activity,mobile
sess_00011653,,2026-06-02 10:32:55,1228,no_activity,desktop
sess_00011654,cust_002371,2026-06-02 16:35:27,548,no_activity,desktop
sess_00011655,,2026-06-02 15:42:41,124,no_activity,mobile
sess_00011656,,2026-06-02 07:47:38,153,no_activity,desktop
sess_00011657,,2026-06-02 19:48:54,370,no_activity,mobile
sess_00011658,,2026-06-02 18:38:44,12,no_activity,mobile
sess_00011659,,2026-06-02 15:46:55,569,no_activity,desktop
sess_00011660,,2026-06-02 23:10:23,1767,no_activity,tablet
sess_00011661,cust_000105,2026-06-02 17:09:06,107,no_activity,mobile
sess_00011662,,2026-06-02 19:52:37,432,no_activity,desktop
sess_00011663,cust_002836,2026-06-02 20:57:16,1100,no_activity,desktop
sess_00011664,cust_000694,2026-06-02 18:07:01,458,timeout,desktop
sess_00011665,cust_002542,2026-06-02 19:48:30,368,no_activity,mobile
sess_00011666,,2026-06-02 11:27:00,196,no_activity,mobile
sess_00011667,,2026-06-02 06:31:25,445,no_activity,mobile
sess_00011668,,2026-06-02 06:19:05,3,no_activity,mobile
sess_00011669,,2026-06-02 17:32:55,477,no_activity,desktop
sess_00011670,cust_001354,2026-06-02 14:56:30,19,no_activity,mobile
sess_00011671,cust_002024,2026-06-02 16:17:34,481,no_activity,desktop
sess_00011672,,2026-06-02 21:17:03,382,no_activity,mobile
sess_00011673,cust_001454,2026-06-02 15:40:28,85,no_activity,mobile
sess_00011674,,2026-06-02 17:18:27,1053,no_activity,mobile
sess_00011675,cust_001058,2026-06-02 08:06:18,175,no_activity,mobile
sess_00011676,cust_001744,2026-06-02 08:03:05,1888,no_activity,desktop
sess_00011677,,2026-06-02 16:25:00,643,no_activity,desktop
sess_00011678,,2026-06-02 11:52:36,2,no_activity,desktop
sess_00011679,,2026-06-02 15:42:40,1095,no_activity,desktop
sess_00011680,cust_001646,2026-06-02 10:40:38,372,no_activity,desktop
sess_00011681,cust_002293,2026-06-02 11:43:17,436,timeout,desktop
sess_00011682,cust_000490,2026-06-02 09:25:32,866,no_activity,mobile
sess_00011683,,2026-06-02 16:38:25,357,no_activity,mobile
sess_00011684,cust_000324,2026-06-02 19:09:09,499,logout,mobile
sess_00011685,cust_000727,2026-06-02 07:57:52,1336,no_activity,mobile
sess_00011686,,2026-06-02 21:46:08,335,no_activity,mobile
sess_00011687,cust_000977,2026-06-02 12:36:13,13,no_activity,desktop
sess_00011688,,2026-06-02 13:30:18,456,no_activity,desktop
sess_00011689,,2026-06-02 14:56:38,163,no_activity,desktop
sess_00011690,,2026-06-02 19:35:21,716,timeout,desktop
sess_00011691,cust_000609,2026-06-02 11:22:49,125,timeout,desktop
sess_00011692,,2026-06-02 18:31:37,151,no_activity,tablet
sess_00011693,cust_000811,2026-06-02 07:04:57,24,no_activity,desktop
sess_00011694,,2026-06-02 14:47:11,8,no_activity,mobile
sess_00011695,,2026-06-02 09:18:58,614,logout,desktop
sess_00011696,cust_002033,2026-06-02 10:08:18,105,timeout,mobile
sess_00011697,,2026-06-02 17:19:54,241,no_activity,desktop
sess_00011698,,2026-06-02 18:00:53,216,no_activity,desktop
sess_00011699,,2026-06-02 13:25:13,481,no_activity,desktop
sess_00011700,,2026-06-02 19:29:27,831,no_activity,desktop
sess_00011701,,2026-06-02 18:27:26,234,no_activity,mobile
sess_00011702,,2026-06-02 16:58:13,2119,timeout,mobile
sess_00011703,cust_002089,2026-06-02 10:01:21,1659,no_activity,desktop
sess_00011704,,2026-06-02 13:44:26,17,no_activity,desktop
sess_00011705,,2026-06-02 11:53:01,642,no_activity,mobile
sess_00011706,,2026-06-02 12:10:04,343,timeout,desktop
sess_00011707,,2026-06-02 19:18:24,148,no_activity,desktop
sess_00011708,cust_002417,2026-06-02 21:01:08,1059,timeout,tablet
sess_00011709,,2026-06-02 11:32:30,67,no_activity,desktop
sess_00011710,cust_001264,2026-06-02 19:12:09,184,timeout,desktop
sess_00011711,cust_002309,2026-06-02 20:17:44,30,no_activity,desktop
sess_00011712,cust_002698,2026-06-02 16:03:15,297,no_activity,desktop
sess_00011713,cust_000278,2026-06-02 20:36:05,490,no_activity,mobile
sess_00011714,cust_002743,2026-06-02 17:05:02,84,no_activity,desktop
sess_00011715,,2026-06-02 13:15:35,526,no_activity,mobile
sess_00011716,,2026-06-02 10:58:22,29,no_activity,desktop
sess_00011717,cust_002442,2026-06-02 11:20:35,8,no_activity,mobile
sess_00011718,cust_001106,2026-06-02 12:22:49,2981,no_activity,mobile
sess_00011719,cust_000084,2026-06-02 13:25:32,21,no_activity,desktop
sess_00011720,cust_000798,2026-06-02 10:26:44,201,no_activity,mobile
sess_00011721,,2026-06-02 11:01:48,1789,no_activity,desktop
sess_00011722,cust_001868,2026-06-02 10:42:05,836,no_activity,mobile
sess_00011723,,2026-06-02 23:22:19,1248,no_activity,mobile
sess_00011724,cust_000180,2026-06-02 19:57:25,132,no_activity,desktop
sess_00011725,cust_001233,2026-06-02 19:02:18,727,no_activity,desktop
sess_00011726,cust_002544,2026-06-02 08:56:29,265,no_activity,mobile
sess_00011727,,2026-06-02 11:22:21,298,no_activity,desktop
sess_00011728,,2026-06-02 23:18:01,346,no_activity,desktop
sess_00011729,cust_000570,2026-06-02 19:06:42,29,no_activity,mobile
sess_00011730,,2026-06-02 17:03:55,1337,timeout,desktop
sess_00011731,cust_000797,2026-06-02 14:07:26,1918,no_activity,desktop
sess_00011732,cust_001151,2026-06-02 05:02:55,1315,no_activity,desktop
sess_00011733,,2026-06-02 12:09:43,457,no_activity,mobile
sess_00011734,,2026-06-02 10:53:32,394,timeout,desktop
sess_00011735,cust_001830,2026-06-02 18:57:43,27,no_activity,desktop
sess_00011736,cust_001693,2026-06-02 10:37:37,17,no_activity,mobile
sess_00011737,cust_000846,2026-06-02 23:08:59,330,no_activity,desktop
sess_00011738,cust_001347,2026-06-02 09:30:50,818,logout,desktop
sess_00011739,,2026-06-02 10:14:10,755,no_activity,mobile
sess_00011740,cust_002963,2026-06-02 09:33:27,237,no_activity,desktop
sess_00011741,cust_001261,2026-06-02 16:02:46,1298,no_activity,desktop
sess_00011742,,2026-06-02 14:58:22,658,no_activity,desktop
sess_00011743,,2026-06-02 13:29:24,179,timeout,desktop
sess_00011744,,2026-06-02 17:01:18,114,no_activity,desktop
sess_00011745,,2026-06-02 19:43:08,266,no_activity,desktop
sess_00011746,cust_001234,2026-06-02 23:54:44,371,no_activity,mobile
sess_00011747,,2026-06-02 16:13:50,1,no_activity,mobile
sess_00011748,,2026-06-02 13:28:34,120,timeout,desktop
sess_00011749,cust_001136,2026-06-02 19:09:40,805,no_activity,desktop
sess_00011750,cust_001055,2026-06-03 10:11:14,12,no_activity,mobile
sess_00011751,,2026-06-03 19:18:35,673,no_activity,desktop
sess_00011752,cust_001891,2026-06-03 11:31:32,25,no_activity,desktop
sess_00011753,,2026-06-03 09:40:10,722,timeout,desktop
sess_00011754,,2026-06-03 15:34:19,78,no_activity,desktop
sess_00011755,cust_002091,2026-06-03 07:11:00,2134,no_activity,mobile
sess_00011756,,2026-06-03 18:11:52,828,no_activity,mobile
sess_00011757,,2026-06-03 10:15:06,196,no_activity,mobile
sess_00011758,cust_000239,2026-06-03 19:54:46,231,no_activity,mobile
sess_00011759,,2026-06-03 17:02:19,179,no_activity,mobile
sess_00011760,cust_000717,2026-06-03 13:05:29,601,no_activity,mobile
sess_00011761,,2026-06-03 16:04:23,1165,no_activity,desktop
sess_00011762,cust_000178,2026-06-03 13:28:19,2,no_activity,tablet
sess_00011763,,2026-06-03 20:46:34,2,no_activity,desktop
sess_00011764,,2026-06-03 19:34:26,857,no_activity,mobile
sess_00011765,,2026-06-03 18:57:32,647,no_activity,mobile
sess_00011766,,2026-06-03 10:18:45,695,no_activity,desktop
sess_00011767,,2026-06-03 20:23:05,938,no_activity,mobile
sess_00011768,cust_002889,2026-06-03 16:15:02,21,no_activity,mobile
sess_00011769,,2026-06-03 09:47:13,248,no_activity,desktop
sess_00011770,,2026-06-03 10:26:09,411,no_activity,mobile
sess_00011771,cust_002741,2026-06-03 19:24:03,296,no_activity,desktop
sess_00011772,,2026-06-03 05:50:04,1173,no_activity,desktop
sess_00011773,,2026-06-03 14:52:16,707,no_activity,desktop
sess_00011774,,2026-06-03 13:36:49,524,no_activity,mobile
sess_00011775,,2026-06-03 13:50:53,1877,no_activity,desktop
sess_00011776,cust_001338,2026-06-03 20:29:44,224,no_activity,mobile
sess_00011777,,2026-06-03 05:12:36,415,no_activity,desktop
sess_00011778,,2026-06-03 15:42:45,561,no_activity,desktop
sess_00011779,,2026-06-03 10:47:55,339,no_activity,mobile
sess_00011780,,2026-06-03 15:30:19,13,no_activity,desktop
sess_00011781,,2026-06-03 09:54:56,109,no_activity,desktop
sess_00011782,cust_000140,2026-06-03 18:36:38,218,no_activity,tablet
sess_00011783,,2026-06-03 19:47:17,53,no_activity,mobile
sess_00011784,cust_002674,2026-06-03 18:48:52,17,no_activity,mobile
sess_00011785,,2026-06-03 10:52:38,69,no_activity,mobile
sess_00011786,cust_002444,2026-06-03 08:26:57,2219,no_activity,mobile
sess_00011787,cust_000114,2026-06-03 19:37:35,10,no_activity,desktop
sess_00011788,cust_002347,2026-06-03 15:51:25,645,no_activity,tablet
sess_00011789,,2026-06-03 14:21:36,312,timeout,desktop
sess_00011790,cust_000625,2026-06-03 11:51:36,268,no_activity,desktop
sess_00011791,,2026-06-03 14:42:03,386,no_activity,mobile
sess_00011792,,2026-06-03 16:23:10,1097,timeout,mobile
sess_00011793,cust_000198,2026-06-03 16:20:04,973,no_activity,desktop
sess_00011794,,2026-06-03 11:50:01,316,no_activity,desktop
sess_00011795,cust_001223,2026-06-03 11:46:23,616,no_activity,desktop
sess_00011796,cust_000029,2026-06-03 16:46:04,549,no_activity,mobile
sess_00011797,,2026-06-03 09:44:47,796,logout,desktop
sess_00011798,,2026-06-03 13:01:51,25,no_activity,mobile
sess_00011799,cust_000568,2026-06-03 19:51:41,30,no_activity,desktop
sess_00011800,cust_001395,2026-06-03 08:47:42,713,no_activity,desktop
sess_00011801,,2026-06-03 15:24:03,531,logout,desktop
sess_00011802,,2026-06-03 15:28:15,5,no_activity,desktop
sess_00011803,cust_000121,2026-06-03 17:24:42,72,no_activity,desktop
sess_00011804,,2026-06-03 10:59:19,29,no_activity,desktop
sess_00011805,cust_000005,2026-06-03 15:33:29,298,timeout,desktop
sess_00011806,cust_001888,2026-06-03 21:50:38,1,no_activity,mobile
sess_00011807,,2026-06-03 11:23:14,215,no_activity,mobile
sess_00011808,cust_001478,2026-06-03 16:47:34,104,no_activity,mobile
sess_00011809,,2026-06-03 17:09:04,657,no_activity,tablet
sess_00011810,cust_002235,2026-06-03 13:50:47,658,logout,mobile
sess_00011811,cust_000858,2026-06-03 07:45:31,426,no_activity,mobile
sess_00011812,cust_002248,2026-06-03 15:46:05,4,no_activity,desktop
sess_00011813,,2026-06-03 11:30:29,1321,no_activity,desktop
sess_00011814,cust_001574,2026-06-03 13:16:10,19,no_activity,mobile
sess_00011815,cust_002832,2026-06-03 19:54:52,110,no_activity,desktop
sess_00011816,cust_001402,2026-06-03 17:03:04,3,no_activity,desktop
sess_00011817,,2026-06-03 14:34:57,528,no_activity,mobile
sess_00011818,cust_001853,2026-06-03 17:38:08,269,no_activity,desktop
sess_00011819,,2026-06-03 09:22:07,90,no_activity,desktop
sess_00011820,cust_001984,2026-06-03 15:01:47,609,no_activity,desktop
sess_00011821,,2026-06-03 12:03:50,320,no_activity,desktop
sess_00011822,cust_001996,2026-06-03 11:18:14,456,no_activity,mobile
sess_00011823,,2026-06-03 15:01:00,930,no_activity,mobile
sess_00011824,,2026-06-03 10:02:20,155,no_activity,desktop
sess_00011825,cust_002733,2026-06-03 17:40:21,316,no_activity,desktop
sess_00011826,,2026-06-03 15:42:43,111,no_activity,desktop
sess_00011827,cust_002728,2026-06-03 18:08:20,248,timeout,desktop
sess_00011828,cust_002886,2026-06-03 08:59:26,70,no_activity,desktop
sess_00011829,,2026-06-03 08:50:30,212,no_activity,mobile
sess_00011830,,2026-06-03 20:00:56,6,no_activity,desktop
sess_00011831,,2026-06-03 10:00:42,46,no_activity,desktop
sess_00011832,cust_000496,2026-06-03 02:51:35,67,no_activity,desktop
sess_00011833,,2026-06-03 11:28:33,125,logout,desktop
sess_00011834,,2026-06-03 12:24:25,16,no_activity,desktop
sess_00011835,,2026-06-03 15:10:40,2013,no_activity,desktop
sess_00011836,,2026-06-03 22:23:48,255,no_activity,desktop
sess_00011837,cust_002887,2026-06-03 06:03:15,2203,no_activity,mobile
sess_00011838,,2026-06-03 13:51:48,6,no_activity,desktop
sess_00011839,cust_000526,2026-06-03 22:18:39,473,no_activity,mobile
sess_00011840,,2026-06-03 11:31:34,402,no_activity,desktop
sess_00011841,cust_001464,2026-06-03 16:03:31,2637,no_activity,mobile
sess_00011842,cust_000706,2026-06-03 19:30:53,851,timeout,desktop
sess_00011843,cust_001537,2026-06-03 20:19:58,640,no_activity,mobile
sess_00011844,,2026-06-03 13:37:47,493,no_activity,mobile
sess_00011845,cust_002838,2026-06-03 12:41:28,314,no_activity,desktop
sess_00011846,,2026-06-03 06:35:46,326,no_activity,mobile
sess_00011847,,2026-06-03 11:05:49,142,no_activity,mobile
sess_00011848,cust_000553,2026-06-04 13:02:30,342,no_activity,tablet
sess_00011849,,2026-06-04 16:40:29,323,no_activity,mobile
sess_00011850,cust_001871,2026-06-04 13:18:55,11,no_activity,desktop
sess_00011851,cust_002806,2026-06-04 20:37:31,29,no_activity,mobile
sess_00011852,cust_000391,2026-06-04 17:08:04,739,no_activity,mobile
sess_00011853,,2026-06-04 09:56:24,540,no_activity,tablet
sess_00011854,,2026-06-04 17:33:18,489,no_activity,desktop
sess_00011855,cust_002790,2026-06-04 12:28:26,593,logout,mobile
sess_00011856,,2026-06-04 20:24:42,238,no_activity,desktop
sess_00011857,cust_002128,2026-06-04 16:41:30,72,no_activity,desktop
sess_00011858,cust_001522,2026-06-04 13:30:09,285,no_activity,tablet
sess_00011859,cust_001998,2026-06-04 14:32:10,13,no_activity,desktop
sess_00011860,,2026-06-04 09:56:13,19,no_activity,desktop
sess_00011861,cust_002530,2026-06-04 19:48:32,150,no_activity,desktop
sess_00011862,,2026-06-04 08:46:33,102,no_activity,desktop
sess_00011863,,2026-06-04 09:20:23,780,no_activity,mobile
sess_00011864,,2026-06-04 08:19:01,95,no_activity,desktop
sess_00011865,,2026-06-04 14:48:04,266,logout,desktop
sess_00011866,cust_001412,2026-06-04 19:56:14,283,no_activity,tablet
sess_00011867,,2026-06-04 19:53:01,834,no_activity,desktop
sess_00011868,,2026-06-04 07:19:43,757,timeout,desktop
sess_00011869,cust_001273,2026-06-04 13:04:17,162,timeout,mobile
sess_00011870,cust_000854,2026-06-04 12:53:01,166,timeout,desktop
sess_00011871,cust_000577,2026-06-04 16:42:00,746,timeout,mobile
sess_00011872,cust_002911,2026-06-04 12:17:40,1336,no_activity,desktop
sess_00011873,,2026-06-04 20:06:34,274,no_activity,desktop
sess_00011874,,2026-06-04 20:15:03,506,no_activity,desktop
sess_00011875,,2026-06-04 14:09:51,353,no_activity,desktop
sess_00011876,,2026-06-04 07:34:03,278,no_activity,desktop
sess_00011877,cust_002999,2026-06-04 13:42:49,273,no_activity,mobile
sess_00011878,cust_000848,2026-06-04 11:52:31,103,no_activity,desktop
sess_00011879,,2026-06-04 19:26:17,341,no_activity,desktop
sess_00011880,cust_001573,2026-06-04 11:15:12,382,no_activity,desktop
sess_00011881,,2026-06-04 10:57:41,188,no_activity,mobile
sess_00011882,,2026-06-04 17:02:43,389,timeout,mobile
sess_00011883,,2026-06-04 14:43:57,63,no_activity,desktop
sess_00011884,,2026-06-04 09:32:34,247,no_activity,mobile
sess_00011885,cust_000926,2026-06-04 18:22:37,334,no_activity,desktop
sess_00011886,cust_001326,2026-06-04 10:05:37,128,no_activity,desktop
sess_00011887,cust_001360,2026-06-04 19:00:27,893,no_activity,tablet
sess_00011888,,2026-06-04 12:57:25,1,no_activity,desktop
sess_00011889,cust_000863,2026-06-04 19:35:33,29,no_activity,desktop
sess_00011890,,2026-06-04 12:25:35,717,no_activity,mobile
sess_00011891,cust_001720,2026-06-04 15:06:04,1116,no_activity,mobile
sess_00011892,cust_002177,2026-06-04 15:34:00,123,no_activity,desktop
sess_00011893,cust_001307,2026-06-04 14:47:09,120,no_activity,desktop
sess_00011894,,2026-06-04 14:10:09,105,no_activity,desktop
sess_00011895,,2026-06-04 21:32:36,2999,no_activity,mobile
sess_00011896,cust_001126,2026-06-04 22:53:05,187,no_activity,tablet
sess_00011897,,2026-06-04 09:17:42,415,no_activity,desktop
sess_00011898,cust_002283,2026-06-04 03:16:40,582,timeout,desktop
sess_00011899,cust_001882,2026-06-04 12:07:21,93,logout,desktop
sess_00011900,cust_001066,2026-06-04 13:15:49,130,no_activity,desktop
sess_00011901,cust_001939,2026-06-04 18:32:07,213,no_activity,desktop
sess_00011902,cust_002209,2026-06-04 10:05:37,272,no_activity,mobile
sess_00011903,cust_000195,2026-06-04 12:38:15,402,no_activity,desktop
sess_00011904,cust_002614,2026-06-04 08:48:15,193,timeout,desktop
sess_00011905,,2026-06-04 19:28:56,3029,timeout,desktop
sess_00011906,cust_001808,2026-06-04 22:48:59,374,no_activity,desktop
sess_00011907,,2026-06-04 18:26:19,117,no_activity,mobile
sess_00011908,cust_000898,2026-06-04 21:55:13,222,no_activity,tablet
sess_00011909,cust_002709,2026-06-04 19:38:52,134,timeout,desktop
sess_00011910,,2026-06-04 12:55:01,93,timeout,desktop
sess_00011911,cust_002836,2026-06-04 14:24:14,240,no_activity,mobile
sess_00011912,,2026-06-04 09:55:17,835,no_activity,desktop
sess_00011913,,2026-06-04 14:47:38,28,no_activity,desktop
sess_00011914,,2026-06-04 14:24:56,190,no_activity,mobile
sess_00011915,,2026-06-04 13:15:51,406,no_activity,mobile
sess_00011916,cust_000997,2026-06-04 22:05:04,553,timeout,mobile
sess_00011917,cust_001089,2026-06-04 18:03:18,230,no_activity,desktop
sess_00011918,,2026-06-04 12:28:41,143,no_activity,desktop
sess_00011919,,2026-06-04 19:55:23,384,no_activity,desktop
sess_00011920,,2026-06-04 19:13:50,1270,no_activity,desktop
sess_00011921,,2026-06-04 13:51:19,16,no_activity,mobile
sess_00011922,cust_000328,2026-06-04 13:07:20,211,timeout,desktop
sess_00011923,,2026-06-04 17:30:18,16,no_activity,desktop
sess_00011924,,2026-06-04 20:56:52,293,no_activity,mobile
sess_00011925,,2026-06-04 22:00:57,399,no_activity,desktop
sess_00011926,,2026-06-04 19:11:43,136,no_activity,mobile
sess_00011927,cust_001616,2026-06-04 11:59:54,69,logout,desktop
sess_00011928,cust_002187,2026-06-04 09:47:10,179,no_activity,mobile
sess_00011929,,2026-06-04 08:15:17,25,no_activity,desktop
sess_00011930,,2026-06-04 09:34:35,187,no_activity,desktop
sess_00011931,,2026-06-04 16:08:30,489,no_activity,desktop
sess_00011932,cust_000439,2026-06-04 19:08:45,137,no_activity,mobile
sess_00011933,cust_001073,2026-06-04 11:38:33,1282,no_activity,mobile
sess_00011934,,2026-06-04 16:38:15,103,no_activity,mobile
sess_00011935,,2026-06-04 06:13:01,2439,no_activity,mobile
sess_00011936,,2026-06-04 20:27:47,14,no_activity,mobile
sess_00011937,,2026-06-04 16:04:26,160,timeout,mobile
sess_00011938,cust_002814,2026-06-04 21:23:37,4,no_activity,desktop
sess_00011939,cust_001273,2026-06-04 08:42:41,1343,no_activity,desktop
sess_00011940,,2026-06-04 20:44:53,2125,no_activity,desktop
sess_00011941,cust_002718,2026-06-04 07:19:53,184,no_activity,desktop
sess_00011942,cust_000587,2026-06-04 17:49:26,830,no_activity,desktop
sess_00011943,cust_000065,2026-06-04 17:49:24,221,no_activity,mobile
sess_00011944,cust_002935,2026-06-04 16:47:12,11,no_activity,mobile
sess_00011945,,2026-06-04 13:47:49,91,logout,mobile
sess_00011946,,2026-06-04 10:45:33,1900,no_activity,mobile
sess_00011947,cust_000022,2026-06-04 20:17:50,1538,no_activity,mobile
sess_00011948,,2026-06-04 12:07:37,1442,no_activity,desktop
sess_00011949,,2026-06-05 12:46:34,18,no_activity,desktop
sess_00011950,,2026-06-05 16:42:47,1252,timeout,desktop
sess_00011951,cust_002157,2026-06-05 07:38:21,1386,timeout,desktop
sess_00011952,cust_000787,2026-06-05 16:17:09,1288,no_activity,mobile
sess_00011953,cust_002261,2026-06-05 18:22:40,236,no_activity,desktop
sess_00011954,cust_001978,2026-06-05 19:58:09,1364,no_activity,desktop
sess_00011955,,2026-06-05 13:51:18,2526,no_activity,desktop
sess_00011956,cust_001372,2026-06-05 12:11:41,137,no_activity,desktop
sess_00011957,,2026-06-05 12:35:21,62,timeout,desktop
sess_00011958,cust_001193,2026-06-05 08:07:27,533,no_activity,desktop
sess_00011959,,2026-06-05 09:16:38,355,no_activity,desktop
sess_00011960,,2026-06-05 19:54:54,184,no_activity,desktop
sess_00011961,,2026-06-05 17:38:41,1568,no_activity,mobile
sess_00011962,,2026-06-05 06:24:56,28,no_activity,tablet
sess_00011963,,2026-06-05 08:59:13,27,no_activity,mobile
sess_00011964,,2026-06-05 08:55:10,421,no_activity,desktop
sess_00011965,,2026-06-05 17:53:17,344,no_activity,desktop
sess_00011966,,2026-06-05 12:13:21,754,no_activity,desktop
sess_00011967,,2026-06-05 21:02:45,302,timeout,mobile
sess_00011968,,2026-06-05 10:43:52,124,timeout,desktop
sess_00011969,cust_000468,2026-06-05 17:37:59,998,no_activity,mobile
sess_00011970,cust_002400,2026-06-05 09:40:43,32,no_activity,mobile
sess_00011971,,2026-06-05 20:46:47,39,timeout,desktop
sess_00011972,,2026-06-05 11:48:29,233,no_activity,desktop
sess_00011973,cust_002783,2026-06-05 12:35:54,295,logout,tablet
sess_00011974,cust_002038,2026-06-05 14:45:52,510,timeout,desktop
sess_00011975,cust_000824,2026-06-05 10:58:03,550,no_activity,mobile
sess_00011976,,2026-06-05 17:18:54,168,no_activity,mobile
sess_00011977,,2026-06-05 12:29:13,58,no_activity,desktop
sess_00011978,cust_002517,2026-06-05 12:05:36,1001,no_activity,mobile
sess_00011979,,2026-06-05 08:01:57,17,no_activity,mobile
sess_00011980,cust_001060,2026-06-05 20:40:22,2270,no_activity,desktop
sess_00011981,cust_001649,2026-06-05 17:27:01,35,no_activity,mobile
sess_00011982,cust_001245,2026-06-05 08:36:18,47,no_activity,desktop
sess_00011983,,2026-06-05 20:52:34,347,no_activity,desktop
sess_00011984,,2026-06-05 10:30:54,109,timeout,desktop
sess_00011985,cust_002861,2026-06-05 11:16:00,6,no_activity,desktop
sess_00011986,,2026-06-05 14:56:49,1349,no_activity,desktop
sess_00011987,cust_001869,2026-06-05 18:22:28,638,logout,desktop
sess_00011988,,2026-06-05 13:21:21,7,no_activity,desktop
sess_00011989,cust_001742,2026-06-05 12:41:00,11,no_activity,desktop
sess_00011990,cust_001611,2026-06-05 14:26:26,267,no_activity,mobile
sess_00011991,,2026-06-05 14:25:42,381,timeout,desktop
sess_00011992,,2026-06-05 19:47:12,456,logout,desktop
sess_00011993,,2026-06-05 05:32:04,190,timeout,desktop
sess_00011994,,2026-06-05 19:12:39,3,no_activity,desktop
sess_00011995,cust_000843,2026-06-05 18:19:17,8,no_activity,desktop
sess_00011996,,2026-06-05 12:09:13,88,no_activity,desktop
sess_00011997,cust_002307,2026-06-05 21:37:11,281,no_activity,mobile
sess_00011998,,2026-06-05 15:50:38,97,no_activity,mobile
sess_00011999,,2026-06-05 10:12:23,246,no_activity,tablet
sess_00012000,,2026-06-05 13:20:12,1267,no_activity,desktop
sess_00012001,cust_002600,2026-06-05 06:13:57,191,timeout,mobile
sess_00012002,,2026-06-05 18:30:36,1475,timeout,mobile
sess_00012003,,2026-06-05 13:39:55,372,logout,desktop
sess_00012004,,2026-06-05 12:51:39,15,no_activity,desktop
sess_00012005,,2026-06-05 00:38:59,272,no_activity,desktop
sess_00012006,cust_000798,2026-06-05 16:18:05,134,no_activity,desktop
sess_00012007,cust_001178,2026-06-05 21:10:41,196,timeout,desktop
sess_00012008,,2026-06-05 17:16:31,581,no_activity,desktop
sess_00012009,,2026-06-05 08:58:11,2238,no_activity,mobile
sess_00012010,cust_002974,2026-06-05 18:28:47,532,no_activity,mobile
sess_00012011,cust_001070,2026-06-05 09:51:12,982,no_activity,mobile
sess_00012012,,2026-06-05 22:24:51,236,logout,desktop
sess_00012013,,2026-06-05 22:25:46,136,logout,mobile
sess_00012014,,2026-06-05 11:07:20,199,no_activity,desktop
sess_00012015,,2026-06-05 09:14:31,628,no_activity,desktop
sess_00012016,,2026-06-05 14:50:42,847,no_activity,mobile
sess_00012017,,2026-06-05 16:16:14,1284,no_activity,mobile
sess_00012018,cust_001272,2026-06-05 16:55:18,160,no_activity,tablet
sess_00012019,cust_002840,2026-06-05 20:07:32,395,no_activity,mobile
sess_00012020,cust_001413,2026-06-05 15:38:15,118,no_activity,mobile
sess_00012021,cust_000962,2026-06-05 14:06:08,144,no_activity,desktop
sess_00012022,cust_001455,2026-06-05 10:47:31,49,no_activity,desktop
sess_00012023,cust_000470,2026-06-05 22:17:02,2727,no_activity,desktop
sess_00012024,cust_001297,2026-06-05 13:21:44,546,no_activity,mobile
sess_00012025,cust_002348,2026-06-05 20:42:45,112,no_activity,mobile
sess_00012026,cust_002018,2026-06-05 15:50:47,649,no_activity,mobile
sess_00012027,cust_001406,2026-06-05 10:53:36,13,no_activity,desktop
sess_00012028,cust_002485,2026-06-05 13:14:56,395,no_activity,mobile
sess_00012029,cust_002939,2026-06-05 13:32:07,105,no_activity,mobile
sess_00012030,,2026-06-05 13:10:47,90,no_activity,mobile
sess_00012031,cust_000546,2026-06-05 03:35:49,59,no_activity,desktop
sess_00012032,,2026-06-05 15:02:47,155,no_activity,tablet
sess_00012033,cust_001338,2026-06-05 07:13:05,865,no_activity,desktop
sess_00012034,,2026-06-05 19:49:52,197,no_activity,desktop
sess_00012035,,2026-06-05 12:57:52,122,timeout,desktop
sess_00012036,,2026-06-05 20:58:09,1086,no_activity,tablet
sess_00012037,cust_001608,2026-06-05 09:57:17,18,no_activity,mobile
sess_00012038,,2026-06-05 09:44:42,169,no_activity,mobile
sess_00012039,,2026-06-05 12:20:43,909,timeout,mobile
sess_00012040,,2026-06-05 17:12:15,253,no_activity,mobile
sess_00012041,cust_002993,2026-06-05 18:20:14,188,timeout,mobile
sess_00012042,cust_000855,2026-06-05 10:35:53,433,no_activity,desktop
sess_00012043,,2026-06-05 19:23:28,43,no_activity,mobile
sess_00012044,,2026-06-05 00:19:21,575,logout,mobile
sess_00012045,,2026-06-05 10:40:30,29,no_activity,desktop
sess_00012046,cust_000685,2026-06-05 09:07:03,54,timeout,mobile
sess_00012047,,2026-06-05 22:23:23,528,no_activity,mobile
sess_00012048,,2026-06-05 13:59:55,4099,no_activity,desktop
sess_00012049,,2026-06-05 13:37:28,717,no_activity,desktop
sess_00012050,,2026-06-06 06:40:55,144,no_activity,mobile
sess_00012051,,2026-06-06 16:52:57,1017,no_activity,mobile
sess_00012052,cust_000151,2026-06-06 19:52:45,496,no_activity,desktop
sess_00012053,cust_001779,2026-06-06 02:41:17,22,no_activity,desktop
sess_00012054,,2026-06-06 14:40:10,318,timeout,desktop
sess_00012055,cust_001355,2026-06-06 14:01:14,141,timeout,desktop
sess_00012056,,2026-06-06 13:55:14,299,timeout,desktop
sess_00012057,cust_002812,2026-06-06 13:10:47,459,no_activity,mobile
sess_00012058,cust_000149,2026-06-06 11:24:45,12,no_activity,mobile
sess_00012059,,2026-06-06 17:43:19,48,no_activity,desktop
sess_00012060,,2026-06-06 09:29:00,27,no_activity,desktop
sess_00012061,,2026-06-06 11:10:44,1043,no_activity,mobile
sess_00012062,cust_001262,2026-06-06 16:36:09,857,no_activity,mobile
sess_00012063,,2026-06-06 19:26:01,243,no_activity,mobile
sess_00012064,cust_000145,2026-06-06 09:13:52,4317,no_activity,mobile
sess_00012065,cust_002410,2026-06-06 10:53:48,321,no_activity,mobile
sess_00012066,,2026-06-06 12:18:29,1042,no_activity,mobile
sess_00012067,,2026-06-06 13:57:04,308,logout,desktop
sess_00012068,cust_001410,2026-06-06 13:40:18,127,no_activity,mobile
sess_00012069,cust_002794,2026-06-06 19:36:54,594,logout,mobile
sess_00012070,,2026-06-06 12:49:26,1,no_activity,mobile
sess_00012071,cust_002224,2026-06-06 09:21:46,792,no_activity,desktop
sess_00012072,,2026-06-06 22:07:25,211,no_activity,desktop
sess_00012073,cust_002204,2026-06-06 18:54:48,659,no_activity,desktop
sess_00012074,,2026-06-06 13:04:33,944,no_activity,desktop
sess_00012075,cust_000755,2026-06-06 11:27:17,602,no_activity,mobile
sess_00012076,,2026-06-06 08:56:19,209,timeout,desktop
sess_00012077,cust_000249,2026-06-06 20:45:20,306,no_activity,mobile
sess_00012078,,2026-06-06 15:28:11,10,no_activity,desktop
sess_00012079,,2026-06-06 20:50:41,935,no_activity,desktop
sess_00012080,cust_000507,2026-06-06 09:29:34,104,timeout,desktop
sess_00012081,cust_001330,2026-06-06 16:02:04,576,timeout,desktop
sess_00012082,cust_001695,2026-06-06 06:48:14,418,no_activity,desktop
sess_00012083,cust_002677,2026-06-06 18:45:25,429,no_activity,desktop
sess_00012084,cust_000171,2026-06-06 17:55:19,353,no_activity,mobile
sess_00012085,,2026-06-06 17:16:07,14,no_activity,desktop
sess_00012086,,2026-06-06 19:03:56,291,no_activity,mobile
sess_00012087,cust_002508,2026-06-06 08:05:42,487,no_activity,mobile
sess_00012088,cust_001356,2026-06-06 22:16:50,345,no_activity,mobile
sess_00012089,,2026-06-06 09:54:51,132,timeout,mobile
sess_00012090,,2026-06-06 12:48:32,30,no_activity,mobile
sess_00012091,,2026-06-06 18:23:52,324,no_activity,mobile
sess_00012092,cust_001349,2026-06-06 13:36:24,331,no_activity,desktop
sess_00012093,,2026-06-06 17:27:08,315,no_activity,desktop
sess_00012094,cust_000089,2026-06-06 13:28:45,344,logout,mobile
sess_00012095,,2026-06-06 14:26:18,116,no_activity,desktop
sess_00012096,,2026-06-06 11:46:15,344,no_activity,desktop
sess_00012097,cust_002708,2026-06-06 11:05:18,358,no_activity,desktop
sess_00012098,,2026-06-06 15:34:31,403,no_activity,desktop
sess_00012099,,2026-06-06 10:56:03,83,no_activity,desktop
sess_00012100,cust_000042,2026-06-06 18:05:55,387,no_activity,mobile
sess_00012101,,2026-06-06 04:11:01,179,timeout,mobile
sess_00012102,,2026-06-06 14:30:13,4,no_activity,desktop
sess_00012103,,2026-06-06 21:00:12,584,no_activity,tablet
sess_00012104,cust_000600,2026-06-06 22:04:56,109,no_activity,desktop
sess_00012105,cust_000107,2026-06-06 14:37:09,74,no_activity,mobile
sess_00012106,,2026-06-06 21:52:07,13,no_activity,mobile
sess_00012107,cust_000864,2026-06-06 01:32:11,500,no_activity,tablet
sess_00012108,cust_000517,2026-06-06 07:16:02,28,no_activity,desktop
sess_00012109,cust_002290,2026-06-06 19:08:12,167,no_activity,mobile
sess_00012110,cust_002056,2026-06-06 16:48:02,84,no_activity,desktop
sess_00012111,,2026-06-06 17:42:35,3,no_activity,desktop
sess_00012112,,2026-06-06 22:57:17,1471,no_activity,desktop
sess_00012113,,2026-06-06 19:52:54,25,no_activity,desktop
sess_00012114,,2026-06-06 11:18:54,545,no_activity,mobile
sess_00012115,cust_000618,2026-06-06 12:43:07,1021,no_activity,mobile
sess_00012116,cust_002996,2026-06-06 08:21:17,918,no_activity,mobile
sess_00012117,,2026-06-06 11:08:27,799,no_activity,desktop
sess_00012118,cust_000292,2026-06-06 16:32:57,3,no_activity,desktop
sess_00012119,,2026-06-06 11:15:33,1010,no_activity,tablet
sess_00012120,cust_002310,2026-06-06 15:07:26,1346,timeout,mobile
sess_00012121,cust_001269,2026-06-06 18:17:29,11,no_activity,mobile
sess_00012122,,2026-06-06 16:52:19,500,timeout,mobile
sess_00012123,,2026-06-06 22:11:21,560,no_activity,mobile
sess_00012124,cust_002114,2026-06-06 15:33:43,1179,no_activity,mobile
sess_00012125,cust_002719,2026-06-06 18:59:00,734,no_activity,mobile
sess_00012126,cust_001284,2026-06-06 13:36:14,858,no_activity,desktop
sess_00012127,cust_000684,2026-06-06 14:19:23,700,no_activity,mobile
sess_00012128,,2026-06-06 13:16:33,2,no_activity,mobile
sess_00012129,,2026-06-06 12:38:03,131,no_activity,desktop
sess_00012130,cust_002359,2026-06-06 16:47:56,691,no_activity,desktop
sess_00012131,,2026-06-06 21:03:56,81,no_activity,mobile
sess_00012132,,2026-06-06 08:59:28,1365,no_activity,mobile
sess_00012133,cust_001362,2026-06-06 08:07:30,7,no_activity,mobile
sess_00012134,,2026-06-06 14:03:05,592,no_activity,desktop
sess_00012135,,2026-06-06 10:26:59,476,no_activity,mobile
sess_00012136,,2026-06-06 10:47:06,174,no_activity,desktop
sess_00012137,,2026-06-06 19:34:43,389,no_activity,desktop
sess_00012138,cust_000436,2026-06-06 16:59:42,248,timeout,desktop
sess_00012139,cust_000698,2026-06-07 14:34:58,3214,no_activity,desktop
sess_00012140,,2026-06-07 06:33:33,470,no_activity,desktop
sess_00012141,cust_001330,2026-06-07 21:47:55,23,no_activity,mobile
sess_00012142,cust_002156,2026-06-07 18:13:10,362,no_activity,desktop
sess_00012143,cust_002243,2026-06-07 14:08:10,128,logout,desktop
sess_00012144,,2026-06-07 18:10:39,961,no_activity,desktop
sess_00012145,,2026-06-07 17:42:50,221,timeout,desktop
sess_00012146,cust_000703,2026-06-07 17:43:43,63,no_activity,desktop
sess_00012147,,2026-06-07 20:41:22,3,no_activity,desktop
sess_00012148,,2026-06-07 14:02:13,1597,no_activity,desktop
sess_00012149,cust_002916,2026-06-07 14:52:28,26,no_activity,desktop
sess_00012150,,2026-06-07 14:35:28,28,no_activity,mobile
sess_00012151,,2026-06-07 11:09:35,333,no_activity,desktop
sess_00012152,,2026-06-07 23:12:55,260,no_activity,desktop
sess_00012153,,2026-06-07 15:28:07,529,no_activity,desktop
sess_00012154,,2026-06-07 14:41:22,9,no_activity,mobile
sess_00012155,,2026-06-07 16:07:29,853,no_activity,desktop
sess_00012156,cust_000973,2026-06-07 19:05:04,8,no_activity,desktop
sess_00012157,cust_002100,2026-06-07 07:35:10,1162,no_activity,desktop
sess_00012158,cust_001895,2026-06-07 12:03:05,5,no_activity,mobile
sess_00012159,,2026-06-07 23:24:37,9,no_activity,tablet
sess_00012160,cust_000374,2026-06-07 15:57:41,206,no_activity,desktop
sess_00012161,cust_001591,2026-06-07 21:44:25,1125,no_activity,desktop
sess_00012162,,2026-06-07 19:15:53,209,no_activity,mobile
sess_00012163,,2026-06-07 18:04:29,2318,timeout,desktop
sess_00012164,,2026-06-07 17:57:48,606,no_activity,desktop
sess_00012165,cust_000055,2026-06-07 21:15:18,193,no_activity,desktop
sess_00012166,,2026-06-07 14:31:50,82,timeout,desktop
sess_00012167,cust_001820,2026-06-07 10:55:35,317,no_activity,desktop
sess_00012168,,2026-06-07 13:57:57,372,no_activity,mobile
sess_00012169,,2026-06-07 23:53:11,918,logout,tablet
sess_00012170,,2026-06-07 16:08:45,691,no_activity,mobile
sess_00012171,,2026-06-07 09:23:17,1168,no_activity,desktop
sess_00012172,cust_002293,2026-06-07 10:29:26,177,no_activity,mobile
sess_00012173,cust_001196,2026-06-07 09:11:47,8,no_activity,mobile
sess_00012174,cust_001737,2026-06-07 22:28:46,240,no_activity,desktop
sess_00012175,,2026-06-07 11:11:10,92,no_activity,desktop
sess_00012176,cust_002901,2026-06-07 05:09:22,1659,no_activity,desktop
sess_00012177,,2026-06-07 18:52:56,268,timeout,desktop
sess_00012178,cust_001506,2026-06-07 12:54:02,792,no_activity,desktop
sess_00012179,cust_000498,2026-06-07 04:43:24,565,logout,mobile
sess_00012180,,2026-06-07 16:45:20,1842,no_activity,mobile
sess_00012181,cust_000769,2026-06-07 06:00:47,1,no_activity,mobile
sess_00012182,cust_002844,2026-06-07 19:04:41,2175,no_activity,mobile
sess_00012183,cust_001241,2026-06-07 18:25:04,206,no_activity,mobile
sess_00012184,,2026-06-07 05:43:19,416,no_activity,desktop
sess_00012185,cust_000024,2026-06-07 17:43:18,193,timeout,desktop
sess_00012186,,2026-06-07 09:59:28,14,no_activity,desktop
sess_00012187,,2026-06-07 14:42:18,187,no_activity,mobile
sess_00012188,cust_001503,2026-06-07 09:45:34,723,timeout,mobile
sess_00012189,,2026-06-07 14:16:52,1057,no_activity,mobile
sess_00012190,,2026-06-07 21:23:01,98,no_activity,mobile
sess_00012191,,2026-06-07 06:29:34,936,no_activity,desktop
sess_00012192,cust_001300,2026-06-07 11:31:23,1,no_activity,mobile
sess_00012193,cust_002214,2026-06-07 21:44:59,149,no_activity,desktop
sess_00012194,,2026-06-07 13:15:55,2949,no_activity,desktop
sess_00012195,cust_002214,2026-06-07 08:31:50,23,no_activity,mobile
sess_00012196,,2026-06-07 16:54:54,949,no_activity,desktop
sess_00012197,cust_000324,2026-06-07 09:52:24,5147,no_activity,desktop
sess_00012198,cust_000898,2026-06-07 21:07:50,2425,timeout,mobile
sess_00012199,,2026-06-07 16:28:38,359,no_activity,desktop
sess_00012200,cust_002417,2026-06-07 01:08:17,20,no_activity,tablet
sess_00012201,,2026-06-07 16:52:18,234,no_activity,mobile
sess_00012202,,2026-06-07 13:00:21,1595,timeout,desktop
sess_00012203,,2026-06-07 01:09:20,3219,no_activity,desktop
sess_00012204,,2026-06-07 16:08:49,1731,no_activity,desktop
sess_00012205,cust_002716,2026-06-07 19:57:38,608,timeout,tablet
sess_00012206,,2026-06-07 10:01:49,267,no_activity,desktop
sess_00012207,cust_002802,2026-06-07 18:36:13,292,no_activity,desktop
sess_00012208,cust_002343,2026-06-07 16:43:35,170,timeout,mobile
sess_00012209,,2026-06-07 07:23:37,391,no_activity,desktop
sess_00012210,cust_002909,2026-06-07 11:25:31,283,no_activity,desktop
sess_00012211,,2026-06-07 12:04:16,25,no_activity,desktop
sess_00012212,cust_000603,2026-06-07 16:15:34,353,no_activity,desktop
sess_00012213,cust_002171,2026-06-07 02:09:23,15,no_activity,mobile
sess_00012214,cust_001246,2026-06-07 20:34:07,222,no_activity,desktop
sess_00012215,,2026-06-07 21:36:17,963,no_activity,mobile
sess_00012216,,2026-06-07 10:36:11,408,no_activity,desktop
sess_00012217,,2026-06-07 16:16:50,29,no_activity,mobile
sess_00012218,,2026-06-07 13:28:15,281,no_activity,mobile
sess_00012219,cust_000630,2026-06-07 13:12:17,242,no_activity,desktop
sess_00012220,cust_002700,2026-06-07 23:35:22,308,no_activity,desktop
sess_00012221,cust_000070,2026-06-07 08:34:50,2,no_activity,desktop
sess_00012222,cust_000377,2026-06-07 22:05:34,504,no_activity,mobile
sess_00012223,cust_002939,2026-06-07 12:39:30,169,timeout,desktop
sess_00012224,,2026-06-07 08:35:41,147,no_activity,mobile
sess_00012225,cust_000806,2026-06-08 13:31:56,899,no_activity,mobile
sess_00012226,cust_002076,2026-06-08 14:36:18,415,timeout,desktop
sess_00012227,,2026-06-08 12:52:21,451,logout,desktop
sess_00012228,,2026-06-08 11:04:46,326,no_activity,desktop
sess_00012229,,2026-06-08 09:06:39,538,timeout,mobile
sess_00012230,cust_000068,2026-06-08 17:56:58,645,no_activity,desktop
sess_00012231,,2026-06-08 16:45:29,390,no_activity,desktop
sess_00012232,cust_001976,2026-06-08 11:13:25,528,no_activity,desktop
sess_00012233,cust_001833,2026-06-08 11:46:15,16,no_activity,mobile
sess_00012234,cust_000548,2026-06-08 10:38:56,201,no_activity,desktop
sess_00012235,,2026-06-08 18:12:02,1361,no_activity,mobile
sess_00012236,cust_002611,2026-06-08 10:31:25,253,no_activity,desktop
sess_00012237,,2026-06-08 20:40:12,1032,no_activity,mobile
sess_00012238,cust_002643,2026-06-08 17:31:55,1849,no_activity,desktop
sess_00012239,,2026-06-08 09:19:42,1096,no_activity,desktop
sess_00012240,cust_001598,2026-06-08 20:19:49,467,no_activity,mobile
sess_00012241,,2026-06-08 12:17:39,1296,no_activity,tablet
sess_00012242,,2026-06-08 09:53:32,228,timeout,desktop
sess_00012243,cust_001263,2026-06-08 08:18:51,693,logout,mobile
sess_00012244,,2026-06-08 15:59:05,509,no_activity,desktop
sess_00012245,,2026-06-08 19:17:58,99,no_activity,desktop
sess_00012246,,2026-06-08 14:52:33,12,no_activity,desktop
sess_00012247,,2026-06-08 13:12:05,932,no_activity,desktop
sess_00012248,cust_001266,2026-06-08 12:44:02,1613,timeout,desktop
sess_00012249,cust_001280,2026-06-08 15:11:02,976,no_activity,desktop
sess_00012250,cust_001062,2026-06-08 08:52:39,589,no_activity,desktop
sess_00012251,cust_001185,2026-06-08 19:18:25,15,no_activity,mobile
sess_00012252,,2026-06-08 20:21:14,1304,no_activity,mobile
sess_00012253,cust_000805,2026-06-08 18:15:03,2,no_activity,desktop
sess_00012254,cust_002585,2026-06-08 09:05:28,178,no_activity,mobile
sess_00012255,cust_002623,2026-06-08 15:27:29,750,no_activity,mobile
sess_00012256,,2026-06-08 21:02:27,337,no_activity,tablet
sess_00012257,cust_002410,2026-06-08 12:44:35,228,no_activity,mobile
sess_00012258,,2026-06-08 19:03:15,1085,no_activity,desktop
sess_00012259,cust_000647,2026-06-08 14:40:53,271,no_activity,mobile
sess_00012260,,2026-06-08 11:55:44,296,no_activity,mobile
sess_00012261,cust_001968,2026-06-08 06:01:03,16,no_activity,desktop
sess_00012262,,2026-06-08 11:39:31,77,no_activity,mobile
sess_00012263,cust_000409,2026-06-08 16:10:59,380,no_activity,mobile
sess_00012264,cust_000272,2026-06-08 18:45:34,170,timeout,desktop
sess_00012265,cust_000563,2026-06-08 07:42:10,66,no_activity,desktop
sess_00012266,cust_000083,2026-06-08 20:19:51,13,no_activity,desktop
sess_00012267,,2026-06-08 16:26:57,557,no_activity,mobile
sess_00012268,,2026-06-08 20:50:19,21,no_activity,desktop
sess_00012269,cust_002859,2026-06-08 14:36:35,309,no_activity,mobile
sess_00012270,cust_001643,2026-06-08 12:14:35,396,timeout,desktop
sess_00012271,,2026-06-08 22:23:08,1661,no_activity,desktop
sess_00012272,,2026-06-08 19:11:46,139,logout,mobile
sess_00012273,cust_001056,2026-06-08 20:10:54,311,no_activity,desktop
sess_00012274,,2026-06-08 08:41:13,72,no_activity,desktop
sess_00012275,,2026-06-08 11:52:57,308,no_activity,desktop
sess_00012276,cust_000289,2026-06-08 19:48:18,16,no_activity,desktop
sess_00012277,,2026-06-08 13:06:06,8,no_activity,desktop
sess_00012278,cust_002083,2026-06-08 19:50:04,24,no_activity,tablet
sess_00012279,cust_001207,2026-06-08 18:26:01,95,no_activity,desktop
sess_00012280,cust_000803,2026-06-08 14:05:28,441,no_activity,desktop
sess_00012281,,2026-06-08 21:14:52,553,logout,desktop
sess_00012282,,2026-06-08 16:41:18,970,no_activity,desktop
sess_00012283,,2026-06-08 18:16:55,2248,no_activity,desktop
sess_00012284,,2026-06-08 07:17:01,12,no_activity,mobile
sess_00012285,,2026-06-08 17:42:39,18,no_activity,mobile
sess_00012286,,2026-06-08 13:36:34,58,no_activity,mobile
sess_00012287,,2026-06-08 08:43:52,854,no_activity,desktop
sess_00012288,,2026-06-08 09:02:18,7200,logout,mobile
sess_00012289,,2026-06-08 10:57:36,363,timeout,mobile
sess_00012290,cust_001965,2026-06-08 18:24:36,212,no_activity,desktop
sess_00012291,cust_001168,2026-06-08 16:41:39,228,timeout,desktop
sess_00012292,,2026-06-08 13:21:11,519,timeout,desktop
sess_00012293,,2026-06-08 22:11:54,2244,no_activity,desktop
sess_00012294,,2026-06-08 20:16:46,214,no_activity,mobile
sess_00012295,cust_000234,2026-06-08 19:58:29,569,no_activity,tablet
sess_00012296,,2026-06-08 04:20:20,54,logout,mobile
sess_00012297,cust_001187,2026-06-08 14:43:17,183,timeout,desktop
sess_00012298,,2026-06-08 13:04:46,208,no_activity,mobile
sess_00012299,,2026-06-08 17:39:12,9,no_activity,mobile
sess_00012300,cust_000657,2026-06-08 05:36:37,1155,no_activity,mobile
sess_00012301,cust_001347,2026-06-08 15:12:11,1104,no_activity,mobile
sess_00012302,,2026-06-08 12:34:30,3,no_activity,desktop
sess_00012303,cust_001569,2026-06-08 15:26:48,253,timeout,tablet
sess_00012304,,2026-06-08 10:52:10,1354,no_activity,mobile
sess_00012305,,2026-06-08 14:01:09,300,timeout,desktop
sess_00012306,cust_000005,2026-06-08 15:34:07,295,no_activity,mobile
sess_00012307,cust_000214,2026-06-08 19:43:47,259,no_activity,desktop
sess_00012308,cust_001543,2026-06-08 08:21:59,189,no_activity,desktop
sess_00012309,cust_001839,2026-06-08 15:43:45,239,no_activity,tablet
sess_00012310,,2026-06-08 09:34:38,219,no_activity,mobile
sess_00012311,,2026-06-08 14:28:25,103,timeout,mobile
sess_00012312,cust_001872,2026-06-08 13:38:14,267,no_activity,desktop
sess_00012313,cust_002821,2026-06-08 16:40:12,110,no_activity,mobile
sess_00012314,,2026-06-08 15:02:17,901,timeout,desktop
sess_00012315,cust_000745,2026-06-08 09:56:53,396,timeout,desktop
sess_00012316,cust_002023,2026-06-08 13:39:33,11,no_activity,desktop
sess_00012317,,2026-06-08 04:21:10,10,no_activity,mobile
sess_00012318,,2026-06-08 12:15:15,432,no_activity,mobile
sess_00012319,cust_001335,2026-06-08 13:38:09,1339,no_activity,desktop
sess_00012320,,2026-06-08 09:00:54,85,no_activity,desktop
sess_00012321,,2026-06-08 19:04:33,124,timeout,mobile
sess_00012322,,2026-06-08 08:03:09,308,no_activity,desktop
sess_00012323,cust_002930,2026-06-09 15:54:56,274,no_activity,mobile
sess_00012324,,2026-06-09 23:22:52,30,no_activity,desktop
sess_00012325,cust_001797,2026-06-09 19:52:34,25,no_activity,mobile
sess_00012326,cust_001637,2026-06-09 09:53:25,835,timeout,desktop
sess_00012327,,2026-06-09 23:41:11,65,no_activity,desktop
sess_00012328,cust_002782,2026-06-09 16:47:54,802,timeout,mobile
sess_00012329,,2026-06-09 09:00:15,21,no_activity,mobile
sess_00012330,,2026-06-09 11:34:36,12,no_activity,mobile
sess_00012331,,2026-06-09 20:51:40,242,no_activity,desktop
sess_00012332,cust_001490,2026-06-09 09:46:43,956,no_activity,mobile
sess_00012333,,2026-06-09 09:34:15,365,no_activity,mobile
sess_00012334,,2026-06-09 06:12:59,45,no_activity,mobile
sess_00012335,,2026-06-09 17:23:32,15,no_activity,mobile
sess_00012336,cust_002463,2026-06-09 18:37:26,858,no_activity,mobile
sess_00012337,cust_002863,2026-06-09 21:56:46,583,no_activity,mobile
sess_00012338,,2026-06-09 15:41:01,403,no_activity,mobile
sess_00012339,,2026-06-09 17:37:39,1195,no_activity,mobile
sess_00012340,,2026-06-09 19:36:16,256,no_activity,desktop
sess_00012341,cust_002874,2026-06-09 10:43:22,291,no_activity,desktop
sess_00012342,,2026-06-09 09:50:35,522,logout,mobile
sess_00012343,,2026-06-09 22:35:00,270,no_activity,mobile
sess_00012344,cust_000381,2026-06-09 18:27:03,501,no_activity,desktop
sess_00012345,,2026-06-09 15:02:57,16,no_activity,desktop
sess_00012346,,2026-06-09 10:51:11,585,no_activity,mobile
sess_00012347,,2026-06-09 11:45:32,459,no_activity,mobile
sess_00012348,,2026-06-09 20:03:54,54,no_activity,desktop
sess_00012349,cust_000590,2026-06-09 09:51:25,411,no_activity,mobile
sess_00012350,,2026-06-09 17:48:11,650,timeout,desktop
sess_00012351,cust_000749,2026-06-09 19:35:57,93,no_activity,mobile
sess_00012352,cust_002186,2026-06-09 13:36:18,76,no_activity,mobile
sess_00012353,,2026-06-09 11:03:34,157,no_activity,desktop
sess_00012354,cust_000523,2026-06-09 08:59:37,300,no_activity,mobile
sess_00012355,cust_000596,2026-06-09 07:09:45,286,no_activity,mobile
sess_00012356,,2026-06-09 20:04:52,9,no_activity,mobile
sess_00012357,,2026-06-09 10:53:14,566,no_activity,desktop
sess_00012358,cust_002779,2026-06-09 17:21:36,48,no_activity,desktop
sess_00012359,cust_002748,2026-06-09 06:32:58,861,no_activity,tablet
sess_00012360,cust_002097,2026-06-09 08:01:19,634,no_activity,desktop
sess_00012361,cust_000797,2026-06-09 09:29:12,10,no_activity,desktop
sess_00012362,,2026-06-09 17:12:53,1112,no_activity,desktop
sess_00012363,,2026-06-09 21:34:30,16,no_activity,desktop
sess_00012364,,2026-06-09 18:12:33,761,no_activity,desktop
sess_00012365,,2026-06-09 12:35:37,18,no_activity,mobile
sess_00012366,,2026-06-09 17:57:00,110,no_activity,mobile
sess_00012367,,2026-06-09 19:13:53,167,no_activity,desktop
sess_00012368,,2026-06-09 16:03:06,118,timeout,desktop
sess_00012369,cust_001111,2026-06-09 10:09:18,177,no_activity,desktop
sess_00012370,cust_000659,2026-06-09 13:39:02,139,no_activity,desktop
sess_00012371,,2026-06-09 18:56:30,1259,no_activity,mobile
sess_00012372,,2026-06-09 22:35:00,755,no_activity,mobile
sess_00012373,,2026-06-09 18:13:18,28,no_activity,desktop
sess_00012374,cust_000209,2026-06-09 10:46:07,12,no_activity,mobile
sess_00012375,,2026-06-09 13:36:11,149,no_activity,desktop
sess_00012376,cust_000441,2026-06-09 18:47:23,68,no_activity,mobile
sess_00012377,,2026-06-09 13:38:40,1286,no_activity,desktop
sess_00012378,,2026-06-09 18:11:55,30,no_activity,desktop
sess_00012379,,2026-06-09 12:55:44,22,no_activity,desktop
sess_00012380,,2026-06-09 20:52:56,311,logout,desktop
sess_00012381,cust_001683,2026-06-09 13:35:10,23,no_activity,mobile
sess_00012382,cust_002309,2026-06-09 09:21:57,998,timeout,desktop
sess_00012383,,2026-06-09 07:02:02,27,no_activity,desktop
sess_00012384,cust_001922,2026-06-09 17:34:51,447,no_activity,desktop
sess_00012385,,2026-06-09 20:39:06,218,no_activity,mobile
sess_00012386,cust_002438,2026-06-09 14:19:59,486,no_activity,desktop
sess_00012387,,2026-06-09 12:18:55,264,no_activity,mobile
sess_00012388,cust_002980,2026-06-09 15:34:16,169,no_activity,mobile
sess_00012389,,2026-06-09 19:59:24,388,no_activity,desktop
sess_00012390,,2026-06-09 08:46:01,358,no_activity,mobile
sess_00012391,,2026-06-09 20:14:22,11,no_activity,desktop
sess_00012392,,2026-06-09 20:25:36,211,no_activity,desktop
sess_00012393,cust_001430,2026-06-09 15:53:24,2403,logout,desktop
sess_00012394,,2026-06-09 15:00:26,459,no_activity,mobile
sess_00012395,,2026-06-09 15:38:32,410,logout,desktop
sess_00012396,,2026-06-09 11:46:49,411,logout,desktop
sess_00012397,cust_002040,2026-06-09 00:31:32,10,no_activity,desktop
sess_00012398,cust_000549,2026-06-09 10:17:13,406,no_activity,desktop
sess_00012399,,2026-06-09 09:10:02,1087,no_activity,desktop
sess_00012400,cust_002288,2026-06-09 11:27:25,8,no_activity,desktop
sess_00012401,cust_001408,2026-06-09 22:09:08,941,no_activity,desktop
sess_00012402,cust_002898,2026-06-09 09:01:36,1027,no_activity,mobile
sess_00012403,cust_002229,2026-06-09 07:32:25,438,no_activity,desktop
sess_00012404,cust_002092,2026-06-09 17:19:26,26,no_activity,desktop
sess_00012405,cust_002437,2026-06-09 16:39:13,672,no_activity,desktop
sess_00012406,cust_000714,2026-06-09 12:30:12,152,no_activity,mobile
sess_00012407,cust_000444,2026-06-09 10:15:16,519,no_activity,desktop
sess_00012408,cust_001079,2026-06-09 20:53:06,251,timeout,desktop
sess_00012409,,2026-06-09 18:38:00,506,timeout,desktop
sess_00012410,cust_000592,2026-06-10 16:15:35,162,no_activity,desktop
sess_00012411,,2026-06-10 14:36:24,1494,no_activity,mobile
sess_00012412,,2026-06-10 13:23:44,572,no_activity,mobile
sess_00012413,,2026-06-10 13:12:59,2594,no_activity,desktop
sess_00012414,cust_001020,2026-06-10 18:57:50,181,no_activity,desktop
sess_00012415,cust_001347,2026-06-10 19:51:10,764,no_activity,desktop
sess_00012416,cust_000524,2026-06-10 20:30:38,598,no_activity,desktop
sess_00012417,,2026-06-10 19:39:36,670,no_activity,desktop
sess_00012418,cust_000498,2026-06-10 06:09:11,63,no_activity,tablet
sess_00012419,cust_002794,2026-06-10 10:04:40,618,no_activity,desktop
sess_00012420,,2026-06-10 14:04:18,731,no_activity,mobile
sess_00012421,,2026-06-10 06:28:37,266,no_activity,desktop
sess_00012422,,2026-06-10 21:55:10,1333,no_activity,mobile
sess_00012423,,2026-06-10 18:44:46,166,no_activity,mobile
sess_00012424,cust_000719,2026-06-10 20:21:20,21,no_activity,desktop
sess_00012425,,2026-06-10 10:12:27,175,no_activity,mobile
sess_00012426,,2026-06-10 19:00:03,750,no_activity,desktop
sess_00012427,,2026-06-10 17:12:25,706,no_activity,desktop
sess_00012428,cust_000561,2026-06-10 13:01:15,361,timeout,desktop
sess_00012429,,2026-06-10 16:45:06,13,no_activity,mobile
sess_00012430,cust_002981,2026-06-10 18:38:01,197,no_activity,mobile
sess_00012431,cust_002643,2026-06-10 20:36:37,264,timeout,mobile
sess_00012432,cust_000668,2026-06-10 17:35:59,360,no_activity,desktop
sess_00012433,,2026-06-10 11:06:17,214,no_activity,desktop
sess_00012434,,2026-06-10 13:42:58,103,no_activity,desktop
sess_00012435,cust_002320,2026-06-10 14:15:25,431,no_activity,mobile
sess_00012436,,2026-06-10 15:07:45,26,no_activity,desktop
sess_00012437,,2026-06-10 19:50:51,1149,no_activity,mobile
sess_00012438,cust_000866,2026-06-10 15:59:41,174,no_activity,desktop
sess_00012439,cust_000711,2026-06-10 19:25:28,601,no_activity,tablet
sess_00012440,,2026-06-10 12:00:45,359,no_activity,mobile
sess_00012441,,2026-06-10 17:17:16,309,no_activity,desktop
sess_00012442,,2026-06-10 20:30:12,9,no_activity,desktop
sess_00012443,cust_000136,2026-06-10 19:25:40,1131,timeout,mobile
sess_00012444,cust_001654,2026-06-10 12:43:01,13,no_activity,mobile
sess_00012445,,2026-06-10 08:58:45,1034,no_activity,mobile
sess_00012446,,2026-06-10 11:15:28,437,no_activity,mobile
sess_00012447,,2026-06-10 01:28:47,1012,timeout,desktop
sess_00012448,,2026-06-10 17:55:45,2212,no_activity,mobile
sess_00012449,,2026-06-10 20:19:25,241,no_activity,desktop
sess_00012450,,2026-06-10 06:16:31,470,timeout,desktop
sess_00012451,,2026-06-10 19:40:59,527,no_activity,desktop
sess_00012452,cust_000492,2026-06-10 16:12:03,64,no_activity,mobile
sess_00012453,,2026-06-10 19:11:59,822,no_activity,mobile
sess_00012454,cust_002833,2026-06-10 18:23:55,283,no_activity,desktop
sess_00012455,cust_002404,2026-06-10 19:59:39,1376,no_activity,mobile
sess_00012456,cust_002077,2026-06-10 16:25:13,360,timeout,mobile
sess_00012457,cust_002668,2026-06-10 09:54:12,14,no_activity,desktop
sess_00012458,cust_000313,2026-06-10 11:18:56,464,no_activity,mobile
sess_00012459,cust_002911,2026-06-10 23:04:50,1152,logout,desktop
sess_00012460,cust_001674,2026-06-10 08:32:51,131,no_activity,mobile
sess_00012461,,2026-06-10 10:13:31,1067,no_activity,mobile
sess_00012462,,2026-06-10 20:47:51,245,no_activity,mobile
sess_00012463,,2026-06-10 16:09:57,9,no_activity,mobile
sess_00012464,cust_000871,2026-06-10 09:42:51,1463,timeout,mobile
sess_00012465,,2026-06-10 15:49:16,16,no_activity,mobile
sess_00012466,cust_001514,2026-06-10 04:50:21,408,no_activity,desktop
sess_00012467,cust_001147,2026-06-10 11:54:58,199,no_activity,desktop
sess_00012468,,2026-06-10 11:51:27,31,timeout,desktop
sess_00012469,,2026-06-10 07:28:38,97,no_activity,tablet
sess_00012470,,2026-06-10 16:43:39,240,no_activity,desktop
sess_00012471,,2026-06-10 17:38:22,169,no_activity,desktop
sess_00012472,,2026-06-10 04:02:55,1122,no_activity,mobile
sess_00012473,cust_000652,2026-06-10 14:03:11,212,no_activity,mobile
sess_00012474,,2026-06-10 09:41:01,38,no_activity,mobile
sess_00012475,cust_000412,2026-06-10 11:51:10,896,no_activity,mobile
sess_00012476,cust_001590,2026-06-10 09:38:21,1638,timeout,desktop
sess_00012477,,2026-06-10 21:38:47,23,no_activity,mobile
sess_00012478,,2026-06-10 07:02:58,395,no_activity,desktop
sess_00012479,,2026-06-10 17:46:07,27,no_activity,desktop
sess_00012480,cust_002983,2026-06-10 20:38:27,1156,timeout,desktop
sess_00012481,,2026-06-10 18:48:16,987,no_activity,mobile
sess_00012482,cust_000795,2026-06-10 16:18:04,3,no_activity,desktop
sess_00012483,,2026-06-10 16:00:12,950,no_activity,desktop
sess_00012484,cust_000475,2026-06-10 20:16:22,944,no_activity,desktop
sess_00012485,,2026-06-10 19:54:11,280,no_activity,desktop
sess_00012486,cust_001651,2026-06-10 18:52:48,592,no_activity,tablet
sess_00012487,cust_000426,2026-06-10 21:11:01,919,no_activity,desktop
sess_00012488,,2026-06-10 12:41:16,100,timeout,desktop
sess_00012489,cust_002813,2026-06-10 19:49:55,4,no_activity,mobile
sess_00012490,,2026-06-10 19:13:37,175,timeout,mobile
sess_00012491,,2026-06-10 18:23:46,25,no_activity,mobile
sess_00012492,,2026-06-10 19:46:17,1459,no_activity,desktop
sess_00012493,cust_002257,2026-06-10 09:48:07,210,no_activity,desktop
sess_00012494,,2026-06-10 10:36:40,552,timeout,desktop
sess_00012495,cust_002617,2026-06-10 10:20:18,1474,no_activity,desktop
sess_00012496,,2026-06-10 14:13:44,24,no_activity,desktop
sess_00012497,,2026-06-10 13:50:11,1323,no_activity,tablet
sess_00012498,,2026-06-10 19:08:02,2020,no_activity,mobile
sess_00012499,,2026-06-10 11:01:29,83,no_activity,mobile
sess_00012500,,2026-06-11 18:37:27,2907,no_activity,mobile
sess_00012501,,2026-06-11 08:24:44,319,logout,desktop
sess_00012502,,2026-06-11 21:52:41,20,no_activity,mobile
sess_00012503,,2026-06-11 18:31:44,53,no_activity,mobile
sess_00012504,,2026-06-11 13:49:39,525,no_activity,mobile
sess_00012505,cust_001800,2026-06-11 14:58:57,1606,no_activity,tablet
sess_00012506,cust_001630,2026-06-11 17:16:39,108,no_activity,desktop
sess_00012507,,2026-06-11 15:13:20,9,no_activity,mobile
sess_00012508,,2026-06-11 14:46:18,217,no_activity,desktop
sess_00012509,cust_002550,2026-06-11 16:45:09,8,no_activity,desktop
sess_00012510,,2026-06-11 16:20:58,848,no_activity,mobile
sess_00012511,cust_001020,2026-06-11 17:55:01,30,no_activity,mobile
sess_00012512,,2026-06-11 09:12:17,788,no_activity,mobile
sess_00012513,cust_001857,2026-06-11 13:19:25,150,no_activity,tablet
sess_00012514,,2026-06-11 20:04:53,256,no_activity,tablet
sess_00012515,cust_002464,2026-06-11 12:15:57,409,no_activity,tablet
sess_00012516,cust_000599,2026-06-11 12:55:06,872,logout,desktop
sess_00012517,cust_002727,2026-06-11 09:50:14,673,no_activity,desktop
sess_00012518,cust_000602,2026-06-11 14:19:38,587,no_activity,desktop
sess_00012519,,2026-06-11 10:01:33,1602,no_activity,desktop
sess_00012520,,2026-06-11 11:16:00,28,no_activity,desktop
sess_00012521,,2026-06-11 10:02:53,30,no_activity,mobile
sess_00012522,,2026-06-11 18:51:38,502,no_activity,desktop
sess_00012523,cust_001377,2026-06-11 17:53:06,24,no_activity,mobile
sess_00012524,cust_002997,2026-06-11 22:24:34,9,no_activity,mobile
sess_00012525,cust_000612,2026-06-11 04:51:55,110,logout,desktop
sess_00012526,cust_002340,2026-06-11 12:17:24,153,no_activity,desktop
sess_00012527,,2026-06-11 19:19:44,2496,no_activity,desktop
sess_00012528,,2026-06-11 11:48:32,215,no_activity,desktop
sess_00012529,cust_001164,2026-06-11 13:51:49,75,no_activity,desktop
sess_00012530,,2026-06-11 18:11:32,431,no_activity,mobile
sess_00012531,cust_002188,2026-06-11 11:10:33,1230,no_activity,mobile
sess_00012532,cust_000145,2026-06-11 20:30:39,15,no_activity,mobile
sess_00012533,cust_001617,2026-06-11 18:24:20,17,no_activity,desktop
sess_00012534,cust_001858,2026-06-11 20:03:17,270,timeout,mobile
sess_00012535,,2026-06-11 14:17:41,340,no_activity,desktop
sess_00012536,cust_001820,2026-06-11 17:00:48,126,no_activity,desktop
sess_00012537,,2026-06-11 01:26:12,20,no_activity,desktop
sess_00012538,cust_002547,2026-06-11 15:21:20,520,logout,mobile
sess_00012539,,2026-06-11 18:22:32,841,no_activity,mobile
sess_00012540,,2026-06-11 12:43:35,12,no_activity,desktop
sess_00012541,cust_000901,2026-06-11 18:30:07,216,no_activity,mobile
sess_00012542,,2026-06-11 09:55:33,119,no_activity,desktop
sess_00012543,cust_002419,2026-06-11 21:55:06,145,no_activity,desktop
sess_00012544,cust_002595,2026-06-11 10:10:47,1157,no_activity,mobile
sess_00012545,cust_002452,2026-06-11 18:11:25,2395,no_activity,desktop
sess_00012546,,2026-06-11 13:11:05,94,no_activity,mobile
sess_00012547,,2026-06-11 08:33:27,223,timeout,tablet
sess_00012548,cust_000748,2026-06-11 17:55:03,144,no_activity,desktop
sess_00012549,cust_001614,2026-06-11 21:18:59,615,no_activity,tablet
sess_00012550,cust_001184,2026-06-11 06:55:15,328,no_activity,mobile
sess_00012551,cust_002528,2026-06-11 11:53:50,9,no_activity,desktop
sess_00012552,,2026-06-11 10:56:12,159,timeout,desktop
sess_00012553,,2026-06-11 15:33:04,393,no_activity,mobile
sess_00012554,cust_001296,2026-06-11 08:35:05,507,no_activity,desktop
sess_00012555,,2026-06-11 09:43:10,626,no_activity,mobile
sess_00012556,,2026-06-11 11:20:57,19,no_activity,mobile
sess_00012557,cust_001333,2026-06-11 13:32:27,1852,no_activity,desktop
sess_00012558,,2026-06-11 12:47:37,2121,no_activity,mobile
sess_00012559,cust_001546,2026-06-11 09:38:41,20,no_activity,desktop
sess_00012560,cust_000744,2026-06-11 14:35:51,261,no_activity,mobile
sess_00012561,,2026-06-11 18:17:31,2281,no_activity,desktop
sess_00012562,cust_001210,2026-06-11 21:18:52,328,no_activity,desktop
sess_00012563,cust_000429,2026-06-11 09:28:43,2799,no_activity,mobile
sess_00012564,cust_001436,2026-06-11 19:48:50,1055,no_activity,desktop
sess_00012565,,2026-06-11 16:03:18,259,no_activity,mobile
sess_00012566,,2026-06-11 14:59:57,13,no_activity,desktop
sess_00012567,,2026-06-11 10:16:27,1148,no_activity,mobile
sess_00012568,cust_002048,2026-06-11 19:04:39,578,no_activity,mobile
sess_00012569,cust_001118,2026-06-11 19:37:30,284,no_activity,desktop
sess_00012570,cust_002427,2026-06-11 08:16:28,251,no_activity,desktop
sess_00012571,,2026-06-11 22:20:18,179,no_activity,desktop
sess_00012572,,2026-06-11 19:01:10,28,no_activity,mobile
sess_00012573,,2026-06-11 18:45:16,331,no_activity,desktop
sess_00012574,cust_001153,2026-06-11 19:12:27,22,no_activity,desktop
sess_00012575,cust_001284,2026-06-11 20:22:54,577,no_activity,desktop
sess_00012576,,2026-06-11 19:38:07,100,no_activity,desktop
sess_00012577,cust_001224,2026-06-11 19:37:57,564,no_activity,mobile
sess_00012578,cust_000713,2026-06-11 18:27:55,176,no_activity,desktop
sess_00012579,,2026-06-11 17:57:52,678,no_activity,mobile
sess_00012580,,2026-06-11 19:32:37,238,no_activity,mobile
sess_00012581,cust_000158,2026-06-11 09:20:40,29,no_activity,mobile
sess_00012582,cust_000097,2026-06-11 11:02:13,364,no_activity,desktop
sess_00012583,cust_002816,2026-06-11 19:26:20,164,no_activity,desktop
sess_00012584,cust_000024,2026-06-11 15:28:25,419,no_activity,desktop
sess_00012585,,2026-06-11 17:00:20,145,no_activity,desktop
sess_00012586,,2026-06-11 16:35:31,2,no_activity,mobile
sess_00012587,cust_001222,2026-06-11 12:12:50,420,no_activity,mobile
sess_00012588,cust_002123,2026-06-11 18:23:41,6,no_activity,mobile
sess_00012589,,2026-06-11 14:39:29,823,timeout,desktop
sess_00012590,cust_001933,2026-06-11 06:40:03,23,no_activity,mobile
sess_00012591,cust_000824,2026-06-11 09:22:26,229,no_activity,desktop
sess_00012592,cust_000224,2026-06-11 09:34:40,1153,timeout,desktop
sess_00012593,,2026-06-11 08:19:00,262,timeout,mobile
sess_00012594,cust_002095,2026-06-11 11:19:24,101,logout,mobile
sess_00012595,cust_001664,2026-06-11 17:35:36,379,no_activity,desktop
sess_00012596,,2026-06-11 19:13:39,1838,no_activity,desktop
sess_00012597,,2026-06-11 20:32:44,728,timeout,mobile
sess_00012598,,2026-06-11 06:47:41,4654,timeout,desktop
sess_00012599,,2026-06-11 12:40:25,527,no_activity,desktop
sess_00012600,cust_000774,2026-06-11 18:45:38,27,no_activity,mobile
sess_00012601,,2026-06-12 16:11:00,1083,no_activity,desktop
sess_00012602,cust_002592,2026-06-12 18:57:27,2792,no_activity,mobile
sess_00012603,,2026-06-12 15:40:36,435,logout,desktop
sess_00012604,cust_002100,2026-06-12 16:36:14,389,no_activity,desktop
sess_00012605,cust_002168,2026-06-12 11:47:05,28,no_activity,desktop
sess_00012606,cust_000134,2026-06-12 19:18:27,16,no_activity,mobile
sess_00012607,,2026-06-12 19:02:49,621,no_activity,mobile
sess_00012608,,2026-06-12 16:19:26,199,no_activity,desktop
sess_00012609,,2026-06-12 18:08:48,336,timeout,mobile
sess_00012610,cust_001368,2026-06-12 12:23:16,81,logout,mobile
sess_00012611,cust_002120,2026-06-12 18:30:39,117,no_activity,mobile
sess_00012612,,2026-06-12 18:06:14,16,no_activity,mobile
sess_00012613,,2026-06-12 10:15:26,51,no_activity,desktop
sess_00012614,,2026-06-12 13:29:37,1838,no_activity,desktop
sess_00012615,,2026-06-12 16:41:56,2289,no_activity,mobile
sess_00012616,cust_000784,2026-06-12 16:03:58,318,no_activity,desktop
sess_00012617,,2026-06-12 22:45:38,611,logout,desktop
sess_00012618,,2026-06-12 07:26:57,123,no_activity,desktop
sess_00012619,cust_002937,2026-06-12 11:53:28,801,no_activity,desktop
sess_00012620,,2026-06-12 10:40:44,1569,no_activity,desktop
sess_00012621,,2026-06-12 14:41:44,550,no_activity,mobile
sess_00012622,cust_001962,2026-06-12 12:55:44,21,no_activity,mobile
sess_00012623,cust_000784,2026-06-12 11:35:49,228,no_activity,desktop
sess_00012624,,2026-06-12 11:47:48,2742,no_activity,desktop
sess_00012625,cust_002094,2026-06-12 06:37:10,1423,timeout,desktop
sess_00012626,,2026-06-12 17:59:05,932,no_activity,desktop
sess_00012627,cust_001533,2026-06-12 18:28:52,12,no_activity,desktop
sess_00012628,,2026-06-12 19:11:10,887,no_activity,desktop
sess_00012629,,2026-06-12 13:08:59,2572,no_activity,mobile
sess_00012630,cust_000563,2026-06-12 07:19:26,24,no_activity,mobile
sess_00012631,cust_000167,2026-06-12 04:42:52,7,no_activity,desktop
sess_00012632,cust_000284,2026-06-12 19:53:11,8,no_activity,desktop
sess_00012633,cust_000973,2026-06-12 11:42:58,661,no_activity,mobile
sess_00012634,cust_002676,2026-06-12 19:14:08,530,timeout,desktop
sess_00012635,cust_001296,2026-06-12 14:45:31,402,no_activity,mobile
sess_00012636,,2026-06-12 16:57:30,321,no_activity,desktop
sess_00012637,cust_001673,2026-06-12 09:21:18,163,no_activity,mobile
sess_00012638,cust_002743,2026-06-12 05:00:40,318,no_activity,desktop
sess_00012639,,2026-06-12 08:06:22,789,no_activity,desktop
sess_00012640,cust_000230,2026-06-12 18:14:33,2595,timeout,desktop
sess_00012641,cust_000376,2026-06-12 16:14:59,631,no_activity,desktop
sess_00012642,,2026-06-12 15:20:51,213,timeout,desktop
sess_00012643,,2026-06-12 20:38:24,568,no_activity,desktop
sess_00012644,,2026-06-12 10:07:29,201,no_activity,desktop
sess_00012645,cust_002311,2026-06-12 00:08:13,696,no_activity,mobile
sess_00012646,,2026-06-12 01:27:10,5,no_activity,mobile
sess_00012647,,2026-06-12 13:32:26,56,no_activity,mobile
sess_00012648,,2026-06-12 16:26:51,596,no_activity,mobile
sess_00012649,cust_002203,2026-06-12 11:49:55,234,no_activity,mobile
sess_00012650,cust_001889,2026-06-12 21:15:12,3505,no_activity,mobile
sess_00012651,cust_000312,2026-06-12 08:09:54,4,no_activity,desktop
sess_00012652,,2026-06-12 20:34:22,142,no_activity,mobile
sess_00012653,cust_001270,2026-06-12 12:19:52,468,timeout,desktop
sess_00012654,cust_001650,2026-06-12 18:34:31,476,no_activity,mobile
sess_00012655,,2026-06-12 20:36:22,1749,no_activity,tablet
sess_00012656,,2026-06-12 12:40:40,357,no_activity,desktop
sess_00012657,,2026-06-12 16:07:23,101,no_activity,mobile
sess_00012658,cust_001657,2026-06-12 18:23:58,862,no_activity,mobile
sess_00012659,,2026-06-12 20:11:00,343,no_activity,desktop
sess_00012660,,2026-06-12 14:37:47,782,no_activity,mobile
sess_00012661,cust_001367,2026-06-12 15:24:54,174,timeout,mobile
sess_00012662,cust_002319,2026-06-12 20:22:03,5,no_activity,mobile
sess_00012663,,2026-06-12 10:37:11,220,no_activity,mobile
sess_00012664,,2026-06-12 20:07:40,34,timeout,mobile
sess_00012665,cust_002826,2026-06-12 19:24:47,596,no_activity,mobile
sess_00012666,,2026-06-12 01:31:55,1354,no_activity,mobile
sess_00012667,,2026-06-12 08:54:11,200,timeout,desktop
sess_00012668,,2026-06-12 12:03:36,891,no_activity,desktop
sess_00012669,,2026-06-12 12:56:09,22,no_activity,desktop
sess_00012670,,2026-06-12 16:53:13,5,no_activity,mobile
sess_00012671,cust_002549,2026-06-12 14:50:29,1213,no_activity,desktop
sess_00012672,,2026-06-12 05:42:03,124,logout,desktop
sess_00012673,,2026-06-12 21:48:31,1036,no_activity,mobile
sess_00012674,cust_000490,2026-06-12 16:44:59,533,no_activity,desktop
sess_00012675,,2026-06-12 13:18:52,959,no_activity,desktop
sess_00012676,,2026-06-12 17:30:15,1045,logout,tablet
sess_00012677,cust_002059,2026-06-12 14:08:59,1184,no_activity,desktop
sess_00012678,cust_002840,2026-06-12 19:16:54,82,no_activity,mobile
sess_00012679,,2026-06-12 17:34:12,74,timeout,desktop
sess_00012680,,2026-06-12 18:15:14,369,no_activity,desktop
sess_00012681,cust_000917,2026-06-12 16:07:57,20,no_activity,desktop
sess_00012682,,2026-06-12 09:07:14,2412,no_activity,desktop
sess_00012683,cust_002747,2026-06-12 14:55:17,70,timeout,desktop
sess_00012684,,2026-06-12 23:46:17,808,no_activity,mobile
sess_00012685,,2026-06-12 19:46:16,28,no_activity,mobile
sess_00012686,,2026-06-12 18:08:50,1108,no_activity,desktop
sess_00012687,cust_002736,2026-06-12 12:58:47,327,no_activity,mobile
sess_00012688,,2026-06-12 15:08:53,269,no_activity,mobile
sess_00012689,cust_001178,2026-06-12 14:24:07,362,no_activity,desktop
sess_00012690,,2026-06-12 09:45:40,361,no_activity,mobile
sess_00012691,,2026-06-13 07:42:51,48,timeout,mobile
sess_00012692,cust_000350,2026-06-13 17:04:46,3609,no_activity,desktop
sess_00012693,cust_002933,2026-06-13 18:40:26,1366,no_activity,desktop
sess_00012694,,2026-06-13 07:31:05,1338,timeout,desktop
sess_00012695,cust_002614,2026-06-13 14:12:22,154,no_activity,mobile
sess_00012696,,2026-06-13 16:47:55,1379,no_activity,mobile
sess_00012697,,2026-06-13 08:13:34,1023,no_activity,tablet
sess_00012698,cust_002166,2026-06-13 09:00:18,8,no_activity,mobile
sess_00012699,cust_002108,2026-06-13 14:29:45,1450,no_activity,desktop
sess_00012700,,2026-06-13 18:34:24,133,no_activity,mobile
sess_00012701,,2026-06-13 00:40:56,60,no_activity,desktop
sess_00012702,,2026-06-13 18:25:49,1002,no_activity,mobile
sess_00012703,,2026-06-13 12:51:09,223,no_activity,mobile
sess_00012704,,2026-06-13 11:20:26,17,no_activity,mobile
sess_00012705,,2026-06-13 09:19:53,252,no_activity,tablet
sess_00012706,cust_001883,2026-06-13 13:40:31,2174,no_activity,desktop
sess_00012707,,2026-06-13 19:19:49,2199,no_activity,desktop
sess_00012708,,2026-06-13 08:29:11,349,no_activity,desktop
sess_00012709,,2026-06-13 12:10:53,90,no_activity,mobile
sess_00012710,cust_002147,2026-06-13 15:52:26,18,no_activity,desktop
sess_00012711,,2026-06-13 05:14:18,30,no_activity,desktop
sess_00012712,,2026-06-13 17:12:50,1088,no_activity,desktop
sess_00012713,cust_002183,2026-06-13 12:23:35,527,no_activity,desktop
sess_00012714,,2026-06-13 12:31:06,2278,timeout,mobile
sess_00012715,,2026-06-13 08:08:57,51,no_activity,desktop
sess_00012716,cust_000612,2026-06-13 06:49:14,429,no_activity,desktop
sess_00012717,cust_002006,2026-06-13 18:16:24,1742,no_activity,desktop
sess_00012718,cust_002270,2026-06-13 09:49:57,1011,no_activity,desktop
sess_00012719,,2026-06-13 09:01:32,169,no_activity,mobile
sess_00012720,,2026-06-13 19:28:56,1467,no_activity,tablet
sess_00012721,cust_000452,2026-06-13 12:18:09,11,no_activity,mobile
sess_00012722,,2026-06-13 10:04:54,551,logout,desktop
sess_00012723,,2026-06-13 21:28:44,288,no_activity,desktop
sess_00012724,cust_002478,2026-06-13 23:56:34,1951,no_activity,mobile
sess_00012725,cust_002841,2026-06-13 21:28:18,297,no_activity,mobile
sess_00012726,cust_002085,2026-06-13 21:29:14,298,no_activity,desktop
sess_00012727,cust_001810,2026-06-13 02:04:07,204,no_activity,desktop
sess_00012728,,2026-06-13 17:29:16,30,no_activity,mobile
sess_00012729,cust_002461,2026-06-13 14:13:15,136,no_activity,mobile
sess_00012730,,2026-06-13 19:35:30,178,no_activity,desktop
sess_00012731,cust_002857,2026-06-13 07:23:32,1025,no_activity,mobile
sess_00012732,,2026-06-13 12:52:15,168,no_activity,desktop
sess_00012733,cust_001386,2026-06-13 17:45:58,115,logout,desktop
sess_00012734,,2026-06-13 07:42:29,115,no_activity,desktop
sess_00012735,cust_002385,2026-06-13 13:20:14,417,timeout,desktop
sess_00012736,cust_001403,2026-06-13 08:56:18,602,no_activity,desktop
sess_00012737,cust_000097,2026-06-13 19:37:34,200,no_activity,mobile
sess_00012738,,2026-06-13 21:15:08,207,timeout,desktop
sess_00012739,cust_002136,2026-06-13 11:13:41,258,timeout,tablet
sess_00012740,,2026-06-13 09:43:19,48,no_activity,mobile
sess_00012741,,2026-06-13 09:38:49,92,no_activity,tablet
sess_00012742,,2026-06-13 11:41:28,169,no_activity,desktop
sess_00012743,,2026-06-13 09:27:44,1302,no_activity,tablet
sess_00012744,,2026-06-13 14:25:07,1000,timeout,desktop
sess_00012745,cust_002624,2026-06-13 09:13:59,412,no_activity,desktop
sess_00012746,,2026-06-13 18:17:22,810,timeout,mobile
sess_00012747,,2026-06-13 18:41:14,813,no_activity,desktop
sess_00012748,cust_000447,2026-06-13 20:59:23,266,timeout,mobile
sess_00012749,cust_002347,2026-06-13 13:40:12,241,timeout,tablet
sess_00012750,cust_000322,2026-06-13 06:26:15,66,no_activity,desktop
sess_00012751,,2026-06-13 08:09:05,279,no_activity,desktop
sess_00012752,cust_000932,2026-06-13 21:52:18,29,no_activity,mobile
sess_00012753,,2026-06-13 14:06:15,214,no_activity,mobile
sess_00012754,,2026-06-13 12:55:45,201,no_activity,desktop
sess_00012755,cust_002246,2026-06-13 02:39:39,787,timeout,mobile
sess_00012756,cust_001998,2026-06-13 17:58:30,945,no_activity,mobile
sess_00012757,,2026-06-13 15:03:50,247,no_activity,mobile
sess_00012758,cust_001559,2026-06-13 13:07:35,683,no_activity,desktop
sess_00012759,,2026-06-13 15:31:41,25,no_activity,mobile
sess_00012760,cust_001809,2026-06-13 16:39:54,576,no_activity,mobile
sess_00012761,,2026-06-13 19:09:39,110,no_activity,mobile
sess_00012762,cust_002222,2026-06-13 16:14:14,251,timeout,desktop
sess_00012763,,2026-06-13 09:22:48,7200,no_activity,mobile
sess_00012764,cust_002840,2026-06-13 16:15:51,495,no_activity,mobile
sess_00012765,,2026-06-13 18:53:28,280,timeout,desktop
sess_00012766,cust_000767,2026-06-13 12:35:29,506,logout,mobile
sess_00012767,,2026-06-13 15:16:09,218,timeout,mobile
sess_00012768,,2026-06-13 09:49:46,247,no_activity,desktop
sess_00012769,cust_001125,2026-06-13 19:22:27,354,no_activity,desktop
sess_00012770,,2026-06-13 09:49:02,2553,no_activity,mobile
sess_00012771,,2026-06-13 08:39:42,1722,no_activity,desktop
sess_00012772,,2026-06-13 13:52:42,353,no_activity,desktop
sess_00012773,cust_001547,2026-06-13 19:16:02,2305,no_activity,tablet
sess_00012774,,2026-06-13 20:30:35,29,no_activity,desktop
sess_00012775,cust_002153,2026-06-13 09:31:20,570,no_activity,desktop
sess_00012776,cust_001926,2026-06-13 19:41:43,2179,no_activity,desktop
sess_00012777,cust_000142,2026-06-13 08:58:01,148,no_activity,mobile
sess_00012778,,2026-06-13 09:35:33,1934,no_activity,desktop
sess_00012779,,2026-06-13 18:02:11,173,no_activity,desktop
sess_00012780,,2026-06-13 13:13:34,163,no_activity,desktop
sess_00012781,,2026-06-13 10:45:54,156,timeout,desktop
sess_00012782,,2026-06-13 09:03:19,823,no_activity,tablet
sess_00012783,,2026-06-13 21:57:09,504,no_activity,desktop
sess_00012784,cust_001577,2026-06-13 11:28:52,195,no_activity,mobile
sess_00012785,cust_000717,2026-06-13 15:27:16,93,no_activity,mobile
sess_00012786,,2026-06-13 08:32:24,401,no_activity,desktop
sess_00012787,cust_000016,2026-06-13 05:30:29,1462,no_activity,desktop
sess_00012788,cust_000953,2026-06-13 05:35:53,715,no_activity,desktop
sess_00012789,cust_001442,2026-06-13 10:03:32,2111,no_activity,mobile
sess_00012790,,2026-06-13 19:08:40,201,no_activity,mobile
sess_00012791,cust_002418,2026-06-13 19:09:27,366,no_activity,desktop
sess_00012792,cust_002301,2026-06-13 09:39:57,549,no_activity,mobile
sess_00012793,,2026-06-13 11:37:22,469,logout,desktop
sess_00012794,,2026-06-13 16:19:57,116,timeout,mobile
sess_00012795,cust_001752,2026-06-13 16:53:10,64,no_activity,mobile
sess_00012796,cust_002540,2026-06-13 18:36:02,185,no_activity,tablet
sess_00012797,,2026-06-13 17:27:00,481,no_activity,mobile
sess_00012798,,2026-06-13 21:09:13,1078,no_activity,mobile
sess_00012799,,2026-06-13 09:10:47,297,no_activity,mobile
sess_00012800,,2026-06-13 02:05:18,586,no_activity,mobile
sess_00012801,cust_002988,2026-06-14 21:09:45,135,timeout,desktop
sess_00012802,cust_001661,2026-06-14 07:36:48,358,no_activity,mobile
sess_00012803,,2026-06-14 08:16:58,20,no_activity,mobile
sess_00012804,,2026-06-14 12:24:52,269,no_activity,desktop
sess_00012805,,2026-06-14 19:21:17,774,no_activity,mobile
sess_00012806,,2026-06-14 11:09:25,934,no_activity,desktop
sess_00012807,cust_002232,2026-06-14 07:00:13,3,no_activity,mobile
sess_00012808,cust_001336,2026-06-14 18:55:19,168,no_activity,mobile
sess_00012809,cust_000969,2026-06-14 15:05:28,12,no_activity,desktop
sess_00012810,,2026-06-14 20:42:18,359,timeout,desktop
sess_00012811,,2026-06-14 20:03:05,94,no_activity,desktop
sess_00012812,cust_001928,2026-06-14 10:58:01,846,no_activity,mobile
sess_00012813,cust_000339,2026-06-14 16:04:10,204,no_activity,desktop
sess_00012814,cust_002744,2026-06-14 00:23:52,3,no_activity,mobile
sess_00012815,cust_001916,2026-06-14 19:25:14,315,no_activity,desktop
sess_00012816,,2026-06-14 11:01:21,912,no_activity,desktop
sess_00012817,cust_001120,2026-06-14 14:47:08,319,no_activity,desktop
sess_00012818,,2026-06-14 16:34:23,29,no_activity,mobile
sess_00012819,cust_002662,2026-06-14 09:03:31,14,no_activity,mobile
sess_00012820,,2026-06-14 20:10:51,1198,timeout,mobile
sess_00012821,,2026-06-14 08:22:45,1534,no_activity,desktop
sess_00012822,,2026-06-14 10:59:27,31,no_activity,mobile
sess_00012823,,2026-06-14 18:59:09,709,no_activity,mobile
sess_00012824,,2026-06-14 08:18:27,838,no_activity,tablet
sess_00012825,,2026-06-14 20:10:09,196,no_activity,mobile
sess_00012826,,2026-06-14 19:03:58,300,no_activity,mobile
sess_00012827,cust_001871,2026-06-14 20:27:07,19,no_activity,mobile
sess_00012828,,2026-06-14 06:47:10,2094,no_activity,mobile
sess_00012829,cust_000816,2026-06-14 15:23:08,2201,no_activity,desktop
sess_00012830,cust_001447,2026-06-14 13:11:18,255,no_activity,desktop
sess_00012831,cust_002787,2026-06-14 09:09:01,362,no_activity,desktop
sess_00012832,cust_000194,2026-06-14 20:32:40,143,no_activity,desktop
sess_00012833,,2026-06-14 10:46:42,2,no_activity,desktop
sess_00012834,cust_001759,2026-06-14 19:16:00,619,no_activity,desktop
sess_00012835,,2026-06-14 19:13:49,380,no_activity,desktop
sess_00012836,,2026-06-14 18:41:41,1107,no_activity,mobile
sess_00012837,,2026-06-14 20:06:07,49,timeout,mobile
sess_00012838,cust_000976,2026-06-14 09:20:17,12,no_activity,desktop
sess_00012839,cust_001267,2026-06-14 08:09:03,104,timeout,desktop
sess_00012840,,2026-06-14 07:44:33,13,no_activity,desktop
sess_00012841,cust_000846,2026-06-14 13:37:58,1222,timeout,desktop
sess_00012842,cust_002715,2026-06-14 21:02:08,123,no_activity,desktop
sess_00012843,cust_000655,2026-06-14 07:38:36,150,no_activity,desktop
sess_00012844,cust_000262,2026-06-14 18:23:28,13,no_activity,mobile
sess_00012845,cust_002862,2026-06-14 21:42:01,1024,no_activity,desktop
sess_00012846,cust_000935,2026-06-14 13:02:01,338,timeout,mobile
sess_00012847,,2026-06-14 10:55:40,207,no_activity,tablet
sess_00012848,,2026-06-14 09:26:39,273,no_activity,tablet
sess_00012849,cust_001853,2026-06-14 21:53:30,186,no_activity,mobile
sess_00012850,cust_000207,2026-06-14 12:40:17,495,no_activity,mobile
sess_00012851,,2026-06-14 16:09:45,490,no_activity,desktop
sess_00012852,cust_000745,2026-06-14 18:25:26,67,no_activity,desktop
sess_00012853,cust_001816,2026-06-14 08:58:10,505,no_activity,mobile
sess_00012854,,2026-06-14 18:35:26,408,no_activity,mobile
sess_00012855,,2026-06-14 11:33:31,156,no_activity,tablet
sess_00012856,,2026-06-14 13:17:19,761,no_activity,mobile
sess_00012857,,2026-06-14 19:23:20,498,no_activity,desktop
sess_00012858,,2026-06-14 13:39:24,420,logout,mobile
sess_00012859,,2026-06-14 09:56:31,552,timeout,mobile
sess_00012860,cust_000274,2026-06-14 14:54:07,70,no_activity,desktop
sess_00012861,,2026-06-14 12:38:47,516,no_activity,mobile
sess_00012862,,2026-06-14 08:46:25,180,no_activity,mobile
sess_00012863,cust_002345,2026-06-14 12:53:27,1501,no_activity,desktop
sess_00012864,cust_000648,2026-06-14 11:47:37,1477,no_activity,desktop
sess_00012865,cust_002253,2026-06-14 20:28:14,750,no_activity,desktop
sess_00012866,,2026-06-14 08:04:12,293,timeout,mobile
sess_00012867,cust_000417,2026-06-14 21:02:58,674,timeout,desktop
sess_00012868,cust_002469,2026-06-14 15:50:04,23,no_activity,desktop
sess_00012869,cust_000629,2026-06-14 11:32:48,385,no_activity,mobile
sess_00012870,,2026-06-14 18:55:32,43,no_activity,mobile
sess_00012871,cust_001857,2026-06-14 20:41:01,400,no_activity,mobile
sess_00012872,cust_001523,2026-06-14 06:54:03,17,no_activity,mobile
sess_00012873,cust_002831,2026-06-14 21:42:50,4,no_activity,desktop
sess_00012874,cust_001300,2026-06-14 19:55:17,970,no_activity,desktop
sess_00012875,cust_002849,2026-06-14 08:59:24,362,logout,desktop
sess_00012876,cust_000191,2026-06-14 20:33:01,31,no_activity,desktop
sess_00012877,,2026-06-14 08:54:27,720,no_activity,desktop
sess_00012878,,2026-06-14 12:57:16,1,no_activity,desktop
sess_00012879,,2026-06-14 10:23:19,156,no_activity,desktop
sess_00012880,,2026-06-14 18:14:31,66,no_activity,desktop
sess_00012881,cust_002004,2026-06-14 20:27:21,345,no_activity,mobile
sess_00012882,cust_001093,2026-06-14 12:05:28,218,no_activity,mobile
sess_00012883,cust_002754,2026-06-14 17:28:52,68,no_activity,desktop
sess_00012884,cust_001939,2026-06-14 11:05:19,376,no_activity,desktop
sess_00012885,,2026-06-14 09:35:00,1432,no_activity,desktop
sess_00012886,cust_001987,2026-06-14 09:47:34,1417,no_activity,desktop
sess_00012887,cust_002952,2026-06-14 05:59:22,1402,no_activity,desktop
sess_00012888,cust_001257,2026-06-14 11:30:05,305,no_activity,desktop
sess_00012889,cust_000791,2026-06-14 12:05:05,30,no_activity,desktop
sess_00012890,,2026-06-14 17:27:09,210,no_activity,desktop
sess_00012891,cust_002533,2026-06-14 18:05:53,854,no_activity,desktop
sess_00012892,cust_000984,2026-06-14 14:03:52,872,timeout,mobile
sess_00012893,cust_000306,2026-06-14 15:24:57,561,timeout,desktop
sess_00012894,,2026-06-14 17:06:21,544,timeout,desktop
sess_00012895,,2026-06-14 19:46:50,885,no_activity,mobile
sess_00012896,cust_002497,2026-06-14 14:34:40,692,no_activity,desktop
sess_00012897,cust_001705,2026-06-14 05:25:35,310,no_activity,desktop
sess_00012898,,2026-06-14 07:14:21,321,no_activity,mobile
sess_00012899,cust_001923,2026-06-14 13:44:06,24,no_activity,desktop
sess_00012900,cust_001100,2026-06-14 06:04:43,43,logout,desktop
sess_00012901,,2026-06-14 13:27:39,166,no_activity,desktop
sess_00012902,,2026-06-14 14:36:58,17,no_activity,mobile
sess_00012903,,2026-06-14 22:32:25,384,no_activity,desktop
sess_00012904,,2026-06-14 12:13:28,172,logout,desktop
sess_00012905,,2026-06-14 15:11:49,47,logout,desktop
sess_00012906,,2026-06-15 10:52:23,159,timeout,desktop
sess_00012907,,2026-06-15 17:41:46,769,no_activity,mobile
sess_00012908,cust_000460,2026-06-15 14:18:55,5,no_activity,desktop
sess_00012909,cust_000938,2026-06-15 18:44:25,1044,no_activity,desktop
sess_00012910,cust_002866,2026-06-15 15:14:38,961,no_activity,desktop
sess_00012911,,2026-06-15 11:00:24,315,logout,mobile
sess_00012912,cust_002904,2026-06-15 03:04:38,183,timeout,desktop
sess_00012913,,2026-06-15 08:11:46,2,no_activity,tablet
sess_00012914,,2026-06-15 18:37:14,1362,no_activity,desktop
sess_00012915,,2026-06-15 16:20:18,128,no_activity,mobile
sess_00012916,cust_002082,2026-06-15 18:12:02,578,no_activity,desktop
sess_00012917,,2026-06-15 16:43:58,19,no_activity,desktop
sess_00012918,cust_000260,2026-06-15 18:35:25,343,no_activity,desktop
sess_00012919,cust_000856,2026-06-15 18:18:08,10,no_activity,mobile
sess_00012920,,2026-06-15 02:36:29,410,no_activity,mobile
sess_00012921,,2026-06-15 13:45:51,17,no_activity,desktop
sess_00012922,,2026-06-15 12:56:23,344,no_activity,desktop
sess_00012923,,2026-06-15 11:50:52,486,no_activity,desktop
sess_00012924,cust_000234,2026-06-15 10:50:42,779,timeout,mobile
sess_00012925,cust_002249,2026-06-15 15:19:55,1053,no_activity,desktop
sess_00012926,,2026-06-15 13:52:35,358,no_activity,mobile
sess_00012927,cust_002943,2026-06-15 16:02:52,10,no_activity,mobile
sess_00012928,cust_001338,2026-06-15 09:54:00,252,no_activity,mobile
sess_00012929,cust_001486,2026-06-15 14:09:17,797,no_activity,mobile
sess_00012930,cust_002466,2026-06-15 19:33:58,493,no_activity,tablet
sess_00012931,cust_001451,2026-06-15 08:44:12,775,no_activity,desktop
sess_00012932,cust_000062,2026-06-15 15:52:29,235,no_activity,desktop
sess_00012933,,2026-06-15 04:34:25,183,timeout,desktop
sess_00012934,cust_002942,2026-06-15 20:45:22,173,no_activity,desktop
sess_00012935,cust_001511,2026-06-15 17:55:30,69,no_activity,desktop
sess_00012936,,2026-06-15 19:22:58,794,no_activity,desktop
sess_00012937,cust_000153,2026-06-15 19:41:15,968,timeout,desktop
sess_00012938,cust_002843,2026-06-15 08:18:43,103,logout,mobile
sess_00012939,,2026-06-15 18:36:33,137,no_activity,tablet
sess_00012940,,2026-06-15 09:06:35,290,no_activity,mobile
sess_00012941,cust_001445,2026-06-15 05:47:19,1760,timeout,mobile
sess_00012942,,2026-06-15 12:34:08,535,no_activity,desktop
sess_00012943,cust_000086,2026-06-15 03:12:39,13,no_activity,mobile
sess_00012944,cust_001718,2026-06-15 02:13:52,757,no_activity,desktop
sess_00012945,,2026-06-15 18:10:47,2,no_activity,desktop
sess_00012946,,2026-06-15 09:20:22,171,no_activity,desktop
sess_00012947,cust_002168,2026-06-15 17:54:28,12,no_activity,desktop
sess_00012948,,2026-06-15 10:43:10,500,no_activity,desktop
sess_00012949,,2026-06-15 16:56:44,21,no_activity,mobile
sess_00012950,,2026-06-15 07:20:32,3,no_activity,mobile
sess_00012951,cust_002338,2026-06-15 06:29:57,637,no_activity,desktop
sess_00012952,cust_000769,2026-06-15 20:26:37,672,no_activity,desktop
sess_00012953,,2026-06-15 12:47:54,1084,timeout,mobile
sess_00012954,cust_001821,2026-06-15 21:46:42,410,logout,mobile
sess_00012955,cust_002019,2026-06-15 19:58:54,2156,logout,desktop
sess_00012956,,2026-06-15 15:54:22,13,no_activity,desktop
sess_00012957,,2026-06-15 09:33:19,147,no_activity,desktop
sess_00012958,,2026-06-15 22:13:18,89,logout,desktop
sess_00012959,,2026-06-15 21:08:48,1783,no_activity,desktop
sess_00012960,,2026-06-15 19:54:22,277,logout,mobile
sess_00012961,,2026-06-15 16:26:08,98,no_activity,desktop
sess_00012962,,2026-06-15 18:45:00,418,no_activity,tablet
sess_00012963,,2026-06-15 12:45:07,194,no_activity,desktop
sess_00012964,,2026-06-15 10:50:58,735,no_activity,mobile
sess_00012965,cust_002124,2026-06-15 08:05:45,94,no_activity,desktop
sess_00012966,,2026-06-15 12:31:35,536,no_activity,desktop
sess_00012967,cust_002204,2026-06-15 18:37:09,852,no_activity,mobile
sess_00012968,cust_001535,2026-06-15 03:21:03,26,no_activity,desktop
sess_00012969,,2026-06-15 17:07:54,286,no_activity,desktop
sess_00012970,cust_002695,2026-06-15 13:56:58,988,no_activity,mobile
sess_00012971,,2026-06-15 17:28:00,5,no_activity,desktop
sess_00012972,,2026-06-15 15:33:14,150,no_activity,desktop
sess_00012973,cust_002887,2026-06-15 11:58:07,15,no_activity,desktop
sess_00012974,,2026-06-15 10:05:38,557,no_activity,desktop
sess_00012975,,2026-06-15 21:48:39,159,no_activity,mobile
sess_00012976,,2026-06-15 15:17:30,229,no_activity,mobile
sess_00012977,,2026-06-15 19:01:19,360,no_activity,desktop
sess_00012978,,2026-06-15 18:00:37,894,logout,tablet
sess_00012979,,2026-06-15 22:58:55,1094,no_activity,desktop
sess_00012980,,2026-06-15 10:22:29,186,timeout,desktop
sess_00012981,cust_000982,2026-06-15 08:35:48,410,no_activity,desktop
sess_00012982,cust_000144,2026-06-15 05:34:58,2001,no_activity,mobile
sess_00012983,,2026-06-15 19:12:26,117,timeout,desktop
sess_00012984,,2026-06-15 17:20:26,24,no_activity,desktop
sess_00012985,cust_000720,2026-06-15 15:58:57,581,no_activity,mobile
sess_00012986,cust_001272,2026-06-15 09:07:47,194,no_activity,mobile
sess_00012987,cust_001327,2026-06-15 17:35:57,78,no_activity,mobile
sess_00012988,cust_002666,2026-06-15 05:15:13,209,timeout,desktop
sess_00012989,,2026-06-15 14:08:59,785,timeout,mobile
sess_00012990,,2026-06-15 09:46:39,12,no_activity,mobile
sess_00012991,cust_001712,2026-06-15 07:52:50,493,timeout,mobile
sess_00012992,cust_001901,2026-06-15 18:51:25,2506,no_activity,tablet
sess_00012993,,2026-06-15 21:38:35,1179,no_activity,mobile
sess_00012994,cust_001411,2026-06-15 15:28:38,17,no_activity,mobile
sess_00012995,,2026-06-15 11:21:06,173,no_activity,mobile
sess_00012996,,2026-06-15 18:39:59,84,no_activity,desktop
sess_00012997,cust_001850,2026-06-15 09:32:00,405,logout,mobile
sess_00012998,,2026-06-16 21:29:04,85,no_activity,mobile
sess_00012999,,2026-06-16 20:37:50,233,no_activity,desktop
sess_00013000,cust_000644,2026-06-16 13:21:46,4263,no_activity,desktop
sess_00013001,,2026-06-16 17:27:01,907,no_activity,mobile
sess_00013002,,2026-06-16 18:20:37,298,no_activity,desktop
sess_00013003,cust_001826,2026-06-16 06:47:18,198,no_activity,desktop
sess_00013004,,2026-06-16 11:18:07,441,no_activity,desktop
sess_00013005,,2026-06-16 09:17:29,264,no_activity,mobile
sess_00013006,,2026-06-16 20:28:45,1724,no_activity,desktop
sess_00013007,,2026-06-16 01:53:50,374,no_activity,desktop
sess_00013008,cust_000464,2026-06-16 20:32:50,24,no_activity,desktop
sess_00013009,,2026-06-16 02:15:49,56,logout,desktop
sess_00013010,cust_000789,2026-06-16 14:24:00,257,no_activity,mobile
sess_00013011,cust_002470,2026-06-16 21:37:08,224,no_activity,desktop
sess_00013012,cust_001341,2026-06-16 17:42:52,513,no_activity,mobile
sess_00013013,,2026-06-16 11:27:58,153,timeout,mobile
sess_00013014,,2026-06-16 08:00:56,1,no_activity,desktop
sess_00013015,cust_001575,2026-06-16 16:15:14,510,no_activity,mobile
sess_00013016,,2026-06-16 14:54:16,323,timeout,mobile
sess_00013017,cust_000712,2026-06-16 00:55:47,1566,no_activity,mobile
sess_00013018,,2026-06-16 19:24:15,3301,no_activity,mobile
sess_00013019,cust_001885,2026-06-16 12:49:42,154,no_activity,tablet
sess_00013020,cust_000532,2026-06-16 09:00:53,830,no_activity,desktop
sess_00013021,cust_001416,2026-06-16 17:45:27,21,no_activity,mobile
sess_00013022,,2026-06-16 20:39:59,784,no_activity,mobile
sess_00013023,cust_001826,2026-06-16 21:51:32,343,no_activity,desktop
sess_00013024,,2026-06-16 13:27:00,381,logout,desktop
sess_00013025,,2026-06-16 08:30:32,392,no_activity,mobile
sess_00013026,cust_001049,2026-06-16 12:46:40,8,no_activity,mobile
sess_00013027,,2026-06-16 11:19:34,775,no_activity,mobile
sess_00013028,,2026-06-16 11:32:57,697,logout,mobile
sess_00013029,cust_001790,2026-06-16 19:55:40,128,no_activity,desktop
sess_00013030,cust_000988,2026-06-16 18:49:06,283,logout,mobile
sess_00013031,,2026-06-16 11:34:39,189,no_activity,mobile
sess_00013032,,2026-06-16 12:22:19,7,no_activity,desktop
sess_00013033,,2026-06-16 05:11:07,829,no_activity,desktop
sess_00013034,,2026-06-16 19:12:04,631,no_activity,mobile
sess_00013035,,2026-06-16 09:30:49,1487,logout,desktop
sess_00013036,,2026-06-16 16:13:19,501,no_activity,desktop
sess_00013037,,2026-06-16 09:45:34,653,no_activity,desktop
sess_00013038,cust_001962,2026-06-16 22:57:49,9,no_activity,desktop
sess_00013039,,2026-06-16 09:40:13,8,no_activity,desktop
sess_00013040,cust_002324,2026-06-16 11:16:04,2548,no_activity,tablet
sess_00013041,cust_000741,2026-06-16 13:29:20,811,no_activity,mobile
sess_00013042,,2026-06-16 05:57:40,146,no_activity,mobile
sess_00013043,,2026-06-16 07:38:00,358,timeout,desktop
sess_00013044,,2026-06-16 15:25:31,559,no_activity,desktop
sess_00013045,cust_001712,2026-06-16 18:14:55,54,no_activity,mobile
sess_00013046,,2026-06-16 15:39:01,124,no_activity,desktop
sess_00013047,,2026-06-16 09:39:51,119,no_activity,desktop
sess_00013048,cust_002808,2026-06-16 11:55:52,519,timeout,mobile
sess_00013049,,2026-06-16 13:30:40,342,no_activity,mobile
sess_00013050,cust_002028,2026-06-16 13:28:27,1477,timeout,desktop
sess_00013051,cust_002608,2026-06-16 17:41:08,65,logout,mobile
sess_00013052,,2026-06-16 13:15:56,58,no_activity,desktop
sess_00013053,,2026-06-16 01:42:45,523,no_activity,desktop
sess_00013054,cust_002402,2026-06-16 17:02:35,28,no_activity,tablet
sess_00013055,,2026-06-16 08:32:41,306,no_activity,desktop
sess_00013056,cust_002899,2026-06-16 17:14:59,595,no_activity,desktop
sess_00013057,cust_000490,2026-06-16 12:58:22,748,timeout,mobile
sess_00013058,cust_001386,2026-06-16 21:19:58,29,no_activity,desktop
sess_00013059,,2026-06-16 12:13:30,168,no_activity,desktop
sess_00013060,cust_002156,2026-06-16 18:38:03,506,no_activity,mobile
sess_00013061,cust_001102,2026-06-16 17:38:07,337,no_activity,mobile
sess_00013062,,2026-06-16 09:09:00,283,no_activity,desktop
sess_00013063,,2026-06-16 07:26:06,19,no_activity,desktop
sess_00013064,,2026-06-16 10:03:32,2199,no_activity,desktop
sess_00013065,cust_002746,2026-06-16 17:45:12,903,no_activity,desktop
sess_00013066,,2026-06-16 07:21:18,69,no_activity,mobile
sess_00013067,cust_002569,2026-06-16 13:09:16,140,logout,mobile
sess_00013068,,2026-06-16 09:06:40,335,no_activity,desktop
sess_00013069,cust_001065,2026-06-16 21:37:15,445,no_activity,desktop
sess_00013070,,2026-06-16 19:56:07,614,no_activity,desktop
sess_00013071,,2026-06-16 22:49:08,497,no_activity,desktop
sess_00013072,cust_002931,2026-06-16 19:44:07,1259,no_activity,mobile
sess_00013073,,2026-06-16 13:48:03,11,no_activity,mobile
sess_00013074,cust_001037,2026-06-16 21:10:03,356,no_activity,mobile
sess_00013075,cust_001469,2026-06-16 12:35:57,540,no_activity,mobile
sess_00013076,cust_002286,2026-06-16 10:24:21,1004,no_activity,desktop
sess_00013077,,2026-06-16 09:10:31,428,no_activity,mobile
sess_00013078,cust_002528,2026-06-16 19:15:16,416,no_activity,mobile
sess_00013079,cust_001284,2026-06-16 13:44:13,232,no_activity,desktop
sess_00013080,,2026-06-16 19:05:58,3429,no_activity,desktop
sess_00013081,cust_002698,2026-06-16 20:49:00,254,no_activity,mobile
sess_00013082,,2026-06-16 14:35:13,665,no_activity,mobile
sess_00013083,,2026-06-16 08:04:37,366,no_activity,mobile
sess_00013084,cust_000975,2026-06-16 18:45:45,1973,no_activity,desktop
sess_00013085,cust_002395,2026-06-16 08:26:29,114,timeout,desktop
sess_00013086,,2026-06-16 20:57:02,12,no_activity,desktop
sess_00013087,,2026-06-16 06:01:23,649,timeout,desktop
sess_00013088,cust_002484,2026-06-16 23:16:07,139,no_activity,desktop
sess_00013089,,2026-06-16 16:15:03,8,no_activity,desktop
sess_00013090,,2026-06-16 21:12:59,1506,no_activity,desktop
sess_00013091,cust_001849,2026-06-16 06:24:22,287,no_activity,desktop
sess_00013092,cust_000175,2026-06-17 07:14:28,16,no_activity,desktop
sess_00013093,,2026-06-17 16:13:54,1336,logout,mobile
sess_00013094,,2026-06-17 21:39:49,116,logout,desktop
sess_00013095,cust_001345,2026-06-17 11:14:06,392,timeout,tablet
sess_00013096,cust_002513,2026-06-17 15:45:19,27,no_activity,mobile
sess_00013097,cust_002198,2026-06-17 08:35:36,881,no_activity,mobile
sess_00013098,,2026-06-17 09:00:39,139,no_activity,desktop
sess_00013099,cust_001807,2026-06-17 21:41:16,299,logout,mobile
sess_00013100,,2026-06-17 14:17:16,517,no_activity,desktop
sess_00013101,,2026-06-17 20:28:34,290,no_activity,mobile
sess_00013102,,2026-06-17 12:01:07,881,no_activity,mobile
sess_00013103,,2026-06-17 17:18:54,30,no_activity,desktop
sess_00013104,cust_001423,2026-06-17 07:24:24,13,no_activity,mobile
sess_00013105,cust_001525,2026-06-17 20:11:45,250,timeout,desktop
sess_00013106,cust_002063,2026-06-17 17:45:27,6686,logout,mobile
sess_00013107,cust_002060,2026-06-17 13:55:09,314,no_activity,desktop
sess_00013108,cust_001312,2026-06-17 13:29:56,24,no_activity,desktop
sess_00013109,cust_002928,2026-06-17 12:00:56,538,no_activity,desktop
sess_00013110,,2026-06-17 18:32:39,1059,no_activity,mobile
sess_00013111,,2026-06-17 19:01:12,7,no_activity,desktop
sess_00013112,cust_001942,2026-06-17 11:13:41,190,no_activity,mobile
sess_00013113,,2026-06-17 12:02:36,323,timeout,desktop
sess_00013114,cust_002300,2026-06-17 08:45:18,1788,no_activity,mobile
sess_00013115,,2026-06-17 15:04:20,29,no_activity,desktop
sess_00013116,,2026-06-17 18:38:19,476,no_activity,desktop
sess_00013117,,2026-06-17 18:26:46,66,no_activity,mobile
sess_00013118,,2026-06-17 12:04:22,199,no_activity,desktop
sess_00013119,,2026-06-17 20:11:14,437,timeout,tablet
sess_00013120,cust_002920,2026-06-17 16:48:38,3948,no_activity,mobile
sess_00013121,,2026-06-17 17:46:56,183,no_activity,desktop
sess_00013122,cust_000316,2026-06-17 10:33:28,447,no_activity,desktop
sess_00013123,cust_001580,2026-06-17 20:28:00,738,timeout,desktop
sess_00013124,,2026-06-17 12:33:45,217,no_activity,desktop
sess_00013125,cust_002317,2026-06-17 22:37:50,1501,no_activity,mobile
sess_00013126,cust_000262,2026-06-17 21:56:20,677,no_activity,desktop
sess_00013127,cust_000726,2026-06-17 12:26:38,854,no_activity,desktop
sess_00013128,cust_002879,2026-06-17 16:36:01,88,no_activity,mobile
sess_00013129,,2026-06-17 11:53:19,25,no_activity,mobile
sess_00013130,,2026-06-17 07:34:41,596,no_activity,desktop
sess_00013131,,2026-06-17 10:39:52,143,no_activity,desktop
sess_00013132,cust_000429,2026-06-17 10:36:56,859,no_activity,mobile
sess_00013133,,2026-06-17 13:58:02,550,timeout,mobile
sess_00013134,,2026-06-17 09:32:35,578,no_activity,desktop
sess_00013135,,2026-06-17 03:55:11,1059,no_activity,mobile
sess_00013136,cust_001615,2026-06-17 16:17:00,84,no_activity,mobile
sess_00013137,,2026-06-17 09:04:22,812,no_activity,mobile
sess_00013138,cust_001466,2026-06-17 09:22:56,82,no_activity,desktop
sess_00013139,,2026-06-17 18:59:14,145,timeout,desktop
sess_00013140,,2026-06-17 06:48:11,134,timeout,desktop
sess_00013141,,2026-06-17 17:52:29,80,no_activity,desktop
sess_00013142,,2026-06-17 13:48:48,149,no_activity,mobile
sess_00013143,,2026-06-17 21:37:06,227,timeout,mobile
sess_00013144,,2026-06-17 21:52:24,4835,no_activity,mobile
sess_00013145,,2026-06-17 13:37:02,77,no_activity,mobile
sess_00013146,,2026-06-17 09:33:27,370,no_activity,mobile
sess_00013147,cust_000596,2026-06-17 18:17:10,14,no_activity,mobile
sess_00013148,cust_000908,2026-06-17 19:30:48,469,timeout,desktop
sess_00013149,,2026-06-17 14:19:46,26,no_activity,desktop
sess_00013150,,2026-06-17 12:17:38,175,no_activity,desktop
sess_00013151,cust_000918,2026-06-17 11:25:09,331,no_activity,mobile
sess_00013152,cust_000870,2026-06-17 14:44:35,471,timeout,mobile
sess_00013153,cust_000064,2026-06-17 08:25:37,470,no_activity,desktop
sess_00013154,,2026-06-17 12:23:21,160,no_activity,mobile
sess_00013155,,2026-06-17 07:06:49,25,no_activity,desktop
sess_00013156,,2026-06-17 15:55:32,30,no_activity,desktop
sess_00013157,cust_001646,2026-06-17 15:20:08,1272,no_activity,mobile
sess_00013158,cust_000959,2026-06-17 20:39:47,603,no_activity,desktop
sess_00013159,cust_002456,2026-06-17 11:03:13,237,no_activity,desktop
sess_00013160,,2026-06-17 11:39:54,2774,no_activity,mobile
sess_00013161,,2026-06-17 14:31:21,540,no_activity,mobile
sess_00013162,cust_000528,2026-06-17 11:46:41,1036,no_activity,desktop
sess_00013163,cust_000599,2026-06-17 22:39:26,5,no_activity,mobile
sess_00013164,,2026-06-17 12:55:10,218,logout,mobile
sess_00013165,cust_001787,2026-06-17 20:54:05,403,no_activity,desktop
sess_00013166,,2026-06-17 20:04:57,864,no_activity,mobile
sess_00013167,,2026-06-17 09:17:42,458,no_activity,desktop
sess_00013168,,2026-06-17 17:26:19,6,no_activity,mobile
sess_00013169,cust_000941,2026-06-17 19:54:03,627,timeout,mobile
sess_00013170,,2026-06-17 19:00:08,577,no_activity,desktop
sess_00013171,,2026-06-17 15:34:06,347,logout,mobile
sess_00013172,,2026-06-17 08:59:51,159,no_activity,mobile
sess_00013173,cust_002086,2026-06-17 18:07:30,564,no_activity,mobile
sess_00013174,,2026-06-17 13:19:57,7,no_activity,desktop
sess_00013175,cust_000640,2026-06-17 17:38:38,216,timeout,mobile
sess_00013176,cust_001167,2026-06-17 16:16:50,276,no_activity,desktop
sess_00013177,cust_002069,2026-06-17 09:44:32,2892,timeout,desktop
sess_00013178,cust_001630,2026-06-17 10:43:17,3743,no_activity,desktop
sess_00013179,cust_002195,2026-06-17 11:15:32,22,no_activity,desktop
sess_00013180,cust_000420,2026-06-17 09:33:13,424,no_activity,mobile
sess_00013181,cust_000981,2026-06-17 13:38:22,628,timeout,desktop
sess_00013182,cust_001931,2026-06-17 12:35:12,495,no_activity,mobile
sess_00013183,,2026-06-17 12:08:15,615,no_activity,mobile
sess_00013184,,2026-06-17 15:51:02,184,no_activity,desktop
sess_00013185,cust_000140,2026-06-17 06:39:03,1120,no_activity,mobile
sess_00013186,cust_001886,2026-06-17 15:53:20,319,timeout,desktop
sess_00013187,cust_001283,2026-06-17 20:24:00,593,no_activity,mobile
sess_00013188,cust_002943,2026-06-17 19:52:57,307,no_activity,desktop
sess_00013189,,2026-06-17 21:10:54,249,no_activity,desktop
sess_00013190,cust_000197,2026-06-17 23:17:08,1865,no_activity,mobile
sess_00013191,cust_001935,2026-06-17 13:18:26,21,no_activity,desktop
sess_00013192,cust_002364,2026-06-17 16:16:06,768,no_activity,mobile
sess_00013193,,2026-06-17 08:06:07,47,no_activity,desktop
sess_00013194,cust_000643,2026-06-17 08:54:32,298,no_activity,mobile
sess_00013195,,2026-06-17 14:54:48,785,no_activity,desktop
sess_00013196,,2026-06-17 12:11:13,1707,no_activity,desktop
sess_00013197,cust_001482,2026-06-17 19:40:34,1140,no_activity,desktop
sess_00013198,,2026-06-17 13:53:40,100,no_activity,mobile
sess_00013199,,2026-06-17 17:35:48,1862,timeout,mobile
sess_00013200,cust_001005,2026-06-17 17:05:17,15,no_activity,desktop
sess_00013201,cust_001800,2026-06-17 16:11:57,3,no_activity,mobile
sess_00013202,cust_002017,2026-06-18 08:31:10,415,no_activity,desktop
sess_00013203,,2026-06-18 17:01:10,366,no_activity,mobile
sess_00013204,,2026-06-18 12:29:46,646,no_activity,mobile
sess_00013205,,2026-06-18 06:07:27,1424,no_activity,desktop
sess_00013206,,2026-06-18 20:50:00,632,no_activity,desktop
sess_00013207,cust_002041,2026-06-18 18:51:43,912,no_activity,mobile
sess_00013208,,2026-06-18 10:26:27,170,no_activity,desktop
sess_00013209,,2026-06-18 16:44:50,18,no_activity,mobile
sess_00013210,,2026-06-18 17:44:58,392,no_activity,desktop
sess_00013211,cust_000078,2026-06-18 21:06:13,708,no_activity,desktop
sess_00013212,cust_002719,2026-06-18 08:42:50,4651,no_activity,mobile
sess_00013213,cust_001242,2026-06-18 12:11:02,268,no_activity,desktop
sess_00013214,cust_002497,2026-06-18 21:03:45,1162,no_activity,desktop
sess_00013215,cust_000896,2026-06-18 19:29:51,553,logout,desktop
sess_00013216,cust_001741,2026-06-18 07:31:07,24,no_activity,desktop
sess_00013217,cust_001032,2026-06-18 10:07:10,291,no_activity,desktop
sess_00013218,cust_001393,2026-06-18 15:27:32,186,no_activity,mobile
sess_00013219,cust_001342,2026-06-18 20:58:57,250,no_activity,mobile
sess_00013220,,2026-06-18 17:50:45,615,no_activity,desktop
sess_00013221,,2026-06-18 18:15:29,327,no_activity,tablet
sess_00013222,cust_000440,2026-06-18 10:36:26,748,no_activity,tablet
sess_00013223,,2026-06-18 13:41:46,429,no_activity,desktop
sess_00013224,,2026-06-18 07:15:38,2095,logout,desktop
sess_00013225,,2026-06-18 19:23:06,11,no_activity,desktop
sess_00013226,cust_001815,2026-06-18 13:45:42,256,no_activity,mobile
sess_00013227,,2026-06-18 04:55:15,15,no_activity,desktop
sess_00013228,cust_000341,2026-06-18 18:23:32,7,no_activity,mobile
sess_00013229,cust_001147,2026-06-18 16:18:15,929,no_activity,mobile
sess_00013230,,2026-06-18 10:35:09,3870,no_activity,desktop
sess_00013231,,2026-06-18 13:27:58,61,no_activity,desktop
sess_00013232,,2026-06-18 14:15:20,482,no_activity,desktop
sess_00013233,cust_000943,2026-06-18 18:55:01,3383,no_activity,mobile
sess_00013234,,2026-06-18 18:22:36,204,timeout,desktop
sess_00013235,,2026-06-18 12:07:17,236,no_activity,mobile
sess_00013236,cust_001833,2026-06-18 20:00:51,299,timeout,desktop
sess_00013237,cust_002783,2026-06-18 09:51:24,333,no_activity,tablet
sess_00013238,,2026-06-18 07:33:15,74,no_activity,desktop
sess_00013239,,2026-06-18 15:27:59,294,no_activity,desktop
sess_00013240,cust_001382,2026-06-18 14:57:36,18,no_activity,desktop
sess_00013241,,2026-06-18 19:08:34,194,no_activity,mobile
sess_00013242,,2026-06-18 11:33:59,202,no_activity,mobile
sess_00013243,cust_002501,2026-06-18 10:02:13,24,no_activity,mobile
sess_00013244,,2026-06-18 09:46:21,208,no_activity,mobile
sess_00013245,cust_000660,2026-06-18 14:44:29,1526,no_activity,desktop
sess_00013246,,2026-06-18 08:15:54,394,logout,desktop
sess_00013247,,2026-06-18 11:41:36,587,no_activity,desktop
sess_00013248,cust_002046,2026-06-18 20:02:38,248,no_activity,desktop
sess_00013249,,2026-06-18 20:39:02,501,no_activity,desktop
sess_00013250,,2026-06-18 22:04:52,15,no_activity,desktop
sess_00013251,cust_002521,2026-06-18 18:54:39,204,no_activity,desktop
sess_00013252,cust_002355,2026-06-18 12:39:05,11,no_activity,mobile
sess_00013253,cust_000514,2026-06-18 16:07:54,20,no_activity,mobile
sess_00013254,cust_001353,2026-06-18 10:39:29,848,no_activity,mobile
sess_00013255,cust_002599,2026-06-18 18:39:30,644,no_activity,mobile
sess_00013256,cust_000002,2026-06-18 10:37:20,258,no_activity,desktop
sess_00013257,cust_001601,2026-06-18 13:36:07,742,no_activity,desktop
sess_00013258,,2026-06-18 19:58:07,310,no_activity,mobile
sess_00013259,cust_001205,2026-06-18 14:10:44,602,no_activity,desktop
sess_00013260,cust_001886,2026-06-18 22:15:51,3234,no_activity,desktop
sess_00013261,,2026-06-18 12:19:05,23,no_activity,mobile
sess_00013262,,2026-06-18 17:33:49,1016,no_activity,mobile
sess_00013263,,2026-06-18 18:31:47,5,no_activity,mobile
sess_00013264,cust_001136,2026-06-18 14:48:31,337,no_activity,mobile
sess_00013265,,2026-06-18 17:27:19,136,no_activity,tablet
sess_00013266,,2026-06-18 19:18:53,680,no_activity,mobile
sess_00013267,cust_001594,2026-06-18 13:10:20,16,no_activity,desktop
sess_00013268,,2026-06-18 22:57:59,146,timeout,tablet
sess_00013269,,2026-06-18 16:02:01,1780,timeout,desktop
sess_00013270,cust_002572,2026-06-18 22:55:10,322,no_activity,desktop
sess_00013271,,2026-06-18 14:40:02,469,logout,mobile
sess_00013272,,2026-06-18 18:28:19,2,no_activity,desktop
sess_00013273,cust_002632,2026-06-18 08:06:56,587,no_activity,desktop
sess_00013274,,2026-06-18 05:36:40,14,no_activity,desktop
sess_00013275,cust_001437,2026-06-18 22:03:05,9,no_activity,desktop
sess_00013276,cust_000357,2026-06-18 21:42:19,7,no_activity,mobile
sess_00013277,,2026-06-18 14:23:29,391,no_activity,mobile
sess_00013278,,2026-06-18 11:01:39,158,no_activity,tablet
sess_00013279,,2026-06-18 15:10:00,770,no_activity,mobile
sess_00013280,,2026-06-18 13:43:41,371,no_activity,mobile
sess_00013281,,2026-06-18 11:25:19,974,no_activity,mobile
sess_00013282,cust_002582,2026-06-18 07:37:55,478,no_activity,desktop
sess_00013283,cust_002618,2026-06-18 18:14:05,81,no_activity,desktop
sess_00013284,cust_000871,2026-06-18 14:12:07,90,logout,mobile
sess_00013285,,2026-06-18 20:51:47,28,no_activity,mobile
sess_00013286,,2026-06-18 15:23:47,208,no_activity,mobile
sess_00013287,,2026-06-18 09:51:56,2,no_activity,mobile
sess_00013288,,2026-06-18 12:34:50,47,no_activity,mobile
sess_00013289,cust_001566,2026-06-18 11:11:13,439,no_activity,desktop
sess_00013290,cust_000873,2026-06-18 13:43:36,20,no_activity,desktop
sess_00013291,cust_000551,2026-06-18 09:15:59,5,no_activity,mobile
sess_00013292,cust_001235,2026-06-18 03:56:41,295,no_activity,mobile
sess_00013293,cust_000428,2026-06-18 07:58:41,887,no_activity,desktop
sess_00013294,,2026-06-18 19:35:33,6,no_activity,tablet
sess_00013295,,2026-06-18 18:52:06,625,no_activity,tablet
sess_00013296,cust_000169,2026-06-18 20:07:29,684,no_activity,desktop
sess_00013297,cust_000255,2026-06-18 04:47:49,8,no_activity,desktop
sess_00013298,,2026-06-18 12:45:44,1052,no_activity,desktop
sess_00013299,cust_000153,2026-06-18 15:52:56,135,no_activity,desktop
sess_00013300,cust_002107,2026-06-18 06:45:25,12,no_activity,desktop
sess_00013301,,2026-06-18 11:37:49,945,no_activity,tablet
sess_00013302,cust_001101,2026-06-18 17:22:10,13,no_activity,desktop
sess_00013303,,2026-06-19 14:47:54,30,no_activity,mobile
sess_00013304,,2026-06-19 18:42:36,124,no_activity,desktop
sess_00013305,,2026-06-19 07:07:14,7,no_activity,mobile
sess_00013306,cust_000760,2026-06-19 09:49:02,396,timeout,mobile
sess_00013307,,2026-06-19 09:02:32,1083,no_activity,desktop
sess_00013308,,2026-06-19 19:32:03,478,logout,mobile
sess_00013309,cust_002699,2026-06-19 13:06:23,113,timeout,mobile
sess_00013310,cust_002914,2026-06-19 18:46:08,228,no_activity,mobile
sess_00013311,,2026-06-19 15:57:15,12,no_activity,desktop
sess_00013312,cust_000966,2026-06-19 17:39:32,989,no_activity,desktop
sess_00013313,,2026-06-19 19:17:30,993,timeout,desktop
sess_00013314,,2026-06-19 17:43:20,381,no_activity,desktop
sess_00013315,,2026-06-19 09:25:20,60,no_activity,mobile
sess_00013316,cust_002063,2026-06-19 15:47:17,583,no_activity,mobile
sess_00013317,,2026-06-19 13:07:33,6,no_activity,tablet
sess_00013318,cust_000414,2026-06-19 22:55:54,912,no_activity,mobile
sess_00013319,cust_002974,2026-06-19 15:36:11,403,no_activity,mobile
sess_00013320,cust_000989,2026-06-19 17:09:28,442,no_activity,mobile
sess_00013321,,2026-06-19 08:46:51,377,no_activity,desktop
sess_00013322,,2026-06-19 15:44:32,893,no_activity,desktop
sess_00013323,,2026-06-19 21:16:45,158,no_activity,desktop
sess_00013324,cust_000347,2026-06-19 20:21:27,525,no_activity,desktop
sess_00013325,,2026-06-19 16:02:30,875,timeout,desktop
sess_00013326,,2026-06-19 18:21:10,61,no_activity,mobile
sess_00013327,,2026-06-19 16:16:30,124,no_activity,desktop
sess_00013328,,2026-06-19 13:28:53,249,no_activity,mobile
sess_00013329,,2026-06-19 10:29:04,150,no_activity,desktop
sess_00013330,,2026-06-19 12:21:22,1101,no_activity,desktop
sess_00013331,cust_001223,2026-06-19 12:20:18,181,no_activity,desktop
sess_00013332,,2026-06-19 21:41:22,535,timeout,tablet
sess_00013333,,2026-06-19 10:22:55,151,no_activity,desktop
sess_00013334,cust_001057,2026-06-19 14:46:16,14,no_activity,tablet
sess_00013335,,2026-06-19 19:12:35,292,no_activity,desktop
sess_00013336,cust_002418,2026-06-19 11:36:02,414,no_activity,mobile
sess_00013337,cust_001608,2026-06-19 23:03:59,261,no_activity,desktop
sess_00013338,cust_000658,2026-06-19 21:47:29,136,no_activity,mobile
sess_00013339,cust_002148,2026-06-19 18:46:44,1750,no_activity,desktop
sess_00013340,,2026-06-19 18:39:53,130,no_activity,desktop
sess_00013341,cust_001745,2026-06-19 15:30:21,474,no_activity,desktop
sess_00013342,cust_002035,2026-06-19 11:59:41,936,no_activity,desktop
sess_00013343,,2026-06-19 09:29:20,542,no_activity,desktop
sess_00013344,cust_000241,2026-06-19 18:33:00,291,no_activity,desktop
sess_00013345,cust_002552,2026-06-19 07:36:01,1229,logout,mobile
sess_00013346,cust_002100,2026-06-19 15:45:13,1678,no_activity,desktop
sess_00013347,,2026-06-19 08:54:24,394,logout,mobile
sess_00013348,,2026-06-19 16:04:14,370,no_activity,desktop
sess_00013349,cust_000092,2026-06-19 14:14:27,3107,no_activity,desktop
sess_00013350,,2026-06-19 08:30:15,478,no_activity,mobile
sess_00013351,,2026-06-19 11:25:14,305,timeout,desktop
sess_00013352,,2026-06-19 22:07:07,13,no_activity,mobile
sess_00013353,,2026-06-19 20:05:56,68,timeout,mobile
sess_00013354,,2026-06-19 20:43:13,1268,no_activity,mobile
sess_00013355,,2026-06-19 07:53:25,33,no_activity,tablet
sess_00013356,,2026-06-19 21:00:03,47,no_activity,mobile
sess_00013357,,2026-06-19 18:53:43,215,no_activity,desktop
sess_00013358,cust_001135,2026-06-19 18:59:17,835,no_activity,mobile
sess_00013359,,2026-06-19 17:22:15,603,timeout,desktop
sess_00013360,,2026-06-19 13:54:16,730,timeout,desktop
sess_00013361,,2026-06-19 17:37:26,139,timeout,desktop
sess_00013362,cust_002155,2026-06-19 08:08:24,27,no_activity,desktop
sess_00013363,cust_002655,2026-06-19 09:37:38,220,no_activity,desktop
sess_00013364,cust_000319,2026-06-19 13:55:18,411,no_activity,mobile
sess_00013365,cust_001971,2026-06-19 06:33:54,1043,logout,desktop
sess_00013366,,2026-06-19 10:05:06,126,logout,mobile
sess_00013367,,2026-06-19 18:49:45,274,timeout,desktop
sess_00013368,cust_002229,2026-06-19 15:36:42,640,no_activity,tablet
sess_00013369,cust_002135,2026-06-19 08:06:02,242,no_activity,desktop
sess_00013370,,2026-06-19 09:00:35,701,no_activity,mobile
sess_00013371,,2026-06-19 19:16:47,836,no_activity,mobile
sess_00013372,cust_001047,2026-06-19 18:47:45,543,no_activity,desktop
sess_00013373,,2026-06-19 14:23:25,4117,timeout,tablet
sess_00013374,cust_000152,2026-06-19 10:10:48,311,no_activity,desktop
sess_00013375,,2026-06-19 13:34:37,15,no_activity,desktop
sess_00013376,,2026-06-19 08:10:56,710,no_activity,mobile
sess_00013377,,2026-06-19 20:08:24,3204,no_activity,mobile
sess_00013378,cust_000238,2026-06-19 14:22:37,2,no_activity,mobile
sess_00013379,cust_001342,2026-06-19 12:42:39,1011,no_activity,desktop
sess_00013380,cust_001301,2026-06-19 09:37:51,214,no_activity,mobile
sess_00013381,cust_000012,2026-06-19 08:15:35,314,no_activity,mobile
sess_00013382,,2026-06-19 13:57:27,553,no_activity,desktop
sess_00013383,cust_001416,2026-06-19 19:25:07,6987,no_activity,mobile
sess_00013384,cust_001602,2026-06-19 18:07:02,1079,no_activity,desktop
sess_00013385,,2026-06-19 19:16:42,15,no_activity,desktop
sess_00013386,,2026-06-19 13:27:13,25,no_activity,desktop
sess_00013387,,2026-06-19 10:05:19,784,no_activity,desktop
sess_00013388,cust_001124,2026-06-19 19:31:23,713,no_activity,desktop
sess_00013389,,2026-06-19 20:58:02,9,no_activity,tablet
sess_00013390,,2026-06-19 10:36:31,186,no_activity,mobile
sess_00013391,cust_000260,2026-06-19 17:07:55,667,no_activity,desktop
sess_00013392,cust_002731,2026-06-19 19:53:44,6,no_activity,tablet
sess_00013393,cust_001075,2026-06-19 10:19:57,93,no_activity,tablet
sess_00013394,,2026-06-19 13:17:19,1079,no_activity,desktop
sess_00013395,cust_001902,2026-06-19 18:38:50,893,no_activity,desktop
sess_00013396,cust_000550,2026-06-19 14:07:30,2808,no_activity,mobile
sess_00013397,,2026-06-19 18:54:25,266,no_activity,desktop
sess_00013398,,2026-06-20 11:17:01,18,no_activity,mobile
sess_00013399,cust_001953,2026-06-20 03:06:29,837,no_activity,mobile
sess_00013400,cust_000803,2026-06-20 12:13:24,27,no_activity,desktop
sess_00013401,cust_001894,2026-06-20 14:54:59,559,timeout,desktop
sess_00013402,cust_002174,2026-06-20 14:16:40,1734,no_activity,mobile
sess_00013403,cust_001005,2026-06-20 14:30:21,100,no_activity,tablet
sess_00013404,cust_000137,2026-06-20 14:28:46,195,no_activity,desktop
sess_00013405,,2026-06-20 18:58:47,5476,no_activity,mobile
sess_00013406,cust_000276,2026-06-20 01:22:55,16,no_activity,mobile
sess_00013407,,2026-06-20 07:49:39,131,logout,desktop
sess_00013408,,2026-06-20 12:56:04,70,no_activity,desktop
sess_00013409,,2026-06-20 22:46:29,1154,no_activity,desktop
sess_00013410,,2026-06-20 21:58:22,14,no_activity,mobile
sess_00013411,cust_002085,2026-06-20 07:31:01,836,no_activity,mobile
sess_00013412,cust_000799,2026-06-20 15:59:46,2030,no_activity,tablet
sess_00013413,,2026-06-20 06:13:29,1358,no_activity,mobile
sess_00013414,,2026-06-20 15:51:32,943,no_activity,desktop
sess_00013415,,2026-06-20 17:43:58,174,no_activity,mobile
sess_00013416,,2026-06-20 14:32:32,369,no_activity,tablet
sess_00013417,,2026-06-20 09:02:57,119,no_activity,mobile
sess_00013418,,2026-06-20 10:49:41,220,no_activity,desktop
sess_00013419,cust_000951,2026-06-20 14:11:10,22,no_activity,mobile
sess_00013420,,2026-06-20 09:53:06,3265,no_activity,mobile
sess_00013421,cust_000450,2026-06-20 21:53:51,632,no_activity,desktop
sess_00013422,,2026-06-20 08:42:15,1494,no_activity,desktop
sess_00013423,,2026-06-20 07:12:30,2958,no_activity,desktop
sess_00013424,,2026-06-20 20:29:56,67,no_activity,desktop
sess_00013425,,2026-06-20 16:33:01,1041,no_activity,mobile
sess_00013426,,2026-06-20 20:48:42,3542,logout,desktop
sess_00013427,,2026-06-20 13:50:03,81,no_activity,desktop
sess_00013428,,2026-06-20 13:44:52,224,no_activity,desktop
sess_00013429,cust_000886,2026-06-20 21:00:04,1179,logout,mobile
sess_00013430,,2026-06-20 14:49:38,340,no_activity,desktop
sess_00013431,,2026-06-20 12:21:58,20,no_activity,mobile
sess_00013432,cust_001576,2026-06-20 08:18:21,271,no_activity,mobile
sess_00013433,cust_000074,2026-06-20 13:30:29,13,no_activity,mobile
sess_00013434,cust_000983,2026-06-20 18:35:15,529,no_activity,mobile
sess_00013435,cust_001721,2026-06-20 20:00:32,323,no_activity,desktop
sess_00013436,cust_000779,2026-06-20 13:28:16,4040,no_activity,mobile
sess_00013437,,2026-06-20 06:17:59,853,no_activity,desktop
sess_00013438,cust_002013,2026-06-20 19:43:52,713,no_activity,desktop
sess_00013439,,2026-06-20 18:33:16,1465,no_activity,desktop
sess_00013440,,2026-06-20 12:50:41,124,no_activity,mobile
sess_00013441,cust_002427,2026-06-20 16:00:27,1401,logout,desktop
sess_00013442,,2026-06-20 09:49:01,889,timeout,desktop
sess_00013443,,2026-06-20 21:47:28,4596,no_activity,mobile
sess_00013444,,2026-06-20 07:18:24,282,no_activity,desktop
sess_00013445,,2026-06-20 12:51:35,1610,no_activity,mobile
sess_00013446,cust_000160,2026-06-20 20:45:14,818,no_activity,desktop
sess_00013447,cust_000605,2026-06-20 04:48:20,7,no_activity,mobile
sess_00013448,,2026-06-20 19:49:22,591,no_activity,mobile
sess_00013449,,2026-06-20 08:48:36,2090,no_activity,desktop
sess_00013450,cust_000268,2026-06-20 11:01:43,681,no_activity,desktop
sess_00013451,,2026-06-20 16:32:53,1488,no_activity,mobile
sess_00013452,cust_001956,2026-06-20 11:32:18,142,no_activity,mobile
sess_00013453,,2026-06-20 16:11:54,13,no_activity,mobile
sess_00013454,cust_000758,2026-06-20 15:45:49,1132,no_activity,mobile
sess_00013455,,2026-06-20 17:10:18,449,no_activity,desktop
sess_00013456,cust_001603,2026-06-20 09:35:11,878,no_activity,desktop
sess_00013457,,2026-06-20 08:53:18,22,no_activity,desktop
sess_00013458,cust_002983,2026-06-20 16:26:26,270,no_activity,desktop
sess_00013459,,2026-06-20 06:47:19,110,no_activity,desktop
sess_00013460,,2026-06-20 17:20:30,23,no_activity,desktop
sess_00013461,cust_002069,2026-06-20 16:56:23,115,no_activity,mobile
sess_00013462,,2026-06-20 10:10:54,621,no_activity,desktop
sess_00013463,cust_001377,2026-06-20 20:33:52,498,logout,tablet
sess_00013464,cust_000228,2026-06-20 21:23:37,24,no_activity,mobile
sess_00013465,,2026-06-20 13:59:40,231,no_activity,mobile
sess_00013466,,2026-06-20 13:07:05,2099,logout,tablet
sess_00013467,cust_000442,2026-06-20 15:35:03,428,no_activity,desktop
sess_00013468,,2026-06-20 18:18:56,107,timeout,tablet
sess_00013469,,2026-06-20 09:23:01,495,no_activity,desktop
sess_00013470,cust_001929,2026-06-20 08:31:53,806,timeout,mobile
sess_00013471,cust_000044,2026-06-20 20:44:35,3715,timeout,desktop
sess_00013472,,2026-06-20 08:15:59,20,no_activity,desktop
sess_00013473,cust_000226,2026-06-20 14:36:48,458,timeout,mobile
sess_00013474,cust_001562,2026-06-20 16:17:55,298,no_activity,mobile
sess_00013475,cust_002619,2026-06-20 18:28:59,345,no_activity,desktop
sess_00013476,cust_002140,2026-06-20 19:42:44,1496,logout,desktop
sess_00013477,,2026-06-20 12:32:11,199,no_activity,desktop
sess_00013478,,2026-06-20 14:59:45,9,no_activity,mobile
sess_00013479,,2026-06-20 14:06:58,11,no_activity,mobile
sess_00013480,cust_000685,2026-06-20 14:15:02,361,timeout,desktop
sess_00013481,,2026-06-20 18:05:41,971,no_activity,mobile
sess_00013482,cust_000918,2026-06-20 16:46:35,220,no_activity,desktop
sess_00013483,cust_000648,2026-06-20 11:28:07,2188,timeout,desktop
sess_00013484,cust_001862,2026-06-20 07:07:24,314,no_activity,desktop
sess_00013485,,2026-06-20 10:54:03,7200,no_activity,desktop
sess_00013486,,2026-06-20 18:05:19,360,no_activity,desktop
sess_00013487,,2026-06-20 12:14:45,682,no_activity,desktop
sess_00013488,,2026-06-20 09:01:12,478,no_activity,desktop
sess_00013489,,2026-06-20 19:26:11,820,timeout,mobile
sess_00013490,,2026-06-20 08:27:09,28,no_activity,mobile
sess_00013491,,2026-06-20 10:55:54,25,no_activity,mobile
sess_00013492,,2026-06-20 15:26:42,3,no_activity,desktop
sess_00013493,cust_002984,2026-06-20 02:15:48,105,timeout,desktop
sess_00013494,cust_000023,2026-06-20 11:56:09,362,no_activity,mobile
sess_00013495,cust_002313,2026-06-20 18:16:37,481,no_activity,desktop
sess_00013496,,2026-06-20 13:11:16,108,no_activity,mobile
sess_00013497,cust_002842,2026-06-20 14:02:48,262,no_activity,desktop
sess_00013498,,2026-06-20 12:49:14,117,no_activity,mobile
sess_00013499,cust_001644,2026-06-20 14:02:23,161,no_activity,mobile
sess_00013500,cust_000126,2026-06-20 10:11:34,504,logout,desktop
sess_00013501,,2026-06-20 12:40:57,325,timeout,desktop
sess_00013502,cust_001820,2026-06-20 18:35:20,10,no_activity,desktop
sess_00013503,,2026-06-20 19:16:56,94,no_activity,desktop
sess_00013504,,2026-06-20 15:18:26,149,timeout,desktop
sess_00013505,,2026-06-20 11:51:17,589,timeout,desktop
sess_00013506,,2026-06-21 14:32:58,357,no_activity,desktop
sess_00013507,cust_001591,2026-06-21 19:50:03,797,no_activity,desktop
sess_00013508,cust_002645,2026-06-21 12:40:39,27,no_activity,mobile
sess_00013509,,2026-06-21 21:53:09,677,no_activity,mobile
sess_00013510,cust_001805,2026-06-21 12:39:50,441,no_activity,mobile
sess_00013511,cust_000986,2026-06-21 17:44:37,317,no_activity,desktop
sess_00013512,,2026-06-21 10:02:41,195,timeout,mobile
sess_00013513,,2026-06-21 18:35:22,242,timeout,desktop
sess_00013514,cust_000408,2026-06-21 15:53:01,990,no_activity,tablet
sess_00013515,,2026-06-21 11:05:19,263,no_activity,desktop
sess_00013516,cust_000735,2026-06-21 12:18:39,311,no_activity,mobile
sess_00013517,,2026-06-21 10:42:42,344,no_activity,desktop
sess_00013518,cust_000572,2026-06-21 16:09:51,484,no_activity,desktop
sess_00013519,cust_000770,2026-06-21 20:13:26,228,no_activity,desktop
sess_00013520,cust_002649,2026-06-21 14:53:19,381,timeout,desktop
sess_00013521,,2026-06-21 18:45:21,12,no_activity,tablet
sess_00013522,cust_000496,2026-06-21 10:25:26,160,no_activity,mobile
sess_00013523,cust_002993,2026-06-21 17:39:49,325,no_activity,mobile
sess_00013524,cust_000270,2026-06-21 19:45:13,701,no_activity,desktop
sess_00013525,cust_002261,2026-06-21 12:10:00,111,no_activity,desktop
sess_00013526,,2026-06-21 21:38:30,450,no_activity,mobile
sess_00013527,,2026-06-21 10:55:59,7200,no_activity,desktop
sess_00013528,,2026-06-21 18:53:43,377,timeout,desktop
sess_00013529,,2026-06-21 21:20:26,485,no_activity,desktop
sess_00013530,cust_002247,2026-06-21 21:16:32,288,no_activity,desktop
sess_00013531,,2026-06-21 09:04:55,418,logout,mobile
sess_00013532,cust_000799,2026-06-21 14:42:40,603,timeout,mobile
sess_00013533,,2026-06-21 10:44:42,494,no_activity,desktop
sess_00013534,cust_002269,2026-06-21 09:35:31,191,timeout,desktop
sess_00013535,cust_000054,2026-06-21 10:53:05,490,logout,desktop
sess_00013536,,2026-06-21 16:21:53,287,no_activity,tablet
sess_00013537,,2026-06-21 18:34:14,220,timeout,desktop
sess_00013538,cust_002752,2026-06-21 14:13:19,6,no_activity,mobile
sess_00013539,,2026-06-21 03:46:46,604,no_activity,desktop
sess_00013540,cust_002626,2026-06-21 18:13:29,1036,no_activity,desktop
sess_00013541,cust_000051,2026-06-21 08:01:01,119,no_activity,desktop
sess_00013542,,2026-06-21 17:22:15,145,no_activity,desktop
sess_00013543,,2026-06-21 20:03:52,775,no_activity,desktop
sess_00013544,cust_002311,2026-06-21 10:20:19,647,no_activity,mobile
sess_00013545,,2026-06-21 05:05:13,3,no_activity,desktop
sess_00013546,,2026-06-21 11:02:14,69,timeout,mobile
sess_00013547,cust_000344,2026-06-21 11:24:38,165,no_activity,tablet
sess_00013548,,2026-06-21 17:02:55,425,no_activity,desktop
sess_00013549,cust_001323,2026-06-21 14:48:15,80,no_activity,desktop
sess_00013550,cust_001679,2026-06-21 09:59:00,193,no_activity,tablet
sess_00013551,,2026-06-21 20:24:11,227,timeout,desktop
sess_00013552,,2026-06-21 03:20:22,197,no_activity,desktop
sess_00013553,,2026-06-21 11:41:57,1766,no_activity,mobile
sess_00013554,cust_000882,2026-06-21 21:21:15,544,no_activity,desktop
sess_00013555,,2026-06-21 13:45:50,2424,no_activity,desktop
sess_00013556,cust_000521,2026-06-21 08:39:18,532,no_activity,desktop
sess_00013557,,2026-06-21 16:56:38,1568,no_activity,desktop
sess_00013558,cust_000026,2026-06-21 09:41:19,641,no_activity,desktop
sess_00013559,,2026-06-21 12:49:07,442,no_activity,desktop
sess_00013560,,2026-06-21 18:43:21,136,no_activity,desktop
sess_00013561,,2026-06-21 20:46:02,18,no_activity,desktop
sess_00013562,cust_000566,2026-06-21 16:12:45,337,no_activity,desktop
sess_00013563,cust_001459,2026-06-21 12:02:08,933,timeout,mobile
sess_00013564,,2026-06-21 14:39:09,2337,no_activity,desktop
sess_00013565,,2026-06-21 12:00:45,128,no_activity,mobile
sess_00013566,,2026-06-21 11:18:16,834,no_activity,mobile
sess_00013567,cust_000631,2026-06-21 20:48:06,220,no_activity,desktop
sess_00013568,,2026-06-21 21:56:12,523,timeout,desktop
sess_00013569,,2026-06-21 11:14:25,3380,no_activity,mobile
sess_00013570,cust_002567,2026-06-21 10:03:35,533,no_activity,mobile
sess_00013571,cust_001170,2026-06-21 13:13:54,483,no_activity,desktop
sess_00013572,,2026-06-21 07:29:56,6,no_activity,desktop
sess_00013573,cust_000535,2026-06-21 11:24:31,5982,no_activity,desktop
sess_00013574,,2026-06-21 07:03:41,22,no_activity,desktop
sess_00013575,cust_001963,2026-06-21 11:23:59,116,no_activity,desktop
sess_00013576,cust_000853,2026-06-21 16:49:53,17,no_activity,mobile
sess_00013577,cust_000616,2026-06-21 14:52:50,13,no_activity,desktop
sess_00013578,cust_002030,2026-06-21 16:12:53,43,no_activity,mobile
sess_00013579,,2026-06-21 11:28:08,1246,no_activity,desktop
sess_00013580,,2026-06-21 18:41:43,296,no_activity,desktop
sess_00013581,cust_000741,2026-06-21 17:38:29,4,no_activity,mobile
sess_00013582,,2026-06-21 15:45:53,29,no_activity,desktop
sess_00013583,cust_002512,2026-06-21 19:50:39,974,no_activity,desktop
sess_00013584,cust_002980,2026-06-21 21:28:10,392,no_activity,desktop
sess_00013585,,2026-06-21 17:27:43,609,no_activity,desktop
sess_00013586,cust_001658,2026-06-21 22:56:27,454,logout,mobile
sess_00013587,cust_002021,2026-06-21 09:40:00,461,timeout,desktop
sess_00013588,cust_001578,2026-06-21 07:53:19,925,no_activity,mobile
sess_00013589,,2026-06-21 09:43:37,27,no_activity,mobile
sess_00013590,cust_000202,2026-06-21 07:19:57,1,no_activity,mobile
sess_00013591,,2026-06-21 19:18:37,121,no_activity,mobile
sess_00013592,,2026-06-21 14:12:06,391,no_activity,desktop
sess_00013593,,2026-06-21 11:07:40,33,no_activity,mobile
sess_00013594,,2026-06-21 10:55:51,2847,logout,mobile
sess_00013595,,2026-06-21 02:15:21,1081,no_activity,mobile
sess_00013596,cust_002510,2026-06-21 12:01:10,2393,no_activity,mobile
sess_00013597,cust_000054,2026-06-21 21:49:05,50,no_activity,desktop
sess_00013598,,2026-06-21 18:39:05,339,no_activity,mobile
sess_00013599,cust_001650,2026-06-21 14:40:28,1724,no_activity,desktop
sess_00013600,,2026-06-21 18:04:12,228,no_activity,desktop
sess_00013601,,2026-06-21 21:21:19,246,no_activity,desktop
sess_00013602,cust_002009,2026-06-21 11:49:53,559,no_activity,mobile
sess_00013603,cust_000532,2026-06-21 19:26:22,137,no_activity,mobile
sess_00013604,,2026-06-21 07:08:20,2805,timeout,tablet
sess_00013605,,2026-06-22 14:00:16,225,no_activity,mobile
sess_00013606,,2026-06-22 17:23:31,250,no_activity,mobile
sess_00013607,,2026-06-22 16:54:38,2057,no_activity,desktop
sess_00013608,,2026-06-22 13:38:20,325,logout,mobile
sess_00013609,,2026-06-22 07:24:09,975,no_activity,desktop
sess_00013610,cust_002343,2026-06-22 13:46:02,112,no_activity,desktop
sess_00013611,,2026-06-22 23:32:50,391,no_activity,desktop
sess_00013612,,2026-06-22 18:13:52,1397,no_activity,tablet
sess_00013613,,2026-06-22 09:11:57,662,no_activity,mobile
sess_00013614,,2026-06-22 15:17:58,7,no_activity,mobile
sess_00013615,,2026-06-22 14:38:17,159,no_activity,desktop
sess_00013616,cust_001596,2026-06-22 18:41:37,954,no_activity,desktop
sess_00013617,,2026-06-22 17:30:32,434,no_activity,desktop
sess_00013618,cust_000004,2026-06-22 21:35:10,705,no_activity,desktop
sess_00013619,cust_000530,2026-06-22 10:23:41,266,timeout,mobile
sess_00013620,cust_001828,2026-06-22 15:42:43,551,no_activity,desktop
sess_00013621,cust_001594,2026-06-22 16:50:23,913,no_activity,desktop
sess_00013622,cust_000137,2026-06-22 10:18:11,1498,no_activity,mobile
sess_00013623,,2026-06-22 07:34:54,11,no_activity,mobile
sess_00013624,,2026-06-22 18:10:24,29,no_activity,mobile
sess_00013625,,2026-06-22 21:31:34,2453,no_activity,desktop
sess_00013626,,2026-06-22 04:04:57,430,no_activity,desktop
sess_00013627,cust_001070,2026-06-22 12:48:33,24,no_activity,mobile
sess_00013628,,2026-06-22 15:55:21,231,no_activity,mobile
sess_00013629,cust_001411,2026-06-22 17:04:47,2753,no_activity,mobile
sess_00013630,cust_001526,2026-06-22 14:28:49,207,no_activity,desktop
sess_00013631,,2026-06-22 11:26:32,1,no_activity,mobile
sess_00013632,cust_000783,2026-06-22 20:45:36,30,no_activity,desktop
sess_00013633,,2026-06-22 17:44:35,202,timeout,desktop
sess_00013634,,2026-06-22 18:38:59,13,no_activity,mobile
sess_00013635,cust_001434,2026-06-22 06:19:09,118,no_activity,desktop
sess_00013636,cust_001659,2026-06-22 13:43:47,22,no_activity,desktop
sess_00013637,cust_001815,2026-06-22 13:56:23,2,no_activity,desktop
sess_00013638,,2026-06-22 19:06:18,4,no_activity,mobile
sess_00013639,,2026-06-22 13:53:13,5,no_activity,mobile
sess_00013640,,2026-06-22 11:14:18,886,no_activity,mobile
sess_00013641,cust_002088,2026-06-22 10:36:56,446,no_activity,desktop
sess_00013642,cust_000442,2026-06-22 09:59:57,1555,no_activity,desktop
sess_00013643,,2026-06-22 06:02:23,99,no_activity,desktop
sess_00013644,,2026-06-22 19:34:19,263,no_activity,desktop
sess_00013645,,2026-06-22 09:34:38,310,no_activity,mobile
sess_00013646,,2026-06-22 07:35:00,52,no_activity,desktop
sess_00013647,,2026-06-22 20:58:46,3,no_activity,mobile
sess_00013648,cust_001512,2026-06-22 07:55:30,120,no_activity,desktop
sess_00013649,,2026-06-22 18:52:59,187,no_activity,desktop
sess_00013650,cust_002069,2026-06-22 20:44:14,563,no_activity,desktop
sess_00013651,cust_002907,2026-06-22 13:11:25,315,logout,desktop
sess_00013652,cust_001309,2026-06-22 17:06:57,322,no_activity,mobile
sess_00013653,,2026-06-22 17:56:42,1318,timeout,desktop
sess_00013654,cust_001800,2026-06-22 20:24:31,293,no_activity,desktop
sess_00013655,cust_002077,2026-06-22 02:10:06,57,no_activity,mobile
sess_00013656,cust_002403,2026-06-22 07:28:51,308,no_activity,mobile
sess_00013657,cust_000944,2026-06-22 13:10:02,524,no_activity,desktop
sess_00013658,cust_001385,2026-06-22 10:53:53,212,no_activity,desktop
sess_00013659,,2026-06-22 21:35:47,26,no_activity,desktop
sess_00013660,,2026-06-22 19:04:06,126,no_activity,tablet
sess_00013661,cust_000088,2026-06-22 05:35:25,530,no_activity,mobile
sess_00013662,,2026-06-22 16:52:17,1317,no_activity,mobile
sess_00013663,cust_000561,2026-06-22 20:23:41,415,timeout,desktop
sess_00013664,cust_000840,2026-06-22 00:39:01,360,no_activity,desktop
sess_00013665,cust_000871,2026-06-22 20:43:56,28,no_activity,desktop
sess_00013666,,2026-06-22 14:23:31,2802,logout,desktop
sess_00013667,cust_001922,2026-06-22 19:45:29,190,no_activity,mobile
sess_00013668,cust_001514,2026-06-22 08:47:24,454,no_activity,desktop
sess_00013669,cust_000354,2026-06-22 18:22:42,1792,no_activity,desktop
sess_00013670,,2026-06-22 21:06:44,450,no_activity,mobile
sess_00013671,cust_000947,2026-06-22 15:51:46,113,no_activity,desktop
sess_00013672,,2026-06-22 13:43:30,279,no_activity,desktop
sess_00013673,,2026-06-22 16:02:16,18,no_activity,tablet
sess_00013674,cust_001161,2026-06-22 20:54:02,449,no_activity,desktop
sess_00013675,cust_002937,2026-06-22 08:14:59,12,no_activity,desktop
sess_00013676,cust_002217,2026-06-22 15:33:35,118,no_activity,desktop
sess_00013677,,2026-06-22 14:29:38,145,logout,desktop
sess_00013678,,2026-06-22 16:09:33,251,no_activity,desktop
sess_00013679,cust_002760,2026-06-22 19:16:59,391,no_activity,mobile
sess_00013680,cust_002724,2026-06-22 14:23:53,638,no_activity,mobile
sess_00013681,cust_002832,2026-06-22 18:44:12,215,no_activity,mobile
sess_00013682,cust_002311,2026-06-22 23:00:44,192,no_activity,mobile
sess_00013683,,2026-06-22 19:12:40,337,no_activity,mobile
sess_00013684,,2026-06-22 14:51:28,80,timeout,desktop
sess_00013685,,2026-06-22 09:56:38,405,no_activity,desktop
sess_00013686,,2026-06-22 15:00:12,334,no_activity,mobile
sess_00013687,,2026-06-22 19:36:25,619,no_activity,mobile
sess_00013688,,2026-06-22 16:29:44,340,timeout,desktop
sess_00013689,cust_000165,2026-06-22 08:35:55,955,no_activity,mobile
sess_00013690,cust_001240,2026-06-22 12:12:40,34,logout,desktop
sess_00013691,cust_002410,2026-06-22 08:03:32,115,no_activity,desktop
sess_00013692,cust_000859,2026-06-22 17:28:18,212,no_activity,desktop
sess_00013693,,2026-06-22 14:23:11,957,no_activity,desktop
sess_00013694,,2026-06-22 18:49:13,656,logout,desktop
sess_00013695,,2026-06-22 11:38:29,597,no_activity,desktop
sess_00013696,,2026-06-22 20:54:45,252,no_activity,desktop
sess_00013697,cust_002646,2026-06-22 11:01:46,1343,no_activity,desktop
sess_00013698,cust_001413,2026-06-22 20:35:09,418,no_activity,desktop
sess_00013699,cust_001906,2026-06-22 17:18:58,328,timeout,desktop
sess_00013700,,2026-06-22 17:51:52,91,no_activity,mobile
sess_00013701,,2026-06-22 20:27:02,517,no_activity,desktop
sess_00013702,cust_002014,2026-06-22 17:24:19,1499,no_activity,mobile
sess_00013703,cust_002449,2026-06-22 13:30:37,155,no_activity,desktop
sess_00013704,,2026-06-23 13:53:40,30,no_activity,mobile
sess_00013705,cust_002991,2026-06-23 14:53:50,202,no_activity,desktop
sess_00013706,cust_001946,2026-06-23 20:02:22,1190,timeout,mobile
sess_00013707,,2026-06-23 11:36:12,392,no_activity,desktop
sess_00013708,,2026-06-23 13:41:20,221,no_activity,mobile
sess_00013709,cust_001723,2026-06-23 23:58:06,961,no_activity,desktop
sess_00013710,cust_001643,2026-06-23 11:33:04,117,logout,desktop
sess_00013711,cust_001979,2026-06-23 18:12:52,35,no_activity,desktop
sess_00013712,,2026-06-23 10:00:44,65,no_activity,desktop
sess_00013713,,2026-06-23 18:44:37,836,no_activity,desktop
sess_00013714,,2026-06-23 23:06:44,508,no_activity,mobile
sess_00013715,,2026-06-23 08:42:20,2613,no_activity,tablet
sess_00013716,cust_000789,2026-06-23 12:34:01,2189,no_activity,mobile
sess_00013717,,2026-06-23 16:46:50,1219,no_activity,mobile
sess_00013718,cust_001415,2026-06-23 18:29:32,491,no_activity,desktop
sess_00013719,cust_001026,2026-06-23 14:19:43,312,timeout,mobile
sess_00013720,,2026-06-23 19:39:24,1344,no_activity,desktop
sess_00013721,cust_002991,2026-06-23 14:51:56,410,no_activity,desktop
sess_00013722,,2026-06-23 19:28:35,581,no_activity,mobile
sess_00013723,,2026-06-23 13:33:29,2596,no_activity,desktop
sess_00013724,,2026-06-23 13:01:01,241,no_activity,mobile
sess_00013725,,2026-06-23 12:28:22,20,no_activity,desktop
sess_00013726,,2026-06-23 20:18:38,192,no_activity,desktop
sess_00013727,cust_001241,2026-06-23 21:17:06,514,logout,desktop
sess_00013728,,2026-06-23 16:34:58,440,no_activity,desktop
sess_00013729,,2026-06-23 06:42:08,143,no_activity,desktop
sess_00013730,,2026-06-23 21:15:17,545,no_activity,desktop
sess_00013731,,2026-06-23 03:47:26,453,no_activity,desktop
sess_00013732,,2026-06-23 12:29:09,321,no_activity,desktop
sess_00013733,,2026-06-23 15:19:01,296,no_activity,desktop
sess_00013734,,2026-06-23 18:34:44,376,no_activity,desktop
sess_00013735,cust_002596,2026-06-23 13:39:17,13,no_activity,desktop
sess_00013736,cust_000147,2026-06-23 07:44:23,527,timeout,mobile
sess_00013737,cust_000349,2026-06-23 14:35:16,993,no_activity,desktop
sess_00013738,,2026-06-23 15:08:15,81,no_activity,mobile
sess_00013739,,2026-06-23 01:08:41,579,no_activity,desktop
sess_00013740,,2026-06-23 07:42:36,86,no_activity,mobile
sess_00013741,,2026-06-23 05:02:51,279,no_activity,mobile
sess_00013742,,2026-06-23 16:38:39,83,no_activity,desktop
sess_00013743,,2026-06-23 16:20:01,16,no_activity,desktop
sess_00013744,,2026-06-23 22:39:08,64,timeout,mobile
sess_00013745,,2026-06-23 09:31:21,474,timeout,tablet
sess_00013746,,2026-06-23 18:15:52,974,logout,desktop
sess_00013747,,2026-06-23 18:27:10,19,no_activity,tablet
sess_00013748,cust_002827,2026-06-23 17:50:22,611,no_activity,desktop
sess_00013749,,2026-06-23 18:16:29,1967,timeout,mobile
sess_00013750,,2026-06-23 10:02:12,1,no_activity,mobile
sess_00013751,,2026-06-23 15:52:21,541,no_activity,desktop
sess_00013752,,2026-06-23 10:15:45,427,no_activity,desktop
sess_00013753,cust_001666,2026-06-23 09:28:26,1761,logout,mobile
sess_00013754,cust_000259,2026-06-23 21:33:29,188,timeout,mobile
sess_00013755,,2026-06-23 11:33:03,14,no_activity,desktop
sess_00013756,,2026-06-23 17:58:53,1426,timeout,mobile
sess_00013757,,2026-06-23 16:31:03,358,no_activity,desktop
sess_00013758,,2026-06-23 12:52:54,616,logout,desktop
sess_00013759,cust_002067,2026-06-23 15:40:20,195,no_activity,desktop
sess_00013760,cust_001019,2026-06-23 19:28:18,323,no_activity,desktop
sess_00013761,,2026-06-23 15:16:17,214,no_activity,desktop
sess_00013762,,2026-06-23 10:55:03,10,no_activity,mobile
sess_00013763,cust_000097,2026-06-23 19:48:35,6,no_activity,desktop
sess_00013764,cust_002781,2026-06-23 22:08:30,487,no_activity,mobile
sess_00013765,,2026-06-23 17:27:01,44,no_activity,mobile
sess_00013766,,2026-06-23 20:26:51,17,no_activity,mobile
sess_00013767,,2026-06-23 09:43:18,396,no_activity,desktop
sess_00013768,,2026-06-23 13:41:48,315,no_activity,desktop
sess_00013769,cust_000009,2026-06-23 08:06:19,515,no_activity,desktop
sess_00013770,cust_000122,2026-06-23 18:04:49,818,no_activity,desktop
sess_00013771,,2026-06-23 19:46:02,698,timeout,desktop
sess_00013772,cust_002434,2026-06-23 16:23:36,876,no_activity,desktop
sess_00013773,,2026-06-23 08:22:20,11,no_activity,desktop
sess_00013774,,2026-06-23 12:01:43,317,no_activity,desktop
sess_00013775,cust_002660,2026-06-23 13:39:24,1071,no_activity,mobile
sess_00013776,,2026-06-23 11:28:07,11,no_activity,mobile
sess_00013777,cust_002768,2026-06-23 15:25:12,397,no_activity,desktop
sess_00013778,cust_002779,2026-06-23 19:30:38,277,no_activity,mobile
sess_00013779,cust_001392,2026-06-23 06:57:10,5,no_activity,desktop
sess_00013780,,2026-06-23 21:03:48,248,no_activity,desktop
sess_00013781,cust_002472,2026-06-23 18:27:30,824,no_activity,mobile
sess_00013782,,2026-06-23 08:48:23,317,no_activity,desktop
sess_00013783,,2026-06-23 12:26:56,629,timeout,mobile
sess_00013784,,2026-06-23 12:45:16,1087,timeout,tablet
sess_00013785,,2026-06-23 08:47:42,161,logout,desktop
sess_00013786,cust_002082,2026-06-23 23:06:18,406,no_activity,mobile
sess_00013787,cust_002741,2026-06-23 14:59:13,403,timeout,desktop
sess_00013788,,2026-06-23 14:52:05,291,no_activity,desktop
sess_00013789,cust_000543,2026-06-23 11:04:25,556,no_activity,desktop
sess_00013790,cust_000355,2026-06-23 22:51:46,448,timeout,tablet
sess_00013791,cust_000842,2026-06-23 19:44:40,929,no_activity,mobile
sess_00013792,cust_002826,2026-06-23 13:35:20,509,no_activity,desktop
sess_00013793,,2026-06-23 09:34:47,63,no_activity,desktop
sess_00013794,cust_000287,2026-06-23 10:43:27,21,no_activity,desktop
sess_00013795,cust_002116,2026-06-23 22:17:48,1489,no_activity,desktop
sess_00013796,,2026-06-23 15:33:08,29,no_activity,desktop
sess_00013797,,2026-06-23 09:50:29,126,no_activity,desktop
sess_00013798,cust_002343,2026-06-24 19:38:39,1201,no_activity,desktop
sess_00013799,cust_001505,2026-06-24 20:10:07,16,no_activity,mobile
sess_00013800,cust_002447,2026-06-24 08:00:18,2405,no_activity,tablet
sess_00013801,,2026-06-24 18:48:28,634,no_activity,mobile
sess_00013802,,2026-06-24 08:26:12,337,no_activity,desktop
sess_00013803,cust_000810,2026-06-24 19:04:44,1162,no_activity,mobile
sess_00013804,,2026-06-24 07:02:40,71,logout,mobile
sess_00013805,cust_000996,2026-06-24 16:05:30,20,no_activity,mobile
sess_00013806,cust_001711,2026-06-24 19:35:53,261,no_activity,tablet
sess_00013807,,2026-06-24 21:54:53,816,no_activity,mobile
sess_00013808,cust_002869,2026-06-24 09:29:27,573,no_activity,mobile
sess_00013809,cust_000186,2026-06-24 08:11:45,538,timeout,mobile
sess_00013810,,2026-06-24 17:44:37,123,no_activity,mobile
sess_00013811,cust_000118,2026-06-24 09:54:28,167,no_activity,desktop
sess_00013812,,2026-06-24 22:21:11,445,timeout,mobile
sess_00013813,,2026-06-24 11:51:40,3,no_activity,mobile
sess_00013814,,2026-06-24 23:37:07,1008,no_activity,desktop
sess_00013815,cust_002207,2026-06-24 22:35:09,64,no_activity,desktop
sess_00013816,,2026-06-24 16:13:48,139,no_activity,desktop
sess_00013817,cust_002374,2026-06-24 13:27:57,113,no_activity,mobile
sess_00013818,,2026-06-24 19:31:12,445,no_activity,desktop
sess_00013819,,2026-06-24 17:23:15,381,no_activity,mobile
sess_00013820,cust_000857,2026-06-24 07:28:23,312,no_activity,desktop
sess_00013821,,2026-06-24 15:00:25,408,logout,desktop
sess_00013822,,2026-06-24 10:02:47,667,timeout,mobile
sess_00013823,,2026-06-24 12:57:55,207,no_activity,mobile
sess_00013824,,2026-06-24 19:32:15,5,no_activity,mobile
sess_00013825,cust_001702,2026-06-24 11:45:54,348,no_activity,desktop
sess_00013826,cust_002941,2026-06-24 10:29:21,239,no_activity,desktop
sess_00013827,,2026-06-24 18:39:05,18,no_activity,desktop
sess_00013828,cust_002855,2026-06-24 10:19:07,319,no_activity,desktop
sess_00013829,,2026-06-24 15:02:22,311,timeout,desktop
sess_00013830,cust_000051,2026-06-24 17:11:21,256,no_activity,desktop
sess_00013831,,2026-06-24 18:25:15,295,logout,mobile
sess_00013832,cust_002015,2026-06-24 09:54:42,82,no_activity,mobile
sess_00013833,,2026-06-24 16:58:42,4057,no_activity,mobile
sess_00013834,cust_002457,2026-06-24 14:39:56,467,logout,desktop
sess_00013835,cust_002148,2026-06-24 16:52:01,30,no_activity,desktop
sess_00013836,,2026-06-24 18:14:28,20,no_activity,desktop
sess_00013837,,2026-06-24 22:48:29,157,no_activity,desktop
sess_00013838,cust_001367,2026-06-24 13:20:49,684,no_activity,desktop
sess_00013839,,2026-06-24 03:43:25,670,no_activity,mobile
sess_00013840,,2026-06-24 19:27:10,104,no_activity,desktop
sess_00013841,cust_001753,2026-06-24 17:31:33,520,no_activity,mobile
sess_00013842,,2026-06-24 21:06:03,2,no_activity,desktop
sess_00013843,,2026-06-24 23:56:41,24,no_activity,desktop
sess_00013844,,2026-06-24 09:07:39,241,no_activity,mobile
sess_00013845,cust_002657,2026-06-24 18:57:27,247,no_activity,tablet
sess_00013846,,2026-06-24 18:41:39,171,no_activity,desktop
sess_00013847,,2026-06-24 18:41:40,1264,timeout,mobile
sess_00013848,cust_001762,2026-06-24 13:48:30,13,no_activity,desktop
sess_00013849,,2026-06-24 04:40:59,741,no_activity,desktop
sess_00013850,,2026-06-24 22:18:05,197,no_activity,desktop
sess_00013851,cust_000275,2026-06-24 09:50:40,94,no_activity,tablet
sess_00013852,cust_001359,2026-06-24 16:39:08,22,no_activity,desktop
sess_00013853,,2026-06-24 22:06:20,3,no_activity,desktop
sess_00013854,,2026-06-24 12:56:07,14,no_activity,desktop
sess_00013855,,2026-06-24 10:49:40,1324,no_activity,mobile
sess_00013856,cust_002203,2026-06-24 14:26:10,434,timeout,desktop
sess_00013857,,2026-06-24 12:00:36,87,timeout,mobile
sess_00013858,,2026-06-24 20:49:40,298,no_activity,desktop
sess_00013859,,2026-06-24 05:23:02,938,no_activity,mobile
sess_00013860,,2026-06-24 06:53:41,109,timeout,desktop
sess_00013861,cust_002371,2026-06-24 23:10:56,362,no_activity,desktop
sess_00013862,,2026-06-24 19:33:48,984,no_activity,desktop
sess_00013863,cust_001515,2026-06-24 17:36:45,1303,no_activity,desktop
sess_00013864,cust_002252,2026-06-24 19:57:51,508,no_activity,mobile
sess_00013865,,2026-06-24 22:40:45,24,no_activity,desktop
sess_00013866,,2026-06-24 06:02:05,1,no_activity,mobile
sess_00013867,,2026-06-24 10:29:52,127,no_activity,desktop
sess_00013868,cust_000221,2026-06-24 11:31:09,226,no_activity,desktop
sess_00013869,cust_002453,2026-06-24 18:56:24,110,no_activity,desktop
sess_00013870,cust_001250,2026-06-24 19:37:06,29,no_activity,desktop
sess_00013871,cust_002063,2026-06-24 18:47:19,857,no_activity,desktop
sess_00013872,,2026-06-24 08:52:31,496,no_activity,mobile
sess_00013873,cust_001250,2026-06-24 17:39:35,355,no_activity,desktop
sess_00013874,,2026-06-24 07:35:11,535,no_activity,desktop
sess_00013875,,2026-06-24 17:07:40,169,no_activity,mobile
sess_00013876,,2026-06-24 19:04:50,563,no_activity,desktop
sess_00013877,cust_002869,2026-06-24 10:38:40,468,logout,desktop
sess_00013878,cust_002024,2026-06-24 19:33:19,1179,no_activity,mobile
sess_00013879,,2026-06-24 22:54:41,423,logout,desktop
sess_00013880,cust_002297,2026-06-24 16:25:59,433,timeout,desktop
sess_00013881,cust_001455,2026-06-24 09:35:53,10,no_activity,mobile
sess_00013882,cust_000007,2026-06-24 14:11:41,172,no_activity,mobile
sess_00013883,cust_001027,2026-06-24 22:17:42,8,no_activity,mobile
sess_00013884,,2026-06-24 20:18:00,333,no_activity,tablet
sess_00013885,cust_001614,2026-06-24 13:26:01,210,no_activity,desktop
sess_00013886,,2026-06-24 15:21:31,67,no_activity,desktop
sess_00013887,,2026-06-24 15:27:10,236,no_activity,mobile
sess_00013888,,2026-06-24 14:46:24,1206,no_activity,mobile
sess_00013889,,2026-06-24 14:09:26,445,no_activity,tablet
sess_00013890,cust_002624,2026-06-24 18:13:07,62,no_activity,tablet
sess_00013891,cust_000055,2026-06-24 20:08:27,712,timeout,mobile
sess_00013892,,2026-06-24 10:01:18,327,no_activity,tablet
sess_00013893,cust_002825,2026-06-24 20:53:48,1081,timeout,desktop
sess_00013894,cust_000607,2026-06-24 18:29:14,8,no_activity,mobile
sess_00013895,cust_000230,2026-06-24 10:46:00,111,logout,desktop
sess_00013896,cust_000769,2026-06-24 09:26:28,548,no_activity,desktop
sess_00013897,cust_002801,2026-06-24 21:12:57,701,no_activity,desktop
sess_00013898,cust_000054,2026-06-24 19:31:59,933,no_activity,mobile
sess_00013899,,2026-06-24 06:33:41,633,no_activity,desktop
sess_00013900,,2026-06-24 15:01:05,979,no_activity,mobile
sess_00013901,cust_002284,2026-06-24 14:11:24,333,no_activity,desktop
sess_00013902,cust_001679,2026-06-24 21:41:48,1118,no_activity,mobile
sess_00013903,,2026-06-24 18:08:16,166,no_activity,mobile
sess_00013904,,2026-06-24 09:36:40,258,no_activity,mobile
sess_00013905,,2026-06-24 18:50:08,1231,no_activity,mobile
sess_00013906,cust_002148,2026-06-24 17:57:01,1197,no_activity,tablet
sess_00013907,cust_000807,2026-06-24 17:40:02,728,no_activity,mobile
sess_00013908,,2026-06-24 19:42:15,563,logout,mobile
sess_00013909,,2026-06-24 02:21:31,197,no_activity,mobile
sess_00013910,,2026-06-24 17:42:21,1072,no_activity,mobile
sess_00013911,,2026-06-24 09:44:21,3489,no_activity,desktop
sess_00013912,,2026-06-24 14:04:51,946,no_activity,tablet
sess_00013913,,2026-06-24 12:23:03,51,no_activity,tablet
sess_00013914,,2026-06-24 11:09:30,173,no_activity,desktop
sess_00013915,,2026-06-24 13:52:47,559,no_activity,desktop
sess_00013916,,2026-06-24 18:27:36,1321,timeout,mobile
sess_00013917,cust_001066,2026-06-24 14:48:31,2463,timeout,desktop
sess_00013918,,2026-06-25 19:03:58,251,no_activity,mobile
sess_00013919,,2026-06-25 20:27:07,703,no_activity,desktop
sess_00013920,,2026-06-25 19:47:26,56,timeout,desktop
sess_00013921,,2026-06-25 19:03:01,279,timeout,mobile
sess_00013922,,2026-06-25 11:12:56,10,no_activity,desktop
sess_00013923,,2026-06-25 14:34:53,99,no_activity,desktop
sess_00013924,,2026-06-25 22:15:14,717,no_activity,desktop
sess_00013925,cust_002815,2026-06-25 14:58:25,1469,no_activity,desktop
sess_00013926,,2026-06-25 12:39:28,10,no_activity,mobile
sess_00013927,,2026-06-25 21:53:42,392,no_activity,desktop
sess_00013928,,2026-06-25 09:03:58,252,no_activity,desktop
sess_00013929,,2026-06-25 15:00:28,20,no_activity,mobile
sess_00013930,cust_000629,2026-06-25 21:33:14,117,no_activity,mobile
sess_00013931,,2026-06-25 13:33:11,7,no_activity,mobile
sess_00013932,,2026-06-25 17:46:11,468,no_activity,desktop
sess_00013933,,2026-06-25 08:42:33,2058,timeout,desktop
sess_00013934,,2026-06-25 17:15:06,919,no_activity,desktop
sess_00013935,,2026-06-25 17:56:16,453,no_activity,mobile
sess_00013936,,2026-06-25 14:39:41,8,no_activity,desktop
sess_00013937,,2026-06-25 10:36:53,612,no_activity,mobile
sess_00013938,,2026-06-25 17:45:53,176,no_activity,mobile
sess_00013939,cust_001276,2026-06-25 13:06:01,69,no_activity,desktop
sess_00013940,,2026-06-25 18:54:45,1962,timeout,mobile
sess_00013941,cust_001858,2026-06-25 10:23:24,498,no_activity,mobile
sess_00013942,,2026-06-25 15:41:01,585,no_activity,desktop
sess_00013943,cust_002329,2026-06-25 14:34:20,455,no_activity,desktop
sess_00013944,cust_000915,2026-06-25 21:34:39,302,no_activity,mobile
sess_00013945,cust_002560,2026-06-25 18:00:08,1321,timeout,desktop
sess_00013946,,2026-06-25 13:10:18,4,no_activity,mobile
sess_00013947,,2026-06-25 19:46:38,181,no_activity,desktop
sess_00013948,,2026-06-25 10:36:47,175,no_activity,mobile
sess_00013949,,2026-06-25 16:17:58,1061,timeout,desktop
sess_00013950,cust_000805,2026-06-25 14:45:08,29,no_activity,desktop
sess_00013951,,2026-06-25 09:19:29,878,no_activity,mobile
sess_00013952,,2026-06-25 20:03:53,133,no_activity,mobile
sess_00013953,,2026-06-25 14:27:44,118,timeout,desktop
sess_00013954,,2026-06-25 13:38:33,3808,no_activity,desktop
sess_00013955,cust_000595,2026-06-25 18:50:18,177,no_activity,mobile
sess_00013956,,2026-06-25 11:51:57,820,timeout,tablet
sess_00013957,,2026-06-25 18:22:30,326,no_activity,desktop
sess_00013958,cust_001225,2026-06-25 09:44:10,523,no_activity,mobile
sess_00013959,cust_002683,2026-06-25 11:34:05,73,timeout,mobile
sess_00013960,cust_001406,2026-06-25 09:42:52,23,no_activity,mobile
sess_00013961,cust_001309,2026-06-25 15:28:22,97,no_activity,mobile
sess_00013962,cust_001537,2026-06-25 20:06:33,2496,no_activity,mobile
sess_00013963,cust_001930,2026-06-25 21:02:07,57,no_activity,desktop
sess_00013964,cust_002384,2026-06-25 16:20:00,663,no_activity,desktop
sess_00013965,cust_000944,2026-06-25 07:38:51,250,no_activity,desktop
sess_00013966,,2026-06-25 13:22:48,27,no_activity,mobile
sess_00013967,,2026-06-25 17:23:07,10,no_activity,desktop
sess_00013968,cust_001376,2026-06-25 21:02:42,6,no_activity,mobile
sess_00013969,,2026-06-25 20:52:08,180,no_activity,mobile
sess_00013970,,2026-06-25 06:37:06,265,no_activity,desktop
sess_00013971,cust_002698,2026-06-25 06:50:37,226,no_activity,mobile
sess_00013972,cust_001704,2026-06-25 17:35:58,1513,no_activity,mobile
sess_00013973,,2026-06-25 07:31:27,370,no_activity,desktop
sess_00013974,cust_000933,2026-06-25 16:47:17,208,logout,mobile
sess_00013975,,2026-06-25 18:10:40,218,no_activity,desktop
sess_00013976,,2026-06-25 22:09:51,672,no_activity,mobile
sess_00013977,cust_001779,2026-06-25 21:44:44,23,no_activity,desktop
sess_00013978,cust_002231,2026-06-25 19:10:07,299,no_activity,desktop
sess_00013979,,2026-06-25 07:47:23,254,no_activity,mobile
sess_00013980,cust_001538,2026-06-25 11:45:05,638,no_activity,desktop
sess_00013981,cust_002912,2026-06-25 14:58:30,14,no_activity,desktop
sess_00013982,cust_001685,2026-06-25 14:49:48,168,no_activity,desktop
sess_00013983,,2026-06-25 07:13:14,92,no_activity,desktop
sess_00013984,,2026-06-25 07:39:15,9,no_activity,desktop
sess_00013985,cust_000735,2026-06-25 19:37:56,1044,no_activity,desktop
sess_00013986,cust_001799,2026-06-25 10:11:38,525,no_activity,tablet
sess_00013987,,2026-06-25 13:43:27,137,logout,mobile
sess_00013988,cust_000797,2026-06-25 12:32:04,456,timeout,desktop
sess_00013989,cust_001033,2026-06-25 15:44:51,916,no_activity,tablet
sess_00013990,,2026-06-25 17:17:47,240,no_activity,desktop
sess_00013991,,2026-06-25 05:08:50,324,no_activity,desktop
sess_00013992,,2026-06-25 13:56:53,189,no_activity,desktop
sess_00013993,cust_001979,2026-06-25 20:08:12,343,no_activity,desktop
sess_00013994,,2026-06-25 20:29:50,745,no_activity,desktop
sess_00013995,cust_002486,2026-06-25 11:29:56,386,no_activity,desktop
sess_00013996,,2026-06-25 09:49:48,142,logout,desktop
sess_00013997,,2026-06-25 16:31:04,189,no_activity,mobile
sess_00013998,,2026-06-25 15:36:22,1630,logout,desktop
sess_00013999,cust_000527,2026-06-25 13:02:36,28,no_activity,mobile
sess_00014000,cust_002351,2026-06-25 17:23:56,1752,no_activity,desktop
sess_00014001,,2026-06-25 10:55:32,1254,no_activity,mobile
sess_00014002,cust_000535,2026-06-25 13:08:27,566,no_activity,desktop
sess_00014003,cust_002495,2026-06-25 17:46:05,209,no_activity,mobile
sess_00014004,cust_001068,2026-06-26 19:33:46,9,no_activity,mobile
sess_00014005,,2026-06-26 13:38:55,608,no_activity,desktop
sess_00014006,,2026-06-26 20:57:01,234,no_activity,mobile
sess_00014007,,2026-06-26 18:53:12,158,no_activity,tablet
sess_00014008,,2026-06-26 17:15:40,548,no_activity,mobile
sess_00014009,,2026-06-26 21:43:20,318,no_activity,desktop
sess_00014010,cust_002559,2026-06-26 10:23:26,12,no_activity,tablet
sess_00014011,,2026-06-26 08:31:39,377,timeout,desktop
sess_00014012,,2026-06-26 12:03:43,670,no_activity,mobile
sess_00014013,cust_002673,2026-06-26 14:33:25,24,no_activity,mobile
sess_00014014,cust_000550,2026-06-26 23:52:17,996,no_activity,desktop
sess_00014015,,2026-06-26 10:46:09,853,no_activity,desktop
sess_00014016,,2026-06-26 13:20:26,679,no_activity,desktop
sess_00014017,,2026-06-26 07:39:43,14,no_activity,mobile
sess_00014018,cust_002874,2026-06-26 19:51:45,154,no_activity,desktop
sess_00014019,,2026-06-26 11:13:11,123,no_activity,mobile
sess_00014020,cust_002430,2026-06-26 07:39:56,2361,no_activity,mobile
sess_00014021,,2026-06-26 15:22:04,467,no_activity,desktop
sess_00014022,,2026-06-26 18:17:47,395,no_activity,mobile
sess_00014023,,2026-06-26 19:07:54,305,no_activity,mobile
sess_00014024,,2026-06-26 11:24:28,139,timeout,mobile
sess_00014025,,2026-06-26 03:42:24,9,no_activity,desktop
sess_00014026,,2026-06-26 14:56:06,267,no_activity,mobile
sess_00014027,cust_000769,2026-06-26 08:18:02,21,no_activity,desktop
sess_00014028,,2026-06-26 19:30:46,562,timeout,desktop
sess_00014029,,2026-06-26 06:34:07,336,no_activity,mobile
sess_00014030,cust_001277,2026-06-26 18:55:51,17,no_activity,desktop
sess_00014031,,2026-06-26 13:54:58,213,timeout,mobile
sess_00014032,,2026-06-26 13:37:14,796,no_activity,desktop
sess_00014033,cust_001003,2026-06-26 21:27:05,277,no_activity,desktop
sess_00014034,,2026-06-26 16:47:43,58,no_activity,desktop
sess_00014035,cust_002622,2026-06-26 15:32:47,3,no_activity,desktop
sess_00014036,,2026-06-26 11:21:51,1,no_activity,desktop
sess_00014037,cust_000667,2026-06-26 14:29:48,160,no_activity,mobile
sess_00014038,cust_002019,2026-06-26 09:00:03,450,timeout,desktop
sess_00014039,,2026-06-26 16:20:43,594,no_activity,tablet
sess_00014040,cust_002014,2026-06-26 08:52:47,122,timeout,desktop
sess_00014041,,2026-06-26 14:40:08,280,no_activity,mobile
sess_00014042,cust_000861,2026-06-26 21:38:58,216,no_activity,desktop
sess_00014043,cust_001628,2026-06-26 18:49:09,8,no_activity,mobile
sess_00014044,cust_000832,2026-06-26 08:26:40,1012,no_activity,mobile
sess_00014045,cust_002257,2026-06-26 12:20:03,636,no_activity,mobile
sess_00014046,cust_000356,2026-06-26 19:27:49,106,no_activity,desktop
sess_00014047,cust_002782,2026-06-26 23:40:08,1307,no_activity,desktop
sess_00014048,cust_001858,2026-06-26 15:40:01,327,no_activity,desktop
sess_00014049,cust_001020,2026-06-26 11:33:50,224,no_activity,mobile
sess_00014050,cust_002606,2026-06-26 17:54:57,78,no_activity,mobile
sess_00014051,cust_000696,2026-06-26 09:30:24,302,no_activity,mobile
sess_00014052,cust_001800,2026-06-26 08:39:57,119,no_activity,mobile
sess_00014053,cust_002146,2026-06-26 12:21:36,4,no_activity,mobile
sess_00014054,cust_002357,2026-06-26 21:29:22,137,no_activity,desktop
sess_00014055,,2026-06-26 22:17:43,2265,no_activity,mobile
sess_00014056,cust_002352,2026-06-26 10:14:41,1887,no_activity,tablet
sess_00014057,,2026-06-26 07:15:19,1465,no_activity,mobile
sess_00014058,,2026-06-26 19:43:03,1161,timeout,desktop
sess_00014059,cust_001949,2026-06-26 19:08:00,39,no_activity,desktop
sess_00014060,,2026-06-26 19:40:40,280,no_activity,tablet
sess_00014061,cust_002373,2026-06-26 17:10:44,244,no_activity,mobile
sess_00014062,cust_001406,2026-06-26 17:23:09,257,no_activity,desktop
sess_00014063,,2026-06-26 10:32:56,27,no_activity,mobile
sess_00014064,,2026-06-26 03:44:33,354,no_activity,mobile
sess_00014065,,2026-06-26 12:06:30,1405,no_activity,mobile
sess_00014066,,2026-06-26 16:28:59,805,no_activity,desktop
sess_00014067,,2026-06-26 19:17:00,191,no_activity,tablet
sess_00014068,cust_000618,2026-06-26 17:29:42,327,no_activity,mobile
sess_00014069,cust_001886,2026-06-26 07:30:40,195,no_activity,desktop
sess_00014070,cust_002776,2026-06-26 19:25:07,1174,no_activity,desktop
sess_00014071,cust_001651,2026-06-26 21:45:06,698,no_activity,desktop
sess_00014072,cust_002626,2026-06-26 18:49:17,298,logout,mobile
sess_00014073,cust_002832,2026-06-26 16:10:31,221,no_activity,desktop
sess_00014074,,2026-06-26 12:10:18,856,timeout,desktop
sess_00014075,,2026-06-26 09:03:40,199,no_activity,tablet
sess_00014076,cust_003000,2026-06-26 19:10:15,1223,no_activity,desktop
sess_00014077,,2026-06-26 17:19:50,1789,no_activity,tablet
sess_00014078,cust_002000,2026-06-26 18:00:29,223,no_activity,desktop
sess_00014079,,2026-06-26 11:07:44,1657,no_activity,desktop
sess_00014080,,2026-06-26 12:42:56,27,no_activity,desktop
sess_00014081,,2026-06-26 14:26:38,19,no_activity,tablet
sess_00014082,,2026-06-26 11:14:21,469,no_activity,desktop
sess_00014083,cust_001499,2026-06-26 19:41:43,516,no_activity,mobile
sess_00014084,cust_000864,2026-06-26 11:39:04,852,no_activity,desktop
sess_00014085,,2026-06-26 06:59:07,651,no_activity,mobile
sess_00014086,,2026-06-26 04:07:48,721,no_activity,mobile
sess_00014087,,2026-06-26 18:03:51,326,no_activity,mobile
sess_00014088,,2026-06-26 18:22:58,100,no_activity,desktop
sess_00014089,,2026-06-26 10:31:37,2,no_activity,mobile
sess_00014090,,2026-06-26 20:16:49,119,no_activity,mobile
sess_00014091,cust_001001,2026-06-26 22:23:11,1473,no_activity,mobile
sess_00014092,cust_001772,2026-06-26 11:33:58,255,no_activity,desktop
sess_00014093,,2026-06-26 07:57:19,1187,no_activity,desktop
sess_00014094,,2026-06-26 18:31:44,4,no_activity,desktop
sess_00014095,,2026-06-26 19:19:43,1130,no_activity,desktop
sess_00014096,cust_002889,2026-06-26 13:08:29,66,no_activity,mobile
sess_00014097,,2026-06-26 15:09:24,72,no_activity,mobile
sess_00014098,cust_002424,2026-06-26 11:35:39,193,no_activity,mobile
sess_00014099,cust_001351,2026-06-26 14:45:47,767,no_activity,mobile
sess_00014100,cust_001871,2026-06-26 09:05:51,18,no_activity,desktop
sess_00014101,cust_000535,2026-06-26 17:34:03,368,no_activity,desktop
sess_00014102,,2026-06-26 22:16:09,8,no_activity,desktop
sess_00014103,cust_001408,2026-06-26 20:32:24,407,no_activity,desktop
sess_00014104,,2026-06-27 12:08:05,39,no_activity,desktop
sess_00014105,,2026-06-27 16:42:13,226,no_activity,desktop
sess_00014106,,2026-06-27 19:00:56,4002,no_activity,mobile
sess_00014107,,2026-06-27 19:30:35,684,timeout,desktop
sess_00014108,cust_002328,2026-06-27 13:58:46,210,no_activity,mobile
sess_00014109,,2026-06-27 08:38:51,1286,no_activity,mobile
sess_00014110,cust_000681,2026-06-27 09:43:17,254,no_activity,mobile
sess_00014111,,2026-06-27 19:02:50,119,no_activity,tablet
sess_00014112,cust_000580,2026-06-27 15:24:04,175,logout,tablet
sess_00014113,cust_000224,2026-06-27 20:09:06,621,no_activity,mobile
sess_00014114,,2026-06-27 14:07:10,529,logout,mobile
sess_00014115,cust_000849,2026-06-27 16:51:31,682,no_activity,desktop
sess_00014116,,2026-06-27 19:37:54,601,timeout,desktop
sess_00014117,,2026-06-27 09:36:04,299,no_activity,desktop
sess_00014118,,2026-06-27 13:35:53,449,no_activity,mobile
sess_00014119,cust_002995,2026-06-27 12:06:20,1140,no_activity,mobile
sess_00014120,,2026-06-27 13:03:30,738,no_activity,desktop
sess_00014121,,2026-06-27 21:57:04,63,no_activity,mobile
sess_00014122,,2026-06-27 14:17:04,228,timeout,desktop
sess_00014123,,2026-06-27 06:03:36,156,no_activity,desktop
sess_00014124,,2026-06-27 17:01:10,1759,no_activity,desktop
sess_00014125,cust_002054,2026-06-27 16:05:51,141,no_activity,mobile
sess_00014126,,2026-06-27 17:04:51,271,no_activity,tablet
sess_00014127,,2026-06-27 18:40:18,1251,no_activity,mobile
sess_00014128,cust_002483,2026-06-27 06:48:41,530,no_activity,mobile
sess_00014129,,2026-06-27 14:25:23,3027,no_activity,desktop
sess_00014130,cust_002904,2026-06-27 18:10:46,527,no_activity,tablet
sess_00014131,,2026-06-27 20:29:36,384,no_activity,desktop
sess_00014132,,2026-06-27 20:16:39,955,no_activity,desktop
sess_00014133,,2026-06-27 11:21:33,784,no_activity,mobile
sess_00014134,,2026-06-27 01:49:21,52,no_activity,desktop
sess_00014135,,2026-06-27 19:21:48,175,no_activity,desktop
sess_00014136,,2026-06-27 11:40:34,27,no_activity,desktop
sess_00014137,cust_001356,2026-06-27 19:44:39,174,no_activity,mobile
sess_00014138,cust_000562,2026-06-27 10:42:41,823,timeout,mobile
sess_00014139,,2026-06-27 20:37:22,206,no_activity,desktop
sess_00014140,,2026-06-27 19:33:59,958,no_activity,desktop
sess_00014141,,2026-06-27 10:37:54,315,no_activity,desktop
sess_00014142,,2026-06-27 10:53:54,266,timeout,desktop
sess_00014143,,2026-06-27 16:58:52,22,no_activity,desktop
sess_00014144,,2026-06-27 12:10:39,259,no_activity,desktop
sess_00014145,,2026-06-27 20:04:53,856,no_activity,desktop
sess_00014146,cust_000495,2026-06-27 08:28:03,189,no_activity,desktop
sess_00014147,,2026-06-27 21:54:54,320,logout,desktop
sess_00014148,,2026-06-27 09:03:59,126,no_activity,desktop
sess_00014149,,2026-06-27 17:56:32,6,no_activity,desktop
sess_00014150,,2026-06-27 11:34:10,786,no_activity,mobile
sess_00014151,cust_002750,2026-06-27 07:00:05,218,timeout,tablet
sess_00014152,cust_000130,2026-06-27 19:46:51,7,no_activity,desktop
sess_00014153,,2026-06-27 13:30:42,351,no_activity,mobile
sess_00014154,cust_002796,2026-06-27 16:41:14,27,no_activity,mobile
sess_00014155,,2026-06-27 13:03:17,116,no_activity,desktop
sess_00014156,cust_000319,2026-06-27 19:33:09,21,no_activity,mobile
sess_00014157,,2026-06-27 12:52:27,226,timeout,desktop
sess_00014158,,2026-06-27 12:10:30,947,no_activity,desktop
sess_00014159,,2026-06-27 12:00:43,17,no_activity,desktop
sess_00014160,cust_001330,2026-06-27 10:31:26,432,no_activity,mobile
sess_00014161,,2026-06-27 17:53:42,73,no_activity,desktop
sess_00014162,,2026-06-27 09:43:58,1326,no_activity,desktop
sess_00014163,,2026-06-27 01:11:58,1114,no_activity,desktop
sess_00014164,,2026-06-27 10:28:41,7,no_activity,desktop
sess_00014165,,2026-06-27 09:47:36,571,no_activity,desktop
sess_00014166,cust_002536,2026-06-27 13:14:34,24,no_activity,desktop
sess_00014167,cust_001938,2026-06-27 22:37:07,12,no_activity,desktop
sess_00014168,cust_002076,2026-06-27 10:27:16,204,no_activity,desktop
sess_00014169,,2026-06-27 15:04:34,3317,no_activity,desktop
sess_00014170,cust_000330,2026-06-27 15:18:39,1647,no_activity,desktop
sess_00014171,cust_001746,2026-06-27 11:47:13,1274,no_activity,mobile
sess_00014172,,2026-06-27 18:20:40,378,no_activity,desktop
sess_00014173,,2026-06-27 16:13:57,275,logout,mobile
sess_00014174,,2026-06-27 12:14:55,363,no_activity,desktop
sess_00014175,cust_001628,2026-06-27 20:00:28,4156,logout,mobile
sess_00014176,,2026-06-27 17:15:37,423,no_activity,mobile
sess_00014177,cust_000987,2026-06-27 10:34:29,341,no_activity,desktop
sess_00014178,,2026-06-27 17:46:41,266,no_activity,mobile
sess_00014179,cust_002316,2026-06-27 17:41:28,3504,logout,tablet
sess_00014180,cust_002355,2026-06-27 23:46:22,27,no_activity,desktop
sess_00014181,cust_001472,2026-06-27 09:52:48,57,no_activity,desktop
sess_00014182,cust_001891,2026-06-27 10:44:44,55,no_activity,mobile
sess_00014183,cust_001343,2026-06-27 15:56:30,169,no_activity,desktop
sess_00014184,cust_002962,2026-06-27 10:30:48,1052,no_activity,tablet
sess_00014185,cust_002177,2026-06-27 20:51:59,4,no_activity,mobile
sess_00014186,,2026-06-27 04:06:14,753,timeout,mobile
sess_00014187,cust_001797,2026-06-27 07:49:04,1442,no_activity,desktop
sess_00014188,cust_002764,2026-06-27 08:17:40,2439,timeout,mobile
sess_00014189,,2026-06-27 10:43:24,16,no_activity,mobile
sess_00014190,,2026-06-27 14:46:52,192,no_activity,mobile
sess_00014191,,2026-06-27 10:52:16,291,no_activity,mobile
sess_00014192,cust_000305,2026-06-27 10:05:54,1014,timeout,desktop
sess_00014193,,2026-06-27 06:45:14,95,logout,desktop
sess_00014194,,2026-06-27 19:05:09,352,timeout,mobile
sess_00014195,cust_001367,2026-06-27 08:37:23,1391,no_activity,desktop
sess_00014196,,2026-06-27 13:17:36,1356,timeout,mobile
sess_00014197,,2026-06-27 07:14:35,28,no_activity,desktop
sess_00014198,,2026-06-27 06:01:08,243,no_activity,tablet
sess_00014199,,2026-06-27 12:43:39,75,no_activity,mobile
sess_00014200,cust_001135,2026-06-28 08:49:55,112,timeout,desktop
sess_00014201,cust_001603,2026-06-28 12:45:22,798,no_activity,desktop
sess_00014202,cust_002036,2026-06-28 16:41:28,7,no_activity,mobile
sess_00014203,,2026-06-28 06:14:32,175,no_activity,tablet
sess_00014204,cust_000335,2026-06-28 20:40:28,145,no_activity,desktop
sess_00014205,,2026-06-28 15:01:48,248,no_activity,desktop
sess_00014206,cust_001646,2026-06-28 09:05:51,938,no_activity,desktop
sess_00014207,,2026-06-28 15:14:48,724,timeout,desktop
sess_00014208,cust_000433,2026-06-28 14:27:49,67,timeout,desktop
sess_00014209,cust_001609,2026-06-28 03:35:22,230,logout,mobile
sess_00014210,,2026-06-28 11:13:44,185,no_activity,mobile
sess_00014211,,2026-06-28 10:30:51,15,no_activity,desktop
sess_00014212,,2026-06-28 12:02:37,196,no_activity,desktop
sess_00014213,cust_000781,2026-06-28 08:55:17,371,no_activity,mobile
sess_00014214,cust_000597,2026-06-28 19:17:09,132,timeout,mobile
sess_00014215,,2026-06-28 18:51:22,19,no_activity,desktop
sess_00014216,,2026-06-28 09:45:21,178,logout,desktop
sess_00014217,cust_002162,2026-06-28 11:09:23,189,no_activity,desktop
sess_00014218,cust_001510,2026-06-28 09:25:25,339,no_activity,desktop
sess_00014219,,2026-06-28 12:39:40,275,no_activity,desktop
sess_00014220,cust_000398,2026-06-28 18:17:59,18,no_activity,desktop
sess_00014221,cust_002865,2026-06-28 13:19:24,326,no_activity,mobile
sess_00014222,,2026-06-28 13:47:10,1282,no_activity,desktop
sess_00014223,,2026-06-28 14:40:18,1098,no_activity,desktop
sess_00014224,,2026-06-28 16:25:38,319,no_activity,desktop
sess_00014225,cust_002778,2026-06-28 19:21:58,1137,no_activity,desktop
sess_00014226,,2026-06-28 13:09:58,612,no_activity,desktop
sess_00014227,,2026-06-28 17:12:31,3065,no_activity,desktop
sess_00014228,cust_000714,2026-06-28 09:29:36,875,no_activity,desktop
sess_00014229,,2026-06-28 11:38:08,293,no_activity,desktop
sess_00014230,cust_002653,2026-06-28 06:02:09,174,logout,tablet
sess_00014231,cust_000093,2026-06-28 15:29:35,484,no_activity,mobile
sess_00014232,,2026-06-28 13:30:57,601,no_activity,desktop
sess_00014233,,2026-06-28 08:05:19,111,no_activity,mobile
sess_00014234,,2026-06-28 17:55:51,386,no_activity,desktop
sess_00014235,,2026-06-28 08:08:59,478,timeout,mobile
sess_00014236,,2026-06-28 07:26:14,83,no_activity,mobile
sess_00014237,,2026-06-28 18:48:04,106,no_activity,desktop
sess_00014238,cust_002361,2026-06-28 11:12:47,1649,logout,desktop
sess_00014239,,2026-06-28 11:16:31,219,no_activity,desktop
sess_00014240,cust_000903,2026-06-28 19:16:59,679,no_activity,desktop
sess_00014241,,2026-06-28 11:11:36,196,no_activity,mobile
sess_00014242,,2026-06-28 08:49:44,1524,no_activity,desktop
sess_00014243,cust_002635,2026-06-28 23:39:34,289,no_activity,mobile
sess_00014244,cust_001077,2026-06-28 18:52:00,216,no_activity,desktop
sess_00014245,,2026-06-28 19:31:19,90,timeout,mobile
sess_00014246,,2026-06-28 14:57:38,107,no_activity,desktop
sess_00014247,cust_001257,2026-06-28 18:44:05,11,no_activity,mobile
sess_00014248,,2026-06-28 05:47:31,186,no_activity,mobile
sess_00014249,cust_002251,2026-06-28 19:04:03,26,no_activity,desktop
sess_00014250,,2026-06-28 14:33:42,376,no_activity,desktop
sess_00014251,,2026-06-28 12:02:55,91,no_activity,tablet
sess_00014252,cust_000271,2026-06-28 14:17:53,112,no_activity,tablet
sess_00014253,cust_000689,2026-06-28 08:19:10,13,no_activity,desktop
sess_00014254,cust_001393,2026-06-28 10:58:37,172,no_activity,mobile
sess_00014255,cust_001915,2026-06-28 09:02:34,224,no_activity,desktop
sess_00014256,,2026-06-28 18:17:15,1,no_activity,mobile
sess_00014257,cust_000334,2026-06-28 08:41:58,305,logout,tablet
sess_00014258,cust_000969,2026-06-28 11:31:08,298,no_activity,desktop
sess_00014259,,2026-06-28 16:57:21,1518,no_activity,tablet
sess_00014260,cust_000863,2026-06-28 20:50:56,22,no_activity,mobile
sess_00014261,,2026-06-28 20:59:49,498,no_activity,desktop
sess_00014262,,2026-06-28 19:19:32,15,no_activity,desktop
sess_00014263,,2026-06-28 16:28:35,477,no_activity,mobile
sess_00014264,cust_001798,2026-06-28 21:08:46,326,no_activity,desktop
sess_00014265,cust_000151,2026-06-28 11:29:05,385,no_activity,desktop
sess_00014266,cust_001599,2026-06-28 11:50:16,158,no_activity,mobile
sess_00014267,,2026-06-28 10:19:10,735,timeout,mobile
sess_00014268,,2026-06-28 14:03:13,41,no_activity,mobile
sess_00014269,,2026-06-28 14:54:54,2,no_activity,mobile
sess_00014270,cust_001788,2026-06-28 14:26:01,722,no_activity,mobile
sess_00014271,,2026-06-28 09:30:51,5,no_activity,desktop
sess_00014272,,2026-06-28 18:48:54,128,no_activity,desktop
sess_00014273,cust_001927,2026-06-28 20:42:26,2,no_activity,desktop
sess_00014274,cust_000349,2026-06-28 16:47:05,925,no_activity,desktop
sess_00014275,,2026-06-28 08:59:11,900,no_activity,mobile
sess_00014276,cust_001214,2026-06-28 19:50:39,111,no_activity,desktop
sess_00014277,cust_001549,2026-06-28 15:14:14,1399,no_activity,desktop
sess_00014278,cust_000570,2026-06-28 20:33:20,303,no_activity,desktop
sess_00014279,,2026-06-28 08:58:24,193,no_activity,mobile
sess_00014280,,2026-06-28 20:02:25,1722,no_activity,desktop
sess_00014281,cust_001519,2026-06-28 18:14:29,980,no_activity,desktop
sess_00014282,cust_001601,2026-06-28 11:23:03,1018,no_activity,tablet
sess_00014283,cust_002320,2026-06-28 18:12:32,26,no_activity,mobile
sess_00014284,,2026-06-28 13:00:58,89,no_activity,mobile
sess_00014285,,2026-06-28 08:48:36,103,no_activity,mobile
sess_00014286,cust_000428,2026-06-28 15:14:08,277,no_activity,mobile
sess_00014287,,2026-06-28 08:30:48,71,no_activity,desktop
sess_00014288,,2026-06-28 11:52:00,306,no_activity,mobile
sess_00014289,,2026-06-28 11:24:09,297,no_activity,desktop
sess_00014290,,2026-06-28 09:36:42,795,no_activity,desktop
sess_00014291,cust_000842,2026-06-28 02:52:39,597,no_activity,desktop
sess_00014292,cust_001730,2026-06-28 21:36:58,219,no_activity,desktop
sess_00014293,,2026-06-28 22:41:56,349,no_activity,desktop
sess_00014294,,2026-06-28 18:53:45,528,no_activity,desktop
sess_00014295,,2026-06-28 12:46:35,118,timeout,mobile
sess_00014296,cust_002545,2026-06-28 11:02:15,349,no_activity,desktop
sess_00014297,,2026-06-28 18:31:22,408,no_activity,mobile
sess_00014298,cust_000461,2026-06-29 16:21:02,145,no_activity,desktop
sess_00014299,cust_001567,2026-06-29 20:55:14,396,no_activity,desktop
sess_00014300,,2026-06-29 12:19:26,7,no_activity,mobile
sess_00014301,,2026-06-29 11:48:16,1607,timeout,tablet
sess_00014302,cust_001157,2026-06-29 17:48:01,790,logout,desktop
sess_00014303,,2026-06-29 05:24:17,17,no_activity,mobile
sess_00014304,cust_000391,2026-06-29 20:35:18,771,no_activity,desktop
sess_00014305,,2026-06-29 00:07:02,364,timeout,mobile
sess_00014306,,2026-06-29 18:22:12,1065,no_activity,desktop
sess_00014307,,2026-06-29 14:48:49,525,logout,desktop
sess_00014308,cust_002441,2026-06-29 11:57:33,3046,no_activity,mobile
sess_00014309,cust_002478,2026-06-29 15:51:37,307,no_activity,tablet
sess_00014310,,2026-06-29 05:32:03,999,timeout,desktop
sess_00014311,cust_002050,2026-06-29 10:07:15,343,no_activity,desktop
sess_00014312,,2026-06-29 16:24:41,469,no_activity,mobile
sess_00014313,,2026-06-29 17:30:03,345,no_activity,mobile
sess_00014314,,2026-06-29 12:35:03,1237,no_activity,mobile
sess_00014315,,2026-06-29 19:04:11,399,no_activity,desktop
sess_00014316,cust_000740,2026-06-29 08:54:56,1188,no_activity,desktop
sess_00014317,cust_000417,2026-06-29 06:14:45,385,no_activity,desktop
sess_00014318,,2026-06-29 09:14:18,183,no_activity,mobile
sess_00014319,,2026-06-29 22:19:56,25,no_activity,mobile
sess_00014320,cust_001030,2026-06-29 18:38:01,703,no_activity,desktop
sess_00014321,,2026-06-29 16:39:11,126,no_activity,mobile
sess_00014322,cust_001447,2026-06-29 08:06:23,571,no_activity,desktop
sess_00014323,,2026-06-29 12:46:06,243,no_activity,desktop
sess_00014324,cust_000367,2026-06-29 11:03:33,125,no_activity,mobile
sess_00014325,,2026-06-29 21:03:41,48,no_activity,desktop
sess_00014326,cust_000539,2026-06-29 19:30:31,414,logout,tablet
sess_00014327,cust_002250,2026-06-29 20:24:06,361,no_activity,mobile
sess_00014328,,2026-06-29 10:31:54,729,no_activity,desktop
sess_00014329,,2026-06-29 20:32:36,93,timeout,desktop
sess_00014330,,2026-06-29 20:13:35,65,logout,desktop
sess_00014331,cust_001825,2026-06-29 19:52:54,21,no_activity,desktop
sess_00014332,,2026-06-29 16:26:01,15,no_activity,desktop
sess_00014333,,2026-06-29 10:18:01,315,no_activity,desktop
sess_00014334,cust_000196,2026-06-29 15:59:30,409,no_activity,desktop
sess_00014335,,2026-06-29 16:06:01,1027,no_activity,desktop
sess_00014336,,2026-06-29 20:09:48,355,no_activity,mobile
sess_00014337,cust_001192,2026-06-29 05:33:46,400,no_activity,desktop
sess_00014338,,2026-06-29 21:06:09,31,logout,mobile
sess_00014339,,2026-06-29 08:29:23,2,no_activity,mobile
sess_00014340,cust_002348,2026-06-29 16:33:52,4,no_activity,desktop
sess_00014341,,2026-06-29 06:15:37,294,timeout,desktop
sess_00014342,cust_002650,2026-06-29 13:56:49,143,no_activity,desktop
sess_00014343,cust_001490,2026-06-29 13:42:56,30,no_activity,mobile
sess_00014344,cust_002243,2026-06-29 12:46:30,80,no_activity,desktop
sess_00014345,,2026-06-29 17:57:00,624,no_activity,mobile
sess_00014346,cust_000049,2026-06-29 12:35:32,1061,no_activity,desktop
sess_00014347,,2026-06-29 09:20:01,482,no_activity,desktop
sess_00014348,,2026-06-29 08:14:48,512,no_activity,desktop
sess_00014349,cust_002439,2026-06-29 09:31:59,650,logout,desktop
sess_00014350,cust_000733,2026-06-29 14:09:59,139,no_activity,desktop
sess_00014351,cust_000792,2026-06-29 13:12:41,345,no_activity,desktop
sess_00014352,,2026-06-29 20:10:55,176,timeout,desktop
sess_00014353,,2026-06-29 13:50:02,601,no_activity,desktop
sess_00014354,cust_000547,2026-06-29 06:41:12,537,no_activity,desktop
sess_00014355,cust_001276,2026-06-29 11:03:30,324,no_activity,desktop
sess_00014356,,2026-06-29 19:56:34,223,no_activity,mobile
sess_00014357,cust_001661,2026-06-29 19:39:51,883,no_activity,mobile
sess_00014358,,2026-06-29 17:49:06,25,no_activity,mobile
sess_00014359,,2026-06-29 21:57:29,7,no_activity,desktop
sess_00014360,cust_002716,2026-06-29 15:26:11,416,no_activity,desktop
sess_00014361,,2026-06-29 13:32:42,1068,timeout,mobile
sess_00014362,cust_001294,2026-06-29 08:35:41,1188,no_activity,mobile
sess_00014363,,2026-06-29 08:49:25,514,no_activity,mobile
sess_00014364,cust_002844,2026-06-29 19:50:45,629,logout,desktop
sess_00014365,,2026-06-29 16:21:58,59,no_activity,desktop
sess_00014366,cust_000334,2026-06-29 16:53:42,176,no_activity,desktop
sess_00014367,cust_001422,2026-06-29 09:58:57,192,no_activity,desktop
sess_00014368,cust_000428,2026-06-29 19:31:37,834,no_activity,desktop
sess_00014369,,2026-06-29 18:13:31,240,no_activity,desktop
sess_00014370,cust_000003,2026-06-29 14:59:55,526,no_activity,desktop
sess_00014371,,2026-06-29 15:18:02,5633,no_activity,mobile
sess_00014372,cust_002520,2026-06-29 21:42:13,91,no_activity,desktop
sess_00014373,cust_001991,2026-06-29 13:47:23,729,no_activity,mobile
sess_00014374,,2026-06-29 11:51:05,88,timeout,mobile
sess_00014375,,2026-06-29 13:00:54,372,no_activity,desktop
sess_00014376,cust_001346,2026-06-29 13:17:57,63,no_activity,tablet
sess_00014377,,2026-06-29 17:33:28,29,no_activity,mobile
sess_00014378,,2026-06-29 15:44:08,206,no_activity,desktop
sess_00014379,cust_000983,2026-06-29 20:57:34,1306,no_activity,mobile
sess_00014380,,2026-06-29 07:54:23,1526,no_activity,desktop
sess_00014381,,2026-06-29 15:14:04,290,no_activity,desktop
sess_00014382,cust_002051,2026-06-29 07:54:05,427,no_activity,mobile
sess_00014383,cust_001247,2026-06-29 07:43:11,84,logout,desktop
sess_00014384,,2026-06-29 17:11:49,274,no_activity,desktop
sess_00014385,cust_001719,2026-06-29 14:30:46,45,timeout,mobile
sess_00014386,,2026-06-29 05:56:14,283,no_activity,desktop
sess_00014387,cust_000188,2026-06-29 05:22:42,465,timeout,desktop
sess_00014388,cust_001405,2026-06-29 07:09:08,205,no_activity,mobile
sess_00014389,cust_002033,2026-06-29 08:00:30,21,no_activity,mobile
sess_00014390,cust_002311,2026-06-29 20:55:09,146,logout,desktop
sess_00014391,,2026-06-29 21:33:04,573,no_activity,desktop
sess_00014392,cust_001640,2026-06-29 15:01:10,462,no_activity,mobile
sess_00014393,,2026-06-29 18:15:24,258,no_activity,mobile
sess_00014394,cust_000664,2026-06-29 17:36:08,23,no_activity,desktop
