transaction_id,customer_id,transaction_type,status,amount,created_at
txn_0000001,cust_000001,deposit,successful,63.86,2026-06-29 12:36:23
txn_0000002,cust_000001,deposit,successful,64.76,2026-06-22 08:14:58
txn_0000003,cust_000001,deposit,failed,79.04,2026-06-27 06:40:20
txn_0000004,cust_000001,deposit,successful,41.16,2026-05-16 05:33:02
txn_0000005,cust_000002,deposit,cancelled,57.49,2026-06-25 02:38:06
txn_0000006,cust_000004,withdrawal,successful,72.7,2026-05-26 16:48:07
txn_0000007,cust_000005,withdrawal,successful,40.72,2026-06-21 07:28:16
txn_0000008,cust_000005,deposit,successful,74.21,2026-03-10 08:40:14
txn_0000009,cust_000006,withdrawal,successful,74.88,2026-05-10 17:30:22
txn_0000010,cust_000006,withdrawal,successful,30.74,2026-06-20 12:35:50
txn_0000011,cust_000007,withdrawal,pending,344.26,2026-05-23 01:18:36
txn_0000012,cust_000007,deposit,successful,413.8,2026-05-28 10:11:45
txn_0000013,cust_000007,deposit,successful,100.12,2026-04-24 12:18:36
txn_0000014,cust_000007,deposit,successful,385.08,2026-05-04 06:26:10
txn_0000015,cust_000007,deposit,successful,479.33,2026-05-16 10:12:37
txn_0000016,cust_000007,deposit,successful,315.53,2026-04-22 00:12:08
txn_0000017,cust_000007,deposit,successful,193.84,2026-05-27 03:17:20
txn_0000018,cust_000007,deposit,successful,283.89,2026-04-28 06:19:02
txn_0000019,cust_000007,withdrawal,successful,54.13,2026-05-24 09:08:40
txn_0000020,cust_000007,deposit,successful,426.75,2026-05-14 19:38:56
txn_0000021,cust_000007,deposit,successful,177.53,2026-06-13 09:30:57
txn_0000022,cust_000007,deposit,successful,65.45,2026-06-23 06:01:53
txn_0000023,cust_000007,withdrawal,successful,105.56,2026-06-21 20:33:15
txn_0000024,cust_000007,deposit,successful,333.98,2026-06-01 10:28:46
txn_0000025,cust_000008,deposit,successful,78.59,2026-03-07 10:05:11
txn_0000026,cust_000008,withdrawal,successful,68.61,2026-04-05 21:31:41
txn_0000027,cust_000008,withdrawal,successful,74.24,2026-03-06 04:58:36
txn_0000028,cust_000009,deposit,successful,78.83,2026-06-13 06:14:21
txn_0000029,cust_000009,deposit,successful,46.1,2026-06-06 12:33:46
txn_0000030,cust_000009,deposit,successful,61.83,2026-06-14 10:54:13
txn_0000031,cust_000010,deposit,successful,57.23,2026-04-18 19:54:43
txn_0000032,cust_000010,deposit,successful,12.3,2026-05-10 11:06:45
txn_0000033,cust_000012,deposit,successful,54.1,2026-06-07 20:15:21
txn_0000034,cust_000012,deposit,successful,26.83,2026-06-12 16:20:28
txn_0000035,cust_000013,deposit,successful,380.89,2026-06-10 17:58:38
txn_0000036,cust_000013,withdrawal,successful,95.88,2026-06-19 23:21:32
txn_0000037,cust_000013,deposit,successful,477.68,2026-06-15 03:21:34
txn_0000038,cust_000013,deposit,successful,75.35,2026-06-28 11:25:32
txn_0000039,cust_000013,withdrawal,successful,73.61,2026-06-28 22:32:21
txn_0000040,cust_000013,deposit,successful,245.22,2026-06-20 09:40:34
txn_0000041,cust_000013,deposit,successful,65.3,2026-06-11 22:43:24
txn_0000042,cust_000013,deposit,successful,318.27,2026-06-22 16:46:47
txn_0000043,cust_000013,withdrawal,successful,361.31,2026-06-24 19:57:54
txn_0000044,cust_000013,withdrawal,successful,258.65,2026-06-24 21:03:39
txn_0000045,cust_000013,deposit,successful,343.94,2026-06-21 08:21:39
txn_0000046,cust_000013,deposit,failed,104.92,2026-06-08 00:08:22
txn_0000047,cust_000013,deposit,successful,60.36,2026-06-11 11:02:02
txn_0000048,cust_000013,deposit,successful,362.18,2026-06-12 15:27:22
txn_0000049,cust_000014,deposit,successful,80.0,2026-04-29 00:29:44
txn_0000050,cust_000014,deposit,failed,12.46,2026-02-18 07:38:38
txn_0000051,cust_000014,deposit,successful,45.31,2026-06-28 10:00:58
txn_0000052,cust_000015,withdrawal,successful,66.31,2026-06-10 23:42:50
txn_0000053,cust_000015,deposit,successful,43.92,2026-04-24 04:58:17
txn_0000054,cust_000015,withdrawal,pending,14.31,2026-06-20 06:34:21
txn_0000055,cust_000017,deposit,successful,49.93,2026-06-27 20:18:24
txn_0000056,cust_000018,deposit,successful,105.37,2026-06-15 06:10:53
txn_0000057,cust_000018,deposit,successful,89.52,2026-06-07 19:49:24
txn_0000058,cust_000018,deposit,successful,490.97,2026-06-04 02:34:41
txn_0000059,cust_000018,withdrawal,successful,127.22,2026-06-26 10:18:12
txn_0000060,cust_000018,withdrawal,successful,185.27,2026-06-12 01:20:01
txn_0000061,cust_000018,deposit,successful,346.62,2026-06-14 05:49:55
txn_0000062,cust_000018,withdrawal,successful,285.2,2026-06-15 04:35:48
txn_0000063,cust_000018,deposit,successful,279.77,2026-06-26 03:03:34
txn_0000064,cust_000018,deposit,successful,156.7,2026-06-02 04:07:14
txn_0000065,cust_000018,deposit,successful,480.84,2026-06-10 10:44:28
txn_0000066,cust_000018,deposit,successful,174.83,2026-06-17 10:20:28
txn_0000067,cust_000018,deposit,failed,164.74,2026-06-26 16:37:12
txn_0000068,cust_000018,withdrawal,successful,255.23,2026-06-19 10:06:10
txn_0000069,cust_000018,deposit,successful,291.16,2026-06-06 22:53:28
txn_0000070,cust_000018,deposit,successful,371.5,2026-06-09 08:25:37
txn_0000071,cust_000019,withdrawal,successful,17.3,2026-06-12 11:14:47
txn_0000072,cust_000019,withdrawal,successful,33.42,2026-05-10 04:50:56
txn_0000073,cust_000019,deposit,successful,14.35,2026-04-08 10:52:29
txn_0000074,cust_000019,deposit,failed,29.7,2026-02-27 19:23:34
txn_0000075,cust_000020,withdrawal,successful,115.85,2026-04-25 12:43:32
txn_0000076,cust_000020,withdrawal,successful,219.72,2026-04-08 12:13:57
txn_0000077,cust_000020,deposit,successful,402.23,2026-04-09 04:40:26
txn_0000078,cust_000020,withdrawal,successful,187.95,2026-06-23 00:05:26
txn_0000079,cust_000020,deposit,successful,207.01,2026-05-20 08:33:59
txn_0000080,cust_000020,withdrawal,successful,323.36,2026-04-25 07:36:05
txn_0000081,cust_000020,deposit,successful,388.34,2026-06-29 21:31:43
txn_0000082,cust_000020,deposit,successful,485.6,2026-06-03 19:24:58
txn_0000083,cust_000020,deposit,successful,231.19,2026-06-20 11:46:53
txn_0000084,cust_000020,deposit,successful,281.1,2026-06-04 16:01:47
txn_0000085,cust_000020,deposit,failed,305.4,2026-05-05 18:40:10
txn_0000086,cust_000020,deposit,successful,488.52,2026-05-31 01:25:43
txn_0000087,cust_000020,deposit,successful,238.21,2026-05-28 02:22:50
txn_0000088,cust_000020,deposit,successful,409.31,2026-05-03 08:52:59
txn_0000089,cust_000020,deposit,failed,284.27,2026-05-10 12:45:53
txn_0000090,cust_000021,deposit,successful,52.67,2026-05-11 06:16:35
txn_0000091,cust_000022,deposit,successful,11.76,2026-06-27 00:46:57
txn_0000092,cust_000022,deposit,successful,17.38,2026-05-21 13:05:27
txn_0000093,cust_000023,deposit,refunded,65.63,2026-06-15 20:25:29
txn_0000094,cust_000023,deposit,successful,74.93,2026-06-17 09:18:56
txn_0000095,cust_000023,deposit,successful,57.34,2026-06-19 16:36:13
txn_0000096,cust_000023,deposit,successful,58.56,2026-04-29 16:59:15
txn_0000097,cust_000024,withdrawal,failed,76.32,2026-06-25 09:17:40
txn_0000098,cust_000025,deposit,successful,69.06,2026-06-29 22:10:48
txn_0000099,cust_000025,deposit,successful,456.71,2026-06-29 19:03:38
txn_0000100,cust_000025,withdrawal,successful,281.16,2026-06-29 04:51:14
txn_0000101,cust_000025,withdrawal,successful,126.72,2026-06-29 13:48:08
txn_0000102,cust_000025,withdrawal,successful,424.28,2026-06-29 09:05:37
txn_0000103,cust_000025,deposit,successful,184.63,2026-06-29 10:33:39
txn_0000104,cust_000025,deposit,successful,305.98,2026-06-29 22:58:49
txn_0000105,cust_000025,withdrawal,failed,281.99,2026-06-29 23:24:35
txn_0000106,cust_000025,deposit,successful,431.76,2026-06-29 22:29:29
txn_0000107,cust_000025,deposit,successful,197.85,2026-06-29 16:45:39
txn_0000108,cust_000025,deposit,successful,230.93,2026-06-29 06:46:40
txn_0000109,cust_000026,withdrawal,successful,44.68,2026-05-17 02:44:01
txn_0000110,cust_000027,deposit,successful,120.03,2026-01-12 08:12:18
txn_0000111,cust_000027,deposit,failed,218.44,2026-03-28 18:30:20
txn_0000112,cust_000027,deposit,successful,415.19,2026-04-25 03:55:58
txn_0000113,cust_000027,deposit,successful,247.71,2026-06-22 23:41:21
txn_0000114,cust_000027,withdrawal,successful,211.66,2026-01-12 03:04:39
txn_0000115,cust_000027,deposit,successful,178.2,2026-02-16 19:26:47
txn_0000116,cust_000027,deposit,successful,455.45,2026-03-16 07:34:00
txn_0000117,cust_000027,withdrawal,successful,481.86,2026-04-14 01:40:35
txn_0000118,cust_000027,withdrawal,successful,297.56,2026-04-15 23:13:16
txn_0000119,cust_000027,withdrawal,successful,387.99,2026-03-15 02:05:11
txn_0000120,cust_000028,deposit,successful,13.23,2026-03-28 12:27:02
txn_0000121,cust_000028,deposit,successful,30.81,2026-04-02 04:52:41
txn_0000122,cust_000028,deposit,pending,55.87,2026-03-13 02:31:23
txn_0000123,cust_000030,deposit,successful,180.26,2026-06-04 05:51:41
txn_0000124,cust_000030,deposit,successful,327.93,2026-04-20 02:35:09
txn_0000125,cust_000030,withdrawal,cancelled,395.03,2026-04-26 14:12:06
txn_0000126,cust_000030,deposit,successful,349.85,2026-04-20 00:45:17
txn_0000127,cust_000030,deposit,successful,365.52,2026-03-23 00:19:01
txn_0000128,cust_000030,deposit,successful,333.01,2026-06-25 19:10:26
txn_0000129,cust_000030,withdrawal,failed,67.26,2026-05-19 22:06:54
txn_0000130,cust_000030,deposit,successful,57.95,2026-05-24 18:42:57
txn_0000131,cust_000030,deposit,successful,233.28,2026-05-15 20:34:18
txn_0000132,cust_000031,deposit,successful,201.28,2026-06-23 16:35:48
txn_0000133,cust_000031,deposit,successful,73.24,2026-06-28 19:32:29
txn_0000134,cust_000031,deposit,failed,370.21,2026-06-25 06:14:35
txn_0000135,cust_000031,deposit,successful,68.4,2026-06-23 04:56:20
txn_0000136,cust_000031,deposit,successful,178.39,2026-06-23 13:44:34
txn_0000137,cust_000031,withdrawal,successful,133.18,2026-06-26 05:30:39
txn_0000138,cust_000032,deposit,successful,12.27,2026-03-14 15:45:39
txn_0000139,cust_000032,deposit,successful,29.84,2026-03-18 07:16:46
txn_0000140,cust_000033,deposit,successful,50.35,2026-06-05 08:20:16
txn_0000141,cust_000033,withdrawal,successful,33.8,2026-06-10 17:34:51
txn_0000142,cust_000033,deposit,pending,50.14,2026-06-26 02:21:14
txn_0000143,cust_000033,deposit,successful,66.31,2026-06-17 12:45:28
txn_0000144,cust_000036,deposit,cancelled,30.72,2026-05-10 04:47:50
txn_0000145,cust_000036,deposit,successful,45.02,2026-02-18 05:23:02
txn_0000146,cust_000036,deposit,successful,46.29,2026-04-01 05:00:42
txn_0000147,cust_000036,deposit,successful,68.46,2026-06-24 17:18:38
txn_0000148,cust_000037,deposit,successful,52.24,2026-04-29 02:04:43
txn_0000149,cust_000037,withdrawal,successful,36.43,2026-05-05 18:06:25
txn_0000150,cust_000039,withdrawal,successful,173.37,2026-05-29 04:07:45
txn_0000151,cust_000039,withdrawal,successful,77.36,2026-05-25 23:16:58
txn_0000152,cust_000039,deposit,successful,228.87,2026-06-19 02:00:02
txn_0000153,cust_000039,withdrawal,successful,124.48,2026-04-08 06:43:44
txn_0000154,cust_000039,deposit,successful,225.61,2026-06-15 16:04:07
txn_0000155,cust_000041,deposit,successful,21.34,2026-05-14 01:14:15
txn_0000156,cust_000042,deposit,successful,42.79,2026-05-20 10:30:31
txn_0000157,cust_000042,deposit,successful,27.23,2026-04-04 18:50:30
txn_0000158,cust_000042,deposit,successful,8.42,2026-04-05 11:35:12
txn_0000159,cust_000042,deposit,successful,75.65,2026-03-21 18:22:47
txn_0000160,cust_000044,deposit,successful,495.29,2026-06-02 02:06:55
txn_0000161,cust_000044,deposit,successful,206.36,2026-06-21 11:43:36
txn_0000162,cust_000044,withdrawal,successful,475.89,2026-05-25 00:59:19
txn_0000163,cust_000044,deposit,successful,233.75,2026-05-27 11:40:07
txn_0000164,cust_000044,deposit,successful,331.68,2026-05-23 18:43:00
txn_0000165,cust_000044,deposit,pending,484.35,2026-06-25 11:04:01
txn_0000166,cust_000044,withdrawal,failed,345.79,2026-06-16 02:06:11
txn_0000167,cust_000044,deposit,successful,97.9,2026-06-18 07:32:54
txn_0000168,cust_000044,deposit,successful,165.81,2026-06-21 17:45:39
txn_0000169,cust_000044,deposit,successful,417.58,2026-05-31 00:11:33
txn_0000170,cust_000044,withdrawal,successful,333.41,2026-06-18 05:41:14
txn_0000171,cust_000044,deposit,successful,154.28,2026-06-11 15:41:34
txn_0000172,cust_000044,deposit,successful,92.16,2026-06-13 06:05:00
txn_0000173,cust_000045,withdrawal,successful,47.72,2026-04-26 08:04:31
txn_0000174,cust_000046,withdrawal,successful,189.57,2026-01-25 02:05:15
txn_0000175,cust_000046,deposit,successful,323.52,2026-06-03 11:21:41
txn_0000176,cust_000046,deposit,successful,254.76,2026-03-09 14:57:56
txn_0000177,cust_000046,deposit,successful,287.05,2026-06-10 15:30:53
txn_0000178,cust_000046,deposit,successful,94.88,2026-05-18 03:33:05
txn_0000179,cust_000046,deposit,successful,393.55,2026-01-23 15:09:25
txn_0000180,cust_000046,deposit,failed,396.55,2026-03-10 05:21:43
txn_0000181,cust_000047,deposit,successful,64.43,2026-05-06 07:27:00
txn_0000182,cust_000047,deposit,successful,60.21,2026-06-26 15:48:50
txn_0000183,cust_000047,withdrawal,failed,15.44,2026-05-24 15:26:36
txn_0000184,cust_000047,deposit,successful,28.05,2026-05-20 20:09:14
txn_0000185,cust_000048,deposit,successful,52.06,2026-05-04 22:26:17
txn_0000186,cust_000048,deposit,failed,45.85,2026-04-02 23:09:14
txn_0000187,cust_000048,withdrawal,successful,15.64,2026-06-02 15:22:00
txn_0000188,cust_000048,deposit,successful,33.9,2026-06-04 22:35:43
txn_0000189,cust_000049,withdrawal,successful,41.89,2026-06-06 10:57:56
txn_0000190,cust_000049,deposit,successful,31.8,2026-06-14 16:20:14
txn_0000191,cust_000049,deposit,successful,72.17,2026-06-05 02:48:15
txn_0000192,cust_000050,deposit,successful,319.83,2026-05-29 12:14:35
txn_0000193,cust_000050,deposit,successful,331.14,2026-05-26 06:41:40
txn_0000194,cust_000050,deposit,failed,462.31,2026-05-23 07:41:35
txn_0000195,cust_000050,withdrawal,pending,404.99,2026-05-04 09:57:13
txn_0000196,cust_000050,deposit,successful,115.97,2026-06-29 16:15:03
txn_0000197,cust_000050,deposit,successful,416.59,2026-06-12 10:49:38
txn_0000198,cust_000050,deposit,successful,115.1,2026-05-24 00:53:47
txn_0000199,cust_000050,deposit,successful,208.67,2026-06-03 09:09:20
txn_0000200,cust_000050,deposit,successful,320.78,2026-06-06 04:33:36
txn_0000201,cust_000050,deposit,successful,464.72,2026-06-29 11:49:25
txn_0000202,cust_000050,deposit,successful,290.2,2026-06-18 07:22:19
txn_0000203,cust_000051,deposit,successful,311.43,2026-03-28 05:41:12
txn_0000204,cust_000051,deposit,successful,366.39,2026-04-23 14:10:13
txn_0000205,cust_000051,deposit,successful,213.08,2026-03-15 07:56:47
txn_0000206,cust_000051,deposit,successful,76.81,2026-04-02 09:21:56
txn_0000207,cust_000051,deposit,successful,182.61,2026-04-08 01:24:52
txn_0000208,cust_000051,withdrawal,successful,159.12,2026-06-01 18:21:39
txn_0000209,cust_000051,deposit,successful,102.76,2026-04-07 18:12:02
txn_0000210,cust_000051,deposit,successful,363.26,2026-03-17 02:47:07
txn_0000211,cust_000051,deposit,successful,348.24,2026-04-01 14:02:29
txn_0000212,cust_000052,deposit,successful,16.02,2026-03-06 20:40:32
txn_0000213,cust_000053,deposit,successful,423.98,2026-06-15 06:17:34
txn_0000214,cust_000053,deposit,successful,384.6,2026-06-05 14:37:52
txn_0000215,cust_000053,deposit,successful,261.58,2026-05-20 01:54:12
txn_0000216,cust_000055,withdrawal,successful,120.15,2026-04-24 19:16:12
txn_0000217,cust_000055,deposit,successful,128.11,2026-06-25 22:15:59
txn_0000218,cust_000055,withdrawal,successful,355.96,2026-05-25 03:06:28
txn_0000219,cust_000055,deposit,successful,463.62,2026-05-09 01:18:36
txn_0000220,cust_000055,deposit,successful,469.15,2026-05-25 03:13:23
txn_0000221,cust_000055,deposit,successful,490.07,2026-05-20 15:46:45
txn_0000222,cust_000055,deposit,successful,75.2,2026-06-13 02:28:35
txn_0000223,cust_000056,withdrawal,successful,68.13,2026-05-31 17:56:47
txn_0000224,cust_000056,deposit,successful,53.95,2026-05-03 09:47:05
txn_0000225,cust_000056,deposit,successful,65.25,2026-04-08 07:23:39
txn_0000226,cust_000056,deposit,successful,12.83,2026-04-13 12:35:32
txn_0000227,cust_000057,deposit,successful,22.96,2026-04-15 17:21:30
txn_0000228,cust_000057,withdrawal,successful,49.78,2026-05-03 13:47:09
txn_0000229,cust_000058,deposit,successful,52.88,2026-03-22 04:06:39
txn_0000230,cust_000058,deposit,successful,47.36,2026-06-01 16:57:52
txn_0000231,cust_000058,deposit,successful,8.6,2026-02-19 20:53:13
txn_0000232,cust_000058,withdrawal,successful,61.38,2026-04-21 06:06:19
txn_0000233,cust_000059,deposit,successful,34.3,2026-06-19 11:57:35
txn_0000234,cust_000059,deposit,successful,12.3,2026-06-15 18:03:59
txn_0000235,cust_000060,deposit,successful,413.37,2026-06-28 18:09:26
txn_0000236,cust_000060,withdrawal,successful,264.63,2026-06-17 02:23:05
txn_0000237,cust_000060,deposit,failed,118.19,2026-05-26 15:40:36
txn_0000238,cust_000060,deposit,successful,478.77,2026-05-20 01:23:00
txn_0000239,cust_000061,withdrawal,successful,58.89,2026-06-24 15:29:37
txn_0000240,cust_000062,withdrawal,successful,343.13,2026-05-11 04:55:44
txn_0000241,cust_000062,deposit,successful,109.04,2026-06-14 12:00:17
txn_0000242,cust_000062,deposit,successful,68.01,2026-04-06 16:08:46
txn_0000243,cust_000062,deposit,successful,143.97,2026-02-28 10:20:10
txn_0000244,cust_000062,withdrawal,successful,305.11,2026-02-11 14:14:31
txn_0000245,cust_000062,withdrawal,successful,114.18,2026-01-15 21:38:01
txn_0000246,cust_000062,deposit,successful,401.65,2026-06-16 20:04:27
txn_0000247,cust_000062,deposit,successful,126.37,2026-03-14 22:02:06
txn_0000248,cust_000062,deposit,successful,213.5,2026-05-04 22:44:20
txn_0000249,cust_000062,withdrawal,pending,257.33,2026-06-11 21:30:12
txn_0000250,cust_000062,deposit,successful,444.5,2026-06-10 04:31:11
txn_0000251,cust_000062,deposit,successful,487.26,2026-02-06 01:43:28
txn_0000252,cust_000062,withdrawal,failed,230.42,2026-03-09 15:46:10
txn_0000253,cust_000062,deposit,successful,248.37,2026-02-07 01:06:36
txn_0000254,cust_000063,deposit,successful,11.26,2026-04-27 13:29:22
txn_0000255,cust_000063,withdrawal,successful,8.2,2026-06-26 12:56:22
txn_0000256,cust_000064,deposit,successful,66.59,2026-06-20 23:15:44
txn_0000257,cust_000065,deposit,successful,16.87,2026-06-27 06:43:58
txn_0000258,cust_000065,deposit,successful,70.56,2026-06-27 08:32:20
txn_0000259,cust_000066,withdrawal,successful,290.8,2026-06-11 09:05:50
txn_0000260,cust_000066,withdrawal,failed,379.3,2026-04-27 12:04:02
txn_0000261,cust_000066,deposit,successful,244.9,2026-06-23 14:04:28
txn_0000262,cust_000066,deposit,successful,498.4,2026-05-13 05:54:16
txn_0000263,cust_000066,deposit,successful,101.45,2026-05-26 05:40:18
txn_0000264,cust_000066,deposit,successful,115.48,2026-05-25 15:06:13
txn_0000265,cust_000066,deposit,successful,398.39,2026-06-07 08:36:42
txn_0000266,cust_000066,deposit,successful,243.55,2026-06-25 15:48:22
txn_0000267,cust_000066,deposit,successful,478.69,2026-04-12 05:27:37
txn_0000268,cust_000066,deposit,successful,129.25,2026-06-10 17:15:31
txn_0000269,cust_000068,deposit,successful,38.86,2026-06-29 15:26:42
txn_0000270,cust_000068,deposit,failed,18.81,2026-06-24 03:34:10
txn_0000271,cust_000069,deposit,successful,483.51,2026-06-18 14:28:52
txn_0000272,cust_000069,deposit,successful,266.73,2026-06-22 08:17:17
txn_0000273,cust_000069,deposit,successful,209.61,2026-06-23 04:53:24
txn_0000274,cust_000069,withdrawal,successful,302.41,2026-06-02 11:34:15
txn_0000275,cust_000069,withdrawal,failed,195.68,2026-06-09 00:29:28
txn_0000276,cust_000069,withdrawal,failed,56.38,2026-06-17 08:46:01
txn_0000277,cust_000069,deposit,pending,438.94,2026-06-26 05:53:46
txn_0000278,cust_000069,deposit,cancelled,168.26,2026-06-21 17:28:29
txn_0000279,cust_000069,deposit,successful,335.43,2026-06-08 02:28:16
txn_0000280,cust_000071,deposit,successful,36.51,2026-04-29 10:32:41
txn_0000281,cust_000072,withdrawal,pending,31.11,2026-02-21 23:16:21
txn_0000282,cust_000072,deposit,successful,76.63,2026-05-03 00:15:09
txn_0000283,cust_000072,deposit,successful,72.25,2026-03-10 15:09:47
txn_0000284,cust_000073,deposit,successful,342.01,2026-04-26 22:07:02
txn_0000285,cust_000073,deposit,pending,422.68,2026-03-29 09:25:23
txn_0000286,cust_000073,deposit,successful,101.02,2026-03-26 05:03:55
txn_0000287,cust_000073,deposit,successful,298.74,2026-02-23 08:23:28
txn_0000288,cust_000073,deposit,successful,430.29,2026-03-16 08:19:35
txn_0000289,cust_000073,withdrawal,failed,365.94,2026-03-16 00:01:58
txn_0000290,cust_000073,withdrawal,successful,497.91,2026-02-08 06:25:20
txn_0000291,cust_000073,withdrawal,successful,57.39,2026-05-26 03:28:12
txn_0000292,cust_000073,withdrawal,successful,388.28,2026-06-14 14:59:27
txn_0000293,cust_000073,withdrawal,successful,276.51,2026-04-16 05:40:17
txn_0000294,cust_000073,withdrawal,successful,145.34,2026-04-11 16:19:42
txn_0000295,cust_000073,deposit,successful,138.0,2026-02-11 05:36:49
txn_0000296,cust_000073,deposit,successful,461.31,2026-06-23 03:08:55
txn_0000297,cust_000073,deposit,failed,403.09,2026-06-05 16:06:31
txn_0000298,cust_000074,deposit,successful,278.4,2026-06-15 20:54:18
txn_0000299,cust_000074,withdrawal,successful,427.32,2026-06-19 22:08:35
txn_0000300,cust_000074,withdrawal,successful,51.87,2026-06-16 17:25:52
txn_0000301,cust_000074,deposit,successful,119.02,2026-06-06 06:34:47
txn_0000302,cust_000074,withdrawal,cancelled,200.79,2026-06-20 09:52:49
txn_0000303,cust_000074,deposit,successful,300.08,2026-06-16 17:45:13
txn_0000304,cust_000074,withdrawal,successful,422.85,2026-06-24 02:14:54
txn_0000305,cust_000074,deposit,successful,472.73,2026-06-11 06:08:41
txn_0000306,cust_000074,deposit,successful,456.88,2026-06-24 13:40:03
txn_0000307,cust_000074,deposit,successful,369.51,2026-06-09 20:01:00
txn_0000308,cust_000074,deposit,successful,429.36,2026-06-24 00:43:38
txn_0000309,cust_000074,deposit,successful,476.92,2026-06-12 17:18:37
txn_0000310,cust_000074,withdrawal,successful,55.19,2026-06-26 05:37:56
txn_0000311,cust_000074,deposit,successful,307.31,2026-06-08 19:46:35
txn_0000312,cust_000074,withdrawal,successful,335.51,2026-06-27 00:36:21
txn_0000313,cust_000075,withdrawal,successful,19.54,2026-04-04 15:45:33
txn_0000314,cust_000076,deposit,failed,54.44,2026-03-27 13:55:24
txn_0000315,cust_000076,withdrawal,successful,6.74,2026-06-06 20:04:23
txn_0000316,cust_000076,deposit,successful,39.43,2026-02-26 12:58:42
txn_0000317,cust_000077,deposit,successful,72.1,2026-06-29 09:32:20
txn_0000318,cust_000077,deposit,successful,73.45,2026-06-29 13:09:29
txn_0000319,cust_000079,deposit,successful,41.49,2026-04-22 03:26:39
txn_0000320,cust_000079,deposit,failed,33.14,2026-05-25 18:27:16
txn_0000321,cust_000079,deposit,successful,18.49,2026-04-30 15:23:55
txn_0000322,cust_000080,deposit,pending,50.5,2026-06-29 22:58:54
txn_0000323,cust_000080,deposit,successful,41.29,2026-06-29 12:37:33
txn_0000324,cust_000080,deposit,successful,44.13,2026-06-29 05:46:00
txn_0000325,cust_000080,deposit,successful,7.22,2026-06-29 22:04:04
txn_0000326,cust_000081,deposit,successful,70.02,2026-05-01 00:03:41
txn_0000327,cust_000082,deposit,failed,148.89,2026-04-14 21:45:35
txn_0000328,cust_000082,deposit,successful,173.15,2026-05-09 23:03:44
txn_0000329,cust_000082,withdrawal,successful,260.17,2026-05-15 03:38:04
txn_0000330,cust_000082,deposit,successful,465.06,2026-06-04 15:51:55
txn_0000331,cust_000082,deposit,successful,482.84,2026-05-12 13:56:26
txn_0000332,cust_000082,deposit,successful,124.54,2026-05-18 12:05:31
txn_0000333,cust_000082,deposit,successful,447.29,2026-06-11 04:07:27
txn_0000334,cust_000082,deposit,successful,330.31,2026-05-19 21:28:35
txn_0000335,cust_000083,deposit,successful,33.05,2026-03-10 12:42:19
txn_0000336,cust_000083,withdrawal,successful,71.71,2026-02-02 11:26:13
txn_0000337,cust_000083,withdrawal,successful,27.01,2026-03-21 13:50:41
txn_0000338,cust_000083,deposit,successful,31.42,2026-04-14 00:18:02
txn_0000339,cust_000084,deposit,successful,64.32,2026-06-22 20:16:18
txn_0000340,cust_000084,withdrawal,successful,32.9,2026-06-20 01:00:56
txn_0000341,cust_000085,deposit,successful,5.82,2026-06-18 09:55:07
txn_0000342,cust_000085,deposit,successful,29.12,2026-06-23 14:31:15
txn_0000343,cust_000086,deposit,successful,20.91,2026-06-15 10:18:00
txn_0000344,cust_000086,withdrawal,successful,50.59,2026-06-26 13:01:11
txn_0000345,cust_000087,deposit,successful,451.7,2026-05-28 10:47:36
txn_0000346,cust_000087,deposit,successful,416.03,2026-04-08 16:58:38
txn_0000347,cust_000087,withdrawal,successful,274.39,2026-05-12 21:54:01
txn_0000348,cust_000087,deposit,successful,253.75,2026-03-02 02:18:49
txn_0000349,cust_000088,deposit,successful,6.6,2026-06-17 23:08:29
txn_0000350,cust_000089,deposit,successful,73.37,2026-03-02 21:39:23
txn_0000351,cust_000089,deposit,successful,7.78,2026-05-19 05:14:03
txn_0000352,cust_000089,deposit,successful,53.36,2026-05-06 12:21:02
txn_0000353,cust_000089,deposit,successful,59.24,2026-05-21 14:24:27
txn_0000354,cust_000090,deposit,successful,46.73,2026-04-15 17:52:15
txn_0000355,cust_000090,withdrawal,successful,27.38,2026-05-16 04:31:10
txn_0000356,cust_000090,deposit,successful,77.54,2026-06-09 05:51:52
txn_0000357,cust_000091,deposit,successful,7.2,2026-01-31 22:49:11
txn_0000358,cust_000091,withdrawal,successful,79.52,2026-02-01 09:58:04
txn_0000359,cust_000091,deposit,failed,17.76,2026-02-24 22:49:36
txn_0000360,cust_000091,deposit,successful,66.21,2026-03-24 15:06:11
txn_0000361,cust_000093,withdrawal,successful,13.31,2026-06-18 01:05:37
txn_0000362,cust_000093,withdrawal,successful,56.59,2026-06-24 23:50:52
txn_0000363,cust_000094,deposit,successful,48.76,2026-06-23 16:07:35
txn_0000364,cust_000095,withdrawal,failed,48.81,2026-06-03 05:23:47
txn_0000365,cust_000096,deposit,successful,14.18,2026-06-27 21:06:03
txn_0000366,cust_000096,deposit,successful,41.76,2026-06-27 04:52:06
txn_0000367,cust_000096,deposit,successful,21.94,2026-06-09 20:47:14
txn_0000368,cust_000098,deposit,successful,425.99,2026-06-04 10:52:10
txn_0000369,cust_000098,deposit,successful,362.73,2026-03-27 23:31:21
txn_0000370,cust_000098,deposit,successful,55.91,2026-03-29 06:12:26
txn_0000371,cust_000098,deposit,successful,269.44,2026-03-24 11:45:31
txn_0000372,cust_000098,deposit,refunded,281.27,2026-05-29 11:00:08
txn_0000373,cust_000098,withdrawal,successful,344.88,2026-05-15 03:53:44
txn_0000374,cust_000098,deposit,pending,148.45,2026-03-13 06:07:33
txn_0000375,cust_000098,withdrawal,successful,281.06,2026-06-16 11:38:14
txn_0000376,cust_000099,deposit,successful,17.31,2026-06-16 01:52:49
txn_0000377,cust_000099,withdrawal,successful,16.05,2026-05-15 21:49:37
txn_0000378,cust_000100,deposit,successful,72.06,2026-05-26 19:19:34
txn_0000379,cust_000101,deposit,successful,31.4,2026-06-13 22:43:47
txn_0000380,cust_000101,deposit,successful,37.36,2026-06-04 09:52:27
txn_0000381,cust_000101,deposit,successful,30.03,2026-06-19 07:33:19
txn_0000382,cust_000101,deposit,successful,53.65,2026-05-05 18:29:29
txn_0000383,cust_000102,deposit,successful,35.2,2026-02-20 18:53:57
txn_0000384,cust_000102,deposit,successful,43.9,2026-04-20 20:25:06
txn_0000385,cust_000103,deposit,successful,21.47,2026-02-16 13:41:00
txn_0000386,cust_000104,deposit,successful,9.94,2026-06-22 21:32:45
txn_0000387,cust_000104,deposit,successful,57.46,2026-06-27 12:39:08
txn_0000388,cust_000105,deposit,successful,66.81,2026-06-06 06:10:03
txn_0000389,cust_000106,deposit,successful,206.43,2026-05-18 18:21:54
txn_0000390,cust_000106,deposit,successful,92.41,2026-04-29 07:14:22
txn_0000391,cust_000106,withdrawal,successful,382.59,2026-06-14 06:55:38
txn_0000392,cust_000106,deposit,successful,191.8,2026-05-15 12:40:14
txn_0000393,cust_000106,deposit,successful,113.83,2026-06-12 04:43:51
txn_0000394,cust_000107,deposit,successful,18.31,2026-04-15 00:31:48
txn_0000395,cust_000107,deposit,successful,62.02,2026-06-17 22:39:27
txn_0000396,cust_000108,withdrawal,successful,5.08,2026-06-21 05:43:02
txn_0000397,cust_000108,deposit,cancelled,66.42,2026-03-08 18:32:16
txn_0000398,cust_000108,deposit,successful,44.4,2026-04-13 07:53:51
txn_0000399,cust_000110,deposit,successful,411.75,2026-03-21 03:32:58
txn_0000400,cust_000110,deposit,successful,495.41,2026-03-30 02:45:29
txn_0000401,cust_000110,withdrawal,successful,256.44,2026-04-01 17:42:40
txn_0000402,cust_000110,withdrawal,successful,451.12,2026-03-26 19:20:09
txn_0000403,cust_000111,deposit,successful,13.46,2026-05-29 01:15:25
txn_0000404,cust_000111,deposit,successful,16.09,2026-02-28 00:35:46
txn_0000405,cust_000111,deposit,successful,31.79,2026-03-23 12:03:29
txn_0000406,cust_000111,deposit,successful,31.96,2026-05-18 15:18:11
txn_0000407,cust_000112,deposit,successful,13.09,2026-06-13 00:42:54
txn_0000408,cust_000112,deposit,refunded,72.44,2026-05-25 19:29:40
txn_0000409,cust_000112,withdrawal,successful,18.12,2026-05-22 07:33:50
txn_0000410,cust_000113,withdrawal,successful,49.19,2026-05-16 23:09:25
txn_0000411,cust_000113,deposit,successful,8.08,2026-04-27 12:03:59
txn_0000412,cust_000114,deposit,pending,37.51,2026-06-16 23:37:48
txn_0000413,cust_000114,withdrawal,successful,26.63,2026-06-22 10:08:27
txn_0000414,cust_000114,deposit,pending,39.97,2026-06-17 13:42:36
txn_0000415,cust_000114,deposit,successful,46.86,2026-06-29 03:23:13
txn_0000416,cust_000115,deposit,successful,57.02,2026-06-18 03:41:26
txn_0000417,cust_000115,deposit,successful,105.55,2026-06-25 09:29:21
txn_0000418,cust_000115,deposit,successful,347.11,2026-06-19 13:12:13
txn_0000419,cust_000115,withdrawal,successful,445.42,2026-06-19 12:01:00
txn_0000420,cust_000116,deposit,successful,119.77,2026-06-26 05:19:12
txn_0000421,cust_000116,withdrawal,successful,244.42,2026-06-08 13:12:14
txn_0000422,cust_000116,deposit,successful,262.93,2026-05-31 13:26:31
txn_0000423,cust_000116,deposit,failed,223.81,2026-06-29 22:12:38
txn_0000424,cust_000116,deposit,successful,464.09,2026-06-11 16:23:27
txn_0000425,cust_000116,deposit,successful,355.52,2026-06-20 03:45:45
txn_0000426,cust_000116,deposit,successful,162.51,2026-06-08 16:26:31
txn_0000427,cust_000116,deposit,successful,88.52,2026-06-13 19:20:46
txn_0000428,cust_000116,withdrawal,successful,132.52,2026-06-25 11:56:19
txn_0000429,cust_000116,deposit,successful,112.37,2026-06-03 15:53:50
txn_0000430,cust_000116,deposit,successful,260.77,2026-06-16 08:35:11
txn_0000431,cust_000116,withdrawal,successful,257.58,2026-06-18 21:59:09
txn_0000432,cust_000116,deposit,failed,89.79,2026-06-19 10:24:20
txn_0000433,cust_000116,deposit,successful,311.15,2026-06-10 18:42:09
txn_0000434,cust_000116,deposit,successful,445.01,2026-06-26 10:56:31
txn_0000435,cust_000117,deposit,successful,55.26,2026-04-20 05:50:47
txn_0000436,cust_000118,deposit,successful,67.94,2026-05-08 16:23:31
txn_0000437,cust_000118,deposit,successful,53.74,2026-06-28 17:57:03
txn_0000438,cust_000118,deposit,successful,47.41,2026-04-22 05:05:35
txn_0000439,cust_000118,deposit,successful,60.54,2026-04-05 18:58:55
txn_0000440,cust_000120,deposit,successful,15.81,2026-04-17 05:57:53
txn_0000441,cust_000121,deposit,successful,52.98,2026-06-09 04:54:02
txn_0000442,cust_000122,deposit,successful,412.53,2026-03-13 06:03:46
txn_0000443,cust_000122,deposit,successful,50.02,2026-03-25 00:54:16
txn_0000444,cust_000122,deposit,successful,161.24,2026-03-30 19:25:02
txn_0000445,cust_000122,deposit,successful,249.72,2026-06-18 05:13:11
txn_0000446,cust_000122,deposit,successful,267.67,2026-05-29 13:22:25
txn_0000447,cust_000122,deposit,successful,167.12,2026-06-26 03:53:46
txn_0000448,cust_000122,deposit,successful,244.56,2026-04-04 22:08:14
txn_0000449,cust_000122,deposit,successful,126.85,2026-04-27 17:39:32
txn_0000450,cust_000122,deposit,successful,266.21,2026-06-12 11:03:32
txn_0000451,cust_000122,deposit,successful,215.3,2026-06-15 17:22:45
txn_0000452,cust_000122,withdrawal,successful,258.78,2026-04-01 20:13:16
txn_0000453,cust_000122,deposit,successful,255.69,2026-05-06 00:50:35
txn_0000454,cust_000122,deposit,successful,65.34,2026-05-09 18:58:16
txn_0000455,cust_000122,withdrawal,pending,69.18,2026-06-06 07:25:26
txn_0000456,cust_000123,withdrawal,successful,25.77,2026-06-28 03:00:29
txn_0000457,cust_000123,withdrawal,successful,20.81,2026-06-29 05:08:18
txn_0000458,cust_000123,deposit,successful,9.71,2026-06-29 10:52:13
txn_0000459,cust_000124,withdrawal,successful,39.46,2026-05-29 11:18:09
txn_0000460,cust_000124,deposit,successful,62.2,2026-06-20 02:32:44
txn_0000461,cust_000124,deposit,pending,67.95,2026-06-26 11:24:13
txn_0000462,cust_000124,deposit,failed,54.42,2026-06-11 09:51:24
txn_0000463,cust_000125,deposit,refunded,14.71,2026-06-13 14:01:12
txn_0000464,cust_000125,withdrawal,successful,48.84,2026-06-17 21:33:37
txn_0000465,cust_000125,deposit,successful,68.9,2026-06-02 10:23:43
txn_0000466,cust_000125,deposit,successful,42.46,2026-06-06 03:45:20
txn_0000467,cust_000126,withdrawal,successful,12.91,2026-05-23 23:21:28
txn_0000468,cust_000127,deposit,successful,74.18,2026-05-07 13:36:12
txn_0000469,cust_000127,deposit,successful,68.51,2026-02-22 06:22:54
txn_0000470,cust_000127,deposit,successful,52.35,2026-06-12 18:39:00
txn_0000471,cust_000129,deposit,successful,14.99,2026-04-18 07:52:42
txn_0000472,cust_000129,deposit,successful,23.94,2026-03-14 00:06:42
txn_0000473,cust_000129,deposit,successful,60.66,2026-03-15 01:37:34
txn_0000474,cust_000130,deposit,successful,48.66,2026-04-06 16:52:27
txn_0000475,cust_000131,withdrawal,successful,65.75,2026-06-07 19:21:47
txn_0000476,cust_000132,deposit,successful,295.96,2026-06-13 14:06:42
txn_0000477,cust_000132,deposit,successful,480.98,2026-06-21 10:29:05
txn_0000478,cust_000132,deposit,successful,424.58,2026-05-26 05:31:31
txn_0000479,cust_000132,withdrawal,successful,210.42,2026-06-03 02:13:59
txn_0000480,cust_000132,deposit,successful,80.22,2026-06-24 21:55:36
txn_0000481,cust_000132,deposit,successful,306.12,2026-05-20 10:34:00
txn_0000482,cust_000132,deposit,successful,103.07,2026-05-21 21:34:19
txn_0000483,cust_000132,withdrawal,successful,60.14,2026-06-02 01:32:58
txn_0000484,cust_000132,deposit,successful,163.12,2026-06-26 04:51:46
txn_0000485,cust_000133,deposit,successful,10.61,2026-06-22 23:48:44
txn_0000486,cust_000134,deposit,successful,28.42,2026-06-29 12:24:44
txn_0000487,cust_000134,withdrawal,cancelled,48.71,2026-06-28 08:04:25
txn_0000488,cust_000134,deposit,successful,7.25,2026-06-29 23:34:00
txn_0000489,cust_000134,deposit,successful,71.6,2026-06-29 00:21:37
txn_0000490,cust_000135,deposit,refunded,22.67,2026-06-07 00:37:04
txn_0000491,cust_000135,deposit,successful,30.94,2026-06-05 17:11:59
txn_0000492,cust_000136,deposit,successful,71.56,2026-05-16 19:47:47
txn_0000493,cust_000136,deposit,successful,12.8,2026-05-13 01:15:48
txn_0000494,cust_000136,deposit,successful,37.36,2026-06-12 00:09:34
txn_0000495,cust_000136,deposit,successful,6.61,2026-05-31 02:42:28
txn_0000496,cust_000137,deposit,successful,50.61,2026-06-29 23:11:08
txn_0000497,cust_000139,withdrawal,successful,8.91,2026-06-24 16:53:10
txn_0000498,cust_000139,deposit,successful,57.6,2026-06-23 10:19:45
txn_0000499,cust_000139,withdrawal,successful,72.29,2026-06-15 20:44:08
txn_0000500,cust_000139,withdrawal,successful,30.73,2026-06-17 16:48:24
txn_0000501,cust_000141,deposit,failed,22.03,2026-04-23 23:25:02
txn_0000502,cust_000141,withdrawal,successful,47.6,2026-06-14 01:28:39
txn_0000503,cust_000141,deposit,successful,65.95,2026-05-17 06:21:41
txn_0000504,cust_000141,deposit,successful,26.19,2026-05-10 12:48:47
txn_0000505,cust_000142,deposit,successful,108.37,2026-03-19 18:44:31
txn_0000506,cust_000142,deposit,successful,84.56,2026-05-29 11:55:57
txn_0000507,cust_000142,withdrawal,failed,367.36,2026-04-28 02:32:14
txn_0000508,cust_000142,deposit,successful,249.59,2026-03-05 18:36:47
txn_0000509,cust_000142,deposit,successful,181.71,2026-05-09 01:44:14
txn_0000510,cust_000142,deposit,successful,193.49,2026-03-14 22:48:16
txn_0000511,cust_000143,deposit,successful,57.91,2026-06-21 22:39:22
txn_0000512,cust_000143,withdrawal,successful,73.4,2026-06-11 21:09:31
txn_0000513,cust_000144,deposit,successful,46.47,2026-06-21 00:46:20
txn_0000514,cust_000144,withdrawal,successful,15.65,2026-06-25 12:02:00
txn_0000515,cust_000145,withdrawal,successful,6.6,2026-02-28 04:23:26
txn_0000516,cust_000145,withdrawal,successful,33.81,2026-05-31 05:23:52
txn_0000517,cust_000145,deposit,successful,69.09,2026-04-01 04:39:54
txn_0000518,cust_000146,deposit,successful,38.3,2026-03-16 16:39:38
txn_0000519,cust_000146,deposit,successful,37.33,2026-05-09 03:28:35
txn_0000520,cust_000146,withdrawal,failed,62.22,2026-04-16 03:48:07
txn_0000521,cust_000147,deposit,successful,67.11,2026-06-27 19:01:18
txn_0000522,cust_000147,deposit,successful,61.79,2026-05-24 12:17:31
txn_0000523,cust_000148,withdrawal,successful,63.7,2026-06-21 12:15:42
txn_0000524,cust_000148,withdrawal,failed,46.5,2026-05-21 14:28:41
txn_0000525,cust_000148,withdrawal,successful,69.39,2026-06-07 21:44:00
txn_0000526,cust_000149,withdrawal,successful,24.51,2026-06-28 09:09:16
txn_0000527,cust_000149,deposit,successful,14.89,2026-06-01 03:06:32
txn_0000528,cust_000149,deposit,successful,11.42,2026-06-04 15:22:53
txn_0000529,cust_000149,deposit,successful,47.83,2026-06-10 18:30:26
txn_0000530,cust_000150,withdrawal,successful,63.68,2026-06-02 07:44:17
txn_0000531,cust_000150,deposit,successful,28.02,2026-05-21 01:39:17
txn_0000532,cust_000151,deposit,successful,39.7,2026-05-25 04:17:54
txn_0000533,cust_000152,deposit,successful,52.83,2026-06-06 05:55:51
txn_0000534,cust_000152,deposit,successful,75.41,2026-06-25 12:59:36
txn_0000535,cust_000153,deposit,successful,38.03,2026-02-06 10:27:51
txn_0000536,cust_000153,deposit,successful,70.18,2026-03-16 09:32:52
txn_0000537,cust_000154,deposit,successful,22.45,2026-03-24 15:03:28
txn_0000538,cust_000155,deposit,successful,310.95,2026-06-11 17:59:38
txn_0000539,cust_000155,withdrawal,pending,478.27,2026-05-05 21:42:15
txn_0000540,cust_000155,withdrawal,successful,355.27,2026-05-01 13:33:29
txn_0000541,cust_000155,deposit,successful,320.26,2026-05-04 08:14:08
txn_0000542,cust_000155,deposit,successful,100.93,2026-06-12 02:09:30
txn_0000543,cust_000155,withdrawal,successful,217.11,2026-06-24 09:02:55
txn_0000544,cust_000155,deposit,successful,444.13,2026-06-10 09:45:34
txn_0000545,cust_000155,deposit,successful,200.74,2026-06-03 23:31:45
txn_0000546,cust_000155,deposit,successful,474.12,2026-06-14 16:46:32
txn_0000547,cust_000155,withdrawal,failed,70.07,2026-06-04 18:12:20
txn_0000548,cust_000155,deposit,successful,97.8,2026-05-02 11:30:05
txn_0000549,cust_000156,withdrawal,successful,383.92,2026-06-29 22:53:30
txn_0000550,cust_000156,deposit,successful,220.48,2026-06-16 05:10:12
txn_0000551,cust_000156,withdrawal,successful,221.49,2026-06-14 15:25:29
txn_0000552,cust_000156,withdrawal,successful,481.38,2026-06-12 21:02:13
txn_0000553,cust_000156,deposit,successful,333.65,2026-06-24 22:38:06
txn_0000554,cust_000156,deposit,successful,431.42,2026-06-13 22:37:43
txn_0000555,cust_000156,deposit,successful,346.64,2026-06-22 11:09:06
txn_0000556,cust_000156,deposit,successful,426.2,2026-06-15 17:36:34
txn_0000557,cust_000156,withdrawal,successful,409.55,2026-06-16 21:36:01
txn_0000558,cust_000156,deposit,successful,386.68,2026-06-18 15:23:37
txn_0000559,cust_000156,deposit,successful,480.92,2026-06-28 18:53:09
txn_0000560,cust_000156,withdrawal,successful,277.54,2026-06-24 14:29:23
txn_0000561,cust_000156,withdrawal,successful,153.66,2026-06-25 16:33:55
txn_0000562,cust_000156,deposit,failed,466.57,2026-06-14 00:58:53
txn_0000563,cust_000157,deposit,successful,15.36,2026-05-28 15:39:56
txn_0000564,cust_000157,deposit,successful,13.85,2026-04-24 11:18:37
txn_0000565,cust_000157,deposit,successful,48.2,2026-04-08 09:47:37
txn_0000566,cust_000157,deposit,successful,18.49,2026-06-20 08:51:17
txn_0000567,cust_000158,deposit,successful,62.41,2026-04-24 03:25:18
txn_0000568,cust_000158,deposit,successful,14.48,2026-03-23 14:40:21
txn_0000569,cust_000158,deposit,successful,79.25,2026-04-05 09:58:35
txn_0000570,cust_000159,deposit,successful,31.58,2026-05-04 00:20:02
txn_0000571,cust_000159,deposit,successful,27.0,2026-06-29 06:05:01
txn_0000572,cust_000159,deposit,cancelled,49.36,2026-04-17 08:51:30
txn_0000573,cust_000160,deposit,successful,382.44,2026-06-07 13:55:40
txn_0000574,cust_000160,deposit,successful,333.87,2026-06-23 20:22:24
txn_0000575,cust_000160,deposit,successful,365.05,2026-06-27 03:52:07
txn_0000576,cust_000161,withdrawal,successful,87.71,2026-06-03 21:51:17
txn_0000577,cust_000161,deposit,successful,353.26,2026-05-07 19:44:14
txn_0000578,cust_000161,deposit,refunded,278.9,2026-03-31 07:35:07
txn_0000579,cust_000161,deposit,successful,154.52,2026-03-15 19:34:48
txn_0000580,cust_000161,deposit,successful,453.79,2026-06-05 12:33:09
txn_0000581,cust_000161,deposit,successful,178.37,2026-05-18 20:31:02
txn_0000582,cust_000161,withdrawal,failed,68.87,2026-03-24 19:20:39
txn_0000583,cust_000161,deposit,successful,243.74,2026-04-06 21:50:35
txn_0000584,cust_000161,deposit,successful,94.76,2026-04-27 01:03:29
txn_0000585,cust_000161,deposit,successful,268.99,2026-04-19 04:13:35
txn_0000586,cust_000161,withdrawal,failed,494.96,2026-04-16 09:01:36
txn_0000587,cust_000161,deposit,successful,113.45,2026-04-20 02:30:14
txn_0000588,cust_000162,deposit,failed,49.88,2026-03-12 07:27:38
txn_0000589,cust_000163,withdrawal,successful,53.0,2026-03-24 21:23:02
txn_0000590,cust_000163,withdrawal,successful,176.83,2026-03-26 10:42:19
txn_0000591,cust_000163,withdrawal,successful,284.4,2026-05-12 09:01:59
txn_0000592,cust_000163,withdrawal,successful,372.31,2026-03-08 06:50:32
txn_0000593,cust_000163,deposit,successful,271.96,2026-05-09 22:30:19
txn_0000594,cust_000163,deposit,successful,379.24,2026-04-10 01:41:09
txn_0000595,cust_000163,deposit,successful,384.92,2026-03-02 08:28:45
txn_0000596,cust_000163,deposit,successful,278.18,2026-03-17 10:24:05
txn_0000597,cust_000163,deposit,successful,352.44,2026-05-25 14:01:36
txn_0000598,cust_000163,withdrawal,successful,245.02,2026-02-22 10:45:21
txn_0000599,cust_000163,deposit,successful,135.68,2026-04-17 15:47:02
txn_0000600,cust_000166,withdrawal,successful,48.98,2026-04-12 06:56:27
txn_0000601,cust_000167,deposit,successful,40.26,2026-03-30 12:19:21
txn_0000602,cust_000168,deposit,successful,14.88,2026-05-12 21:00:35
txn_0000603,cust_000168,deposit,successful,69.29,2026-06-27 06:09:41
txn_0000604,cust_000168,deposit,successful,41.8,2026-04-01 01:27:36
txn_0000605,cust_000170,deposit,successful,24.73,2026-06-29 08:23:21
txn_0000606,cust_000170,deposit,refunded,31.15,2026-06-28 17:44:52
txn_0000607,cust_000170,withdrawal,successful,68.05,2026-06-24 15:24:38
txn_0000608,cust_000171,deposit,successful,34.42,2026-06-06 08:08:27
txn_0000609,cust_000171,withdrawal,failed,21.42,2026-02-22 17:52:38
txn_0000610,cust_000171,deposit,successful,36.47,2026-03-31 18:46:53
txn_0000611,cust_000172,withdrawal,successful,129.29,2026-04-12 05:52:41
txn_0000612,cust_000172,deposit,successful,363.64,2026-05-04 17:55:00
txn_0000613,cust_000172,withdrawal,successful,428.05,2026-05-17 23:11:34
txn_0000614,cust_000172,deposit,successful,155.69,2026-06-06 17:20:35
txn_0000615,cust_000172,deposit,successful,432.94,2026-06-26 09:24:32
txn_0000616,cust_000172,deposit,successful,167.72,2026-05-02 09:05:31
txn_0000617,cust_000172,deposit,successful,241.34,2026-05-13 21:49:18
txn_0000618,cust_000172,deposit,successful,377.68,2026-05-18 03:18:34
txn_0000619,cust_000172,deposit,successful,251.44,2026-04-30 22:52:54
txn_0000620,cust_000173,deposit,pending,63.47,2026-06-19 00:07:14
txn_0000621,cust_000173,deposit,successful,29.73,2026-06-28 19:47:18
txn_0000622,cust_000173,deposit,successful,65.18,2026-06-14 12:18:07
txn_0000623,cust_000173,deposit,successful,62.51,2026-06-22 13:27:46
txn_0000624,cust_000174,deposit,successful,32.16,2026-04-21 10:24:54
txn_0000625,cust_000174,deposit,successful,34.66,2026-05-23 00:16:07
txn_0000626,cust_000174,deposit,successful,73.3,2026-04-16 16:05:56
txn_0000627,cust_000174,deposit,successful,23.65,2026-06-11 04:47:34
txn_0000628,cust_000175,withdrawal,successful,42.61,2026-05-05 22:53:26
txn_0000629,cust_000175,deposit,successful,27.61,2026-05-23 11:38:48
txn_0000630,cust_000175,deposit,successful,7.53,2026-05-20 00:16:16
txn_0000631,cust_000175,deposit,successful,54.15,2026-06-01 16:28:12
txn_0000632,cust_000176,deposit,successful,11.37,2026-06-18 16:34:03
txn_0000633,cust_000176,deposit,successful,59.95,2026-06-09 00:29:17
txn_0000634,cust_000177,deposit,successful,73.92,2026-06-06 17:27:12
txn_0000635,cust_000177,deposit,successful,19.57,2026-05-16 23:23:05
txn_0000636,cust_000177,deposit,successful,36.89,2026-05-10 10:20:16
txn_0000637,cust_000177,deposit,successful,20.2,2026-05-23 13:19:39
txn_0000638,cust_000178,deposit,pending,26.84,2026-05-03 13:29:48
txn_0000639,cust_000178,deposit,successful,25.89,2026-05-21 11:12:57
txn_0000640,cust_000178,deposit,successful,23.35,2026-05-16 04:26:54
txn_0000641,cust_000179,deposit,successful,393.22,2026-05-09 04:32:30
txn_0000642,cust_000179,deposit,successful,488.84,2026-05-29 02:33:24
txn_0000643,cust_000179,deposit,successful,264.56,2026-05-08 21:44:48
txn_0000644,cust_000179,withdrawal,successful,414.36,2026-04-16 23:00:40
txn_0000645,cust_000179,withdrawal,successful,143.46,2026-04-19 10:23:39
txn_0000646,cust_000179,deposit,successful,113.6,2026-04-11 03:28:30
txn_0000647,cust_000179,withdrawal,successful,427.84,2026-06-12 04:47:15
txn_0000648,cust_000179,deposit,successful,163.41,2026-05-20 21:44:48
txn_0000649,cust_000179,deposit,successful,66.43,2026-04-17 14:57:04
txn_0000650,cust_000180,withdrawal,successful,360.68,2026-06-19 12:12:20
txn_0000651,cust_000180,withdrawal,successful,274.92,2026-06-26 05:49:42
txn_0000652,cust_000180,deposit,successful,368.99,2026-06-24 04:46:07
txn_0000653,cust_000181,deposit,successful,464.55,2026-04-19 21:45:20
txn_0000654,cust_000181,deposit,successful,390.6,2026-04-24 08:35:22
txn_0000655,cust_000181,withdrawal,successful,138.82,2026-04-28 03:16:01
txn_0000656,cust_000181,deposit,successful,272.83,2026-05-23 04:24:58
txn_0000657,cust_000181,deposit,successful,387.05,2026-04-25 13:54:35
txn_0000658,cust_000181,withdrawal,successful,102.91,2026-05-10 19:28:48
txn_0000659,cust_000181,deposit,failed,172.0,2026-06-16 16:47:09
txn_0000660,cust_000181,deposit,successful,342.6,2026-06-05 17:46:24
txn_0000661,cust_000181,withdrawal,successful,411.27,2026-05-01 20:25:50
txn_0000662,cust_000181,deposit,failed,163.06,2026-06-09 16:37:42
txn_0000663,cust_000181,withdrawal,successful,374.06,2026-06-23 12:05:12
txn_0000664,cust_000181,deposit,successful,371.79,2026-06-01 21:53:25
txn_0000665,cust_000181,deposit,pending,117.66,2026-04-29 09:37:34
txn_0000666,cust_000181,deposit,successful,365.66,2026-05-12 06:38:27
txn_0000667,cust_000182,deposit,successful,12.1,2026-04-28 03:22:03
txn_0000668,cust_000182,deposit,successful,31.28,2026-04-02 11:35:24
txn_0000669,cust_000182,deposit,successful,6.06,2026-05-27 01:15:39
txn_0000670,cust_000183,deposit,successful,378.2,2026-06-15 11:49:12
txn_0000671,cust_000183,deposit,successful,302.5,2026-04-12 11:13:05
txn_0000672,cust_000183,deposit,successful,118.59,2026-06-17 01:53:54
txn_0000673,cust_000183,deposit,successful,303.65,2026-04-14 01:22:41
txn_0000674,cust_000183,deposit,successful,394.72,2026-06-27 05:07:34
txn_0000675,cust_000183,withdrawal,successful,322.15,2026-06-16 23:42:43
txn_0000676,cust_000183,deposit,successful,350.82,2026-06-21 14:14:32
txn_0000677,cust_000183,deposit,successful,495.09,2026-04-08 00:24:39
txn_0000678,cust_000183,deposit,successful,114.5,2026-03-22 10:42:02
txn_0000679,cust_000186,deposit,successful,65.54,2026-06-29 08:43:09
txn_0000680,cust_000187,deposit,successful,62.0,2026-06-27 03:55:01
txn_0000681,cust_000187,deposit,successful,57.97,2026-06-04 20:41:57
txn_0000682,cust_000188,deposit,successful,85.19,2026-06-28 01:10:25
txn_0000683,cust_000188,withdrawal,successful,475.47,2026-04-18 06:09:29
txn_0000684,cust_000188,deposit,successful,302.22,2026-06-09 21:42:04
txn_0000685,cust_000188,deposit,successful,301.06,2026-04-09 08:21:29
txn_0000686,cust_000188,withdrawal,successful,439.76,2026-03-21 21:53:08
txn_0000687,cust_000188,deposit,successful,377.82,2026-05-23 04:26:15
txn_0000688,cust_000188,deposit,successful,222.11,2026-04-23 02:03:00
txn_0000689,cust_000188,deposit,successful,138.13,2026-03-19 01:44:13
txn_0000690,cust_000189,withdrawal,failed,29.63,2026-05-31 01:37:52
txn_0000691,cust_000189,deposit,successful,74.12,2026-06-09 09:47:48
txn_0000692,cust_000189,deposit,cancelled,53.13,2026-05-29 08:20:29
txn_0000693,cust_000189,deposit,pending,23.98,2026-06-19 04:31:39
txn_0000694,cust_000191,deposit,successful,41.77,2026-06-06 06:02:01
txn_0000695,cust_000191,deposit,successful,65.56,2026-06-23 22:37:16
txn_0000696,cust_000191,deposit,successful,57.92,2026-04-08 17:55:31
txn_0000697,cust_000193,deposit,successful,9.2,2026-05-31 19:08:32
txn_0000698,cust_000193,deposit,successful,69.34,2026-05-30 17:34:01
txn_0000699,cust_000193,deposit,successful,51.05,2026-06-26 19:15:10
txn_0000700,cust_000194,withdrawal,successful,58.2,2026-06-29 10:44:32
txn_0000701,cust_000194,deposit,successful,32.47,2026-06-29 17:31:25
txn_0000702,cust_000195,deposit,successful,55.08,2026-06-15 08:01:16
txn_0000703,cust_000195,deposit,successful,42.61,2026-06-07 21:56:29
txn_0000704,cust_000195,deposit,successful,8.34,2026-05-08 01:11:39
txn_0000705,cust_000196,withdrawal,refunded,335.88,2026-05-26 19:02:42
txn_0000706,cust_000196,deposit,successful,173.19,2026-06-09 05:03:57
txn_0000707,cust_000196,deposit,successful,304.79,2026-05-18 08:36:59
txn_0000708,cust_000196,deposit,successful,132.13,2026-05-18 19:01:26
txn_0000709,cust_000196,withdrawal,successful,395.03,2026-05-11 22:51:12
txn_0000710,cust_000196,withdrawal,refunded,257.16,2026-06-15 08:43:01
txn_0000711,cust_000196,deposit,failed,426.79,2026-06-08 21:11:05
txn_0000712,cust_000196,deposit,successful,386.33,2026-05-28 13:15:46
txn_0000713,cust_000196,deposit,successful,367.66,2026-06-15 19:51:26
txn_0000714,cust_000197,deposit,failed,21.95,2026-04-23 09:17:58
txn_0000715,cust_000197,deposit,successful,78.45,2026-03-08 09:24:07
txn_0000716,cust_000199,deposit,successful,48.4,2026-05-29 11:34:00
txn_0000717,cust_000199,deposit,successful,67.21,2026-06-07 15:48:51
txn_0000718,cust_000199,deposit,successful,33.93,2026-06-20 19:40:06
txn_0000719,cust_000200,withdrawal,successful,206.11,2026-06-16 02:57:06
txn_0000720,cust_000200,withdrawal,successful,203.98,2026-05-25 03:23:11
txn_0000721,cust_000200,withdrawal,successful,90.84,2026-05-31 02:41:57
txn_0000722,cust_000200,withdrawal,successful,167.38,2026-06-19 09:47:32
txn_0000723,cust_000200,deposit,successful,263.84,2026-05-23 02:24:10
txn_0000724,cust_000200,deposit,successful,220.06,2026-06-28 17:40:40
txn_0000725,cust_000200,withdrawal,successful,333.26,2026-05-15 03:45:57
txn_0000726,cust_000200,deposit,failed,263.97,2026-06-14 21:57:04
txn_0000727,cust_000200,deposit,successful,460.92,2026-05-23 04:00:05
txn_0000728,cust_000200,deposit,successful,388.42,2026-05-23 01:47:09
txn_0000729,cust_000200,deposit,successful,362.52,2026-06-29 22:05:46
txn_0000730,cust_000200,deposit,successful,163.66,2026-05-28 15:36:10
txn_0000731,cust_000200,withdrawal,successful,185.08,2026-06-12 22:45:16
txn_0000732,cust_000200,deposit,successful,98.53,2026-06-23 05:18:15
txn_0000733,cust_000201,deposit,successful,49.48,2026-04-23 19:37:51
txn_0000734,cust_000201,withdrawal,refunded,71.49,2026-04-04 08:49:01
txn_0000735,cust_000201,deposit,successful,76.36,2026-03-15 12:54:02
txn_0000736,cust_000201,withdrawal,pending,29.99,2026-06-13 19:41:52
txn_0000737,cust_000202,deposit,successful,65.11,2026-03-10 11:15:20
txn_0000738,cust_000202,deposit,successful,54.4,2026-02-11 03:55:46
txn_0000739,cust_000203,withdrawal,successful,18.84,2026-06-20 23:24:39
txn_0000740,cust_000203,deposit,successful,23.35,2026-06-28 18:55:09
txn_0000741,cust_000204,deposit,successful,40.8,2026-06-11 02:52:49
txn_0000742,cust_000204,deposit,successful,34.55,2026-06-27 16:04:55
txn_0000743,cust_000205,deposit,failed,39.76,2026-06-21 17:10:44
txn_0000744,cust_000205,withdrawal,successful,14.64,2026-05-09 15:06:45
txn_0000745,cust_000205,deposit,successful,29.53,2026-06-16 01:49:38
txn_0000746,cust_000206,deposit,successful,45.06,2026-05-24 11:28:32
txn_0000747,cust_000206,deposit,successful,21.63,2026-03-14 05:20:44
txn_0000748,cust_000206,deposit,successful,32.17,2026-05-19 16:16:56
txn_0000749,cust_000207,deposit,successful,73.59,2026-06-14 15:49:42
txn_0000750,cust_000207,deposit,successful,8.32,2026-05-25 06:00:11
txn_0000751,cust_000207,deposit,successful,54.05,2026-06-13 06:56:23
txn_0000752,cust_000207,deposit,successful,55.65,2026-06-13 13:20:43
txn_0000753,cust_000208,deposit,successful,17.27,2026-03-24 20:36:51
txn_0000754,cust_000208,deposit,successful,65.47,2026-05-19 06:41:48
txn_0000755,cust_000208,withdrawal,successful,69.68,2026-06-25 08:34:09
txn_0000756,cust_000209,deposit,successful,48.1,2026-02-23 23:58:10
txn_0000757,cust_000209,deposit,successful,54.04,2026-05-04 09:34:25
txn_0000758,cust_000211,deposit,successful,24.4,2026-06-05 15:08:20
txn_0000759,cust_000211,deposit,successful,73.12,2026-06-23 22:53:06
txn_0000760,cust_000212,deposit,successful,77.88,2026-06-18 22:41:47
txn_0000761,cust_000212,deposit,successful,44.88,2026-06-08 04:08:36
txn_0000762,cust_000213,withdrawal,successful,30.28,2026-01-24 08:25:14
txn_0000763,cust_000214,deposit,successful,415.78,2026-06-09 23:35:26
txn_0000764,cust_000214,deposit,successful,259.14,2026-03-11 10:13:46
txn_0000765,cust_000214,withdrawal,successful,215.2,2026-05-30 08:55:25
txn_0000766,cust_000214,deposit,successful,241.57,2026-04-19 23:55:41
txn_0000767,cust_000214,deposit,successful,294.24,2026-03-06 13:39:33
txn_0000768,cust_000214,deposit,successful,251.05,2026-03-05 09:38:39
txn_0000769,cust_000215,deposit,successful,379.36,2026-05-10 08:52:47
txn_0000770,cust_000215,deposit,successful,87.82,2026-04-05 00:38:52
txn_0000771,cust_000215,deposit,pending,244.0,2026-06-05 19:38:42
txn_0000772,cust_000215,withdrawal,successful,159.85,2026-06-29 20:33:07
txn_0000773,cust_000216,deposit,successful,8.05,2026-06-11 00:23:24
txn_0000774,cust_000216,withdrawal,successful,33.64,2026-04-02 15:15:57
txn_0000775,cust_000216,deposit,refunded,36.69,2026-05-11 15:21:23
txn_0000776,cust_000216,deposit,successful,59.12,2026-05-02 21:02:42
txn_0000777,cust_000217,deposit,cancelled,64.52,2026-02-06 14:34:54
txn_0000778,cust_000217,withdrawal,successful,43.55,2026-05-14 12:49:03
txn_0000779,cust_000217,deposit,successful,8.66,2026-06-19 03:23:45
txn_0000780,cust_000218,withdrawal,successful,61.02,2026-04-11 08:35:56
txn_0000781,cust_000218,deposit,successful,8.43,2026-06-27 09:08:07
txn_0000782,cust_000218,deposit,successful,25.45,2026-04-13 07:47:18
txn_0000783,cust_000219,deposit,successful,25.61,2026-06-18 03:35:41
txn_0000784,cust_000219,deposit,successful,12.29,2026-06-22 17:20:28
txn_0000785,cust_000219,deposit,successful,9.78,2026-06-20 08:46:31
txn_0000786,cust_000220,deposit,successful,52.61,2026-06-24 10:13:35
txn_0000787,cust_000220,deposit,successful,30.72,2026-06-04 14:38:30
txn_0000788,cust_000220,deposit,successful,39.65,2026-06-11 08:50:05
txn_0000789,cust_000221,deposit,successful,24.18,2026-05-23 17:49:01
txn_0000790,cust_000222,withdrawal,successful,268.94,2026-05-16 14:27:46
txn_0000791,cust_000222,deposit,successful,493.19,2026-06-08 05:59:00
txn_0000792,cust_000222,deposit,successful,253.17,2026-03-16 05:34:55
txn_0000793,cust_000222,deposit,successful,125.03,2026-05-07 14:00:12
txn_0000794,cust_000224,withdrawal,successful,60.8,2026-05-19 00:35:52
txn_0000795,cust_000224,deposit,successful,14.88,2026-05-17 04:40:54
txn_0000796,cust_000226,deposit,successful,20.85,2026-03-18 09:22:36
txn_0000797,cust_000226,withdrawal,pending,62.52,2026-03-06 21:32:28
txn_0000798,cust_000226,withdrawal,successful,35.64,2026-05-21 19:30:49
txn_0000799,cust_000227,deposit,successful,28.96,2026-04-17 03:40:25
txn_0000800,cust_000227,deposit,successful,62.13,2026-06-24 22:33:54
txn_0000801,cust_000227,deposit,successful,21.88,2026-05-09 03:39:37
txn_0000802,cust_000227,deposit,failed,66.96,2026-04-18 14:10:38
txn_0000803,cust_000228,deposit,successful,26.63,2026-06-19 10:05:49
txn_0000804,cust_000229,withdrawal,successful,17.92,2026-06-22 20:31:02
txn_0000805,cust_000229,deposit,successful,36.36,2026-06-22 16:55:17
txn_0000806,cust_000229,deposit,successful,51.42,2026-05-23 09:50:06
txn_0000807,cust_000231,withdrawal,successful,59.91,2026-06-27 22:11:41
txn_0000808,cust_000231,deposit,successful,17.48,2026-06-24 00:48:01
txn_0000809,cust_000231,deposit,successful,6.7,2026-06-25 11:51:23
txn_0000810,cust_000231,withdrawal,successful,46.4,2026-06-25 17:24:11
txn_0000811,cust_000232,withdrawal,successful,32.68,2026-06-04 10:40:43
txn_0000812,cust_000233,deposit,successful,14.95,2026-03-09 16:00:13
txn_0000813,cust_000234,deposit,successful,39.44,2026-05-19 18:37:34
txn_0000814,cust_000234,withdrawal,successful,64.76,2026-04-28 11:37:47
txn_0000815,cust_000234,withdrawal,successful,65.28,2026-04-15 19:00:54
txn_0000816,cust_000234,deposit,successful,23.36,2026-04-20 11:07:04
txn_0000817,cust_000235,deposit,successful,356.91,2026-03-14 06:38:02
txn_0000818,cust_000235,deposit,successful,437.98,2026-06-07 07:20:01
txn_0000819,cust_000235,deposit,successful,447.51,2026-04-27 11:49:26
txn_0000820,cust_000235,deposit,successful,371.64,2026-06-19 17:24:59
txn_0000821,cust_000235,deposit,successful,181.83,2026-03-19 14:37:27
txn_0000822,cust_000235,deposit,successful,213.52,2026-03-15 17:58:39
txn_0000823,cust_000235,deposit,successful,242.86,2026-06-01 10:45:43
txn_0000824,cust_000235,deposit,successful,391.07,2026-04-27 23:20:04
txn_0000825,cust_000235,deposit,successful,214.91,2026-04-09 19:22:48
txn_0000826,cust_000235,deposit,successful,408.0,2026-04-24 04:46:55
txn_0000827,cust_000235,deposit,successful,256.21,2026-03-22 09:11:20
txn_0000828,cust_000235,deposit,successful,204.1,2026-04-27 11:41:08
txn_0000829,cust_000235,deposit,successful,364.8,2026-06-03 10:54:18
txn_0000830,cust_000235,deposit,successful,116.61,2026-04-04 04:32:42
txn_0000831,cust_000236,deposit,refunded,213.23,2026-06-26 20:08:33
txn_0000832,cust_000236,deposit,successful,305.44,2026-06-21 22:06:32
txn_0000833,cust_000236,deposit,successful,182.7,2026-06-28 04:06:23
txn_0000834,cust_000236,withdrawal,successful,323.35,2026-06-21 18:40:43
txn_0000835,cust_000236,deposit,successful,62.6,2026-06-22 18:23:09
txn_0000836,cust_000236,deposit,successful,55.43,2026-06-27 02:10:14
txn_0000837,cust_000236,deposit,successful,232.63,2026-06-26 06:32:02
txn_0000838,cust_000236,deposit,successful,339.73,2026-06-24 04:15:34
txn_0000839,cust_000237,withdrawal,successful,220.09,2026-04-20 16:39:21
txn_0000840,cust_000237,deposit,successful,266.92,2026-05-19 23:46:52
txn_0000841,cust_000237,deposit,successful,476.13,2026-06-16 20:34:36
txn_0000842,cust_000237,deposit,successful,117.54,2026-03-22 13:21:37
txn_0000843,cust_000237,deposit,successful,342.5,2026-03-02 05:20:11
txn_0000844,cust_000237,withdrawal,successful,457.84,2026-06-11 00:15:43
txn_0000845,cust_000237,deposit,successful,454.16,2026-05-19 18:34:06
txn_0000846,cust_000237,deposit,successful,229.32,2026-02-13 09:02:52
txn_0000847,cust_000237,withdrawal,successful,172.16,2026-02-20 01:09:50
txn_0000848,cust_000237,withdrawal,successful,442.68,2026-05-22 09:59:57
txn_0000849,cust_000237,deposit,successful,285.33,2026-05-28 01:01:24
txn_0000850,cust_000238,withdrawal,successful,75.23,2026-06-10 23:06:54
txn_0000851,cust_000239,deposit,successful,8.02,2026-04-20 05:26:36
txn_0000852,cust_000239,deposit,failed,60.73,2026-04-11 20:52:56
txn_0000853,cust_000239,deposit,successful,72.74,2026-06-29 23:27:41
txn_0000854,cust_000240,deposit,successful,48.93,2026-06-14 20:12:41
txn_0000855,cust_000241,deposit,successful,28.91,2026-03-29 22:03:47
txn_0000856,cust_000241,deposit,successful,38.14,2026-04-11 14:29:35
txn_0000857,cust_000241,deposit,successful,49.87,2026-04-30 17:56:39
txn_0000858,cust_000241,deposit,failed,69.59,2026-06-11 10:48:23
txn_0000859,cust_000242,withdrawal,successful,137.66,2026-06-24 09:25:48
txn_0000860,cust_000242,deposit,successful,496.51,2026-06-06 07:08:59
txn_0000861,cust_000242,deposit,successful,271.67,2026-05-19 06:52:38
txn_0000862,cust_000242,deposit,successful,177.69,2026-06-11 22:10:24
txn_0000863,cust_000242,deposit,successful,162.06,2026-06-13 16:05:33
txn_0000864,cust_000242,deposit,successful,331.66,2026-05-22 23:33:55
txn_0000865,cust_000242,deposit,pending,269.41,2026-05-10 16:30:38
txn_0000866,cust_000242,deposit,successful,273.1,2026-06-07 16:21:33
txn_0000867,cust_000242,withdrawal,successful,187.09,2026-06-27 08:08:53
txn_0000868,cust_000242,withdrawal,successful,359.13,2026-06-23 22:22:30
txn_0000869,cust_000242,deposit,successful,393.28,2026-05-03 13:18:59
txn_0000870,cust_000242,deposit,successful,394.89,2026-05-24 01:41:27
txn_0000871,cust_000242,deposit,successful,144.63,2026-06-21 04:18:00
txn_0000872,cust_000242,withdrawal,successful,394.88,2026-05-11 15:10:07
txn_0000873,cust_000242,deposit,successful,348.17,2026-06-21 05:41:24
txn_0000874,cust_000243,deposit,failed,63.48,2026-05-27 22:56:15
txn_0000875,cust_000243,withdrawal,successful,75.07,2026-06-07 15:35:38
txn_0000876,cust_000243,deposit,successful,30.03,2026-05-06 11:08:46
txn_0000877,cust_000244,deposit,successful,36.9,2026-05-04 19:27:45
txn_0000878,cust_000244,deposit,successful,9.15,2026-05-23 11:09:16
txn_0000879,cust_000244,withdrawal,successful,78.12,2026-04-02 04:07:20
txn_0000880,cust_000245,deposit,successful,54.65,2026-04-10 12:11:18
txn_0000881,cust_000246,deposit,successful,242.37,2026-04-10 11:54:36
txn_0000882,cust_000246,deposit,successful,408.86,2026-03-17 17:30:51
txn_0000883,cust_000246,deposit,successful,98.08,2026-04-01 04:45:36
txn_0000884,cust_000247,withdrawal,successful,40.24,2026-06-26 18:49:31
txn_0000885,cust_000247,withdrawal,successful,56.59,2026-06-16 22:27:22
txn_0000886,cust_000247,deposit,successful,79.02,2026-06-11 14:23:23
txn_0000887,cust_000249,deposit,successful,45.34,2026-06-10 09:37:01
txn_0000888,cust_000249,deposit,successful,15.07,2026-06-19 21:44:04
txn_0000889,cust_000250,deposit,successful,16.38,2026-06-29 01:33:58
txn_0000890,cust_000250,deposit,successful,47.14,2026-02-27 20:02:27
txn_0000891,cust_000250,deposit,successful,62.21,2026-05-06 03:16:17
txn_0000892,cust_000251,withdrawal,successful,113.21,2026-03-16 05:50:12
txn_0000893,cust_000251,deposit,successful,480.74,2026-05-11 23:09:55
txn_0000894,cust_000251,deposit,successful,132.86,2026-04-22 17:06:01
txn_0000895,cust_000251,withdrawal,successful,139.54,2026-05-15 15:56:55
txn_0000896,cust_000251,deposit,successful,113.12,2026-03-16 11:49:56
txn_0000897,cust_000251,withdrawal,successful,409.14,2026-06-14 10:35:25
txn_0000898,cust_000251,deposit,cancelled,218.06,2026-06-19 11:18:44
txn_0000899,cust_000252,deposit,successful,64.26,2026-05-15 18:07:42
txn_0000900,cust_000252,deposit,successful,10.03,2026-06-14 14:11:53
txn_0000901,cust_000252,deposit,successful,63.54,2026-06-07 04:54:41
txn_0000902,cust_000252,deposit,successful,48.04,2026-04-22 12:25:34
txn_0000903,cust_000253,deposit,successful,10.48,2026-06-06 00:08:32
txn_0000904,cust_000254,withdrawal,successful,71.7,2026-04-22 15:09:26
txn_0000905,cust_000254,deposit,successful,10.48,2026-03-30 03:54:46
txn_0000906,cust_000254,deposit,refunded,63.58,2026-05-07 11:19:31
txn_0000907,cust_000256,deposit,successful,27.04,2026-05-27 19:14:10
txn_0000908,cust_000256,deposit,successful,21.89,2026-04-02 19:53:41
txn_0000909,cust_000256,withdrawal,successful,48.83,2026-04-23 15:22:16
txn_0000910,cust_000257,withdrawal,failed,66.61,2026-06-08 12:07:25
txn_0000911,cust_000258,deposit,successful,19.16,2026-02-21 15:11:23
txn_0000912,cust_000258,deposit,successful,6.97,2026-02-11 14:12:42
txn_0000913,cust_000258,deposit,successful,14.55,2026-06-23 08:33:42
txn_0000914,cust_000258,deposit,successful,74.63,2026-03-25 05:34:24
txn_0000915,cust_000259,deposit,failed,495.95,2026-04-07 09:18:18
txn_0000916,cust_000259,deposit,failed,209.91,2026-06-13 23:23:24
txn_0000917,cust_000259,withdrawal,successful,105.4,2026-04-10 08:52:31
txn_0000918,cust_000259,deposit,successful,434.38,2026-06-08 11:01:21
txn_0000919,cust_000259,deposit,successful,229.63,2026-04-10 03:46:35
txn_0000920,cust_000262,deposit,successful,73.5,2026-06-07 04:42:15
txn_0000921,cust_000263,deposit,successful,104.16,2026-06-13 04:14:45
txn_0000922,cust_000263,deposit,successful,236.81,2026-06-18 09:11:29
txn_0000923,cust_000263,deposit,successful,211.94,2026-06-27 14:35:35
txn_0000924,cust_000263,deposit,successful,57.27,2026-06-25 04:23:22
txn_0000925,cust_000263,withdrawal,successful,209.61,2026-06-07 20:35:07
txn_0000926,cust_000263,deposit,successful,475.67,2026-06-24 01:49:12
txn_0000927,cust_000263,withdrawal,successful,342.69,2026-06-07 02:23:35
txn_0000928,cust_000263,deposit,successful,478.09,2026-06-03 18:27:59
txn_0000929,cust_000263,withdrawal,successful,70.42,2026-06-18 16:38:16
txn_0000930,cust_000263,deposit,successful,107.58,2026-06-03 10:48:17
txn_0000931,cust_000263,withdrawal,successful,77.53,2026-06-04 21:25:39
txn_0000932,cust_000263,deposit,successful,217.27,2026-06-17 05:28:05
txn_0000933,cust_000263,deposit,successful,128.59,2026-06-11 08:53:01
txn_0000934,cust_000263,withdrawal,successful,214.28,2026-06-11 19:35:47
txn_0000935,cust_000263,deposit,successful,273.9,2026-06-04 10:55:45
txn_0000936,cust_000264,deposit,successful,62.82,2026-05-16 08:18:26
txn_0000937,cust_000264,withdrawal,failed,65.4,2026-06-14 08:41:59
txn_0000938,cust_000264,withdrawal,successful,292.76,2026-03-24 00:42:11
txn_0000939,cust_000264,deposit,failed,121.18,2026-04-16 23:02:48
txn_0000940,cust_000264,deposit,pending,238.95,2026-04-01 21:19:42
txn_0000941,cust_000264,withdrawal,successful,492.52,2026-06-13 04:24:58
txn_0000942,cust_000264,withdrawal,successful,435.61,2026-04-10 02:22:28
txn_0000943,cust_000265,deposit,successful,454.8,2026-06-28 09:29:45
txn_0000944,cust_000265,deposit,successful,480.61,2026-06-25 20:58:02
txn_0000945,cust_000265,withdrawal,successful,386.92,2026-06-28 23:04:40
txn_0000946,cust_000265,withdrawal,successful,281.63,2026-06-22 07:45:28
txn_0000947,cust_000265,deposit,successful,384.43,2026-06-18 23:52:42
txn_0000948,cust_000265,deposit,successful,162.4,2026-06-19 13:17:59
txn_0000949,cust_000265,withdrawal,successful,197.88,2026-06-24 07:24:29
txn_0000950,cust_000265,withdrawal,successful,282.61,2026-06-29 14:52:24
txn_0000951,cust_000265,deposit,successful,197.57,2026-06-20 04:43:29
txn_0000952,cust_000265,withdrawal,successful,386.57,2026-06-17 19:56:15
txn_0000953,cust_000266,deposit,successful,6.07,2026-05-08 16:29:33
txn_0000954,cust_000267,deposit,successful,34.76,2026-05-31 20:36:35
txn_0000955,cust_000268,withdrawal,successful,52.15,2026-05-20 05:29:06
txn_0000956,cust_000268,deposit,successful,79.45,2026-06-14 21:28:44
txn_0000957,cust_000269,deposit,successful,60.87,2026-02-22 21:04:36
txn_0000958,cust_000269,withdrawal,successful,30.29,2026-04-06 12:09:59
txn_0000959,cust_000269,deposit,successful,62.9,2026-05-05 15:14:22
txn_0000960,cust_000270,deposit,successful,43.93,2026-06-28 05:05:34
txn_0000961,cust_000270,deposit,successful,6.91,2026-06-04 17:18:03
txn_0000962,cust_000271,deposit,successful,104.12,2026-05-06 18:58:04
txn_0000963,cust_000271,deposit,cancelled,188.16,2026-05-29 18:01:23
txn_0000964,cust_000271,withdrawal,successful,484.83,2026-05-04 01:19:39
txn_0000965,cust_000271,withdrawal,successful,137.7,2026-06-14 14:29:38
txn_0000966,cust_000271,deposit,successful,139.4,2026-04-27 14:57:31
txn_0000967,cust_000271,deposit,successful,303.3,2026-05-10 17:39:09
txn_0000968,cust_000271,deposit,refunded,213.2,2026-06-16 18:20:38
txn_0000969,cust_000271,deposit,successful,125.04,2026-06-16 13:01:00
txn_0000970,cust_000271,deposit,successful,335.44,2026-06-26 15:26:28
txn_0000971,cust_000271,withdrawal,successful,293.37,2026-05-10 18:18:16
txn_0000972,cust_000272,withdrawal,successful,8.67,2026-04-20 01:32:15
txn_0000973,cust_000273,deposit,successful,44.13,2026-06-25 11:22:51
txn_0000974,cust_000273,withdrawal,successful,15.21,2026-04-30 06:07:51
txn_0000975,cust_000273,deposit,successful,58.13,2026-04-23 09:38:22
txn_0000976,cust_000274,deposit,successful,317.29,2026-06-20 01:20:00
txn_0000977,cust_000274,withdrawal,successful,114.71,2026-03-20 05:51:38
txn_0000978,cust_000274,deposit,successful,226.06,2026-04-09 01:57:35
txn_0000979,cust_000274,withdrawal,successful,137.02,2026-06-15 20:12:00
txn_0000980,cust_000274,deposit,successful,113.2,2026-04-15 15:16:06
txn_0000981,cust_000274,deposit,successful,474.95,2026-06-14 18:37:49
txn_0000982,cust_000274,deposit,successful,392.26,2026-04-15 11:47:04
txn_0000983,cust_000274,withdrawal,successful,285.91,2026-04-22 10:06:48
txn_0000984,cust_000274,deposit,successful,347.19,2026-04-07 02:02:33
txn_0000985,cust_000274,deposit,pending,254.47,2026-06-19 10:58:20
txn_0000986,cust_000274,withdrawal,successful,443.86,2026-04-28 06:55:58
txn_0000987,cust_000274,deposit,successful,100.78,2026-04-11 14:29:39
txn_0000988,cust_000274,deposit,successful,391.31,2026-05-26 15:00:06
txn_0000989,cust_000274,withdrawal,successful,481.88,2026-06-18 03:39:23
txn_0000990,cust_000275,deposit,successful,36.63,2026-06-19 23:44:42
txn_0000991,cust_000275,deposit,failed,68.17,2026-06-05 04:55:17
txn_0000992,cust_000275,deposit,successful,29.66,2026-06-27 07:18:52
txn_0000993,cust_000276,deposit,successful,55.82,2026-02-08 03:14:35
txn_0000994,cust_000276,deposit,successful,272.74,2026-05-16 17:57:06
txn_0000995,cust_000276,withdrawal,successful,498.79,2026-02-12 04:30:50
txn_0000996,cust_000276,deposit,successful,426.84,2026-05-20 19:09:00
txn_0000997,cust_000276,deposit,successful,222.16,2026-06-01 15:02:28
txn_0000998,cust_000276,deposit,successful,339.2,2026-06-26 02:26:38
txn_0000999,cust_000276,deposit,successful,157.38,2026-06-20 08:38:27
txn_0001000,cust_000276,deposit,successful,239.82,2026-05-20 05:56:19
txn_0001001,cust_000277,withdrawal,successful,404.66,2026-06-29 22:14:20
txn_0001002,cust_000277,deposit,successful,66.77,2026-06-29 04:07:59
txn_0001003,cust_000277,deposit,successful,351.08,2026-06-28 14:53:06
txn_0001004,cust_000277,deposit,successful,333.73,2026-06-26 03:30:58
txn_0001005,cust_000277,deposit,successful,410.85,2026-06-28 12:01:22
txn_0001006,cust_000277,deposit,successful,211.37,2026-06-27 12:55:14
txn_0001007,cust_000277,withdrawal,successful,174.48,2026-06-27 12:13:10
txn_0001008,cust_000277,withdrawal,successful,168.43,2026-06-29 20:27:01
txn_0001009,cust_000278,deposit,successful,29.14,2026-05-17 21:14:09
txn_0001010,cust_000278,deposit,successful,17.9,2026-06-19 08:21:47
txn_0001011,cust_000278,deposit,successful,51.23,2026-03-21 07:31:43
txn_0001012,cust_000278,deposit,failed,28.74,2026-02-25 04:33:26
txn_0001013,cust_000280,deposit,successful,190.82,2026-05-05 10:12:02
txn_0001014,cust_000280,withdrawal,successful,140.97,2026-05-03 03:44:49
txn_0001015,cust_000280,withdrawal,successful,412.65,2026-04-28 17:16:11
txn_0001016,cust_000280,deposit,successful,125.84,2026-06-28 03:21:01
txn_0001017,cust_000280,deposit,successful,458.97,2026-04-26 03:34:54
txn_0001018,cust_000280,deposit,successful,301.96,2026-06-08 11:24:11
txn_0001019,cust_000280,deposit,successful,139.38,2026-04-03 08:56:31
txn_0001020,cust_000280,withdrawal,successful,348.44,2026-06-20 03:24:07
txn_0001021,cust_000280,deposit,failed,289.77,2026-04-29 00:38:22
txn_0001022,cust_000280,deposit,successful,430.25,2026-04-06 01:27:58
txn_0001023,cust_000280,deposit,successful,182.26,2026-06-12 12:36:36
txn_0001024,cust_000280,deposit,successful,249.14,2026-04-17 19:52:47
txn_0001025,cust_000280,deposit,successful,496.7,2026-05-30 19:26:14
txn_0001026,cust_000281,deposit,successful,70.64,2026-05-27 21:51:19
txn_0001027,cust_000282,withdrawal,successful,183.56,2026-04-16 04:56:12
txn_0001028,cust_000282,deposit,successful,427.07,2026-05-31 22:06:30
txn_0001029,cust_000282,deposit,successful,136.51,2026-06-09 03:44:08
txn_0001030,cust_000282,withdrawal,pending,332.26,2026-05-23 19:10:28
txn_0001031,cust_000282,withdrawal,successful,167.67,2026-06-26 12:09:11
txn_0001032,cust_000283,withdrawal,failed,32.77,2026-04-01 18:04:19
txn_0001033,cust_000283,deposit,successful,45.53,2026-03-11 04:01:44
txn_0001034,cust_000284,deposit,successful,64.67,2026-05-21 23:18:28
txn_0001035,cust_000284,deposit,successful,58.13,2026-06-16 06:27:11
txn_0001036,cust_000285,deposit,successful,374.05,2026-06-02 02:52:09
txn_0001037,cust_000285,deposit,successful,259.38,2026-06-01 17:52:24
txn_0001038,cust_000285,deposit,refunded,273.71,2026-06-22 12:18:47
txn_0001039,cust_000285,deposit,successful,59.95,2026-05-27 15:15:14
txn_0001040,cust_000285,deposit,successful,264.48,2026-06-13 17:58:26
txn_0001041,cust_000285,deposit,successful,79.44,2026-06-14 09:50:25
txn_0001042,cust_000285,deposit,successful,371.13,2026-05-13 16:15:32
txn_0001043,cust_000285,deposit,successful,493.79,2026-05-23 22:44:37
txn_0001044,cust_000285,deposit,successful,198.74,2026-06-09 13:54:42
txn_0001045,cust_000285,deposit,successful,114.9,2026-06-19 12:42:34
txn_0001046,cust_000285,withdrawal,successful,438.23,2026-06-10 12:44:29
txn_0001047,cust_000285,withdrawal,successful,314.35,2026-06-14 19:00:53
txn_0001048,cust_000287,deposit,successful,378.67,2026-05-13 08:02:06
txn_0001049,cust_000287,withdrawal,successful,398.18,2026-06-18 19:18:42
txn_0001050,cust_000287,deposit,successful,342.23,2026-02-27 17:25:19
txn_0001051,cust_000287,deposit,successful,92.37,2026-03-11 07:15:46
txn_0001052,cust_000287,deposit,successful,412.21,2026-05-08 05:39:11
txn_0001053,cust_000287,deposit,successful,132.35,2026-04-29 15:52:20
txn_0001054,cust_000287,deposit,successful,445.58,2026-05-16 13:37:37
txn_0001055,cust_000287,deposit,successful,140.27,2026-05-10 22:47:20
txn_0001056,cust_000287,withdrawal,successful,202.87,2026-03-09 20:08:10
txn_0001057,cust_000287,deposit,successful,445.69,2026-02-25 23:04:27
txn_0001058,cust_000287,deposit,cancelled,92.97,2026-05-05 10:59:27
txn_0001059,cust_000290,withdrawal,successful,27.97,2026-05-02 08:32:26
txn_0001060,cust_000290,withdrawal,successful,69.45,2026-05-01 09:25:52
txn_0001061,cust_000291,deposit,successful,18.63,2026-04-24 17:47:11
txn_0001062,cust_000291,deposit,successful,73.45,2026-05-30 15:51:16
txn_0001063,cust_000291,withdrawal,successful,57.98,2026-04-13 13:47:58
txn_0001064,cust_000291,deposit,successful,66.08,2026-02-15 21:41:24
txn_0001065,cust_000292,deposit,successful,413.24,2026-03-27 08:33:35
txn_0001066,cust_000292,deposit,successful,357.36,2026-05-10 18:42:34
txn_0001067,cust_000292,deposit,cancelled,273.94,2026-03-23 08:44:10
txn_0001068,cust_000292,withdrawal,successful,472.02,2026-05-08 12:22:57
txn_0001069,cust_000292,withdrawal,successful,402.83,2026-05-18 12:09:10
txn_0001070,cust_000292,deposit,successful,202.25,2026-03-16 17:04:56
txn_0001071,cust_000292,deposit,successful,134.75,2026-06-07 07:08:43
txn_0001072,cust_000292,withdrawal,successful,414.91,2026-06-05 06:56:07
txn_0001073,cust_000292,deposit,successful,94.45,2026-06-26 18:52:49
txn_0001074,cust_000292,deposit,successful,460.34,2026-05-05 05:53:07
txn_0001075,cust_000292,deposit,successful,227.38,2026-06-13 07:10:17
txn_0001076,cust_000293,deposit,refunded,38.59,2026-04-01 07:21:44
txn_0001077,cust_000293,deposit,successful,35.32,2026-05-27 18:47:29
txn_0001078,cust_000294,deposit,successful,29.11,2026-05-19 03:04:47
txn_0001079,cust_000294,withdrawal,successful,79.42,2026-06-26 07:31:33
txn_0001080,cust_000294,deposit,refunded,44.57,2026-05-14 08:25:42
txn_0001081,cust_000295,deposit,successful,386.53,2026-06-13 00:54:14
txn_0001082,cust_000295,deposit,successful,382.67,2026-05-17 10:51:57
txn_0001083,cust_000295,deposit,successful,223.21,2026-05-16 09:54:54
txn_0001084,cust_000295,deposit,successful,443.17,2026-06-22 10:13:15
txn_0001085,cust_000295,deposit,successful,278.94,2026-05-04 07:26:45
txn_0001086,cust_000295,withdrawal,failed,94.39,2026-05-07 19:48:19
txn_0001087,cust_000295,deposit,successful,194.14,2026-06-25 04:02:13
txn_0001088,cust_000296,deposit,successful,50.98,2026-06-23 08:34:43
txn_0001089,cust_000296,deposit,successful,74.32,2026-03-13 14:08:30
txn_0001090,cust_000296,withdrawal,successful,78.83,2026-04-24 05:24:35
txn_0001091,cust_000296,deposit,successful,73.82,2026-05-02 04:38:16
txn_0001092,cust_000297,deposit,failed,51.63,2026-05-06 19:15:00
txn_0001093,cust_000297,withdrawal,successful,20.37,2026-05-19 03:29:22
txn_0001094,cust_000297,deposit,successful,35.69,2026-05-11 22:28:39
txn_0001095,cust_000297,withdrawal,successful,25.86,2026-06-01 05:33:41
txn_0001096,cust_000298,deposit,successful,50.01,2026-02-19 05:02:54
txn_0001097,cust_000298,deposit,successful,62.53,2026-05-16 03:36:11
txn_0001098,cust_000298,deposit,failed,52.82,2026-01-14 16:40:02
txn_0001099,cust_000299,deposit,refunded,18.75,2026-04-03 21:54:50
txn_0001100,cust_000299,deposit,successful,76.65,2026-05-10 19:22:21
txn_0001101,cust_000299,deposit,successful,45.22,2026-05-16 07:17:44
txn_0001102,cust_000300,withdrawal,successful,227.71,2026-05-12 14:13:25
txn_0001103,cust_000300,deposit,successful,299.64,2026-05-09 09:34:00
txn_0001104,cust_000300,deposit,successful,261.03,2026-05-04 11:10:32
txn_0001105,cust_000300,withdrawal,successful,133.02,2026-06-07 16:15:15
txn_0001106,cust_000301,deposit,successful,51.15,2026-06-18 03:55:01
txn_0001107,cust_000302,withdrawal,successful,8.08,2026-06-24 08:23:22
txn_0001108,cust_000302,deposit,successful,62.64,2026-03-03 16:39:40
txn_0001109,cust_000302,deposit,refunded,76.14,2026-01-28 18:13:43
txn_0001110,cust_000302,deposit,successful,31.26,2026-03-01 02:01:28
txn_0001111,cust_000303,deposit,successful,16.48,2026-06-03 10:46:19
txn_0001112,cust_000303,deposit,successful,52.04,2026-05-24 22:19:57
txn_0001113,cust_000303,deposit,successful,70.35,2026-05-17 05:29:16
txn_0001114,cust_000304,deposit,pending,46.76,2026-05-30 22:38:16
txn_0001115,cust_000304,deposit,successful,13.35,2026-05-08 12:09:04
txn_0001116,cust_000304,deposit,failed,51.39,2026-05-04 16:41:20
txn_0001117,cust_000304,withdrawal,successful,7.88,2026-06-07 23:01:46
txn_0001118,cust_000306,withdrawal,successful,47.2,2026-03-21 15:56:34
txn_0001119,cust_000306,withdrawal,successful,69.28,2026-04-13 05:34:21
txn_0001120,cust_000306,withdrawal,successful,6.48,2026-04-04 08:30:39
txn_0001121,cust_000307,deposit,successful,33.95,2026-06-28 22:57:07
txn_0001122,cust_000307,deposit,successful,61.11,2026-06-29 18:16:54
txn_0001123,cust_000307,deposit,successful,78.51,2026-06-28 01:07:58
txn_0001124,cust_000307,deposit,successful,16.49,2026-06-29 17:25:56
txn_0001125,cust_000308,deposit,pending,52.78,2026-06-02 20:26:25
txn_0001126,cust_000309,deposit,successful,32.61,2026-05-27 18:46:56
txn_0001127,cust_000309,deposit,successful,8.19,2026-05-26 23:45:11
txn_0001128,cust_000310,deposit,successful,14.38,2026-06-08 02:31:55
txn_0001129,cust_000311,deposit,successful,71.27,2026-05-09 18:39:27
txn_0001130,cust_000311,deposit,successful,39.76,2026-05-03 10:16:29
txn_0001131,cust_000311,deposit,successful,59.25,2026-03-14 20:21:33
txn_0001132,cust_000312,withdrawal,successful,19.6,2026-05-28 08:52:24
txn_0001133,cust_000313,deposit,successful,72.53,2026-06-24 09:51:08
txn_0001134,cust_000313,deposit,successful,33.11,2026-06-24 22:53:57
txn_0001135,cust_000313,deposit,successful,13.15,2026-06-25 16:57:54
txn_0001136,cust_000313,deposit,successful,70.26,2026-06-29 09:36:43
txn_0001137,cust_000314,deposit,failed,450.47,2026-06-26 18:46:08
txn_0001138,cust_000314,deposit,successful,131.14,2026-06-20 23:03:52
txn_0001139,cust_000314,deposit,cancelled,305.33,2026-06-18 17:41:18
txn_0001140,cust_000314,deposit,successful,396.16,2026-06-27 08:21:59
txn_0001141,cust_000314,deposit,successful,117.81,2026-06-09 14:27:54
txn_0001142,cust_000314,deposit,successful,393.18,2026-06-06 08:06:27
txn_0001143,cust_000314,deposit,successful,288.76,2026-06-29 17:24:36
txn_0001144,cust_000314,deposit,successful,404.13,2026-06-04 17:05:18
txn_0001145,cust_000316,withdrawal,successful,28.5,2026-03-13 11:10:59
txn_0001146,cust_000316,deposit,successful,76.85,2026-03-25 05:51:37
txn_0001147,cust_000317,withdrawal,successful,48.76,2026-05-23 15:10:06
txn_0001148,cust_000317,deposit,successful,26.73,2026-05-10 00:17:15
txn_0001149,cust_000317,deposit,failed,17.24,2026-05-07 18:13:30
txn_0001150,cust_000317,deposit,successful,16.87,2026-06-01 18:37:24
txn_0001151,cust_000318,deposit,successful,431.6,2026-06-11 23:27:50
txn_0001152,cust_000318,deposit,successful,459.13,2026-02-26 11:25:16
txn_0001153,cust_000318,deposit,successful,262.77,2026-04-12 23:21:06
txn_0001154,cust_000318,withdrawal,failed,359.65,2026-05-22 19:46:30
txn_0001155,cust_000318,deposit,successful,307.36,2026-05-22 13:47:26
txn_0001156,cust_000318,deposit,failed,475.97,2026-05-04 11:48:01
txn_0001157,cust_000318,deposit,successful,448.92,2026-02-14 12:10:39
txn_0001158,cust_000319,deposit,failed,73.76,2026-05-21 10:22:56
txn_0001159,cust_000319,deposit,successful,77.12,2026-04-13 06:42:03
txn_0001160,cust_000321,deposit,successful,492.61,2026-06-14 06:19:39
txn_0001161,cust_000321,deposit,successful,237.98,2026-06-13 15:46:33
txn_0001162,cust_000321,withdrawal,failed,281.04,2026-05-25 07:43:23
txn_0001163,cust_000321,withdrawal,successful,270.32,2026-05-17 03:18:52
txn_0001164,cust_000321,deposit,cancelled,365.23,2026-05-27 14:13:36
txn_0001165,cust_000321,deposit,successful,68.21,2026-06-01 09:14:12
txn_0001166,cust_000321,deposit,successful,346.73,2026-06-07 05:42:38
txn_0001167,cust_000321,deposit,successful,490.21,2026-06-27 08:00:00
txn_0001168,cust_000323,deposit,successful,19.97,2026-06-12 11:30:50
txn_0001169,cust_000323,deposit,successful,55.39,2026-06-27 18:04:10
txn_0001170,cust_000324,deposit,refunded,35.54,2026-06-06 10:22:46
txn_0001171,cust_000324,deposit,successful,46.43,2026-05-05 19:05:17
txn_0001172,cust_000324,deposit,successful,73.91,2026-06-11 08:33:56
txn_0001173,cust_000324,withdrawal,successful,69.61,2026-05-16 20:50:54
txn_0001174,cust_000325,deposit,successful,62.15,2026-06-28 13:39:39
txn_0001175,cust_000326,deposit,successful,307.36,2026-02-06 21:43:14
txn_0001176,cust_000326,deposit,successful,54.34,2026-01-22 15:26:35
txn_0001177,cust_000326,deposit,successful,459.01,2026-06-25 23:14:15
txn_0001178,cust_000326,deposit,successful,486.1,2026-06-26 04:46:56
txn_0001179,cust_000327,deposit,successful,325.65,2026-03-26 13:12:58
txn_0001180,cust_000327,deposit,successful,133.51,2026-03-21 18:12:45
txn_0001181,cust_000327,deposit,successful,406.22,2026-05-29 01:47:00
txn_0001182,cust_000327,deposit,successful,224.11,2026-03-21 10:05:11
txn_0001183,cust_000327,deposit,successful,368.71,2026-04-13 07:29:00
txn_0001184,cust_000327,deposit,successful,179.63,2026-06-05 02:40:45
txn_0001185,cust_000327,deposit,successful,249.13,2026-03-17 21:31:18
txn_0001186,cust_000327,withdrawal,successful,168.47,2026-04-13 09:26:39
txn_0001187,cust_000327,deposit,successful,364.99,2026-04-11 18:24:51
txn_0001188,cust_000327,withdrawal,successful,431.88,2026-04-11 07:42:25
txn_0001189,cust_000327,deposit,successful,335.88,2026-05-21 15:17:09
txn_0001190,cust_000327,deposit,successful,338.27,2026-06-12 09:10:51
txn_0001191,cust_000327,deposit,successful,380.95,2026-05-11 22:41:36
txn_0001192,cust_000328,deposit,successful,176.65,2026-04-20 10:25:45
txn_0001193,cust_000328,deposit,successful,204.9,2026-05-13 22:55:26
txn_0001194,cust_000328,deposit,failed,243.54,2026-06-14 09:23:14
txn_0001195,cust_000328,deposit,successful,55.4,2026-05-09 07:05:48
txn_0001196,cust_000328,withdrawal,successful,397.12,2026-05-23 02:27:44
txn_0001197,cust_000328,deposit,successful,355.19,2026-05-24 18:55:59
txn_0001198,cust_000328,deposit,successful,193.58,2026-06-16 12:42:05
txn_0001199,cust_000328,withdrawal,successful,274.86,2026-05-01 23:11:44
txn_0001200,cust_000328,deposit,successful,135.63,2026-06-07 07:54:15
txn_0001201,cust_000328,withdrawal,successful,234.38,2026-04-30 06:18:17
txn_0001202,cust_000328,withdrawal,successful,430.92,2026-06-12 07:24:02
txn_0001203,cust_000328,deposit,successful,258.98,2026-06-22 07:01:49
txn_0001204,cust_000328,deposit,successful,238.82,2026-05-03 10:25:46
txn_0001205,cust_000329,deposit,successful,79.23,2026-03-18 01:43:12
txn_0001206,cust_000329,withdrawal,failed,37.58,2026-01-05 17:00:44
txn_0001207,cust_000330,deposit,successful,147.65,2026-05-25 20:32:25
txn_0001208,cust_000330,deposit,successful,201.79,2026-06-03 07:13:10
txn_0001209,cust_000330,withdrawal,successful,423.4,2026-06-06 11:15:28
txn_0001210,cust_000330,deposit,successful,268.94,2026-05-26 10:36:23
txn_0001211,cust_000330,deposit,successful,269.3,2026-05-23 12:24:32
txn_0001212,cust_000333,deposit,successful,50.59,2026-06-05 13:35:03
txn_0001213,cust_000333,deposit,successful,65.27,2026-06-08 23:17:10
txn_0001214,cust_000334,deposit,successful,202.36,2026-04-14 19:08:26
txn_0001215,cust_000334,deposit,successful,319.6,2026-04-07 15:50:59
txn_0001216,cust_000334,withdrawal,successful,413.21,2026-05-26 11:57:32
txn_0001217,cust_000334,deposit,successful,78.41,2026-06-14 22:46:38
txn_0001218,cust_000334,deposit,failed,475.06,2026-04-24 16:08:08
txn_0001219,cust_000334,withdrawal,successful,335.24,2026-05-14 16:31:41
txn_0001220,cust_000334,deposit,successful,299.75,2026-05-08 11:22:14
txn_0001221,cust_000335,withdrawal,successful,77.41,2026-06-23 13:01:48
txn_0001222,cust_000336,deposit,successful,49.46,2026-05-24 12:00:28
txn_0001223,cust_000337,deposit,successful,40.23,2026-06-09 08:17:23
txn_0001224,cust_000337,deposit,successful,33.81,2026-05-17 15:21:42
txn_0001225,cust_000337,deposit,failed,41.82,2026-06-07 16:36:14
txn_0001226,cust_000338,withdrawal,successful,38.71,2026-05-29 05:58:25
txn_0001227,cust_000338,deposit,successful,58.39,2026-06-08 09:48:30
txn_0001228,cust_000339,deposit,successful,150.5,2026-06-08 23:17:35
txn_0001229,cust_000339,deposit,successful,267.15,2026-06-27 03:06:45
txn_0001230,cust_000339,deposit,failed,268.11,2026-06-12 12:52:06
txn_0001231,cust_000339,deposit,refunded,420.86,2026-06-06 17:05:05
txn_0001232,cust_000339,deposit,successful,322.29,2026-06-26 00:14:22
txn_0001233,cust_000339,deposit,successful,285.58,2026-06-06 11:07:30
txn_0001234,cust_000339,withdrawal,successful,240.35,2026-06-15 06:04:55
txn_0001235,cust_000339,deposit,successful,141.91,2026-06-09 16:04:22
txn_0001236,cust_000339,deposit,successful,393.07,2026-06-28 06:18:02
txn_0001237,cust_000339,deposit,successful,251.01,2026-06-04 03:59:01
txn_0001238,cust_000340,withdrawal,successful,28.56,2026-06-09 15:20:36
txn_0001239,cust_000340,deposit,successful,57.97,2026-04-16 04:51:44
txn_0001240,cust_000340,deposit,successful,29.21,2026-04-09 11:30:35
txn_0001241,cust_000341,deposit,successful,264.7,2026-04-23 07:11:12
txn_0001242,cust_000341,deposit,successful,297.56,2026-03-19 19:45:43
txn_0001243,cust_000341,deposit,successful,130.1,2026-03-23 19:20:21
txn_0001244,cust_000341,deposit,successful,177.31,2026-05-10 23:29:28
txn_0001245,cust_000341,deposit,successful,280.27,2026-06-26 12:17:17
txn_0001246,cust_000341,deposit,successful,78.75,2026-04-12 10:40:50
txn_0001247,cust_000341,deposit,successful,123.52,2026-04-17 12:20:02
txn_0001248,cust_000341,deposit,successful,487.54,2026-03-16 23:11:54
txn_0001249,cust_000343,deposit,successful,45.88,2026-05-05 18:44:39
txn_0001250,cust_000343,deposit,successful,57.09,2026-05-04 21:26:52
txn_0001251,cust_000343,deposit,failed,38.64,2026-03-29 05:52:34
txn_0001252,cust_000344,deposit,successful,22.94,2026-06-14 00:56:08
txn_0001253,cust_000344,deposit,successful,53.22,2026-06-05 13:08:50
txn_0001254,cust_000346,withdrawal,successful,76.25,2026-04-02 04:18:01
txn_0001255,cust_000347,deposit,successful,34.06,2026-04-18 17:03:26
txn_0001256,cust_000347,deposit,successful,62.42,2026-05-25 01:55:23
txn_0001257,cust_000348,deposit,successful,10.1,2026-06-05 19:19:50
txn_0001258,cust_000348,deposit,successful,48.71,2026-04-04 13:34:31
txn_0001259,cust_000348,deposit,successful,71.12,2026-06-11 22:22:27
txn_0001260,cust_000349,deposit,successful,16.42,2026-04-21 15:48:34
txn_0001261,cust_000349,deposit,successful,26.11,2026-05-31 11:12:36
txn_0001262,cust_000349,withdrawal,successful,67.61,2026-04-16 12:30:30
txn_0001263,cust_000350,deposit,successful,72.34,2026-04-04 12:12:04
txn_0001264,cust_000351,withdrawal,successful,38.42,2026-04-27 19:08:58
txn_0001265,cust_000351,deposit,successful,20.34,2026-06-03 09:19:41
txn_0001266,cust_000351,withdrawal,successful,60.71,2026-05-05 08:41:52
txn_0001267,cust_000352,withdrawal,successful,386.27,2026-06-19 17:09:20
txn_0001268,cust_000352,deposit,successful,316.97,2026-06-27 01:01:28
txn_0001269,cust_000352,deposit,failed,331.75,2026-06-15 10:46:36
txn_0001270,cust_000352,deposit,successful,147.56,2026-05-27 05:59:19
txn_0001271,cust_000352,deposit,successful,131.41,2026-06-24 06:32:20
txn_0001272,cust_000352,deposit,cancelled,224.86,2026-06-18 22:47:36
txn_0001273,cust_000352,withdrawal,successful,389.24,2026-06-13 05:09:46
txn_0001274,cust_000352,withdrawal,successful,178.4,2026-06-12 23:15:10
txn_0001275,cust_000352,deposit,successful,84.95,2026-05-27 01:32:41
txn_0001276,cust_000352,withdrawal,refunded,328.67,2026-05-16 12:21:02
txn_0001277,cust_000352,deposit,successful,50.0,2026-06-29 03:42:51
txn_0001278,cust_000352,deposit,successful,93.75,2026-05-22 17:48:57
txn_0001279,cust_000353,deposit,successful,10.71,2026-04-21 09:28:17
txn_0001280,cust_000353,deposit,successful,72.39,2026-02-14 19:04:40
txn_0001281,cust_000353,deposit,refunded,14.02,2026-03-19 17:48:45
txn_0001282,cust_000355,deposit,successful,6.08,2026-05-08 22:48:14
txn_0001283,cust_000355,deposit,successful,57.12,2026-06-17 06:58:42
txn_0001284,cust_000355,deposit,successful,40.98,2026-06-15 16:25:21
txn_0001285,cust_000357,deposit,successful,7.24,2026-05-07 06:55:41
txn_0001286,cust_000357,deposit,failed,18.13,2026-05-14 02:02:10
txn_0001287,cust_000357,withdrawal,successful,76.96,2026-03-07 05:38:56
txn_0001288,cust_000358,deposit,successful,65.15,2026-06-10 20:09:39
txn_0001289,cust_000358,deposit,successful,22.61,2026-06-10 03:07:01
txn_0001290,cust_000358,withdrawal,successful,70.51,2026-06-03 03:24:25
txn_0001291,cust_000359,deposit,successful,58.67,2026-05-20 11:28:57
txn_0001292,cust_000359,deposit,successful,49.85,2026-05-06 14:01:27
txn_0001293,cust_000359,withdrawal,successful,33.0,2026-05-13 21:54:08
txn_0001294,cust_000360,deposit,successful,29.05,2026-06-25 21:13:06
txn_0001295,cust_000360,deposit,successful,35.13,2026-06-28 12:29:58
txn_0001296,cust_000360,deposit,failed,16.07,2026-06-26 18:35:27
txn_0001297,cust_000360,deposit,successful,45.67,2026-06-29 02:24:27
txn_0001298,cust_000361,deposit,successful,71.36,2026-05-22 13:59:58
txn_0001299,cust_000361,deposit,successful,38.81,2026-06-12 07:09:08
txn_0001300,cust_000361,withdrawal,cancelled,30.76,2026-05-02 03:37:41
txn_0001301,cust_000361,deposit,successful,49.91,2026-05-12 01:59:31
txn_0001302,cust_000362,withdrawal,successful,15.46,2026-05-28 09:36:04
txn_0001303,cust_000363,withdrawal,cancelled,66.76,2026-05-23 23:14:16
txn_0001304,cust_000363,deposit,successful,8.15,2026-06-15 09:48:07
txn_0001305,cust_000363,deposit,successful,54.85,2026-06-15 17:19:08
txn_0001306,cust_000364,deposit,successful,13.77,2026-05-01 23:44:38
txn_0001307,cust_000364,deposit,successful,75.27,2026-05-13 11:57:55
txn_0001308,cust_000365,deposit,cancelled,387.42,2026-06-09 02:12:08
txn_0001309,cust_000365,deposit,successful,338.21,2026-05-27 22:11:11
txn_0001310,cust_000365,withdrawal,pending,372.29,2026-05-24 06:50:36
txn_0001311,cust_000365,withdrawal,successful,272.84,2026-05-16 11:11:39
txn_0001312,cust_000365,deposit,successful,158.83,2026-06-04 18:19:37
txn_0001313,cust_000365,withdrawal,successful,337.21,2026-06-27 14:52:27
txn_0001314,cust_000368,withdrawal,successful,20.53,2026-04-14 12:15:10
txn_0001315,cust_000368,withdrawal,successful,24.01,2026-04-04 00:20:40
txn_0001316,cust_000369,deposit,successful,35.23,2026-06-18 05:36:17
txn_0001317,cust_000369,deposit,successful,33.12,2026-05-22 15:31:00
txn_0001318,cust_000370,deposit,successful,51.11,2026-06-08 16:10:08
txn_0001319,cust_000370,deposit,successful,42.5,2026-04-11 01:26:32
txn_0001320,cust_000370,deposit,successful,69.59,2026-05-23 23:33:43
txn_0001321,cust_000372,withdrawal,refunded,49.03,2026-06-22 17:08:00
txn_0001322,cust_000372,deposit,successful,41.77,2026-06-22 14:57:10
txn_0001323,cust_000372,deposit,successful,61.93,2026-06-17 19:57:33
txn_0001324,cust_000374,deposit,failed,375.93,2026-03-16 15:35:52
txn_0001325,cust_000374,deposit,successful,220.93,2026-04-26 06:59:28
txn_0001326,cust_000374,deposit,successful,65.45,2026-04-29 03:00:03
txn_0001327,cust_000374,deposit,successful,147.45,2026-04-25 14:44:22
txn_0001328,cust_000375,deposit,successful,470.99,2026-05-14 17:47:38
txn_0001329,cust_000375,deposit,successful,173.63,2026-06-25 23:17:15
txn_0001330,cust_000375,deposit,successful,163.94,2026-05-16 17:30:50
txn_0001331,cust_000375,deposit,successful,456.02,2026-05-28 21:15:35
txn_0001332,cust_000375,deposit,successful,320.5,2026-06-09 04:25:00
txn_0001333,cust_000376,deposit,successful,266.97,2026-06-18 19:59:51
txn_0001334,cust_000376,withdrawal,successful,457.43,2026-06-29 20:54:27
txn_0001335,cust_000376,withdrawal,successful,150.54,2026-06-18 10:25:03
txn_0001336,cust_000376,deposit,successful,152.93,2026-06-25 23:23:52
txn_0001337,cust_000379,withdrawal,successful,109.4,2026-05-24 12:22:18
txn_0001338,cust_000379,deposit,successful,247.14,2026-05-13 07:10:27
txn_0001339,cust_000379,withdrawal,successful,368.78,2026-05-12 23:51:21
txn_0001340,cust_000379,deposit,successful,238.38,2026-05-21 07:45:44
txn_0001341,cust_000379,deposit,successful,80.12,2026-06-20 23:55:33
txn_0001342,cust_000380,withdrawal,failed,35.1,2026-06-19 01:57:27
txn_0001343,cust_000380,deposit,successful,14.08,2026-05-17 08:27:42
txn_0001344,cust_000381,deposit,successful,54.49,2026-05-12 14:59:11
txn_0001345,cust_000382,deposit,successful,77.81,2026-04-26 11:41:57
txn_0001346,cust_000382,deposit,successful,46.97,2026-05-01 05:56:58
txn_0001347,cust_000382,deposit,successful,61.0,2026-05-02 22:24:46
txn_0001348,cust_000383,deposit,successful,13.46,2026-05-07 04:20:50
txn_0001349,cust_000383,withdrawal,successful,27.75,2026-05-06 20:38:22
txn_0001350,cust_000383,withdrawal,successful,69.54,2026-05-29 15:48:23
txn_0001351,cust_000383,deposit,successful,40.87,2026-06-21 02:16:11
txn_0001352,cust_000384,withdrawal,successful,52.03,2026-06-29 20:14:42
txn_0001353,cust_000384,deposit,successful,69.34,2026-06-26 18:29:21
txn_0001354,cust_000384,withdrawal,successful,43.5,2026-06-28 21:34:06
txn_0001355,cust_000384,deposit,successful,52.02,2026-06-27 11:58:54
txn_0001356,cust_000385,withdrawal,successful,35.48,2026-03-14 23:11:29
txn_0001357,cust_000386,deposit,failed,7.07,2026-05-16 15:06:13
txn_0001358,cust_000386,withdrawal,successful,38.74,2026-05-15 21:08:57
txn_0001359,cust_000387,withdrawal,failed,51.12,2026-05-19 02:00:23
txn_0001360,cust_000388,deposit,successful,49.92,2026-04-22 10:21:51
txn_0001361,cust_000389,deposit,successful,63.91,2026-06-14 02:50:34
txn_0001362,cust_000389,withdrawal,successful,399.67,2026-06-28 06:50:53
txn_0001363,cust_000389,deposit,successful,226.97,2026-05-29 11:10:55
txn_0001364,cust_000389,withdrawal,successful,203.67,2026-06-29 12:30:41
txn_0001365,cust_000389,withdrawal,successful,188.66,2026-06-29 15:05:36
txn_0001366,cust_000389,withdrawal,successful,390.84,2026-06-03 17:49:54
txn_0001367,cust_000389,deposit,successful,465.55,2026-06-12 04:39:57
txn_0001368,cust_000389,deposit,successful,111.77,2026-06-12 20:44:40
txn_0001369,cust_000389,deposit,successful,289.73,2026-06-01 14:56:11
txn_0001370,cust_000390,deposit,successful,70.61,2026-06-07 04:01:49
txn_0001371,cust_000390,deposit,successful,73.04,2026-06-09 17:40:43
txn_0001372,cust_000391,deposit,successful,66.93,2026-05-26 15:02:05
txn_0001373,cust_000391,deposit,successful,49.83,2026-06-02 14:57:18
txn_0001374,cust_000392,deposit,successful,411.01,2026-04-17 01:04:51
txn_0001375,cust_000392,deposit,successful,370.68,2026-05-30 04:39:04
txn_0001376,cust_000392,deposit,successful,311.79,2026-06-18 20:17:37
txn_0001377,cust_000392,deposit,successful,337.37,2026-05-16 14:18:26
txn_0001378,cust_000392,deposit,successful,132.39,2026-05-25 12:16:04
txn_0001379,cust_000392,deposit,failed,226.23,2026-05-07 16:44:11
txn_0001380,cust_000392,deposit,successful,291.83,2026-06-18 03:27:51
txn_0001381,cust_000392,deposit,successful,105.99,2026-05-09 00:54:05
txn_0001382,cust_000392,deposit,failed,51.47,2026-06-05 07:53:24
txn_0001383,cust_000392,withdrawal,successful,254.64,2026-06-25 03:07:34
txn_0001384,cust_000392,deposit,successful,280.0,2026-05-13 19:20:26
txn_0001385,cust_000392,deposit,successful,332.65,2026-06-12 01:15:37
txn_0001386,cust_000393,deposit,successful,28.49,2026-06-02 18:45:12
txn_0001387,cust_000393,deposit,successful,65.1,2026-06-20 21:36:32
txn_0001388,cust_000393,deposit,successful,13.06,2026-05-28 11:08:35
txn_0001389,cust_000395,deposit,successful,8.0,2026-05-23 22:43:02
txn_0001390,cust_000395,deposit,successful,30.32,2026-05-19 09:49:39
txn_0001391,cust_000395,deposit,successful,23.05,2026-06-03 20:45:22
txn_0001392,cust_000396,deposit,successful,467.53,2026-05-31 21:32:21
txn_0001393,cust_000396,deposit,successful,299.17,2026-05-08 05:29:12
txn_0001394,cust_000396,deposit,refunded,141.41,2026-06-12 05:05:18
txn_0001395,cust_000396,deposit,pending,307.06,2026-05-14 20:27:34
txn_0001396,cust_000396,deposit,successful,106.05,2026-06-22 05:03:40
txn_0001397,cust_000396,deposit,successful,256.78,2026-05-29 11:57:28
txn_0001398,cust_000396,deposit,successful,175.76,2026-05-27 09:25:59
txn_0001399,cust_000396,deposit,successful,310.84,2026-06-17 06:04:25
txn_0001400,cust_000396,withdrawal,successful,154.48,2026-05-26 17:13:46
txn_0001401,cust_000396,deposit,successful,249.14,2026-06-18 02:54:18
txn_0001402,cust_000396,withdrawal,successful,60.36,2026-06-11 21:50:35
txn_0001403,cust_000396,withdrawal,successful,246.49,2026-06-22 17:19:27
txn_0001404,cust_000396,deposit,successful,274.56,2026-05-08 00:16:16
txn_0001405,cust_000396,deposit,successful,217.83,2026-05-25 22:46:43
txn_0001406,cust_000396,deposit,successful,125.77,2026-06-11 16:01:17
txn_0001407,cust_000397,deposit,failed,173.36,2026-04-25 15:54:48
txn_0001408,cust_000397,deposit,successful,320.2,2026-04-20 16:20:14
txn_0001409,cust_000397,deposit,successful,159.83,2026-05-26 09:12:38
txn_0001410,cust_000397,deposit,successful,224.99,2026-02-10 05:57:53
txn_0001411,cust_000397,deposit,successful,246.33,2026-05-12 08:01:39
txn_0001412,cust_000397,deposit,successful,164.72,2026-05-01 22:15:22
txn_0001413,cust_000397,deposit,successful,265.34,2026-03-28 11:01:52
txn_0001414,cust_000397,deposit,successful,282.73,2026-06-11 05:57:34
txn_0001415,cust_000399,deposit,successful,8.6,2026-06-09 09:30:50
txn_0001416,cust_000399,deposit,successful,11.93,2026-05-20 09:55:22
txn_0001417,cust_000399,deposit,successful,44.39,2026-05-12 16:40:42
txn_0001418,cust_000400,withdrawal,successful,37.69,2026-06-25 16:54:04
txn_0001419,cust_000401,deposit,successful,17.5,2026-03-26 12:09:12
txn_0001420,cust_000401,deposit,successful,8.91,2026-05-25 13:48:42
txn_0001421,cust_000401,deposit,refunded,18.2,2026-06-17 21:45:09
txn_0001422,cust_000402,withdrawal,successful,6.29,2026-06-16 17:37:22
txn_0001423,cust_000406,deposit,successful,18.4,2026-06-27 01:42:49
txn_0001424,cust_000406,deposit,successful,32.67,2026-06-22 17:51:57
txn_0001425,cust_000407,deposit,successful,64.02,2026-03-10 16:47:45
txn_0001426,cust_000408,deposit,failed,66.0,2026-04-12 15:53:57
txn_0001427,cust_000408,deposit,successful,15.12,2026-03-20 11:16:02
txn_0001428,cust_000409,withdrawal,successful,69.63,2026-05-18 11:43:38
txn_0001429,cust_000410,deposit,successful,23.43,2026-04-10 18:57:52
txn_0001430,cust_000410,deposit,successful,17.16,2026-02-28 04:45:53
txn_0001431,cust_000411,deposit,successful,50.26,2026-02-18 09:21:35
txn_0001432,cust_000411,deposit,successful,389.42,2026-06-03 13:29:50
txn_0001433,cust_000411,deposit,successful,259.98,2026-05-04 22:54:50
txn_0001434,cust_000411,deposit,successful,322.48,2026-06-24 16:49:06
txn_0001435,cust_000411,withdrawal,successful,163.14,2026-06-17 22:51:20
txn_0001436,cust_000411,deposit,successful,106.81,2026-04-30 00:53:42
txn_0001437,cust_000411,deposit,failed,428.88,2026-04-04 08:40:48
txn_0001438,cust_000411,deposit,successful,219.17,2026-04-07 06:54:57
txn_0001439,cust_000411,deposit,successful,387.64,2026-03-02 14:01:20
txn_0001440,cust_000412,deposit,successful,252.47,2026-06-08 03:27:56
txn_0001441,cust_000412,deposit,successful,342.08,2026-06-07 18:55:52
txn_0001442,cust_000412,withdrawal,successful,455.23,2026-06-01 19:04:54
txn_0001443,cust_000412,deposit,failed,259.86,2026-06-20 09:08:50
txn_0001444,cust_000412,withdrawal,successful,108.69,2026-06-23 11:46:58
txn_0001445,cust_000412,withdrawal,successful,453.67,2026-06-08 01:33:48
txn_0001446,cust_000412,withdrawal,failed,207.75,2026-06-03 13:53:18
txn_0001447,cust_000412,deposit,successful,85.16,2026-06-22 00:55:37
txn_0001448,cust_000412,withdrawal,successful,264.7,2026-06-27 18:40:06
txn_0001449,cust_000412,deposit,successful,80.49,2026-06-24 06:36:34
txn_0001450,cust_000412,withdrawal,successful,124.68,2026-06-25 14:22:07
txn_0001451,cust_000412,deposit,successful,171.32,2026-06-28 06:17:59
txn_0001452,cust_000412,deposit,successful,217.07,2026-06-26 07:06:54
txn_0001453,cust_000412,deposit,successful,206.12,2026-06-23 08:16:40
txn_0001454,cust_000412,withdrawal,successful,313.53,2026-06-26 02:20:44
txn_0001455,cust_000413,deposit,successful,281.29,2026-06-11 03:24:33
txn_0001456,cust_000413,deposit,pending,304.86,2026-06-09 17:09:01
txn_0001457,cust_000413,deposit,successful,421.12,2026-06-27 13:55:31
txn_0001458,cust_000413,deposit,successful,375.14,2026-06-08 00:24:05
txn_0001459,cust_000413,deposit,successful,138.35,2026-06-25 20:05:32
txn_0001460,cust_000413,deposit,refunded,68.85,2026-04-19 09:11:26
txn_0001461,cust_000413,deposit,successful,238.27,2026-04-16 21:12:09
txn_0001462,cust_000413,deposit,successful,118.24,2026-06-22 17:55:38
txn_0001463,cust_000413,withdrawal,successful,144.78,2026-06-25 22:36:02
txn_0001464,cust_000415,deposit,failed,64.03,2026-06-23 20:41:23
txn_0001465,cust_000415,deposit,successful,74.36,2026-05-24 01:53:06
txn_0001466,cust_000416,deposit,pending,72.46,2026-06-13 14:44:54
txn_0001467,cust_000416,withdrawal,successful,40.17,2026-06-21 04:03:16
txn_0001468,cust_000416,withdrawal,successful,71.69,2026-04-23 09:31:02
txn_0001469,cust_000417,deposit,successful,16.67,2026-06-29 06:38:33
txn_0001470,cust_000417,withdrawal,successful,56.2,2026-06-27 23:36:02
txn_0001471,cust_000418,deposit,successful,416.72,2026-05-29 23:32:26
txn_0001472,cust_000418,withdrawal,cancelled,185.26,2026-06-12 16:50:08
txn_0001473,cust_000418,deposit,successful,478.45,2026-05-21 11:45:11
txn_0001474,cust_000418,deposit,successful,420.83,2026-05-24 04:04:39
txn_0001475,cust_000418,deposit,failed,446.34,2026-05-29 15:05:53
txn_0001476,cust_000418,deposit,successful,363.82,2026-05-23 18:52:26
txn_0001477,cust_000419,deposit,successful,47.49,2026-04-07 10:02:24
txn_0001478,cust_000419,withdrawal,successful,41.09,2026-05-16 23:39:41
txn_0001479,cust_000419,deposit,successful,74.46,2026-03-17 23:08:44
txn_0001480,cust_000420,withdrawal,successful,36.07,2026-02-23 21:54:22
txn_0001481,cust_000420,deposit,successful,13.87,2026-04-06 22:05:46
txn_0001482,cust_000420,deposit,successful,74.59,2026-04-30 12:14:14
txn_0001483,cust_000421,deposit,successful,26.49,2026-05-09 19:50:56
txn_0001484,cust_000421,deposit,successful,49.85,2026-05-02 10:56:39
txn_0001485,cust_000421,withdrawal,successful,11.16,2026-04-26 18:33:15
txn_0001486,cust_000422,deposit,pending,271.69,2026-06-07 14:34:36
txn_0001487,cust_000422,deposit,successful,118.35,2026-06-28 21:52:44
txn_0001488,cust_000422,withdrawal,successful,110.07,2026-04-30 04:09:38
txn_0001489,cust_000422,deposit,successful,349.73,2026-05-31 16:27:14
txn_0001490,cust_000422,deposit,successful,198.56,2026-05-27 01:48:37
txn_0001491,cust_000422,withdrawal,successful,326.46,2026-04-30 20:04:25
txn_0001492,cust_000422,withdrawal,successful,453.68,2026-05-13 11:58:32
txn_0001493,cust_000422,deposit,successful,317.02,2026-05-22 22:55:29
txn_0001494,cust_000422,deposit,successful,178.0,2026-06-25 11:46:50
txn_0001495,cust_000422,withdrawal,successful,120.83,2026-05-22 05:48:08
txn_0001496,cust_000422,deposit,successful,322.92,2026-06-14 04:43:55
txn_0001497,cust_000423,withdrawal,successful,57.12,2026-05-13 19:22:00
txn_0001498,cust_000423,deposit,successful,27.98,2026-06-16 09:46:00
txn_0001499,cust_000424,withdrawal,successful,74.79,2026-06-28 16:44:00
txn_0001500,cust_000424,deposit,successful,29.5,2026-06-01 08:58:30
txn_0001501,cust_000424,deposit,successful,7.76,2026-02-22 03:22:24
txn_0001502,cust_000425,deposit,successful,79.87,2026-06-04 05:26:59
txn_0001503,cust_000426,deposit,successful,29.95,2026-06-07 19:05:04
txn_0001504,cust_000426,deposit,successful,37.65,2026-05-10 18:12:06
txn_0001505,cust_000427,deposit,failed,27.69,2026-06-29 02:44:39
txn_0001506,cust_000427,deposit,successful,32.32,2026-03-13 13:41:16
txn_0001507,cust_000427,withdrawal,successful,7.35,2026-03-16 11:56:50
txn_0001508,cust_000427,deposit,pending,65.94,2026-04-12 05:26:39
txn_0001509,cust_000428,deposit,pending,14.97,2026-06-12 19:50:10
txn_0001510,cust_000428,withdrawal,successful,54.38,2026-06-11 12:04:17
txn_0001511,cust_000429,deposit,successful,70.19,2026-05-10 17:20:00
txn_0001512,cust_000431,withdrawal,successful,116.68,2026-06-19 02:53:35
txn_0001513,cust_000431,deposit,successful,272.91,2026-06-25 15:48:35
txn_0001514,cust_000431,withdrawal,successful,238.04,2026-06-15 09:09:23
txn_0001515,cust_000431,deposit,successful,204.33,2026-06-28 06:24:00
txn_0001516,cust_000431,withdrawal,successful,267.26,2026-06-13 12:55:56
txn_0001517,cust_000431,deposit,successful,116.51,2026-06-16 02:57:08
txn_0001518,cust_000431,deposit,failed,277.24,2026-06-29 01:26:31
txn_0001519,cust_000431,deposit,successful,325.61,2026-06-25 07:59:02
txn_0001520,cust_000431,deposit,successful,410.13,2026-06-28 17:59:46
txn_0001521,cust_000431,withdrawal,successful,180.59,2026-06-24 06:43:20
txn_0001522,cust_000432,deposit,pending,6.34,2026-06-10 03:30:48
txn_0001523,cust_000432,withdrawal,failed,40.59,2026-05-28 01:09:55
txn_0001524,cust_000433,deposit,successful,22.32,2026-06-13 12:37:05
txn_0001525,cust_000433,withdrawal,successful,24.85,2026-06-01 14:52:41
txn_0001526,cust_000433,deposit,successful,55.13,2026-05-11 06:42:38
txn_0001527,cust_000433,deposit,refunded,44.81,2026-04-19 09:59:05
txn_0001528,cust_000434,deposit,refunded,228.64,2026-05-13 04:51:49
txn_0001529,cust_000434,withdrawal,failed,290.87,2026-05-16 13:36:54
txn_0001530,cust_000434,withdrawal,successful,275.79,2026-04-21 14:04:58
txn_0001531,cust_000434,withdrawal,successful,404.6,2026-06-21 03:21:13
txn_0001532,cust_000434,deposit,successful,494.99,2026-06-07 05:14:41
txn_0001533,cust_000434,withdrawal,failed,400.85,2026-05-17 22:03:24
txn_0001534,cust_000434,deposit,successful,302.34,2026-05-27 18:29:50
txn_0001535,cust_000434,deposit,successful,56.4,2026-05-09 10:37:58
txn_0001536,cust_000434,deposit,successful,475.96,2026-05-13 20:16:51
txn_0001537,cust_000434,deposit,successful,166.19,2026-06-29 23:23:31
txn_0001538,cust_000435,deposit,successful,72.95,2026-04-10 10:19:44
txn_0001539,cust_000435,deposit,cancelled,62.38,2026-03-28 22:52:08
txn_0001540,cust_000435,deposit,successful,52.93,2026-06-24 13:02:14
txn_0001541,cust_000438,withdrawal,refunded,63.4,2026-04-29 09:44:59
txn_0001542,cust_000439,deposit,successful,62.37,2026-04-15 00:10:22
txn_0001543,cust_000440,deposit,successful,43.31,2026-06-25 07:03:19
txn_0001544,cust_000440,deposit,successful,31.72,2026-06-16 00:30:25
txn_0001545,cust_000440,deposit,successful,45.9,2026-06-18 14:16:31
txn_0001546,cust_000440,withdrawal,successful,65.33,2026-06-29 01:22:31
txn_0001547,cust_000442,deposit,successful,203.95,2026-06-17 12:56:31
txn_0001548,cust_000442,withdrawal,successful,265.41,2026-06-18 17:06:44
txn_0001549,cust_000442,deposit,successful,203.08,2026-06-14 17:21:12
txn_0001550,cust_000442,withdrawal,successful,413.27,2026-06-16 12:20:00
txn_0001551,cust_000442,deposit,successful,135.56,2026-06-18 01:35:21
txn_0001552,cust_000444,withdrawal,successful,54.28,2026-06-17 01:06:14
txn_0001553,cust_000445,deposit,failed,29.17,2026-06-02 19:12:31
txn_0001554,cust_000445,deposit,successful,38.97,2026-05-16 18:23:06
txn_0001555,cust_000445,deposit,successful,75.04,2026-06-16 06:17:31
txn_0001556,cust_000447,withdrawal,successful,11.39,2026-06-07 23:58:45
txn_0001557,cust_000447,deposit,successful,62.46,2026-06-27 00:22:15
txn_0001558,cust_000448,deposit,successful,376.66,2026-06-12 13:19:54
txn_0001559,cust_000448,deposit,successful,403.77,2026-04-23 03:41:02
txn_0001560,cust_000448,deposit,successful,419.97,2026-06-11 03:29:26
txn_0001561,cust_000448,deposit,cancelled,472.57,2026-04-25 07:57:23
txn_0001562,cust_000448,deposit,successful,166.23,2026-06-26 13:34:49
txn_0001563,cust_000448,withdrawal,pending,432.38,2026-05-23 00:07:13
txn_0001564,cust_000448,deposit,successful,83.8,2026-05-25 07:40:51
txn_0001565,cust_000448,deposit,successful,61.77,2026-04-22 04:58:11
txn_0001566,cust_000448,withdrawal,successful,441.28,2026-04-29 00:53:00
txn_0001567,cust_000448,deposit,successful,213.14,2026-04-29 17:18:09
txn_0001568,cust_000448,deposit,successful,193.24,2026-05-22 09:46:32
txn_0001569,cust_000449,deposit,successful,22.36,2026-05-27 19:51:14
txn_0001570,cust_000449,withdrawal,successful,61.61,2026-06-19 17:02:21
txn_0001571,cust_000449,deposit,successful,46.17,2026-06-27 14:29:18
txn_0001572,cust_000449,deposit,successful,72.97,2026-06-07 10:16:13
txn_0001573,cust_000450,withdrawal,successful,28.39,2026-05-26 23:27:45
txn_0001574,cust_000450,deposit,successful,25.18,2026-06-10 04:17:01
txn_0001575,cust_000450,withdrawal,successful,5.3,2026-06-22 13:25:26
txn_0001576,cust_000451,deposit,successful,45.65,2026-05-08 10:01:19
txn_0001577,cust_000451,deposit,successful,72.13,2026-05-23 11:40:06
txn_0001578,cust_000452,deposit,successful,463.17,2026-06-21 11:32:26
txn_0001579,cust_000452,deposit,successful,57.58,2026-06-29 10:20:15
txn_0001580,cust_000452,withdrawal,successful,382.04,2026-05-29 05:19:47
txn_0001581,cust_000452,deposit,successful,495.34,2026-06-01 13:58:24
txn_0001582,cust_000452,deposit,successful,309.51,2026-06-03 06:26:03
txn_0001583,cust_000453,deposit,successful,22.84,2026-06-18 03:54:57
txn_0001584,cust_000453,deposit,successful,19.44,2026-06-02 17:08:00
txn_0001585,cust_000453,deposit,successful,78.03,2026-06-04 06:36:04
txn_0001586,cust_000454,withdrawal,successful,327.37,2026-03-20 08:34:01
txn_0001587,cust_000454,deposit,pending,341.75,2026-03-21 12:22:58
txn_0001588,cust_000454,deposit,successful,315.83,2026-04-19 17:58:35
txn_0001589,cust_000454,deposit,successful,132.96,2026-05-22 23:13:31
txn_0001590,cust_000454,deposit,successful,161.95,2026-06-10 07:11:50
txn_0001591,cust_000454,deposit,successful,385.2,2026-03-20 13:03:56
txn_0001592,cust_000454,deposit,successful,484.35,2026-02-25 19:38:53
txn_0001593,cust_000456,deposit,successful,13.31,2026-06-13 15:16:55
txn_0001594,cust_000457,deposit,successful,38.53,2026-03-23 01:35:00
txn_0001595,cust_000457,deposit,successful,70.16,2026-03-06 22:21:33
txn_0001596,cust_000458,deposit,successful,25.63,2026-05-30 01:14:51
txn_0001597,cust_000458,deposit,successful,20.51,2026-04-08 04:00:27
txn_0001598,cust_000458,deposit,successful,76.01,2026-06-16 07:32:58
txn_0001599,cust_000458,deposit,successful,37.81,2026-04-20 14:13:38
txn_0001600,cust_000459,withdrawal,successful,63.6,2026-05-01 23:04:59
txn_0001601,cust_000460,deposit,successful,20.29,2026-03-06 03:10:38
txn_0001602,cust_000460,deposit,successful,25.95,2026-03-05 00:57:17
txn_0001603,cust_000460,deposit,successful,62.2,2026-06-10 13:36:18
txn_0001604,cust_000460,deposit,successful,53.32,2026-03-08 20:59:39
txn_0001605,cust_000461,deposit,successful,40.76,2026-06-23 00:12:15
txn_0001606,cust_000461,deposit,successful,37.86,2026-02-22 19:54:37
txn_0001607,cust_000462,withdrawal,successful,21.42,2026-04-26 16:16:49
txn_0001608,cust_000462,deposit,successful,13.24,2026-03-11 02:18:51
txn_0001609,cust_000462,withdrawal,successful,12.41,2026-06-24 23:12:13
txn_0001610,cust_000463,deposit,failed,6.52,2026-05-15 09:26:49
txn_0001611,cust_000463,deposit,successful,72.41,2026-04-13 20:11:36
txn_0001612,cust_000464,withdrawal,failed,48.08,2026-06-24 18:53:20
txn_0001613,cust_000464,deposit,successful,42.28,2026-06-25 11:06:46
txn_0001614,cust_000464,deposit,successful,29.55,2026-05-26 22:48:02
txn_0001615,cust_000464,deposit,successful,30.6,2026-06-22 13:42:39
txn_0001616,cust_000465,deposit,successful,62.31,2026-06-22 23:46:26
txn_0001617,cust_000465,deposit,successful,19.96,2026-06-09 21:55:37
txn_0001618,cust_000466,deposit,successful,47.3,2026-06-24 17:15:43
txn_0001619,cust_000466,deposit,successful,71.77,2026-06-15 18:20:05
txn_0001620,cust_000466,deposit,successful,40.35,2026-06-19 15:53:52
txn_0001621,cust_000466,deposit,successful,37.31,2026-06-16 12:34:24
txn_0001622,cust_000468,deposit,successful,15.27,2026-06-26 23:18:52
txn_0001623,cust_000468,withdrawal,successful,35.93,2026-04-04 16:45:50
txn_0001624,cust_000468,deposit,successful,79.23,2026-05-16 05:30:25
txn_0001625,cust_000468,deposit,successful,60.35,2026-02-15 20:41:11
txn_0001626,cust_000469,deposit,cancelled,73.87,2026-03-04 06:30:56
txn_0001627,cust_000469,withdrawal,successful,71.74,2026-06-24 07:11:49
txn_0001628,cust_000470,withdrawal,successful,103.45,2026-06-16 16:46:06
txn_0001629,cust_000470,withdrawal,successful,385.89,2026-06-13 01:31:24
txn_0001630,cust_000470,deposit,successful,360.05,2026-06-10 02:35:40
txn_0001631,cust_000470,withdrawal,successful,377.9,2026-06-20 18:44:45
txn_0001632,cust_000470,withdrawal,successful,408.08,2026-05-28 12:04:33
txn_0001633,cust_000470,withdrawal,successful,312.3,2026-06-11 10:51:12
txn_0001634,cust_000471,withdrawal,successful,75.1,2026-05-26 18:15:57
txn_0001635,cust_000471,deposit,successful,7.02,2026-04-20 21:40:01
txn_0001636,cust_000471,deposit,successful,55.05,2026-03-24 03:33:04
txn_0001637,cust_000472,deposit,successful,59.93,2026-06-07 04:40:00
txn_0001638,cust_000473,deposit,successful,39.56,2026-05-28 07:41:59
txn_0001639,cust_000474,withdrawal,successful,13.84,2026-06-13 18:20:41
txn_0001640,cust_000475,deposit,failed,16.54,2026-06-10 20:26:19
txn_0001641,cust_000475,deposit,successful,33.36,2026-06-18 23:44:31
txn_0001642,cust_000476,withdrawal,successful,13.14,2026-05-22 15:00:14
txn_0001643,cust_000477,deposit,successful,13.13,2026-06-21 03:34:17
txn_0001644,cust_000478,deposit,successful,44.02,2026-06-10 14:04:08
txn_0001645,cust_000478,withdrawal,cancelled,72.42,2026-05-17 21:26:32
txn_0001646,cust_000479,deposit,successful,422.95,2026-06-07 15:22:51
txn_0001647,cust_000479,deposit,successful,479.13,2026-06-10 11:10:39
txn_0001648,cust_000479,deposit,successful,175.63,2026-06-21 14:33:03
txn_0001649,cust_000479,deposit,successful,138.32,2026-05-31 23:20:02
txn_0001650,cust_000479,withdrawal,successful,467.26,2026-06-22 13:36:39
txn_0001651,cust_000479,deposit,successful,455.37,2026-06-06 03:42:29
txn_0001652,cust_000479,deposit,successful,302.03,2026-06-05 11:50:47
txn_0001653,cust_000479,deposit,successful,73.77,2026-06-06 13:32:26
txn_0001654,cust_000479,deposit,successful,158.22,2026-06-06 03:17:53
txn_0001655,cust_000479,deposit,successful,447.99,2026-06-26 09:25:19
txn_0001656,cust_000480,deposit,successful,45.32,2026-06-21 17:52:43
txn_0001657,cust_000480,deposit,successful,67.11,2026-06-12 07:19:50
txn_0001658,cust_000481,deposit,successful,65.22,2026-02-16 03:06:25
txn_0001659,cust_000482,deposit,successful,51.86,2026-05-11 08:27:02
txn_0001660,cust_000482,withdrawal,successful,11.01,2026-06-19 01:57:52
txn_0001661,cust_000482,deposit,successful,79.46,2026-05-23 19:51:06
txn_0001662,cust_000482,withdrawal,successful,63.5,2026-04-28 02:51:57
txn_0001663,cust_000485,withdrawal,successful,61.82,2026-05-09 00:18:02
txn_0001664,cust_000485,deposit,successful,56.6,2026-05-01 00:32:52
txn_0001665,cust_000486,deposit,successful,53.57,2026-06-11 08:02:02
txn_0001666,cust_000486,deposit,successful,6.94,2026-06-17 17:27:03
txn_0001667,cust_000486,withdrawal,successful,55.41,2026-05-26 19:14:20
txn_0001668,cust_000487,deposit,successful,24.56,2026-04-29 17:27:41
txn_0001669,cust_000487,deposit,successful,55.11,2026-06-28 13:49:32
txn_0001670,cust_000488,deposit,successful,10.75,2026-06-28 03:04:45
txn_0001671,cust_000488,deposit,successful,51.62,2026-05-07 08:45:54
txn_0001672,cust_000488,deposit,successful,43.04,2026-02-06 20:11:57
txn_0001673,cust_000488,deposit,successful,5.21,2026-02-08 11:40:19
txn_0001674,cust_000489,deposit,successful,11.65,2026-06-05 03:43:38
txn_0001675,cust_000489,deposit,successful,35.39,2026-05-17 13:25:43
txn_0001676,cust_000490,deposit,successful,25.21,2026-06-14 21:33:07
txn_0001677,cust_000492,withdrawal,successful,66.62,2026-06-18 12:39:42
txn_0001678,cust_000492,deposit,successful,46.44,2026-06-12 00:23:34
txn_0001679,cust_000493,deposit,successful,23.03,2026-06-21 01:07:12
txn_0001680,cust_000493,withdrawal,successful,51.36,2026-06-27 03:58:59
txn_0001681,cust_000493,deposit,successful,18.86,2026-06-28 18:18:48
txn_0001682,cust_000495,deposit,failed,163.77,2026-06-22 00:20:10
txn_0001683,cust_000495,deposit,successful,382.33,2026-06-28 16:40:01
txn_0001684,cust_000495,deposit,failed,296.36,2026-06-11 14:44:18
txn_0001685,cust_000495,deposit,successful,282.05,2026-06-15 02:07:26
txn_0001686,cust_000496,deposit,successful,9.81,2026-06-29 22:20:03
txn_0001687,cust_000496,deposit,successful,15.61,2026-06-26 09:32:36
txn_0001688,cust_000496,deposit,successful,44.13,2026-06-27 00:53:05
txn_0001689,cust_000496,deposit,successful,35.57,2026-06-27 20:46:56
txn_0001690,cust_000497,deposit,successful,215.72,2026-03-29 08:13:20
txn_0001691,cust_000497,withdrawal,successful,96.84,2026-04-14 12:43:35
txn_0001692,cust_000497,withdrawal,successful,443.05,2026-06-01 16:54:51
txn_0001693,cust_000497,withdrawal,successful,120.5,2026-05-18 16:58:35
txn_0001694,cust_000497,deposit,successful,439.82,2026-04-29 10:20:58
txn_0001695,cust_000497,deposit,successful,374.51,2026-04-17 11:35:08
txn_0001696,cust_000497,withdrawal,failed,182.22,2026-04-09 07:16:29
txn_0001697,cust_000497,deposit,successful,350.9,2026-03-08 12:25:06
txn_0001698,cust_000497,deposit,refunded,438.39,2026-04-27 07:54:17
txn_0001699,cust_000498,deposit,successful,73.72,2026-04-21 02:28:43
txn_0001700,cust_000498,deposit,successful,32.63,2026-02-03 03:48:52
txn_0001701,cust_000498,deposit,successful,67.28,2026-02-16 15:39:31
txn_0001702,cust_000498,withdrawal,successful,39.93,2026-02-08 01:40:05
txn_0001703,cust_000499,deposit,cancelled,26.73,2026-06-12 21:52:09
txn_0001704,cust_000499,withdrawal,successful,22.91,2026-06-19 01:44:20
txn_0001705,cust_000500,deposit,successful,67.14,2026-04-26 20:49:09
txn_0001706,cust_000500,deposit,successful,14.16,2026-06-15 19:48:20
txn_0001707,cust_000504,deposit,successful,286.8,2026-06-03 07:15:36
txn_0001708,cust_000504,withdrawal,successful,71.75,2026-06-20 16:59:05
txn_0001709,cust_000504,deposit,successful,333.89,2026-03-24 18:02:31
txn_0001710,cust_000504,withdrawal,successful,339.81,2026-05-24 15:24:40
txn_0001711,cust_000504,deposit,refunded,434.67,2026-05-24 23:06:43
txn_0001712,cust_000504,withdrawal,cancelled,273.5,2026-06-13 00:56:28
txn_0001713,cust_000504,deposit,successful,257.77,2026-03-25 12:09:59
txn_0001714,cust_000504,deposit,successful,374.13,2026-06-22 07:04:07
txn_0001715,cust_000504,deposit,successful,143.92,2026-04-11 21:21:52
txn_0001716,cust_000504,withdrawal,successful,98.04,2026-06-28 19:22:43
txn_0001717,cust_000504,deposit,successful,426.92,2026-03-31 20:05:23
txn_0001718,cust_000504,deposit,successful,200.23,2026-05-19 06:18:14
txn_0001719,cust_000504,deposit,pending,420.37,2026-05-01 01:54:03
txn_0001720,cust_000504,withdrawal,successful,462.5,2026-05-26 16:25:16
txn_0001721,cust_000505,deposit,failed,50.73,2026-06-07 17:16:49
txn_0001722,cust_000505,deposit,successful,28.34,2026-05-10 09:40:47
txn_0001723,cust_000505,deposit,successful,52.95,2026-06-23 01:34:44
txn_0001724,cust_000506,deposit,successful,22.35,2026-03-03 20:30:35
txn_0001725,cust_000506,withdrawal,successful,48.99,2026-01-24 02:55:18
txn_0001726,cust_000507,deposit,successful,75.62,2026-03-20 14:49:59
txn_0001727,cust_000509,deposit,successful,173.76,2026-04-13 15:10:22
txn_0001728,cust_000509,deposit,successful,470.2,2026-03-06 13:04:21
txn_0001729,cust_000509,deposit,refunded,108.52,2026-03-14 01:53:55
txn_0001730,cust_000509,deposit,successful,423.31,2026-01-24 07:42:41
txn_0001731,cust_000509,withdrawal,successful,156.94,2026-03-22 12:49:33
txn_0001732,cust_000509,deposit,successful,384.69,2026-06-18 13:04:40
txn_0001733,cust_000510,withdrawal,failed,241.93,2026-04-03 00:11:18
txn_0001734,cust_000510,deposit,failed,443.67,2026-04-15 11:09:32
txn_0001735,cust_000510,withdrawal,successful,225.77,2026-05-18 03:52:58
txn_0001736,cust_000510,deposit,successful,223.83,2026-03-14 07:05:06
txn_0001737,cust_000510,deposit,successful,94.98,2026-04-19 07:58:08
txn_0001738,cust_000510,withdrawal,successful,210.11,2026-05-14 03:00:02
txn_0001739,cust_000510,deposit,successful,246.31,2026-04-13 14:43:26
txn_0001740,cust_000510,deposit,failed,241.01,2026-06-11 05:31:22
txn_0001741,cust_000510,withdrawal,successful,492.76,2026-04-18 22:40:20
txn_0001742,cust_000510,deposit,successful,102.12,2026-03-16 20:00:23
txn_0001743,cust_000510,withdrawal,successful,493.32,2026-06-19 11:46:20
txn_0001744,cust_000510,deposit,successful,264.6,2026-04-24 02:29:01
txn_0001745,cust_000510,deposit,successful,111.42,2026-06-19 15:29:29
txn_0001746,cust_000510,deposit,successful,326.53,2026-05-20 16:22:35
txn_0001747,cust_000511,deposit,successful,361.0,2026-06-21 20:09:00
txn_0001748,cust_000511,deposit,successful,215.71,2026-06-27 06:19:35
txn_0001749,cust_000511,deposit,successful,178.59,2026-06-06 02:14:00
txn_0001750,cust_000511,deposit,successful,496.35,2026-06-21 23:49:04
txn_0001751,cust_000511,deposit,successful,394.98,2026-06-18 20:23:25
txn_0001752,cust_000511,deposit,successful,423.63,2026-06-06 18:41:21
txn_0001753,cust_000511,deposit,successful,90.34,2026-06-22 07:01:41
txn_0001754,cust_000511,deposit,successful,310.68,2026-06-13 13:15:44
txn_0001755,cust_000512,deposit,successful,47.4,2026-03-22 03:33:37
txn_0001756,cust_000513,withdrawal,successful,76.5,2026-06-12 10:33:06
txn_0001757,cust_000513,deposit,pending,27.08,2026-06-13 19:50:46
txn_0001758,cust_000514,withdrawal,successful,46.99,2026-06-13 09:00:31
txn_0001759,cust_000514,deposit,successful,6.72,2026-06-19 23:11:00
txn_0001760,cust_000514,withdrawal,pending,13.83,2026-06-17 01:55:58
txn_0001761,cust_000515,deposit,successful,248.9,2026-06-14 03:54:34
txn_0001762,cust_000515,deposit,successful,497.61,2026-06-28 18:42:40
txn_0001763,cust_000515,deposit,successful,351.57,2026-05-29 19:33:32
txn_0001764,cust_000516,deposit,successful,54.29,2026-05-24 10:46:55
txn_0001765,cust_000517,withdrawal,failed,72.29,2026-03-12 14:19:03
txn_0001766,cust_000517,withdrawal,successful,78.62,2026-04-03 21:00:44
txn_0001767,cust_000518,withdrawal,successful,7.25,2026-05-13 06:45:30
txn_0001768,cust_000518,deposit,successful,49.29,2026-05-25 21:10:24
txn_0001769,cust_000518,deposit,successful,54.57,2026-05-31 07:15:54
txn_0001770,cust_000519,deposit,failed,30.85,2026-04-27 10:59:15
txn_0001771,cust_000519,deposit,successful,6.12,2026-03-27 01:34:43
txn_0001772,cust_000519,withdrawal,successful,67.3,2026-06-23 11:48:04
txn_0001773,cust_000519,deposit,failed,28.53,2026-05-26 15:00:36
txn_0001774,cust_000521,deposit,successful,63.29,2026-06-08 07:44:37
txn_0001775,cust_000521,deposit,successful,64.72,2026-06-27 12:37:00
txn_0001776,cust_000524,deposit,successful,61.42,2026-05-02 21:35:10
txn_0001777,cust_000525,withdrawal,successful,50.03,2026-06-20 01:56:08
txn_0001778,cust_000525,withdrawal,successful,13.76,2026-06-01 16:15:19
txn_0001779,cust_000525,deposit,successful,10.63,2026-06-08 19:24:55
txn_0001780,cust_000525,withdrawal,successful,66.77,2026-06-15 06:07:04
txn_0001781,cust_000527,deposit,successful,50.91,2026-05-17 10:27:26
txn_0001782,cust_000527,deposit,successful,69.34,2026-05-19 02:28:54
txn_0001783,cust_000527,deposit,successful,69.72,2026-05-29 04:52:50
txn_0001784,cust_000528,deposit,successful,52.02,2026-06-07 22:00:50
txn_0001785,cust_000528,deposit,successful,25.99,2026-06-29 21:29:21
txn_0001786,cust_000528,deposit,successful,49.91,2026-06-10 23:33:14
txn_0001787,cust_000529,deposit,successful,112.88,2026-06-22 23:12:51
txn_0001788,cust_000529,deposit,successful,108.51,2026-06-02 04:27:36
txn_0001789,cust_000529,withdrawal,successful,91.43,2026-06-14 13:01:44
txn_0001790,cust_000529,deposit,successful,263.36,2026-06-17 04:44:00
txn_0001791,cust_000529,withdrawal,successful,304.44,2026-04-13 15:05:29
txn_0001792,cust_000529,deposit,successful,168.6,2026-06-12 12:15:54
txn_0001793,cust_000529,withdrawal,successful,168.26,2026-05-19 19:13:44
txn_0001794,cust_000529,withdrawal,refunded,154.45,2026-05-12 01:35:07
txn_0001795,cust_000529,withdrawal,successful,211.05,2026-04-28 12:08:21
txn_0001796,cust_000529,deposit,successful,482.46,2026-06-25 22:00:49
txn_0001797,cust_000531,withdrawal,failed,20.37,2026-02-09 01:35:32
txn_0001798,cust_000531,deposit,successful,12.62,2026-06-18 15:51:41
txn_0001799,cust_000531,deposit,successful,21.42,2026-02-28 20:50:50
txn_0001800,cust_000532,deposit,pending,40.08,2026-04-08 20:24:44
txn_0001801,cust_000532,deposit,successful,14.09,2026-05-02 12:05:58
txn_0001802,cust_000533,deposit,successful,183.53,2026-06-29 20:45:50
txn_0001803,cust_000533,deposit,successful,439.05,2026-04-17 18:10:08
txn_0001804,cust_000533,deposit,successful,182.31,2026-05-31 19:34:34
txn_0001805,cust_000533,withdrawal,successful,173.93,2026-06-07 17:21:00
txn_0001806,cust_000533,withdrawal,successful,356.92,2026-04-24 18:51:29
txn_0001807,cust_000533,deposit,successful,98.73,2026-06-27 17:28:03
txn_0001808,cust_000533,deposit,successful,350.27,2026-06-21 00:34:35
txn_0001809,cust_000533,deposit,successful,425.28,2026-03-18 17:18:27
txn_0001810,cust_000533,deposit,successful,422.3,2026-06-28 03:04:41
txn_0001811,cust_000533,deposit,successful,468.76,2026-06-24 20:41:36
txn_0001812,cust_000533,deposit,successful,380.55,2026-05-21 01:09:21
txn_0001813,cust_000533,deposit,successful,155.24,2026-06-09 00:54:23
txn_0001814,cust_000533,deposit,successful,159.36,2026-06-28 17:35:57
txn_0001815,cust_000534,deposit,successful,79.69,2026-06-13 08:10:05
txn_0001816,cust_000534,withdrawal,successful,61.27,2026-05-23 03:41:43
txn_0001817,cust_000534,deposit,successful,49.15,2026-06-17 11:22:31
txn_0001818,cust_000534,deposit,successful,74.53,2026-06-13 04:30:11
txn_0001819,cust_000536,deposit,successful,75.36,2026-06-26 14:03:06
txn_0001820,cust_000536,withdrawal,successful,65.57,2026-06-18 17:15:56
txn_0001821,cust_000536,deposit,successful,5.17,2026-06-17 05:29:53
txn_0001822,cust_000537,deposit,successful,21.79,2026-02-24 00:57:11
txn_0001823,cust_000539,deposit,cancelled,6.11,2026-05-04 01:52:20
txn_0001824,cust_000539,deposit,successful,56.51,2026-03-14 08:52:25
txn_0001825,cust_000539,withdrawal,successful,44.21,2026-03-08 03:33:44
txn_0001826,cust_000540,deposit,successful,29.55,2026-06-14 08:49:27
txn_0001827,cust_000540,deposit,successful,76.62,2026-06-25 10:07:47
txn_0001828,cust_000540,deposit,successful,25.14,2026-06-27 13:12:48
txn_0001829,cust_000540,withdrawal,refunded,63.75,2026-06-18 00:14:26
txn_0001830,cust_000541,withdrawal,refunded,68.82,2026-02-20 08:06:19
txn_0001831,cust_000542,deposit,successful,68.13,2026-05-14 14:36:17
txn_0001832,cust_000543,deposit,successful,77.68,2026-06-20 12:28:28
txn_0001833,cust_000543,deposit,successful,68.46,2026-05-18 13:53:37
txn_0001834,cust_000545,deposit,successful,177.6,2026-02-05 07:32:03
txn_0001835,cust_000545,withdrawal,successful,483.09,2026-04-18 21:54:03
txn_0001836,cust_000545,deposit,successful,248.63,2026-05-27 03:44:32
txn_0001837,cust_000545,deposit,successful,230.74,2026-05-05 15:04:43
txn_0001838,cust_000545,deposit,failed,487.45,2026-06-18 08:17:59
txn_0001839,cust_000545,withdrawal,pending,173.71,2026-04-17 18:30:09
txn_0001840,cust_000545,deposit,successful,373.73,2026-02-01 07:50:35
txn_0001841,cust_000545,deposit,successful,289.49,2026-05-18 12:49:08
txn_0001842,cust_000545,deposit,successful,308.57,2026-05-21 02:22:43
txn_0001843,cust_000545,deposit,successful,426.67,2026-02-18 21:17:50
txn_0001844,cust_000545,deposit,successful,272.26,2026-02-27 02:08:31
txn_0001845,cust_000545,deposit,successful,193.21,2026-05-03 07:57:18
txn_0001846,cust_000545,withdrawal,successful,357.05,2026-02-25 03:55:41
txn_0001847,cust_000546,withdrawal,successful,54.77,2026-06-04 10:50:00
txn_0001848,cust_000546,deposit,successful,33.57,2026-06-21 22:33:46
txn_0001849,cust_000547,deposit,successful,7.3,2026-06-28 02:47:24
txn_0001850,cust_000547,deposit,successful,18.19,2026-06-29 15:27:01
txn_0001851,cust_000547,withdrawal,successful,23.84,2026-06-28 19:32:19
txn_0001852,cust_000547,deposit,successful,34.56,2026-06-29 19:13:27
txn_0001853,cust_000548,deposit,refunded,18.93,2026-03-25 02:54:10
txn_0001854,cust_000548,deposit,successful,44.95,2026-06-08 17:27:36
txn_0001855,cust_000548,deposit,refunded,67.27,2026-04-12 23:59:16
txn_0001856,cust_000548,withdrawal,failed,77.04,2026-05-13 01:23:34
txn_0001857,cust_000549,deposit,successful,17.33,2026-06-08 07:29:16
txn_0001858,cust_000549,withdrawal,successful,19.0,2026-05-31 20:01:02
txn_0001859,cust_000550,deposit,successful,461.28,2026-03-25 13:04:02
txn_0001860,cust_000550,withdrawal,successful,127.34,2026-06-10 17:45:42
txn_0001861,cust_000550,deposit,successful,204.5,2026-04-03 03:51:19
txn_0001862,cust_000550,withdrawal,successful,150.6,2026-03-10 20:22:59
txn_0001863,cust_000550,deposit,successful,369.78,2026-06-07 17:28:45
txn_0001864,cust_000550,deposit,successful,270.33,2026-06-24 09:44:35
txn_0001865,cust_000550,deposit,successful,195.97,2026-06-07 11:39:37
txn_0001866,cust_000550,deposit,successful,421.19,2026-04-15 18:56:13
txn_0001867,cust_000550,withdrawal,failed,330.43,2026-06-20 23:17:14
txn_0001868,cust_000550,withdrawal,failed,83.53,2026-06-11 00:50:59
txn_0001869,cust_000551,deposit,successful,124.17,2026-06-14 12:11:27
txn_0001870,cust_000551,deposit,successful,311.89,2026-06-07 04:41:23
txn_0001871,cust_000551,deposit,successful,144.58,2026-06-08 16:21:04
txn_0001872,cust_000551,withdrawal,successful,98.39,2026-06-13 00:34:18
txn_0001873,cust_000551,deposit,failed,378.02,2026-06-01 12:21:08
txn_0001874,cust_000551,withdrawal,successful,264.14,2026-06-11 08:44:02
txn_0001875,cust_000551,deposit,successful,409.46,2026-06-02 13:27:48
txn_0001876,cust_000551,deposit,successful,481.91,2026-05-22 18:42:26
txn_0001877,cust_000551,withdrawal,successful,438.92,2026-06-24 20:12:38
txn_0001878,cust_000551,deposit,successful,406.6,2026-06-28 08:50:04
txn_0001879,cust_000551,deposit,cancelled,222.32,2026-06-13 04:00:57
txn_0001880,cust_000551,deposit,successful,316.28,2026-06-24 18:59:26
txn_0001881,cust_000552,deposit,successful,5.5,2026-06-23 04:55:35
txn_0001882,cust_000553,withdrawal,successful,46.84,2026-04-22 06:59:13
txn_0001883,cust_000553,deposit,failed,75.14,2026-02-05 13:45:58
txn_0001884,cust_000553,deposit,successful,37.11,2026-06-09 15:45:56
txn_0001885,cust_000553,deposit,successful,48.77,2026-06-09 02:05:38
txn_0001886,cust_000554,withdrawal,successful,25.97,2026-06-12 22:24:14
txn_0001887,cust_000554,withdrawal,failed,43.27,2026-06-02 19:20:31
txn_0001888,cust_000554,deposit,successful,45.6,2026-05-28 03:32:50
txn_0001889,cust_000554,deposit,successful,64.75,2026-06-05 07:30:18
txn_0001890,cust_000555,deposit,refunded,18.33,2026-06-26 17:56:52
txn_0001891,cust_000555,withdrawal,successful,77.57,2026-06-25 17:16:50
txn_0001892,cust_000555,withdrawal,successful,6.9,2026-06-27 00:23:38
txn_0001893,cust_000555,withdrawal,successful,8.22,2026-06-25 05:44:18
txn_0001894,cust_000556,deposit,refunded,53.55,2026-06-28 22:15:03
txn_0001895,cust_000557,withdrawal,successful,70.8,2026-06-01 18:58:06
txn_0001896,cust_000558,deposit,successful,10.19,2026-05-10 15:05:01
txn_0001897,cust_000558,deposit,successful,44.13,2026-03-16 13:28:10
txn_0001898,cust_000559,deposit,successful,26.29,2026-05-19 17:52:39
txn_0001899,cust_000560,deposit,successful,223.62,2026-05-25 09:13:27
txn_0001900,cust_000560,withdrawal,cancelled,274.81,2026-04-08 23:25:33
txn_0001901,cust_000560,withdrawal,successful,240.38,2026-04-24 02:59:36
txn_0001902,cust_000560,deposit,successful,339.42,2026-05-07 19:55:57
txn_0001903,cust_000560,withdrawal,successful,430.68,2026-05-22 03:03:15
txn_0001904,cust_000560,withdrawal,successful,179.56,2026-05-22 14:53:33
txn_0001905,cust_000560,deposit,successful,412.42,2026-04-23 09:59:52
txn_0001906,cust_000560,deposit,successful,381.67,2026-04-01 13:20:56
txn_0001907,cust_000560,withdrawal,successful,322.96,2026-04-19 20:54:41
txn_0001908,cust_000560,deposit,successful,330.83,2026-05-10 04:47:40
txn_0001909,cust_000560,deposit,successful,283.82,2026-03-29 10:44:09
txn_0001910,cust_000560,deposit,successful,372.9,2026-04-20 14:30:31
txn_0001911,cust_000561,deposit,successful,40.37,2026-06-22 11:05:17
txn_0001912,cust_000562,withdrawal,successful,64.02,2026-02-07 08:36:20
txn_0001913,cust_000562,withdrawal,successful,24.53,2026-03-07 07:15:50
txn_0001914,cust_000562,deposit,successful,41.29,2026-02-24 13:55:37
txn_0001915,cust_000564,deposit,successful,328.38,2026-06-01 21:57:40
txn_0001916,cust_000564,deposit,successful,383.86,2026-06-27 12:21:18
txn_0001917,cust_000564,deposit,successful,378.3,2026-06-06 16:53:20
txn_0001918,cust_000564,withdrawal,successful,373.23,2026-06-03 19:38:25
txn_0001919,cust_000564,deposit,successful,78.49,2026-06-03 12:31:45
txn_0001920,cust_000564,withdrawal,successful,377.74,2026-06-29 19:35:31
txn_0001921,cust_000564,withdrawal,successful,480.51,2026-06-04 00:52:43
txn_0001922,cust_000564,withdrawal,failed,119.84,2026-06-03 09:01:41
txn_0001923,cust_000565,withdrawal,successful,71.12,2026-05-26 23:46:50
txn_0001924,cust_000566,deposit,successful,69.04,2026-05-28 14:59:36
txn_0001925,cust_000566,deposit,successful,46.3,2026-05-08 09:48:08
txn_0001926,cust_000567,withdrawal,successful,64.2,2026-04-22 11:33:04
txn_0001927,cust_000567,deposit,successful,46.7,2026-05-07 04:15:26
txn_0001928,cust_000568,withdrawal,successful,60.28,2026-06-04 21:51:51
txn_0001929,cust_000568,withdrawal,successful,26.74,2026-05-22 07:53:38
txn_0001930,cust_000568,deposit,refunded,69.91,2026-04-26 16:31:29
txn_0001931,cust_000569,deposit,successful,131.21,2026-06-06 15:42:27
txn_0001932,cust_000569,deposit,successful,247.46,2026-06-29 06:23:19
txn_0001933,cust_000569,deposit,successful,122.94,2026-06-04 09:25:08
txn_0001934,cust_000569,deposit,successful,260.83,2026-06-29 22:16:08
txn_0001935,cust_000569,deposit,successful,146.41,2026-06-06 11:05:14
txn_0001936,cust_000569,deposit,failed,310.81,2026-06-07 17:06:08
txn_0001937,cust_000569,deposit,successful,108.8,2026-06-12 19:08:49
txn_0001938,cust_000569,deposit,successful,110.62,2026-06-05 18:49:35
txn_0001939,cust_000569,deposit,failed,296.59,2026-06-03 15:15:11
txn_0001940,cust_000569,deposit,successful,392.45,2026-06-13 21:06:37
txn_0001941,cust_000570,withdrawal,successful,42.76,2026-05-23 08:28:53
txn_0001942,cust_000570,deposit,successful,20.79,2026-06-08 08:53:49
txn_0001943,cust_000570,deposit,successful,55.05,2026-05-09 03:16:20
txn_0001944,cust_000571,withdrawal,failed,74.32,2026-03-30 13:47:04
txn_0001945,cust_000571,withdrawal,successful,79.82,2026-06-15 11:13:58
txn_0001946,cust_000571,deposit,successful,78.35,2026-03-08 00:10:50
txn_0001947,cust_000571,withdrawal,successful,66.1,2026-01-28 22:11:37
txn_0001948,cust_000573,withdrawal,refunded,31.02,2026-02-20 21:29:08
txn_0001949,cust_000573,withdrawal,successful,47.79,2026-06-29 08:31:44
txn_0001950,cust_000573,deposit,failed,53.22,2026-03-08 23:23:38
txn_0001951,cust_000574,deposit,successful,54.8,2026-05-08 14:57:04
txn_0001952,cust_000574,deposit,successful,54.03,2026-04-24 19:46:18
txn_0001953,cust_000574,withdrawal,successful,66.74,2026-06-28 20:30:01
txn_0001954,cust_000574,deposit,successful,11.2,2026-06-01 06:48:32
txn_0001955,cust_000575,deposit,successful,115.33,2026-04-27 04:21:57
txn_0001956,cust_000575,deposit,successful,102.0,2026-04-30 17:41:24
txn_0001957,cust_000575,deposit,successful,482.05,2026-06-23 00:03:17
txn_0001958,cust_000575,deposit,successful,74.08,2026-04-29 13:22:23
txn_0001959,cust_000575,deposit,successful,102.17,2026-04-24 15:56:10
txn_0001960,cust_000575,deposit,successful,68.83,2026-05-03 13:04:40
txn_0001961,cust_000575,deposit,failed,375.35,2026-04-29 04:52:19
txn_0001962,cust_000575,deposit,failed,246.94,2026-06-28 18:48:59
txn_0001963,cust_000575,deposit,successful,378.36,2026-06-27 12:06:26
txn_0001964,cust_000575,deposit,successful,221.13,2026-05-27 21:20:52
txn_0001965,cust_000575,withdrawal,successful,254.9,2026-05-03 08:43:19
txn_0001966,cust_000575,withdrawal,successful,96.63,2026-06-05 14:00:03
txn_0001967,cust_000578,deposit,successful,64.24,2026-02-27 09:50:01
txn_0001968,cust_000578,withdrawal,successful,74.14,2026-03-22 07:17:44
txn_0001969,cust_000579,deposit,successful,16.26,2026-06-23 15:12:54
txn_0001970,cust_000579,withdrawal,cancelled,19.52,2026-06-29 04:15:29
txn_0001971,cust_000580,deposit,successful,427.84,2026-05-29 21:14:17
txn_0001972,cust_000580,deposit,successful,412.41,2026-03-17 05:45:37
txn_0001973,cust_000580,deposit,successful,107.69,2026-05-23 00:55:45
txn_0001974,cust_000580,deposit,successful,399.36,2026-03-20 07:38:18
txn_0001975,cust_000580,deposit,successful,173.96,2026-04-13 13:12:14
txn_0001976,cust_000580,deposit,successful,292.84,2026-05-19 10:14:52
txn_0001977,cust_000580,deposit,refunded,145.41,2026-04-11 07:23:55
txn_0001978,cust_000580,withdrawal,failed,61.54,2026-04-16 07:48:27
txn_0001979,cust_000581,deposit,successful,32.14,2026-05-20 23:26:12
txn_0001980,cust_000581,deposit,successful,25.84,2026-06-08 00:33:01
txn_0001981,cust_000581,withdrawal,successful,58.91,2026-06-05 12:15:57
txn_0001982,cust_000582,deposit,successful,35.93,2026-04-13 04:09:00
txn_0001983,cust_000582,withdrawal,successful,53.76,2026-06-01 13:25:46
txn_0001984,cust_000582,deposit,successful,76.47,2026-05-06 08:19:05
txn_0001985,cust_000582,deposit,successful,53.15,2026-06-11 08:02:55
txn_0001986,cust_000583,deposit,successful,23.73,2026-03-30 06:54:56
txn_0001987,cust_000583,deposit,successful,76.74,2026-06-10 17:57:12
txn_0001988,cust_000584,withdrawal,successful,36.74,2026-06-17 22:42:19
txn_0001989,cust_000584,deposit,cancelled,38.21,2026-06-18 00:03:28
txn_0001990,cust_000584,withdrawal,refunded,26.38,2026-06-18 00:41:17
txn_0001991,cust_000585,deposit,successful,428.71,2026-04-23 02:57:54
txn_0001992,cust_000585,deposit,successful,245.38,2026-04-19 15:53:30
txn_0001993,cust_000585,withdrawal,successful,103.33,2026-06-18 08:31:51
txn_0001994,cust_000585,withdrawal,successful,61.99,2026-03-01 05:42:45
txn_0001995,cust_000585,deposit,successful,153.43,2026-05-07 13:05:49
txn_0001996,cust_000585,deposit,successful,270.04,2026-02-06 11:20:25
txn_0001997,cust_000585,withdrawal,successful,282.58,2026-01-22 13:11:08
txn_0001998,cust_000586,deposit,successful,16.11,2026-03-21 20:31:49
txn_0001999,cust_000586,deposit,successful,57.82,2026-05-06 13:11:10
txn_0002000,cust_000586,deposit,successful,35.64,2026-03-09 05:50:03
txn_0002001,cust_000587,withdrawal,successful,199.46,2026-03-18 12:05:53
txn_0002002,cust_000587,deposit,successful,212.5,2026-03-29 20:53:49
txn_0002003,cust_000587,deposit,successful,139.77,2026-04-01 07:12:13
txn_0002004,cust_000587,deposit,successful,61.16,2026-03-12 04:00:22
txn_0002005,cust_000587,deposit,successful,436.73,2026-05-16 05:51:46
txn_0002006,cust_000587,deposit,successful,243.27,2026-06-18 14:07:03
txn_0002007,cust_000587,deposit,cancelled,302.57,2026-02-25 09:33:13
txn_0002008,cust_000587,deposit,successful,323.13,2026-03-12 21:46:17
txn_0002009,cust_000587,withdrawal,failed,464.89,2026-04-28 08:06:27
txn_0002010,cust_000587,deposit,successful,420.44,2026-04-27 19:40:36
txn_0002011,cust_000587,deposit,successful,158.25,2026-05-14 20:53:14
txn_0002012,cust_000587,withdrawal,successful,64.44,2026-02-05 16:27:21
txn_0002013,cust_000587,withdrawal,successful,95.08,2026-04-25 15:16:11
txn_0002014,cust_000587,withdrawal,successful,389.79,2026-02-06 20:11:52
txn_0002015,cust_000588,deposit,successful,54.99,2026-04-13 07:18:36
txn_0002016,cust_000588,deposit,successful,61.18,2026-01-12 19:33:56
txn_0002017,cust_000588,deposit,successful,75.61,2026-06-07 04:24:36
txn_0002018,cust_000588,deposit,successful,57.5,2026-06-05 01:12:51
txn_0002019,cust_000589,deposit,successful,28.63,2026-04-30 07:03:11
txn_0002020,cust_000589,deposit,successful,63.83,2026-05-30 17:53:06
txn_0002021,cust_000589,deposit,successful,7.84,2026-06-17 17:21:45
txn_0002022,cust_000589,withdrawal,successful,66.63,2026-06-27 01:17:08
txn_0002023,cust_000590,deposit,successful,79.23,2026-06-28 16:32:54
txn_0002024,cust_000590,deposit,successful,39.74,2026-06-12 15:27:36
txn_0002025,cust_000590,deposit,successful,33.67,2026-06-23 03:00:58
txn_0002026,cust_000590,withdrawal,successful,73.11,2026-06-22 22:43:05
txn_0002027,cust_000591,deposit,successful,76.44,2026-05-31 19:57:16
txn_0002028,cust_000591,deposit,successful,22.5,2026-05-28 02:26:43
txn_0002029,cust_000591,deposit,successful,20.82,2026-05-21 18:27:23
txn_0002030,cust_000592,deposit,successful,26.68,2026-06-23 21:21:59
txn_0002031,cust_000592,deposit,successful,38.46,2026-06-24 15:20:16
txn_0002032,cust_000592,deposit,cancelled,17.39,2026-06-07 19:42:53
txn_0002033,cust_000592,deposit,successful,15.47,2026-06-27 01:19:52
txn_0002034,cust_000593,deposit,successful,68.32,2026-05-12 23:08:49
txn_0002035,cust_000593,deposit,successful,54.56,2026-02-27 18:00:14
txn_0002036,cust_000593,deposit,failed,52.08,2026-06-05 05:52:26
txn_0002037,cust_000594,deposit,successful,77.99,2026-06-26 15:00:48
txn_0002038,cust_000594,deposit,successful,61.32,2026-06-03 03:21:07
txn_0002039,cust_000594,deposit,failed,79.48,2026-06-20 22:05:06
txn_0002040,cust_000594,withdrawal,pending,13.4,2026-06-22 03:12:09
txn_0002041,cust_000595,withdrawal,failed,51.95,2026-06-25 10:47:39
txn_0002042,cust_000595,withdrawal,successful,7.29,2026-06-25 16:06:58
txn_0002043,cust_000595,withdrawal,successful,74.61,2026-06-27 12:51:22
txn_0002044,cust_000595,deposit,refunded,17.05,2026-06-07 17:03:43
txn_0002045,cust_000596,withdrawal,successful,43.49,2026-06-10 16:13:22
txn_0002046,cust_000596,deposit,failed,77.94,2026-06-02 18:05:53
txn_0002047,cust_000597,deposit,successful,9.63,2026-04-14 18:07:44
txn_0002048,cust_000597,deposit,successful,40.57,2026-05-08 15:50:44
txn_0002049,cust_000597,deposit,successful,18.49,2026-06-18 19:22:59
txn_0002050,cust_000597,deposit,successful,49.68,2026-04-27 02:00:55
txn_0002051,cust_000599,deposit,successful,71.82,2026-06-20 04:57:30
txn_0002052,cust_000600,deposit,successful,55.28,2026-06-14 11:44:40
txn_0002053,cust_000601,deposit,cancelled,61.41,2026-06-27 00:21:45
txn_0002054,cust_000601,deposit,successful,54.84,2026-05-09 15:36:48
txn_0002055,cust_000601,deposit,failed,22.2,2026-04-15 20:44:52
txn_0002056,cust_000603,deposit,successful,13.44,2026-06-06 13:26:23
txn_0002057,cust_000603,deposit,successful,53.17,2026-06-12 18:56:58
txn_0002058,cust_000603,deposit,successful,65.64,2026-06-29 09:18:32
txn_0002059,cust_000603,deposit,failed,33.3,2026-06-21 02:11:56
txn_0002060,cust_000604,deposit,successful,229.17,2026-06-29 12:06:03
txn_0002061,cust_000604,deposit,successful,466.8,2026-06-22 10:19:27
txn_0002062,cust_000604,deposit,successful,219.34,2026-06-23 09:59:22
txn_0002063,cust_000604,deposit,successful,243.19,2026-06-23 19:12:46
txn_0002064,cust_000604,deposit,successful,79.14,2026-03-26 10:55:25
txn_0002065,cust_000604,deposit,failed,223.67,2026-03-16 20:19:53
txn_0002066,cust_000604,withdrawal,successful,392.02,2026-06-17 14:59:01
txn_0002067,cust_000604,deposit,pending,296.02,2026-06-10 08:47:27
txn_0002068,cust_000604,deposit,successful,169.66,2026-04-09 02:36:25
txn_0002069,cust_000604,withdrawal,successful,326.34,2026-04-10 06:20:00
txn_0002070,cust_000604,deposit,cancelled,227.83,2026-04-16 04:50:40
txn_0002071,cust_000604,deposit,successful,250.33,2026-06-07 08:58:24
txn_0002072,cust_000605,deposit,cancelled,11.69,2026-02-20 07:30:42
txn_0002073,cust_000605,withdrawal,successful,48.99,2026-03-01 22:22:02
txn_0002074,cust_000605,withdrawal,successful,54.59,2026-04-18 11:13:20
txn_0002075,cust_000605,withdrawal,successful,79.89,2026-03-11 16:46:38
txn_0002076,cust_000606,deposit,failed,146.0,2026-04-20 14:06:40
txn_0002077,cust_000606,deposit,failed,133.96,2026-05-01 04:17:10
txn_0002078,cust_000606,deposit,successful,300.33,2026-04-29 04:29:28
txn_0002079,cust_000606,withdrawal,successful,365.15,2026-06-17 14:10:37
txn_0002080,cust_000607,deposit,successful,27.66,2026-06-12 17:28:25
txn_0002081,cust_000607,deposit,successful,37.17,2026-02-05 21:44:14
txn_0002082,cust_000608,deposit,successful,7.12,2026-04-26 03:04:07
txn_0002083,cust_000608,deposit,failed,40.25,2026-03-16 06:26:17
txn_0002084,cust_000610,deposit,successful,57.51,2026-06-18 01:51:11
txn_0002085,cust_000610,deposit,refunded,52.29,2026-06-28 06:25:47
txn_0002086,cust_000610,deposit,successful,69.97,2026-06-15 01:39:40
txn_0002087,cust_000610,deposit,successful,25.36,2026-06-17 08:26:50
txn_0002088,cust_000612,deposit,successful,29.48,2026-06-29 12:43:24
txn_0002089,cust_000613,deposit,successful,45.94,2026-06-15 20:46:41
txn_0002090,cust_000613,deposit,successful,57.42,2026-06-15 02:04:40
txn_0002091,cust_000613,withdrawal,successful,38.03,2026-06-29 16:16:28
txn_0002092,cust_000614,deposit,successful,71.94,2026-05-19 17:31:26
txn_0002093,cust_000614,withdrawal,successful,78.42,2026-02-25 17:22:05
txn_0002094,cust_000616,deposit,successful,59.18,2026-05-12 02:01:53
txn_0002095,cust_000616,deposit,failed,79.6,2026-06-14 09:15:13
txn_0002096,cust_000616,deposit,successful,31.34,2026-05-03 07:39:56
txn_0002097,cust_000616,deposit,successful,22.03,2026-05-05 00:09:39
txn_0002098,cust_000617,deposit,successful,20.54,2026-06-03 16:18:03
txn_0002099,cust_000617,deposit,successful,12.5,2026-04-12 10:05:53
txn_0002100,cust_000617,deposit,successful,33.42,2026-03-29 20:05:59
txn_0002101,cust_000617,deposit,pending,65.52,2026-05-16 11:22:49
txn_0002102,cust_000618,withdrawal,cancelled,8.52,2026-04-30 08:55:53
txn_0002103,cust_000618,withdrawal,successful,69.89,2026-06-18 06:07:36
txn_0002104,cust_000619,deposit,successful,37.62,2026-06-20 13:18:12
txn_0002105,cust_000619,deposit,successful,24.66,2026-06-03 07:29:48
txn_0002106,cust_000619,withdrawal,successful,28.61,2026-05-22 04:04:53
txn_0002107,cust_000619,withdrawal,successful,30.49,2026-06-04 00:29:19
txn_0002108,cust_000620,deposit,successful,77.36,2026-06-04 23:09:57
txn_0002109,cust_000620,deposit,successful,36.89,2026-05-07 19:19:18
txn_0002110,cust_000621,deposit,successful,35.33,2026-06-27 13:38:30
txn_0002111,cust_000621,deposit,successful,18.82,2026-06-11 12:14:22
txn_0002112,cust_000622,deposit,successful,228.42,2026-06-06 06:17:37
txn_0002113,cust_000622,deposit,failed,466.41,2026-06-12 02:41:25
txn_0002114,cust_000622,deposit,successful,122.12,2026-06-21 15:44:18
txn_0002115,cust_000623,withdrawal,successful,77.25,2026-06-07 18:55:53
txn_0002116,cust_000623,deposit,successful,57.05,2026-06-22 05:20:07
txn_0002117,cust_000624,deposit,successful,10.05,2026-06-29 17:18:51
txn_0002118,cust_000624,deposit,successful,58.19,2026-06-27 16:54:48
txn_0002119,cust_000625,deposit,successful,76.74,2026-06-29 03:45:10
txn_0002120,cust_000625,deposit,failed,79.5,2026-05-18 16:40:34
txn_0002121,cust_000625,deposit,successful,6.13,2026-06-02 02:57:07
txn_0002122,cust_000625,deposit,successful,41.09,2026-05-19 10:56:07
txn_0002123,cust_000626,deposit,refunded,127.8,2026-03-19 08:46:57
txn_0002124,cust_000626,withdrawal,failed,468.83,2026-05-29 05:36:05
txn_0002125,cust_000626,withdrawal,successful,250.75,2026-04-26 01:11:27
txn_0002126,cust_000626,deposit,successful,433.73,2026-04-24 02:14:18
txn_0002127,cust_000626,withdrawal,successful,378.7,2026-04-01 14:21:00
txn_0002128,cust_000626,deposit,failed,163.05,2026-06-14 16:12:32
txn_0002129,cust_000627,deposit,successful,37.26,2026-05-03 03:13:20
txn_0002130,cust_000627,deposit,successful,44.92,2026-06-23 01:35:22
txn_0002131,cust_000628,withdrawal,successful,78.76,2026-04-30 13:18:53
txn_0002132,cust_000629,deposit,successful,352.29,2026-03-18 23:06:47
txn_0002133,cust_000629,deposit,successful,445.39,2026-04-26 23:20:32
txn_0002134,cust_000629,deposit,successful,71.22,2026-04-16 02:37:25
txn_0002135,cust_000629,deposit,successful,343.77,2026-04-23 07:44:51
txn_0002136,cust_000629,withdrawal,successful,441.44,2026-03-23 06:44:27
txn_0002137,cust_000630,deposit,successful,16.56,2026-05-02 19:00:07
txn_0002138,cust_000631,deposit,successful,62.4,2026-06-23 16:32:00
txn_0002139,cust_000631,withdrawal,successful,60.01,2026-06-24 06:32:44
txn_0002140,cust_000631,deposit,successful,62.31,2026-06-02 15:44:33
txn_0002141,cust_000631,deposit,successful,55.89,2026-06-26 06:50:23
txn_0002142,cust_000632,deposit,successful,33.46,2026-06-29 07:43:06
txn_0002143,cust_000633,deposit,successful,58.57,2026-05-14 16:02:10
txn_0002144,cust_000633,deposit,successful,50.51,2026-03-20 01:30:29
txn_0002145,cust_000633,deposit,successful,24.12,2026-03-15 02:20:52
txn_0002146,cust_000634,withdrawal,successful,497.45,2026-06-24 18:41:55
txn_0002147,cust_000634,deposit,successful,276.37,2026-06-23 05:40:16
txn_0002148,cust_000634,deposit,successful,198.96,2026-06-15 13:39:24
txn_0002149,cust_000634,withdrawal,successful,436.03,2026-06-10 20:50:02
txn_0002150,cust_000634,deposit,successful,96.73,2026-06-27 23:15:34
txn_0002151,cust_000634,deposit,failed,263.38,2026-06-20 16:38:02
txn_0002152,cust_000634,deposit,successful,205.4,2026-06-20 07:34:17
txn_0002153,cust_000634,deposit,successful,479.98,2026-06-26 06:19:06
txn_0002154,cust_000634,deposit,successful,144.62,2026-06-22 21:45:33
txn_0002155,cust_000636,deposit,successful,51.47,2026-06-07 01:05:58
txn_0002156,cust_000636,deposit,successful,6.17,2026-03-02 19:22:11
txn_0002157,cust_000636,deposit,successful,29.04,2026-06-20 00:10:49
txn_0002158,cust_000637,deposit,successful,77.03,2026-06-18 07:42:23
txn_0002159,cust_000637,withdrawal,successful,60.15,2026-06-26 07:39:01
txn_0002160,cust_000637,deposit,successful,79.11,2026-06-15 07:41:05
txn_0002161,cust_000637,withdrawal,successful,27.96,2026-05-10 21:57:21
txn_0002162,cust_000638,withdrawal,successful,12.85,2026-06-01 12:56:46
txn_0002163,cust_000639,withdrawal,successful,154.65,2026-05-10 14:06:21
txn_0002164,cust_000639,withdrawal,successful,293.2,2026-06-01 01:56:50
txn_0002165,cust_000639,withdrawal,successful,170.51,2026-04-20 23:50:54
txn_0002166,cust_000639,deposit,successful,151.87,2026-06-05 23:34:28
txn_0002167,cust_000639,deposit,pending,305.61,2026-04-27 03:12:09
txn_0002168,cust_000639,deposit,successful,346.79,2026-06-05 17:27:19
txn_0002169,cust_000639,withdrawal,successful,120.7,2026-06-22 07:32:29
txn_0002170,cust_000640,withdrawal,successful,70.02,2026-06-28 09:46:21
txn_0002171,cust_000641,deposit,successful,17.58,2026-02-22 04:24:58
txn_0002172,cust_000641,deposit,successful,18.88,2026-01-14 21:27:08
txn_0002173,cust_000641,deposit,successful,56.87,2026-01-24 05:44:40
txn_0002174,cust_000641,deposit,successful,8.4,2026-02-03 06:08:29
txn_0002175,cust_000642,withdrawal,successful,70.09,2026-06-05 04:38:44
txn_0002176,cust_000642,deposit,successful,33.97,2026-06-09 09:45:30
txn_0002177,cust_000642,deposit,successful,19.2,2026-04-29 16:29:56
txn_0002178,cust_000642,deposit,successful,73.8,2026-04-06 23:47:56
txn_0002179,cust_000643,deposit,successful,53.09,2026-04-18 08:58:34
txn_0002180,cust_000643,deposit,successful,63.96,2026-03-11 04:44:07
txn_0002181,cust_000644,deposit,successful,137.74,2026-06-20 08:32:16
txn_0002182,cust_000644,withdrawal,successful,424.43,2026-06-24 16:18:42
txn_0002183,cust_000644,withdrawal,successful,380.0,2026-06-21 19:40:01
txn_0002184,cust_000644,deposit,successful,462.2,2026-06-26 19:30:31
txn_0002185,cust_000644,withdrawal,successful,474.56,2026-06-23 18:29:55
txn_0002186,cust_000644,deposit,failed,425.34,2026-06-27 14:52:57
txn_0002187,cust_000644,withdrawal,successful,246.16,2026-06-18 02:50:30
txn_0002188,cust_000644,deposit,failed,170.9,2026-06-27 05:52:49
txn_0002189,cust_000644,deposit,successful,462.26,2026-06-26 12:55:54
txn_0002190,cust_000644,withdrawal,refunded,366.84,2026-06-19 04:36:05
txn_0002191,cust_000644,deposit,successful,50.71,2026-06-23 20:23:20
txn_0002192,cust_000644,withdrawal,successful,326.35,2026-06-26 16:19:53
txn_0002193,cust_000644,deposit,successful,68.88,2026-06-28 09:27:53
txn_0002194,cust_000644,deposit,successful,243.45,2026-06-21 17:23:25
txn_0002195,cust_000644,deposit,successful,220.06,2026-06-20 10:02:15
txn_0002196,cust_000645,deposit,successful,34.13,2026-06-04 17:36:16
txn_0002197,cust_000645,deposit,successful,45.5,2026-06-08 08:43:22
txn_0002198,cust_000645,deposit,cancelled,47.43,2026-06-27 20:09:13
txn_0002199,cust_000646,deposit,successful,32.31,2026-03-17 02:33:48
txn_0002200,cust_000646,withdrawal,successful,32.23,2026-04-07 01:42:14
txn_0002201,cust_000646,deposit,successful,6.75,2026-05-15 05:12:05
txn_0002202,cust_000647,deposit,cancelled,244.23,2026-04-10 21:12:57
txn_0002203,cust_000647,deposit,successful,432.17,2026-05-12 03:10:59
txn_0002204,cust_000647,deposit,successful,442.71,2026-06-17 16:27:23
txn_0002205,cust_000647,deposit,refunded,298.98,2026-04-05 15:17:22
txn_0002206,cust_000648,withdrawal,successful,75.09,2026-05-08 13:32:18
txn_0002207,cust_000648,deposit,refunded,30.17,2026-05-07 03:20:46
txn_0002208,cust_000648,deposit,successful,41.5,2026-05-26 10:24:53
txn_0002209,cust_000648,deposit,successful,41.62,2026-03-24 18:59:08
txn_0002210,cust_000651,deposit,successful,408.76,2026-06-22 16:04:18
txn_0002211,cust_000651,deposit,failed,323.85,2026-05-25 11:04:25
txn_0002212,cust_000651,deposit,successful,169.82,2026-06-11 03:40:36
txn_0002213,cust_000651,deposit,successful,200.42,2026-06-13 04:21:37
txn_0002214,cust_000651,withdrawal,failed,368.21,2026-06-29 09:04:23
txn_0002215,cust_000651,deposit,successful,379.14,2026-06-25 00:01:58
txn_0002216,cust_000651,deposit,successful,299.1,2026-06-29 23:13:21
txn_0002217,cust_000651,withdrawal,successful,193.53,2026-05-23 04:51:41
txn_0002218,cust_000651,withdrawal,successful,113.69,2026-06-18 01:23:34
txn_0002219,cust_000651,deposit,successful,369.64,2026-05-21 00:04:15
txn_0002220,cust_000651,deposit,successful,334.45,2026-05-24 01:49:50
txn_0002221,cust_000652,deposit,successful,25.63,2026-05-16 19:23:22
txn_0002222,cust_000652,withdrawal,successful,15.2,2026-06-26 07:42:14
txn_0002223,cust_000653,deposit,successful,17.22,2026-06-26 02:32:17
txn_0002224,cust_000654,deposit,successful,9.38,2026-03-18 23:34:00
txn_0002225,cust_000654,deposit,successful,18.71,2026-06-26 08:02:37
txn_0002226,cust_000655,deposit,successful,15.22,2026-02-28 11:50:50
txn_0002227,cust_000656,deposit,successful,5.47,2026-05-07 10:57:57
txn_0002228,cust_000656,withdrawal,successful,53.11,2026-06-13 05:14:43
txn_0002229,cust_000656,withdrawal,successful,48.08,2026-03-18 13:23:06
txn_0002230,cust_000656,deposit,successful,71.44,2026-05-25 01:33:59
txn_0002231,cust_000658,deposit,successful,37.06,2026-02-07 02:29:44
txn_0002232,cust_000658,withdrawal,successful,22.06,2026-03-13 10:25:54
txn_0002233,cust_000660,deposit,successful,19.97,2026-04-15 10:34:17
txn_0002234,cust_000660,deposit,successful,49.52,2026-06-11 12:49:16
txn_0002235,cust_000660,deposit,cancelled,24.23,2026-06-21 22:58:59
txn_0002236,cust_000660,deposit,successful,70.79,2026-04-05 19:41:44
txn_0002237,cust_000661,deposit,successful,364.61,2026-05-22 18:29:54
txn_0002238,cust_000661,deposit,successful,284.86,2026-06-15 02:20:25
txn_0002239,cust_000661,deposit,successful,439.34,2026-05-11 17:06:53
txn_0002240,cust_000661,deposit,successful,175.56,2026-05-15 23:03:54
txn_0002241,cust_000661,withdrawal,successful,481.7,2026-04-29 13:15:58
txn_0002242,cust_000661,deposit,successful,489.83,2026-05-04 17:08:16
txn_0002243,cust_000661,withdrawal,successful,87.19,2026-06-12 06:36:32
txn_0002244,cust_000661,deposit,successful,65.98,2026-04-27 20:47:49
txn_0002245,cust_000661,deposit,successful,348.79,2026-06-14 12:20:38
txn_0002246,cust_000661,deposit,pending,260.72,2026-04-27 16:07:51
txn_0002247,cust_000661,deposit,failed,247.03,2026-05-25 22:43:41
txn_0002248,cust_000661,withdrawal,successful,201.83,2026-05-14 11:47:58
txn_0002249,cust_000661,deposit,successful,232.53,2026-04-26 20:55:05
txn_0002250,cust_000661,deposit,successful,385.4,2026-04-24 18:41:06
txn_0002251,cust_000662,withdrawal,successful,450.95,2026-04-15 19:28:24
txn_0002252,cust_000662,deposit,successful,186.64,2026-06-12 05:57:42
txn_0002253,cust_000662,withdrawal,successful,464.51,2026-05-11 07:09:43
txn_0002254,cust_000662,deposit,successful,232.65,2026-04-24 20:23:09
txn_0002255,cust_000662,withdrawal,failed,73.88,2026-05-01 20:31:04
txn_0002256,cust_000662,deposit,successful,227.06,2026-03-07 17:34:50
txn_0002257,cust_000664,deposit,successful,16.96,2026-06-09 13:13:50
txn_0002258,cust_000664,deposit,successful,49.55,2026-05-02 22:40:47
txn_0002259,cust_000665,deposit,successful,8.19,2026-02-08 19:18:33
txn_0002260,cust_000665,deposit,failed,54.96,2026-01-24 08:25:18
txn_0002261,cust_000666,deposit,successful,498.55,2026-03-23 04:22:03
txn_0002262,cust_000666,withdrawal,successful,92.64,2026-05-21 07:44:46
txn_0002263,cust_000666,deposit,successful,412.45,2026-05-09 19:04:45
txn_0002264,cust_000666,deposit,successful,74.29,2026-05-21 13:10:29
txn_0002265,cust_000668,withdrawal,successful,51.57,2026-06-16 14:55:59
txn_0002266,cust_000668,deposit,successful,57.4,2026-05-04 00:36:00
txn_0002267,cust_000668,deposit,successful,71.97,2026-04-08 01:30:52
txn_0002268,cust_000669,deposit,successful,64.54,2026-06-26 02:30:50
txn_0002269,cust_000669,withdrawal,successful,5.79,2026-05-21 21:20:49
txn_0002270,cust_000672,withdrawal,failed,30.29,2026-02-22 13:16:06
txn_0002271,cust_000672,deposit,successful,77.5,2026-04-09 09:15:05
txn_0002272,cust_000673,deposit,successful,335.17,2026-06-23 16:24:30
txn_0002273,cust_000673,withdrawal,successful,69.72,2026-06-19 20:34:46
txn_0002274,cust_000673,withdrawal,successful,366.88,2026-06-23 18:01:57
txn_0002275,cust_000673,deposit,successful,72.28,2026-06-26 08:49:55
txn_0002276,cust_000673,deposit,successful,214.77,2026-06-29 08:40:30
txn_0002277,cust_000673,withdrawal,successful,71.67,2026-06-14 14:18:34
txn_0002278,cust_000673,withdrawal,successful,329.92,2026-06-29 10:41:41
txn_0002279,cust_000675,deposit,successful,72.29,2026-06-25 23:53:05
txn_0002280,cust_000676,deposit,successful,445.23,2026-03-19 02:29:13
txn_0002281,cust_000676,deposit,successful,78.98,2026-05-07 04:31:15
txn_0002282,cust_000676,withdrawal,successful,479.94,2026-03-31 05:07:03
txn_0002283,cust_000676,deposit,successful,481.93,2026-04-15 20:07:18
txn_0002284,cust_000676,deposit,successful,459.19,2026-04-29 07:24:09
txn_0002285,cust_000678,deposit,pending,10.3,2026-06-08 19:57:44
txn_0002286,cust_000678,deposit,successful,75.54,2026-06-17 15:23:33
txn_0002287,cust_000679,withdrawal,successful,75.72,2026-06-06 14:24:53
txn_0002288,cust_000679,deposit,successful,46.01,2026-05-03 03:42:17
txn_0002289,cust_000679,withdrawal,cancelled,63.37,2026-04-30 06:44:03
txn_0002290,cust_000679,deposit,successful,25.03,2026-06-13 15:18:25
txn_0002291,cust_000680,deposit,successful,306.62,2026-06-11 09:50:46
txn_0002292,cust_000680,deposit,successful,437.85,2026-06-20 04:52:12
txn_0002293,cust_000680,withdrawal,successful,219.64,2026-06-24 06:09:48
txn_0002294,cust_000680,deposit,successful,53.62,2026-06-17 22:15:16
txn_0002295,cust_000680,deposit,successful,82.8,2026-06-02 12:52:44
txn_0002296,cust_000680,deposit,successful,108.5,2026-06-14 09:13:03
txn_0002297,cust_000681,deposit,successful,164.65,2026-05-29 07:42:53
txn_0002298,cust_000681,deposit,successful,476.16,2026-06-22 10:46:25
txn_0002299,cust_000681,withdrawal,successful,188.47,2026-03-28 23:26:13
txn_0002300,cust_000681,deposit,failed,307.09,2026-02-20 04:53:23
txn_0002301,cust_000681,deposit,successful,70.88,2026-06-25 09:57:44
txn_0002302,cust_000681,deposit,successful,300.1,2026-05-30 01:18:26
txn_0002303,cust_000681,withdrawal,successful,118.16,2026-02-16 16:59:09
txn_0002304,cust_000681,withdrawal,successful,249.83,2026-05-01 05:33:54
txn_0002305,cust_000681,deposit,refunded,176.72,2026-02-15 06:16:11
txn_0002306,cust_000681,withdrawal,successful,200.34,2026-05-13 15:37:25
txn_0002307,cust_000682,deposit,successful,29.25,2026-05-01 14:30:00
txn_0002308,cust_000682,deposit,successful,49.51,2026-03-08 04:52:48
txn_0002309,cust_000682,deposit,successful,34.64,2026-03-07 12:32:47
txn_0002310,cust_000682,withdrawal,successful,55.33,2026-04-25 09:03:20
txn_0002311,cust_000683,deposit,successful,32.75,2026-06-22 05:06:40
txn_0002312,cust_000684,deposit,successful,39.75,2026-06-29 17:37:53
txn_0002313,cust_000684,deposit,successful,73.05,2026-05-13 01:16:42
txn_0002314,cust_000684,deposit,successful,17.16,2026-06-22 20:49:50
txn_0002315,cust_000685,withdrawal,successful,244.15,2026-05-26 04:15:12
txn_0002316,cust_000685,deposit,successful,323.6,2026-06-24 14:32:49
txn_0002317,cust_000685,deposit,failed,403.55,2026-06-11 11:00:31
txn_0002318,cust_000685,deposit,successful,51.92,2026-06-21 02:06:38
txn_0002319,cust_000685,deposit,successful,397.76,2026-05-22 03:59:01
txn_0002320,cust_000686,deposit,successful,46.27,2026-05-05 12:42:13
txn_0002321,cust_000686,deposit,pending,47.67,2026-05-01 18:26:25
txn_0002322,cust_000687,deposit,successful,56.8,2026-06-25 16:46:26
txn_0002323,cust_000688,withdrawal,failed,387.69,2026-06-28 03:39:57
txn_0002324,cust_000688,withdrawal,successful,290.74,2026-06-29 10:51:41
txn_0002325,cust_000688,withdrawal,successful,80.23,2026-06-28 15:43:29
txn_0002326,cust_000688,deposit,failed,278.83,2026-06-28 11:15:20
txn_0002327,cust_000688,withdrawal,successful,174.25,2026-06-29 13:04:08
txn_0002328,cust_000688,withdrawal,successful,345.81,2026-06-28 03:53:23
txn_0002329,cust_000688,deposit,successful,123.13,2026-06-29 10:43:02
txn_0002330,cust_000688,deposit,failed,182.55,2026-06-29 20:47:09
txn_0002331,cust_000688,withdrawal,successful,110.87,2026-06-28 16:38:56
txn_0002332,cust_000688,deposit,successful,174.84,2026-06-28 06:27:27
txn_0002333,cust_000688,withdrawal,successful,379.01,2026-06-28 15:23:43
txn_0002334,cust_000688,withdrawal,refunded,79.72,2026-06-28 07:59:18
txn_0002335,cust_000688,deposit,successful,321.1,2026-06-29 18:02:09
txn_0002336,cust_000688,deposit,successful,381.07,2026-06-28 09:12:49
txn_0002337,cust_000689,deposit,successful,25.77,2026-05-24 11:04:43
txn_0002338,cust_000690,deposit,successful,372.62,2026-03-07 08:34:04
txn_0002339,cust_000690,deposit,successful,362.95,2026-03-06 16:45:29
txn_0002340,cust_000690,withdrawal,successful,68.64,2026-03-19 15:56:04
txn_0002341,cust_000690,withdrawal,successful,238.07,2026-02-28 03:54:51
txn_0002342,cust_000690,deposit,successful,138.67,2026-04-27 20:54:04
txn_0002343,cust_000691,deposit,successful,64.48,2026-06-11 10:38:49
txn_0002344,cust_000691,deposit,successful,39.47,2026-05-17 08:41:46
txn_0002345,cust_000692,withdrawal,successful,21.82,2026-05-18 07:51:19
txn_0002346,cust_000692,deposit,successful,17.14,2026-06-09 13:25:39
txn_0002347,cust_000692,deposit,successful,78.37,2026-06-16 04:00:08
txn_0002348,cust_000692,withdrawal,successful,8.07,2026-06-01 02:02:14
txn_0002349,cust_000693,withdrawal,successful,13.95,2026-05-08 04:22:20
txn_0002350,cust_000693,deposit,successful,45.59,2026-06-28 00:41:30
txn_0002351,cust_000693,deposit,successful,17.17,2026-05-25 01:09:04
txn_0002352,cust_000693,deposit,successful,75.42,2026-05-06 17:04:49
txn_0002353,cust_000695,deposit,successful,46.79,2026-05-10 19:27:27
txn_0002354,cust_000695,withdrawal,failed,39.54,2026-05-08 08:42:24
txn_0002355,cust_000696,withdrawal,successful,57.53,2026-04-03 09:54:11
txn_0002356,cust_000696,deposit,successful,65.31,2026-05-27 10:46:07
txn_0002357,cust_000696,withdrawal,successful,26.52,2026-06-09 20:39:04
txn_0002358,cust_000698,deposit,successful,34.36,2026-06-04 22:43:00
txn_0002359,cust_000698,deposit,successful,19.14,2026-06-21 09:21:35
txn_0002360,cust_000698,deposit,successful,27.67,2026-05-15 09:56:43
txn_0002361,cust_000699,deposit,successful,430.93,2026-04-03 03:24:02
txn_0002362,cust_000699,withdrawal,successful,89.81,2026-03-31 19:27:18
txn_0002363,cust_000699,withdrawal,successful,349.46,2026-05-27 19:05:56
txn_0002364,cust_000699,deposit,successful,362.94,2026-06-24 17:34:47
txn_0002365,cust_000699,deposit,refunded,432.57,2026-06-16 22:36:56
txn_0002366,cust_000699,withdrawal,successful,380.73,2026-06-20 15:41:33
txn_0002367,cust_000700,withdrawal,successful,60.49,2026-05-25 18:16:42
txn_0002368,cust_000700,withdrawal,successful,59.33,2026-06-01 15:44:21
txn_0002369,cust_000700,deposit,successful,50.06,2026-06-21 22:38:34
txn_0002370,cust_000700,withdrawal,failed,46.98,2026-05-30 18:11:50
txn_0002371,cust_000701,deposit,successful,78.06,2026-06-25 18:03:06
txn_0002372,cust_000701,deposit,successful,32.35,2026-05-17 14:13:30
txn_0002373,cust_000702,deposit,successful,65.67,2026-03-24 17:52:27
txn_0002374,cust_000703,deposit,successful,350.81,2026-06-26 14:11:36
txn_0002375,cust_000703,deposit,successful,373.45,2026-06-29 18:58:18
txn_0002376,cust_000703,deposit,successful,225.68,2026-06-23 15:57:12
txn_0002377,cust_000703,deposit,successful,198.87,2026-06-18 02:54:34
txn_0002378,cust_000703,withdrawal,successful,374.25,2026-06-27 17:19:31
txn_0002379,cust_000703,deposit,refunded,455.67,2026-06-28 21:11:12
txn_0002380,cust_000703,deposit,successful,485.17,2026-06-14 18:00:07
txn_0002381,cust_000703,deposit,successful,171.88,2026-06-26 19:22:55
txn_0002382,cust_000704,withdrawal,successful,222.04,2026-06-12 09:47:33
txn_0002383,cust_000704,deposit,successful,106.91,2026-06-01 14:38:23
txn_0002384,cust_000704,withdrawal,successful,290.97,2026-05-20 01:46:43
txn_0002385,cust_000704,withdrawal,successful,471.58,2026-06-28 17:14:23
txn_0002386,cust_000704,deposit,successful,416.64,2026-05-23 05:59:22
txn_0002387,cust_000704,withdrawal,successful,195.39,2026-05-25 22:08:08
txn_0002388,cust_000704,deposit,successful,185.94,2026-06-07 06:37:32
txn_0002389,cust_000704,withdrawal,successful,56.1,2026-05-30 15:04:17
txn_0002390,cust_000704,deposit,cancelled,215.57,2026-05-30 15:09:04
txn_0002391,cust_000704,deposit,successful,131.72,2026-05-31 21:33:25
txn_0002392,cust_000704,withdrawal,successful,498.96,2026-05-21 13:19:44
txn_0002393,cust_000704,withdrawal,successful,137.94,2026-06-16 07:51:05
txn_0002394,cust_000704,deposit,successful,417.46,2026-06-08 04:02:29
txn_0002395,cust_000704,withdrawal,successful,146.07,2026-06-02 23:56:54
txn_0002396,cust_000704,withdrawal,successful,149.0,2026-06-08 00:46:16
txn_0002397,cust_000707,deposit,refunded,56.47,2026-06-21 16:23:44
txn_0002398,cust_000707,deposit,successful,73.98,2026-05-24 14:09:51
txn_0002399,cust_000707,deposit,failed,59.74,2026-05-25 18:20:30
txn_0002400,cust_000707,deposit,successful,26.06,2026-06-13 01:51:38
txn_0002401,cust_000708,withdrawal,successful,37.47,2026-05-17 02:37:05
txn_0002402,cust_000708,deposit,failed,25.03,2026-05-25 05:17:18
txn_0002403,cust_000709,deposit,pending,13.43,2026-01-19 10:32:10
txn_0002404,cust_000709,withdrawal,successful,53.61,2026-06-27 21:03:57
txn_0002405,cust_000709,deposit,successful,35.82,2026-04-22 17:29:24
txn_0002406,cust_000710,deposit,successful,72.87,2026-05-25 14:36:45
txn_0002407,cust_000711,deposit,successful,56.15,2026-05-22 17:33:23
txn_0002408,cust_000711,withdrawal,successful,13.36,2026-03-06 15:52:11
txn_0002409,cust_000711,deposit,successful,74.38,2026-03-15 01:21:51
txn_0002410,cust_000712,deposit,failed,469.59,2026-06-20 07:51:16
txn_0002411,cust_000712,deposit,cancelled,196.47,2026-06-16 20:09:14
txn_0002412,cust_000712,deposit,successful,61.39,2026-05-31 18:22:12
txn_0002413,cust_000712,deposit,successful,378.27,2026-06-07 15:35:46
txn_0002414,cust_000712,withdrawal,successful,348.16,2026-06-21 11:34:03
txn_0002415,cust_000714,deposit,successful,22.0,2026-06-23 15:42:31
txn_0002416,cust_000714,withdrawal,successful,73.89,2026-06-29 08:03:25
txn_0002417,cust_000714,deposit,successful,57.06,2026-06-27 14:47:10
txn_0002418,cust_000714,deposit,successful,19.88,2026-06-20 10:13:06
txn_0002419,cust_000715,deposit,failed,43.86,2026-06-03 11:37:35
txn_0002420,cust_000715,deposit,successful,50.07,2026-05-28 07:12:41
txn_0002421,cust_000716,deposit,pending,30.8,2026-05-29 21:31:38
txn_0002422,cust_000716,withdrawal,successful,67.04,2026-06-09 04:47:57
txn_0002423,cust_000716,deposit,successful,16.13,2026-05-28 18:43:49
txn_0002424,cust_000717,deposit,successful,57.45,2026-05-29 00:34:27
txn_0002425,cust_000717,deposit,successful,5.11,2026-05-23 22:09:47
txn_0002426,cust_000717,deposit,successful,63.64,2026-05-28 13:26:10
txn_0002427,cust_000718,withdrawal,successful,278.27,2026-05-25 05:29:15
txn_0002428,cust_000718,deposit,successful,458.33,2026-05-25 10:45:57
txn_0002429,cust_000718,deposit,successful,134.35,2026-06-14 19:52:59
txn_0002430,cust_000718,withdrawal,successful,394.02,2026-05-26 20:44:03
txn_0002431,cust_000718,deposit,successful,221.51,2026-05-30 16:54:15
txn_0002432,cust_000718,deposit,successful,228.39,2026-05-28 13:43:09
txn_0002433,cust_000718,deposit,pending,491.22,2026-06-29 23:35:40
txn_0002434,cust_000718,withdrawal,successful,302.1,2026-06-22 21:39:37
txn_0002435,cust_000718,withdrawal,successful,349.8,2026-06-13 22:22:51
txn_0002436,cust_000719,deposit,successful,290.36,2026-06-28 19:05:18
txn_0002437,cust_000719,withdrawal,successful,195.94,2026-06-28 14:35:08
txn_0002438,cust_000719,withdrawal,cancelled,490.86,2026-06-28 15:16:43
txn_0002439,cust_000719,deposit,successful,113.74,2026-06-28 11:07:26
txn_0002440,cust_000719,withdrawal,successful,335.63,2026-06-28 01:13:46
txn_0002441,cust_000719,withdrawal,successful,205.75,2026-06-28 11:12:41
txn_0002442,cust_000719,withdrawal,cancelled,119.43,2026-06-29 17:13:12
txn_0002443,cust_000719,deposit,refunded,437.1,2026-06-29 21:58:20
txn_0002444,cust_000719,deposit,failed,75.72,2026-06-29 05:29:35
txn_0002445,cust_000719,deposit,failed,144.98,2026-06-29 00:34:42
txn_0002446,cust_000719,deposit,successful,424.9,2026-06-28 17:38:22
txn_0002447,cust_000719,deposit,successful,80.0,2026-06-28 17:48:51
txn_0002448,cust_000719,withdrawal,successful,228.57,2026-06-28 19:46:26
txn_0002449,cust_000719,deposit,successful,52.84,2026-06-28 17:12:28
txn_0002450,cust_000720,deposit,successful,397.48,2026-04-04 04:53:33
txn_0002451,cust_000720,deposit,successful,449.82,2026-02-06 15:09:25
txn_0002452,cust_000720,deposit,successful,230.58,2026-03-09 21:17:52
txn_0002453,cust_000720,deposit,successful,229.68,2026-06-12 22:19:31
txn_0002454,cust_000720,deposit,successful,214.42,2026-06-11 13:08:50
txn_0002455,cust_000720,deposit,successful,70.26,2026-05-07 10:59:29
txn_0002456,cust_000720,deposit,successful,471.55,2026-03-09 20:12:11
txn_0002457,cust_000720,deposit,successful,489.81,2026-04-28 03:10:45
txn_0002458,cust_000720,deposit,successful,204.0,2026-06-14 17:28:52
txn_0002459,cust_000720,deposit,successful,91.1,2026-06-14 04:52:27
txn_0002460,cust_000720,deposit,successful,315.92,2026-03-17 01:45:16
txn_0002461,cust_000721,deposit,successful,40.79,2026-06-13 11:04:04
txn_0002462,cust_000722,deposit,successful,37.59,2026-06-03 04:34:53
txn_0002463,cust_000722,deposit,successful,70.02,2026-06-25 05:33:20
txn_0002464,cust_000723,deposit,successful,117.35,2026-06-21 02:09:27
txn_0002465,cust_000723,deposit,refunded,388.35,2026-06-22 22:58:06
txn_0002466,cust_000723,deposit,successful,258.24,2026-06-24 21:32:15
txn_0002467,cust_000723,deposit,successful,304.88,2026-06-20 10:35:00
txn_0002468,cust_000723,withdrawal,successful,241.86,2026-06-22 00:03:07
txn_0002469,cust_000723,withdrawal,successful,320.87,2026-06-29 16:24:08
txn_0002470,cust_000723,withdrawal,successful,225.23,2026-06-27 21:55:07
txn_0002471,cust_000723,withdrawal,successful,362.95,2026-06-24 02:46:31
txn_0002472,cust_000723,deposit,successful,341.94,2026-06-25 18:23:55
txn_0002473,cust_000723,withdrawal,successful,471.19,2026-06-27 17:39:24
txn_0002474,cust_000723,deposit,successful,361.84,2026-06-28 11:23:23
txn_0002475,cust_000723,deposit,successful,396.48,2026-06-27 15:29:26
txn_0002476,cust_000723,withdrawal,successful,352.45,2026-06-26 05:16:29
txn_0002477,cust_000724,deposit,successful,14.35,2026-05-20 15:20:12
txn_0002478,cust_000726,deposit,successful,398.57,2026-04-14 06:48:11
txn_0002479,cust_000726,deposit,failed,303.37,2026-05-09 10:56:40
txn_0002480,cust_000726,deposit,successful,53.1,2026-05-28 14:20:11
txn_0002481,cust_000726,deposit,successful,258.92,2026-06-05 11:50:10
txn_0002482,cust_000726,deposit,successful,245.87,2026-06-25 00:47:21
txn_0002483,cust_000726,deposit,refunded,252.56,2026-06-08 13:59:24
txn_0002484,cust_000726,deposit,successful,417.3,2026-05-22 18:10:50
txn_0002485,cust_000726,deposit,successful,495.77,2026-06-18 01:16:32
txn_0002486,cust_000728,deposit,successful,208.85,2026-06-12 22:17:38
txn_0002487,cust_000728,deposit,successful,314.99,2026-06-07 21:55:26
txn_0002488,cust_000728,withdrawal,successful,327.41,2026-06-17 08:31:36
txn_0002489,cust_000728,deposit,successful,447.23,2026-06-09 16:01:37
txn_0002490,cust_000728,deposit,successful,363.18,2026-06-20 19:38:49
txn_0002491,cust_000728,deposit,successful,216.93,2026-06-23 20:42:16
txn_0002492,cust_000728,deposit,successful,207.39,2026-06-15 22:22:46
txn_0002493,cust_000728,deposit,successful,353.49,2026-06-17 00:53:45
txn_0002494,cust_000728,deposit,failed,434.0,2026-06-08 21:38:59
txn_0002495,cust_000729,deposit,successful,301.82,2026-06-21 12:30:04
txn_0002496,cust_000729,deposit,successful,206.91,2026-05-08 04:51:13
txn_0002497,cust_000729,deposit,successful,184.34,2026-04-24 01:54:49
txn_0002498,cust_000729,deposit,successful,473.94,2026-06-26 11:46:37
txn_0002499,cust_000729,deposit,failed,165.83,2026-06-07 20:10:30
txn_0002500,cust_000729,deposit,successful,104.59,2026-05-29 10:01:56
txn_0002501,cust_000729,deposit,successful,388.84,2026-04-23 17:55:54
txn_0002502,cust_000729,deposit,successful,166.32,2026-06-22 06:38:37
txn_0002503,cust_000729,withdrawal,successful,446.41,2026-05-25 19:39:37
txn_0002504,cust_000729,withdrawal,successful,391.58,2026-05-21 01:15:35
txn_0002505,cust_000729,deposit,successful,115.75,2026-04-16 15:14:41
txn_0002506,cust_000729,deposit,successful,107.74,2026-05-10 18:58:11
txn_0002507,cust_000730,deposit,successful,55.18,2026-04-24 18:34:52
txn_0002508,cust_000731,deposit,successful,69.36,2026-06-16 13:38:32
txn_0002509,cust_000731,withdrawal,successful,77.55,2026-05-01 01:25:54
txn_0002510,cust_000731,deposit,successful,14.68,2026-06-03 06:11:26
txn_0002511,cust_000731,deposit,successful,62.13,2026-06-06 11:32:18
txn_0002512,cust_000732,deposit,successful,19.45,2026-06-01 18:18:38
txn_0002513,cust_000732,withdrawal,successful,30.25,2026-06-03 23:25:48
txn_0002514,cust_000732,deposit,successful,7.8,2026-05-11 04:48:40
txn_0002515,cust_000732,deposit,failed,37.46,2026-06-23 00:28:18
txn_0002516,cust_000733,deposit,successful,50.82,2026-06-27 13:29:21
txn_0002517,cust_000734,withdrawal,successful,13.0,2026-05-27 02:00:55
txn_0002518,cust_000735,withdrawal,successful,69.39,2026-04-02 17:22:35
txn_0002519,cust_000735,deposit,successful,34.37,2026-05-23 12:27:39
txn_0002520,cust_000735,withdrawal,successful,67.97,2026-06-08 13:34:08
txn_0002521,cust_000736,deposit,successful,85.5,2026-06-07 12:59:54
txn_0002522,cust_000736,deposit,successful,167.49,2026-01-15 08:33:29
txn_0002523,cust_000736,deposit,successful,363.09,2026-02-21 08:46:28
txn_0002524,cust_000736,deposit,successful,150.27,2026-01-16 01:46:35
txn_0002525,cust_000736,withdrawal,successful,142.12,2026-06-22 20:28:58
txn_0002526,cust_000736,deposit,successful,120.91,2026-03-22 02:36:05
txn_0002527,cust_000736,deposit,successful,161.9,2026-06-17 14:27:16
txn_0002528,cust_000736,deposit,successful,232.96,2026-02-22 11:33:48
txn_0002529,cust_000736,deposit,successful,348.48,2026-02-16 01:09:18
txn_0002530,cust_000737,deposit,successful,67.34,2026-06-22 05:27:46
txn_0002531,cust_000737,deposit,successful,28.53,2026-06-27 14:36:56
txn_0002532,cust_000737,deposit,successful,33.61,2026-06-09 14:53:56
txn_0002533,cust_000739,deposit,successful,71.7,2026-06-18 12:58:23
txn_0002534,cust_000739,withdrawal,successful,27.66,2026-05-10 15:28:27
txn_0002535,cust_000739,withdrawal,successful,45.24,2026-05-29 04:09:57
txn_0002536,cust_000741,deposit,successful,66.13,2026-04-20 10:54:51
txn_0002537,cust_000742,withdrawal,successful,18.59,2026-06-26 02:32:55
txn_0002538,cust_000742,deposit,cancelled,19.92,2026-06-23 22:27:10
txn_0002539,cust_000742,deposit,successful,64.49,2026-06-29 13:38:20
txn_0002540,cust_000743,deposit,successful,48.02,2026-04-10 22:03:58
txn_0002541,cust_000743,deposit,successful,22.23,2026-01-24 22:25:14
txn_0002542,cust_000744,deposit,successful,10.08,2026-06-06 15:05:02
txn_0002543,cust_000744,deposit,successful,63.75,2026-06-04 01:34:55
txn_0002544,cust_000744,deposit,successful,69.19,2026-06-05 23:04:56
txn_0002545,cust_000745,deposit,failed,61.32,2026-04-03 10:52:39
txn_0002546,cust_000745,deposit,successful,18.02,2026-02-06 00:04:49
txn_0002547,cust_000745,deposit,successful,75.62,2026-02-10 04:38:01
txn_0002548,cust_000745,deposit,successful,46.71,2026-05-18 23:01:02
txn_0002549,cust_000746,deposit,refunded,147.55,2026-04-30 19:40:33
txn_0002550,cust_000746,deposit,successful,71.0,2026-05-10 19:08:22
txn_0002551,cust_000746,withdrawal,failed,414.27,2026-06-23 11:03:27
txn_0002552,cust_000746,deposit,refunded,90.89,2026-04-29 14:10:51
txn_0002553,cust_000746,withdrawal,successful,181.7,2026-05-10 20:31:14
txn_0002554,cust_000746,deposit,failed,462.33,2026-06-07 03:43:40
txn_0002555,cust_000747,deposit,failed,63.21,2026-06-29 05:07:52
txn_0002556,cust_000747,deposit,successful,52.7,2026-06-28 22:45:47
txn_0002557,cust_000747,withdrawal,successful,12.94,2026-06-28 06:08:26
txn_0002558,cust_000748,deposit,successful,8.75,2026-06-03 14:29:16
txn_0002559,cust_000749,deposit,successful,464.22,2026-06-24 08:24:58
txn_0002560,cust_000749,deposit,failed,116.75,2026-06-12 12:44:51
txn_0002561,cust_000749,deposit,successful,120.0,2026-05-21 17:34:26
txn_0002562,cust_000749,deposit,successful,401.87,2026-06-10 09:29:47
txn_0002563,cust_000749,deposit,successful,176.79,2026-06-07 21:53:40
txn_0002564,cust_000749,deposit,successful,116.34,2026-06-17 21:34:37
txn_0002565,cust_000749,withdrawal,successful,253.12,2026-05-22 02:36:02
txn_0002566,cust_000749,deposit,pending,94.88,2026-05-22 01:03:47
txn_0002567,cust_000749,withdrawal,successful,288.91,2026-05-18 18:54:29
txn_0002568,cust_000749,deposit,successful,206.0,2026-06-15 19:56:04
txn_0002569,cust_000749,deposit,failed,384.24,2026-06-26 13:47:45
txn_0002570,cust_000751,deposit,successful,69.72,2026-03-21 14:36:39
txn_0002571,cust_000751,deposit,successful,49.87,2026-04-24 19:04:14
txn_0002572,cust_000751,deposit,successful,57.08,2026-04-29 21:33:44
txn_0002573,cust_000752,deposit,successful,272.3,2026-02-02 05:48:12
txn_0002574,cust_000752,deposit,successful,475.41,2026-04-17 13:57:28
txn_0002575,cust_000752,deposit,successful,254.48,2026-04-30 06:24:02
txn_0002576,cust_000752,deposit,successful,117.34,2026-03-09 04:03:20
txn_0002577,cust_000752,withdrawal,successful,194.23,2026-05-23 20:57:43
txn_0002578,cust_000752,withdrawal,failed,222.13,2026-05-17 10:48:23
txn_0002579,cust_000752,deposit,successful,381.17,2026-06-04 16:49:35
txn_0002580,cust_000752,deposit,successful,489.27,2026-02-20 07:03:01
txn_0002581,cust_000752,deposit,successful,58.33,2026-06-22 20:27:22
txn_0002582,cust_000752,withdrawal,successful,319.65,2026-04-20 18:07:45
txn_0002583,cust_000752,deposit,successful,59.36,2026-04-12 05:18:32
txn_0002584,cust_000752,withdrawal,successful,357.4,2026-05-11 04:44:48
txn_0002585,cust_000752,withdrawal,successful,325.43,2026-01-25 20:36:54
txn_0002586,cust_000752,deposit,successful,251.69,2026-05-24 09:44:57
txn_0002587,cust_000752,deposit,successful,228.77,2026-02-16 06:35:37
txn_0002588,cust_000753,deposit,successful,36.06,2026-04-11 11:08:52
txn_0002589,cust_000753,withdrawal,successful,40.56,2026-05-16 16:53:10
txn_0002590,cust_000753,deposit,successful,47.54,2026-04-19 15:37:45
txn_0002591,cust_000753,deposit,successful,31.2,2026-04-27 13:11:14
txn_0002592,cust_000754,deposit,failed,54.06,2026-03-10 09:27:00
txn_0002593,cust_000755,deposit,failed,26.44,2026-06-10 18:20:47
txn_0002594,cust_000756,deposit,successful,8.15,2026-03-01 09:39:38
txn_0002595,cust_000756,deposit,successful,57.58,2026-05-27 02:22:53
txn_0002596,cust_000756,withdrawal,successful,55.13,2026-04-17 23:00:20
txn_0002597,cust_000757,deposit,successful,51.68,2026-06-20 12:33:09
txn_0002598,cust_000758,deposit,successful,37.36,2026-04-03 03:36:14
txn_0002599,cust_000759,deposit,successful,7.03,2026-06-29 22:34:25
txn_0002600,cust_000759,deposit,successful,20.36,2026-05-29 21:17:30
txn_0002601,cust_000759,deposit,successful,8.27,2026-05-14 22:14:58
txn_0002602,cust_000759,deposit,successful,57.83,2026-06-01 19:00:19
txn_0002603,cust_000761,withdrawal,successful,92.46,2026-03-13 11:37:32
txn_0002604,cust_000761,deposit,failed,387.13,2026-04-25 06:10:23
txn_0002605,cust_000761,deposit,successful,370.05,2026-03-05 20:59:59
txn_0002606,cust_000761,deposit,successful,237.72,2026-05-28 12:36:48
txn_0002607,cust_000761,deposit,successful,96.79,2026-02-13 15:18:54
txn_0002608,cust_000762,deposit,cancelled,45.29,2026-06-24 00:24:55
txn_0002609,cust_000762,deposit,successful,67.79,2026-04-02 22:27:32
txn_0002610,cust_000763,deposit,failed,47.75,2026-02-15 11:57:43
txn_0002611,cust_000763,deposit,successful,52.87,2026-04-07 21:00:25
txn_0002612,cust_000763,deposit,successful,29.55,2026-04-23 03:00:54
txn_0002613,cust_000764,deposit,successful,475.58,2026-04-29 08:34:09
txn_0002614,cust_000764,deposit,successful,103.44,2026-06-13 08:48:17
txn_0002615,cust_000764,deposit,successful,346.33,2026-04-30 18:10:57
txn_0002616,cust_000764,deposit,successful,413.9,2026-05-14 08:13:48
txn_0002617,cust_000764,deposit,successful,187.54,2026-04-03 15:51:50
txn_0002618,cust_000764,deposit,pending,163.82,2026-05-31 09:26:38
txn_0002619,cust_000764,withdrawal,failed,379.73,2026-04-29 07:43:12
txn_0002620,cust_000764,deposit,successful,397.62,2026-05-27 04:21:21
txn_0002621,cust_000764,deposit,successful,438.22,2026-05-17 17:38:52
txn_0002622,cust_000765,withdrawal,successful,324.23,2026-06-27 13:13:05
txn_0002623,cust_000765,deposit,successful,93.44,2026-06-24 13:49:12
txn_0002624,cust_000765,deposit,successful,380.91,2026-06-04 09:12:01
txn_0002625,cust_000765,deposit,successful,240.01,2026-06-19 23:18:21
txn_0002626,cust_000765,deposit,successful,367.8,2026-06-07 03:50:26
txn_0002627,cust_000765,deposit,successful,386.6,2026-06-08 13:10:55
txn_0002628,cust_000765,deposit,successful,134.85,2026-06-18 05:24:28
txn_0002629,cust_000765,deposit,successful,196.99,2026-06-01 06:04:31
txn_0002630,cust_000765,deposit,successful,454.62,2026-06-24 16:51:56
txn_0002631,cust_000766,withdrawal,successful,56.68,2026-06-17 20:28:02
txn_0002632,cust_000766,withdrawal,successful,17.82,2026-06-20 21:37:38
txn_0002633,cust_000769,deposit,successful,45.05,2026-06-16 15:39:28
txn_0002634,cust_000769,withdrawal,successful,75.02,2026-06-20 08:17:52
txn_0002635,cust_000769,deposit,failed,71.15,2026-05-29 01:54:00
txn_0002636,cust_000770,deposit,failed,146.52,2026-06-21 22:44:57
txn_0002637,cust_000770,deposit,failed,277.55,2026-06-19 00:31:36
txn_0002638,cust_000770,deposit,successful,129.66,2026-06-26 18:28:03
txn_0002639,cust_000770,deposit,pending,484.31,2026-06-24 09:30:08
txn_0002640,cust_000770,deposit,successful,119.77,2026-06-21 14:36:30
txn_0002641,cust_000770,deposit,successful,372.6,2026-06-22 11:25:36
txn_0002642,cust_000770,deposit,failed,378.99,2026-06-29 07:59:26
txn_0002643,cust_000770,deposit,successful,381.73,2026-06-28 04:36:08
txn_0002644,cust_000770,withdrawal,successful,196.42,2026-06-28 13:47:50
txn_0002645,cust_000770,withdrawal,successful,232.73,2026-06-17 11:31:31
txn_0002646,cust_000770,deposit,successful,342.79,2026-06-19 07:19:30
txn_0002647,cust_000770,deposit,successful,421.48,2026-06-25 23:40:37
txn_0002648,cust_000770,deposit,successful,95.2,2026-06-29 16:27:49
txn_0002649,cust_000772,deposit,successful,40.03,2026-03-09 17:53:35
txn_0002650,cust_000772,deposit,successful,73.87,2026-05-13 10:45:29
txn_0002651,cust_000772,withdrawal,successful,36.42,2026-06-08 05:32:29
txn_0002652,cust_000772,deposit,successful,56.96,2026-05-29 01:19:32
txn_0002653,cust_000774,deposit,successful,365.67,2026-04-22 06:11:51
txn_0002654,cust_000774,withdrawal,successful,290.24,2026-06-09 12:39:26
txn_0002655,cust_000774,deposit,successful,308.64,2026-05-31 17:18:08
txn_0002656,cust_000774,deposit,successful,188.62,2026-05-02 15:21:41
txn_0002657,cust_000774,deposit,successful,204.54,2026-04-24 13:20:25
txn_0002658,cust_000774,deposit,successful,332.72,2026-06-16 11:58:14
txn_0002659,cust_000774,deposit,successful,448.97,2026-05-20 20:08:07
txn_0002660,cust_000774,deposit,successful,170.65,2026-06-18 10:05:30
txn_0002661,cust_000774,withdrawal,successful,240.37,2026-06-12 00:05:09
txn_0002662,cust_000774,deposit,successful,308.34,2026-06-17 00:38:05
txn_0002663,cust_000774,deposit,successful,298.96,2026-03-24 17:55:45
txn_0002664,cust_000774,deposit,successful,164.71,2026-06-28 16:59:25
txn_0002665,cust_000774,deposit,successful,232.53,2026-05-18 04:35:31
txn_0002666,cust_000774,deposit,successful,431.14,2026-06-29 21:07:43
txn_0002667,cust_000775,deposit,successful,43.92,2026-05-17 23:59:54
txn_0002668,cust_000775,deposit,cancelled,45.23,2026-06-10 22:06:10
txn_0002669,cust_000776,deposit,successful,45.03,2026-05-30 10:56:29
txn_0002670,cust_000776,deposit,successful,17.5,2026-06-03 11:10:07
txn_0002671,cust_000777,deposit,failed,484.18,2026-03-26 10:22:43
txn_0002672,cust_000777,deposit,successful,123.81,2026-01-28 02:19:48
txn_0002673,cust_000777,deposit,failed,230.1,2026-04-09 00:47:29
txn_0002674,cust_000779,withdrawal,successful,25.29,2026-02-07 18:51:35
txn_0002675,cust_000779,deposit,successful,62.76,2026-01-24 06:25:16
txn_0002676,cust_000779,withdrawal,successful,46.67,2026-04-25 06:59:59
txn_0002677,cust_000779,deposit,successful,41.19,2026-03-09 01:21:08
txn_0002678,cust_000780,deposit,successful,49.63,2026-06-25 02:02:06
txn_0002679,cust_000782,withdrawal,successful,36.2,2026-03-17 12:05:13
txn_0002680,cust_000782,withdrawal,successful,64.12,2026-04-05 19:32:07
txn_0002681,cust_000782,deposit,successful,8.44,2026-02-19 07:58:18
txn_0002682,cust_000782,deposit,successful,35.25,2026-05-20 19:33:16
txn_0002683,cust_000783,deposit,pending,53.38,2026-04-22 02:34:19
txn_0002684,cust_000783,deposit,successful,34.06,2026-04-22 09:46:27
txn_0002685,cust_000783,deposit,successful,19.37,2026-06-01 18:38:38
txn_0002686,cust_000783,deposit,successful,37.4,2026-04-10 03:01:24
txn_0002687,cust_000784,deposit,successful,73.42,2026-06-17 00:09:57
txn_0002688,cust_000784,deposit,successful,36.08,2026-02-28 10:57:13
txn_0002689,cust_000784,deposit,successful,52.33,2026-02-18 22:36:41
txn_0002690,cust_000786,deposit,refunded,172.12,2026-05-15 10:05:49
txn_0002691,cust_000786,deposit,successful,109.19,2026-05-17 11:21:14
txn_0002692,cust_000786,deposit,successful,173.42,2026-06-08 23:40:49
txn_0002693,cust_000787,withdrawal,successful,17.36,2026-05-15 16:00:57
txn_0002694,cust_000787,withdrawal,successful,13.76,2026-03-28 11:25:01
txn_0002695,cust_000787,deposit,failed,70.42,2026-05-27 16:46:59
txn_0002696,cust_000788,withdrawal,successful,132.91,2026-05-26 07:22:36
txn_0002697,cust_000788,deposit,successful,199.3,2026-05-09 18:26:30
txn_0002698,cust_000788,deposit,successful,247.81,2026-06-06 15:09:20
txn_0002699,cust_000788,deposit,successful,455.34,2026-06-24 15:24:49
txn_0002700,cust_000788,deposit,successful,217.56,2026-06-09 14:53:24
txn_0002701,cust_000788,withdrawal,successful,93.38,2026-05-25 13:48:43
txn_0002702,cust_000788,deposit,successful,190.64,2026-05-30 20:48:37
txn_0002703,cust_000788,deposit,successful,179.36,2026-05-22 07:39:08
txn_0002704,cust_000788,withdrawal,successful,365.68,2026-05-25 03:19:49
txn_0002705,cust_000788,deposit,successful,383.46,2026-05-09 07:44:46
txn_0002706,cust_000788,deposit,successful,468.73,2026-05-17 20:59:17
txn_0002707,cust_000788,withdrawal,successful,156.57,2026-06-23 20:32:31
txn_0002708,cust_000788,deposit,successful,272.59,2026-06-22 23:36:03
txn_0002709,cust_000788,deposit,successful,327.87,2026-06-01 22:06:31
txn_0002710,cust_000788,deposit,successful,299.36,2026-06-09 04:31:03
txn_0002711,cust_000789,deposit,successful,356.57,2026-03-28 01:42:27
txn_0002712,cust_000789,deposit,successful,95.63,2026-04-24 16:57:04
txn_0002713,cust_000789,deposit,successful,215.71,2026-05-29 00:05:12
txn_0002714,cust_000789,deposit,successful,462.31,2026-04-29 05:49:07
txn_0002715,cust_000789,deposit,successful,188.83,2026-05-04 12:58:26
txn_0002716,cust_000789,deposit,successful,171.16,2026-04-23 15:55:05
txn_0002717,cust_000789,deposit,successful,210.48,2026-04-05 17:09:07
txn_0002718,cust_000790,deposit,successful,60.75,2026-06-28 21:09:08
txn_0002719,cust_000790,deposit,successful,68.31,2026-06-29 13:57:00
txn_0002720,cust_000790,deposit,successful,65.43,2026-06-28 12:34:04
txn_0002721,cust_000790,deposit,successful,68.56,2026-06-23 12:17:22
txn_0002722,cust_000791,deposit,successful,43.29,2026-06-28 09:53:32
txn_0002723,cust_000792,withdrawal,successful,36.6,2026-04-19 06:53:48
txn_0002724,cust_000792,deposit,failed,22.97,2026-04-16 00:54:38
txn_0002725,cust_000792,deposit,successful,37.03,2026-04-12 09:12:21
txn_0002726,cust_000792,withdrawal,successful,71.72,2026-06-19 21:02:16
txn_0002727,cust_000793,deposit,successful,40.99,2026-06-10 10:49:39
txn_0002728,cust_000793,deposit,successful,37.61,2026-06-28 22:26:57
txn_0002729,cust_000794,deposit,successful,38.39,2026-04-13 17:37:11
txn_0002730,cust_000795,deposit,successful,59.67,2026-06-11 21:29:32
txn_0002731,cust_000796,deposit,successful,95.69,2026-02-22 17:01:43
txn_0002732,cust_000796,deposit,successful,358.5,2026-05-06 11:58:17
txn_0002733,cust_000796,deposit,successful,273.45,2026-04-28 01:59:35
txn_0002734,cust_000796,deposit,successful,470.08,2026-04-27 13:48:05
txn_0002735,cust_000796,deposit,successful,494.12,2026-02-25 16:20:26
txn_0002736,cust_000796,deposit,failed,314.45,2026-03-11 12:22:37
txn_0002737,cust_000796,deposit,failed,407.24,2026-06-15 03:50:30
txn_0002738,cust_000796,deposit,successful,324.32,2026-02-23 05:24:19
txn_0002739,cust_000796,deposit,successful,66.62,2026-06-26 21:16:25
txn_0002740,cust_000796,deposit,successful,265.86,2026-04-20 01:50:23
txn_0002741,cust_000796,deposit,successful,424.7,2026-03-30 10:17:52
txn_0002742,cust_000797,deposit,successful,88.24,2026-06-23 02:16:04
txn_0002743,cust_000797,deposit,successful,457.07,2026-06-13 01:14:02
txn_0002744,cust_000797,deposit,successful,381.26,2026-06-12 17:19:35
txn_0002745,cust_000797,withdrawal,successful,387.99,2026-06-21 00:44:28
txn_0002746,cust_000798,deposit,successful,37.85,2026-06-01 23:38:37
txn_0002747,cust_000798,deposit,successful,29.64,2026-06-25 04:51:44
txn_0002748,cust_000798,deposit,successful,75.91,2026-04-15 13:09:08
txn_0002749,cust_000800,deposit,successful,82.16,2026-04-02 20:34:06
txn_0002750,cust_000800,withdrawal,successful,324.14,2026-06-18 15:03:04
txn_0002751,cust_000800,deposit,successful,419.0,2026-03-20 08:45:56
txn_0002752,cust_000800,deposit,failed,454.42,2026-06-01 17:47:18
txn_0002753,cust_000800,withdrawal,successful,288.1,2026-06-26 17:47:23
txn_0002754,cust_000801,withdrawal,successful,64.24,2026-06-16 09:36:09
txn_0002755,cust_000801,deposit,cancelled,62.04,2026-06-26 01:08:19
txn_0002756,cust_000802,deposit,successful,87.35,2026-06-13 13:03:24
txn_0002757,cust_000802,deposit,successful,287.67,2026-06-16 02:17:14
txn_0002758,cust_000802,deposit,successful,101.33,2026-06-24 00:27:42
txn_0002759,cust_000802,deposit,refunded,425.43,2026-06-22 22:25:36
txn_0002760,cust_000802,withdrawal,successful,309.4,2026-06-19 04:03:36
txn_0002761,cust_000802,withdrawal,successful,345.51,2026-06-25 23:32:32
txn_0002762,cust_000802,deposit,successful,333.62,2026-06-24 21:42:51
txn_0002763,cust_000802,deposit,successful,309.69,2026-06-22 08:38:08
txn_0002764,cust_000802,deposit,successful,466.08,2026-06-21 07:42:42
txn_0002765,cust_000802,withdrawal,successful,90.24,2026-06-20 01:40:40
txn_0002766,cust_000802,deposit,successful,292.31,2026-06-23 05:56:47
txn_0002767,cust_000804,deposit,successful,14.49,2026-02-21 21:30:22
txn_0002768,cust_000804,deposit,successful,14.14,2026-02-07 14:24:27
txn_0002769,cust_000806,deposit,successful,14.42,2026-05-24 10:16:27
txn_0002770,cust_000807,deposit,successful,69.96,2026-06-29 22:07:36
txn_0002771,cust_000808,deposit,successful,48.05,2026-05-26 01:14:21
txn_0002772,cust_000808,withdrawal,successful,64.82,2026-06-18 23:20:00
txn_0002773,cust_000808,deposit,successful,26.26,2026-05-26 01:46:05
txn_0002774,cust_000809,deposit,failed,39.58,2026-06-11 09:13:01
txn_0002775,cust_000810,deposit,successful,404.16,2026-06-24 14:19:45
txn_0002776,cust_000810,deposit,successful,112.94,2026-06-05 12:25:49
txn_0002777,cust_000810,deposit,successful,279.35,2026-06-02 22:14:25
txn_0002778,cust_000810,withdrawal,successful,208.95,2026-05-27 03:29:09
txn_0002779,cust_000810,deposit,pending,331.98,2026-05-17 08:17:19
txn_0002780,cust_000810,deposit,successful,428.7,2026-06-22 11:17:58
txn_0002781,cust_000810,deposit,successful,252.66,2026-05-31 04:05:12
txn_0002782,cust_000810,deposit,successful,223.63,2026-06-27 18:52:28
txn_0002783,cust_000810,deposit,successful,133.67,2026-06-13 13:53:03
txn_0002784,cust_000810,deposit,refunded,220.92,2026-05-21 21:58:43
txn_0002785,cust_000810,deposit,successful,69.16,2026-06-15 18:42:51
txn_0002786,cust_000810,deposit,successful,262.19,2026-05-28 15:36:06
txn_0002787,cust_000810,deposit,successful,295.12,2026-05-24 16:33:31
txn_0002788,cust_000810,deposit,successful,234.44,2026-06-04 08:38:49
txn_0002789,cust_000811,withdrawal,successful,11.17,2026-06-07 14:34:38
txn_0002790,cust_000812,deposit,successful,235.49,2026-06-06 07:24:24
txn_0002791,cust_000812,withdrawal,successful,257.82,2026-06-07 15:07:14
txn_0002792,cust_000812,withdrawal,successful,200.64,2026-04-20 21:04:24
txn_0002793,cust_000812,deposit,pending,234.32,2026-04-30 02:08:56
txn_0002794,cust_000812,deposit,successful,66.86,2026-04-13 01:57:56
txn_0002795,cust_000812,deposit,successful,270.69,2026-04-14 03:25:56
txn_0002796,cust_000812,deposit,failed,238.86,2026-05-18 05:52:30
txn_0002797,cust_000812,deposit,successful,442.56,2026-05-20 10:18:45
txn_0002798,cust_000812,deposit,successful,253.98,2026-04-27 06:30:58
txn_0002799,cust_000812,deposit,successful,192.64,2026-05-28 11:24:28
txn_0002800,cust_000812,deposit,successful,308.81,2026-05-10 23:28:25
txn_0002801,cust_000812,withdrawal,successful,362.83,2026-04-26 06:08:29
txn_0002802,cust_000812,deposit,successful,332.01,2026-05-29 21:58:29
txn_0002803,cust_000812,deposit,successful,127.91,2026-04-17 20:45:04
txn_0002804,cust_000813,deposit,successful,39.08,2026-05-29 20:47:57
txn_0002805,cust_000813,deposit,successful,13.39,2026-04-29 01:56:15
txn_0002806,cust_000813,withdrawal,successful,45.32,2026-04-24 19:37:33
txn_0002807,cust_000813,deposit,successful,14.25,2026-05-26 08:02:21
txn_0002808,cust_000814,deposit,successful,46.46,2026-06-18 06:13:07
txn_0002809,cust_000814,withdrawal,successful,61.82,2026-04-11 06:12:06
txn_0002810,cust_000814,withdrawal,successful,59.06,2026-06-15 07:25:04
txn_0002811,cust_000815,deposit,successful,42.79,2026-05-29 08:18:31
txn_0002812,cust_000816,deposit,successful,296.77,2026-03-20 21:54:56
txn_0002813,cust_000816,deposit,successful,150.1,2026-05-19 09:56:59
txn_0002814,cust_000816,withdrawal,successful,252.28,2026-05-12 05:10:38
txn_0002815,cust_000816,deposit,failed,53.79,2026-06-28 07:36:23
txn_0002816,cust_000816,withdrawal,successful,136.85,2026-04-17 18:57:17
txn_0002817,cust_000816,deposit,successful,133.83,2026-02-13 12:04:58
txn_0002818,cust_000816,withdrawal,failed,404.39,2026-04-01 08:41:37
txn_0002819,cust_000816,deposit,successful,344.84,2026-02-22 04:03:52
txn_0002820,cust_000816,deposit,successful,325.05,2026-02-25 12:05:37
txn_0002821,cust_000816,deposit,successful,110.28,2026-05-09 16:15:42
txn_0002822,cust_000819,deposit,successful,49.37,2026-06-28 22:34:28
txn_0002823,cust_000819,deposit,successful,16.97,2026-05-13 21:11:58
txn_0002824,cust_000819,deposit,successful,53.24,2026-06-15 11:32:46
txn_0002825,cust_000820,deposit,successful,94.46,2026-04-09 02:41:02
txn_0002826,cust_000820,deposit,successful,294.79,2026-04-02 19:08:11
txn_0002827,cust_000820,deposit,cancelled,263.6,2026-05-27 08:33:57
txn_0002828,cust_000820,deposit,successful,233.09,2026-05-30 12:36:03
txn_0002829,cust_000820,withdrawal,successful,428.89,2026-05-15 07:34:08
txn_0002830,cust_000820,withdrawal,successful,169.26,2026-02-10 17:11:32
txn_0002831,cust_000820,deposit,successful,127.58,2026-03-21 13:14:31
txn_0002832,cust_000820,deposit,successful,73.23,2026-06-08 18:03:48
txn_0002833,cust_000820,deposit,successful,94.65,2026-05-02 19:30:01
txn_0002834,cust_000820,deposit,successful,117.19,2026-02-10 07:55:13
txn_0002835,cust_000820,withdrawal,successful,75.24,2026-03-12 23:29:22
txn_0002836,cust_000820,withdrawal,successful,317.55,2026-02-14 04:11:14
txn_0002837,cust_000821,deposit,successful,15.17,2026-06-28 12:16:12
txn_0002838,cust_000821,deposit,successful,48.75,2026-06-24 04:43:44
txn_0002839,cust_000821,deposit,successful,28.47,2026-06-25 16:23:19
txn_0002840,cust_000822,deposit,successful,76.65,2026-05-29 04:36:01
txn_0002841,cust_000823,deposit,successful,51.15,2026-04-25 23:45:15
txn_0002842,cust_000823,deposit,successful,54.08,2026-04-08 08:38:26
txn_0002843,cust_000823,deposit,successful,45.54,2026-04-24 19:48:22
txn_0002844,cust_000824,deposit,successful,448.07,2026-05-21 21:16:13
txn_0002845,cust_000824,withdrawal,successful,103.98,2026-04-24 00:34:03
txn_0002846,cust_000824,withdrawal,successful,464.92,2026-06-29 11:34:13
txn_0002847,cust_000824,deposit,successful,100.34,2026-06-21 22:18:09
txn_0002848,cust_000824,withdrawal,successful,413.48,2026-05-29 02:58:11
txn_0002849,cust_000824,deposit,successful,254.65,2026-04-06 14:39:13
txn_0002850,cust_000824,withdrawal,successful,421.27,2026-04-20 01:10:29
txn_0002851,cust_000824,deposit,successful,468.8,2026-06-21 08:43:15
txn_0002852,cust_000824,deposit,successful,341.58,2026-04-15 00:20:23
txn_0002853,cust_000824,deposit,successful,460.12,2026-04-26 20:13:34
txn_0002854,cust_000824,deposit,successful,461.24,2026-06-16 03:00:28
txn_0002855,cust_000825,deposit,successful,383.86,2026-05-08 05:49:36
txn_0002856,cust_000825,deposit,successful,219.12,2026-04-14 00:14:00
txn_0002857,cust_000825,deposit,successful,338.7,2026-05-30 16:26:48
txn_0002858,cust_000825,deposit,successful,261.65,2026-04-04 08:24:25
txn_0002859,cust_000825,deposit,pending,374.09,2026-05-07 06:36:15
txn_0002860,cust_000825,deposit,successful,171.66,2026-04-05 00:11:22
txn_0002861,cust_000825,deposit,successful,207.84,2026-06-22 20:48:53
txn_0002862,cust_000827,withdrawal,successful,193.85,2026-05-15 17:20:38
txn_0002863,cust_000827,deposit,failed,126.83,2026-05-13 19:51:22
txn_0002864,cust_000827,withdrawal,failed,379.63,2026-06-01 17:20:47
txn_0002865,cust_000827,deposit,successful,265.54,2026-05-29 18:53:25
txn_0002866,cust_000827,deposit,successful,353.51,2026-06-23 20:59:47
txn_0002867,cust_000827,deposit,successful,458.53,2026-05-10 16:59:04
txn_0002868,cust_000827,deposit,successful,166.47,2026-06-18 06:59:29
txn_0002869,cust_000827,withdrawal,successful,489.39,2026-06-28 03:02:47
txn_0002870,cust_000827,deposit,successful,270.81,2026-05-08 03:47:53
txn_0002871,cust_000827,deposit,successful,246.73,2026-05-13 07:49:16
txn_0002872,cust_000827,withdrawal,refunded,469.98,2026-06-25 08:51:39
txn_0002873,cust_000827,withdrawal,successful,226.87,2026-05-24 13:45:43
txn_0002874,cust_000828,deposit,successful,490.84,2026-06-19 21:55:45
txn_0002875,cust_000828,withdrawal,successful,171.69,2026-06-22 14:35:52
txn_0002876,cust_000828,deposit,successful,102.77,2026-06-15 19:52:43
txn_0002877,cust_000828,deposit,successful,173.44,2026-06-19 17:34:31
txn_0002878,cust_000828,withdrawal,successful,125.68,2026-06-12 05:40:01
txn_0002879,cust_000828,withdrawal,successful,271.25,2026-06-29 15:25:20
txn_0002880,cust_000830,deposit,successful,5.11,2026-03-31 20:34:05
txn_0002881,cust_000830,deposit,successful,6.55,2026-02-07 20:05:30
txn_0002882,cust_000831,deposit,successful,58.57,2026-06-23 02:33:45
txn_0002883,cust_000831,deposit,successful,50.91,2026-05-23 09:35:31
txn_0002884,cust_000832,deposit,successful,305.66,2026-06-13 13:12:32
txn_0002885,cust_000832,deposit,refunded,409.24,2026-05-08 10:30:00
txn_0002886,cust_000832,deposit,successful,91.56,2026-06-20 13:33:48
txn_0002887,cust_000832,deposit,successful,419.18,2026-04-13 18:48:37
txn_0002888,cust_000832,withdrawal,successful,255.54,2026-06-28 15:57:19
txn_0002889,cust_000832,deposit,successful,398.0,2026-06-29 18:10:29
txn_0002890,cust_000832,deposit,successful,70.13,2026-05-28 23:31:20
txn_0002891,cust_000832,withdrawal,refunded,185.09,2026-05-01 16:53:25
txn_0002892,cust_000832,withdrawal,successful,434.56,2026-06-29 12:53:22
txn_0002893,cust_000832,deposit,successful,224.83,2026-04-24 01:12:51
txn_0002894,cust_000832,withdrawal,successful,417.17,2026-05-26 22:28:14
txn_0002895,cust_000832,deposit,failed,148.6,2026-06-04 10:31:38
txn_0002896,cust_000832,withdrawal,successful,425.76,2026-06-08 04:44:28
txn_0002897,cust_000832,deposit,successful,285.53,2026-04-08 07:58:43
txn_0002898,cust_000832,deposit,successful,299.88,2026-05-27 15:43:21
txn_0002899,cust_000833,withdrawal,successful,61.94,2026-05-23 17:46:09
txn_0002900,cust_000833,deposit,successful,19.18,2026-05-11 18:20:30
txn_0002901,cust_000833,deposit,successful,10.13,2026-05-11 04:03:04
txn_0002902,cust_000833,deposit,successful,35.97,2026-06-05 23:10:02
txn_0002903,cust_000834,withdrawal,successful,26.25,2026-06-02 07:26:03
txn_0002904,cust_000834,deposit,successful,37.4,2026-06-17 06:22:17
txn_0002905,cust_000834,deposit,successful,46.29,2026-05-14 16:27:18
txn_0002906,cust_000834,deposit,successful,65.76,2026-05-10 13:21:25
txn_0002907,cust_000836,deposit,successful,74.05,2026-05-28 09:20:04
txn_0002908,cust_000836,deposit,successful,74.18,2026-06-18 22:55:49
txn_0002909,cust_000836,deposit,successful,15.56,2026-06-08 23:38:36
txn_0002910,cust_000836,deposit,failed,42.27,2026-05-24 09:35:17
txn_0002911,cust_000837,deposit,pending,405.35,2026-02-17 03:46:04
txn_0002912,cust_000837,withdrawal,successful,190.21,2026-03-24 22:07:44
txn_0002913,cust_000837,deposit,successful,57.83,2026-04-02 05:48:54
txn_0002914,cust_000837,deposit,successful,496.62,2026-01-22 09:20:23
txn_0002915,cust_000837,deposit,successful,199.41,2026-05-20 03:55:11
txn_0002916,cust_000837,withdrawal,pending,332.75,2026-01-17 11:37:45
txn_0002917,cust_000837,deposit,successful,304.01,2026-03-12 04:15:04
txn_0002918,cust_000837,deposit,successful,101.49,2026-03-22 04:52:11
txn_0002919,cust_000837,deposit,successful,148.58,2026-02-06 13:44:23
txn_0002920,cust_000837,deposit,successful,88.36,2026-01-14 10:38:34
txn_0002921,cust_000838,deposit,successful,63.33,2026-04-02 09:56:46
txn_0002922,cust_000838,withdrawal,successful,140.23,2026-04-11 01:35:58
txn_0002923,cust_000838,deposit,successful,466.35,2026-06-29 03:20:43
txn_0002924,cust_000838,withdrawal,refunded,63.21,2026-04-06 03:29:19
txn_0002925,cust_000838,deposit,successful,218.42,2026-06-02 10:50:24
txn_0002926,cust_000838,withdrawal,successful,196.3,2026-06-05 22:57:32
txn_0002927,cust_000838,withdrawal,successful,461.05,2026-06-03 22:13:08
txn_0002928,cust_000838,withdrawal,successful,70.7,2026-06-03 10:19:07
txn_0002929,cust_000838,deposit,cancelled,114.95,2026-06-19 18:47:00
txn_0002930,cust_000838,deposit,pending,335.31,2026-06-15 17:36:26
txn_0002931,cust_000840,deposit,successful,29.97,2026-03-05 02:38:03
txn_0002932,cust_000840,withdrawal,successful,78.73,2026-06-17 13:00:20
txn_0002933,cust_000840,deposit,pending,24.46,2026-03-16 21:55:40
txn_0002934,cust_000840,deposit,successful,41.84,2026-03-04 03:09:13
txn_0002935,cust_000841,deposit,successful,12.62,2026-06-26 08:54:15
txn_0002936,cust_000841,deposit,cancelled,76.45,2026-06-24 05:14:31
txn_0002937,cust_000842,deposit,successful,68.55,2026-04-02 02:46:50
txn_0002938,cust_000842,withdrawal,refunded,74.89,2026-03-25 04:09:45
txn_0002939,cust_000842,deposit,failed,25.7,2026-02-10 05:56:47
txn_0002940,cust_000842,deposit,successful,71.29,2026-04-11 19:32:31
txn_0002941,cust_000843,deposit,successful,405.55,2026-05-16 04:07:34
txn_0002942,cust_000843,deposit,successful,348.08,2026-04-27 19:37:27
txn_0002943,cust_000843,deposit,failed,56.77,2026-05-25 02:36:07
txn_0002944,cust_000843,deposit,cancelled,186.49,2026-06-08 12:59:30
txn_0002945,cust_000843,deposit,successful,106.5,2026-05-04 03:12:46
txn_0002946,cust_000843,deposit,successful,188.42,2026-05-10 08:06:42
txn_0002947,cust_000843,withdrawal,successful,296.46,2026-05-26 17:44:40
txn_0002948,cust_000843,deposit,successful,405.78,2026-05-22 15:35:07
txn_0002949,cust_000843,deposit,successful,123.63,2026-05-24 14:11:36
txn_0002950,cust_000843,deposit,successful,486.45,2026-04-21 16:03:36
txn_0002951,cust_000843,deposit,successful,339.27,2026-05-17 11:33:56
txn_0002952,cust_000844,deposit,successful,271.88,2026-06-26 22:15:58
txn_0002953,cust_000844,deposit,successful,116.04,2026-06-11 03:33:17
txn_0002954,cust_000844,deposit,successful,155.08,2026-05-22 07:26:44
txn_0002955,cust_000844,withdrawal,successful,275.2,2026-04-24 19:50:53
txn_0002956,cust_000844,deposit,successful,287.71,2026-03-12 13:51:48
txn_0002957,cust_000844,deposit,successful,60.44,2026-06-12 05:51:26
txn_0002958,cust_000844,deposit,successful,206.29,2026-03-03 13:13:17
txn_0002959,cust_000844,deposit,successful,131.79,2026-03-08 11:51:15
txn_0002960,cust_000844,deposit,successful,138.23,2026-04-29 09:22:29
txn_0002961,cust_000844,deposit,successful,161.21,2026-04-05 05:05:51
txn_0002962,cust_000844,deposit,successful,189.93,2026-03-09 21:28:48
txn_0002963,cust_000844,deposit,successful,420.71,2026-02-28 19:31:58
txn_0002964,cust_000844,withdrawal,successful,223.27,2026-06-06 02:34:20
txn_0002965,cust_000846,deposit,successful,97.27,2026-02-15 03:43:52
txn_0002966,cust_000846,withdrawal,successful,321.98,2026-05-07 22:54:48
txn_0002967,cust_000846,withdrawal,successful,174.21,2026-06-12 19:37:53
txn_0002968,cust_000846,deposit,successful,415.98,2026-04-09 04:55:58
txn_0002969,cust_000846,deposit,successful,386.39,2026-04-13 09:18:27
txn_0002970,cust_000846,deposit,successful,299.65,2026-05-13 15:37:09
txn_0002971,cust_000846,deposit,failed,333.65,2026-06-27 18:39:23
txn_0002972,cust_000846,deposit,successful,494.46,2026-06-03 16:27:52
txn_0002973,cust_000846,deposit,successful,495.78,2026-06-01 21:06:21
txn_0002974,cust_000846,withdrawal,successful,341.61,2026-04-29 23:32:41
txn_0002975,cust_000846,withdrawal,failed,285.75,2026-06-15 12:21:13
txn_0002976,cust_000846,deposit,successful,104.22,2026-05-09 01:53:26
txn_0002977,cust_000846,deposit,successful,201.96,2026-02-19 09:23:04
txn_0002978,cust_000846,deposit,successful,465.18,2026-04-08 18:14:03
txn_0002979,cust_000847,deposit,successful,60.85,2026-06-07 17:42:51
txn_0002980,cust_000847,deposit,successful,62.03,2026-06-15 03:10:31
txn_0002981,cust_000847,deposit,successful,12.93,2026-05-28 08:11:21
txn_0002982,cust_000849,withdrawal,successful,261.49,2026-05-24 18:22:50
txn_0002983,cust_000849,withdrawal,successful,354.58,2026-04-14 16:33:51
txn_0002984,cust_000849,deposit,successful,222.89,2026-06-29 21:50:37
txn_0002985,cust_000849,deposit,successful,139.08,2026-05-16 23:44:40
txn_0002986,cust_000849,deposit,successful,445.24,2026-05-08 10:32:16
txn_0002987,cust_000849,withdrawal,successful,53.14,2026-06-21 15:59:55
txn_0002988,cust_000849,deposit,successful,375.26,2026-05-30 09:55:10
txn_0002989,cust_000849,deposit,successful,440.21,2026-05-10 04:44:42
txn_0002990,cust_000849,withdrawal,successful,165.6,2026-05-28 05:42:47
txn_0002991,cust_000849,withdrawal,pending,110.73,2026-06-08 13:38:42
txn_0002992,cust_000849,deposit,successful,486.63,2026-04-10 18:06:53
txn_0002993,cust_000849,deposit,successful,496.99,2026-06-10 15:18:00
txn_0002994,cust_000849,deposit,successful,208.59,2026-05-18 13:03:20
txn_0002995,cust_000849,withdrawal,successful,58.97,2026-05-10 20:12:43
txn_0002996,cust_000849,deposit,successful,79.83,2026-04-29 14:43:20
txn_0002997,cust_000850,withdrawal,refunded,363.64,2026-06-24 20:26:23
txn_0002998,cust_000850,deposit,successful,194.83,2026-06-18 04:06:14
txn_0002999,cust_000850,deposit,successful,420.55,2026-06-23 05:42:33
txn_0003000,cust_000850,deposit,pending,147.91,2026-06-16 05:37:09
txn_0003001,cust_000850,withdrawal,successful,395.08,2026-06-28 16:29:03
txn_0003002,cust_000850,deposit,successful,366.27,2026-06-21 03:25:47
txn_0003003,cust_000850,deposit,successful,310.05,2026-06-21 09:24:03
txn_0003004,cust_000850,deposit,successful,79.68,2026-06-28 05:14:43
txn_0003005,cust_000850,deposit,successful,382.37,2026-06-18 14:24:42
txn_0003006,cust_000850,deposit,successful,192.38,2026-06-16 09:00:43
txn_0003007,cust_000850,deposit,successful,460.22,2026-06-24 22:33:03
txn_0003008,cust_000850,deposit,successful,495.12,2026-06-29 08:25:37
txn_0003009,cust_000851,withdrawal,successful,55.08,2026-06-28 16:49:38
txn_0003010,cust_000852,deposit,successful,46.25,2026-06-21 18:15:09
txn_0003011,cust_000854,withdrawal,successful,36.55,2026-06-29 18:09:21
txn_0003012,cust_000854,deposit,successful,66.52,2026-06-29 18:24:25
txn_0003013,cust_000856,deposit,successful,23.51,2026-06-02 17:49:00
txn_0003014,cust_000856,withdrawal,failed,15.26,2026-03-24 14:04:34
txn_0003015,cust_000857,deposit,successful,65.54,2026-04-01 23:39:17
txn_0003016,cust_000857,deposit,successful,47.21,2026-06-25 13:30:59
txn_0003017,cust_000857,withdrawal,successful,16.61,2026-03-19 09:48:40
txn_0003018,cust_000858,deposit,successful,17.06,2026-06-16 16:25:21
txn_0003019,cust_000858,deposit,successful,64.01,2026-05-15 09:45:45
txn_0003020,cust_000858,deposit,successful,62.88,2026-05-29 19:26:51
txn_0003021,cust_000858,deposit,successful,7.75,2026-04-15 10:43:19
txn_0003022,cust_000859,deposit,successful,77.52,2026-05-09 18:21:44
txn_0003023,cust_000859,withdrawal,successful,412.48,2026-05-27 07:25:24
txn_0003024,cust_000859,deposit,successful,388.69,2026-06-21 06:08:40
txn_0003025,cust_000859,deposit,pending,93.97,2026-05-11 00:30:42
txn_0003026,cust_000859,deposit,successful,57.18,2026-06-10 11:10:02
txn_0003027,cust_000859,deposit,successful,428.24,2026-04-27 01:51:35
txn_0003028,cust_000859,deposit,successful,352.27,2026-06-03 13:35:28
txn_0003029,cust_000859,withdrawal,successful,199.55,2026-05-06 18:33:21
txn_0003030,cust_000859,deposit,successful,231.27,2026-06-10 06:30:33
txn_0003031,cust_000859,deposit,successful,282.29,2026-06-12 21:14:41
txn_0003032,cust_000860,deposit,successful,23.8,2026-06-08 05:28:15
txn_0003033,cust_000860,deposit,refunded,56.24,2026-05-29 06:05:53
txn_0003034,cust_000860,deposit,successful,75.73,2026-04-26 02:29:11
txn_0003035,cust_000861,deposit,successful,36.32,2026-06-16 09:47:55
txn_0003036,cust_000861,deposit,successful,71.98,2026-04-27 07:25:55
txn_0003037,cust_000861,deposit,successful,50.55,2026-06-16 06:30:55
txn_0003038,cust_000863,deposit,successful,73.89,2026-06-17 09:27:09
txn_0003039,cust_000863,deposit,successful,18.23,2026-04-23 09:22:54
txn_0003040,cust_000864,withdrawal,successful,5.45,2026-06-18 07:17:27
txn_0003041,cust_000865,deposit,successful,263.42,2026-05-14 01:23:08
txn_0003042,cust_000865,deposit,refunded,318.28,2026-05-31 18:49:54
txn_0003043,cust_000865,deposit,successful,191.42,2026-04-30 20:35:09
txn_0003044,cust_000865,deposit,successful,252.6,2026-06-08 22:51:00
txn_0003045,cust_000865,deposit,successful,274.92,2026-06-13 23:44:17
txn_0003046,cust_000865,deposit,successful,432.74,2026-06-11 08:43:56
txn_0003047,cust_000865,deposit,successful,424.03,2026-05-23 10:07:48
txn_0003048,cust_000865,withdrawal,successful,264.59,2026-05-17 13:35:31
txn_0003049,cust_000865,deposit,successful,254.95,2026-05-12 15:28:34
txn_0003050,cust_000865,deposit,successful,128.95,2026-05-17 02:15:29
txn_0003051,cust_000865,withdrawal,successful,392.71,2026-05-10 07:58:09
txn_0003052,cust_000865,deposit,successful,241.67,2026-06-16 14:00:21
txn_0003053,cust_000866,deposit,successful,9.29,2026-06-07 23:31:06
txn_0003054,cust_000866,deposit,successful,32.9,2026-06-26 08:52:06
txn_0003055,cust_000866,deposit,successful,48.28,2026-06-19 14:52:00
txn_0003056,cust_000868,withdrawal,successful,20.55,2026-03-12 12:38:49
txn_0003057,cust_000868,deposit,cancelled,72.39,2026-03-16 17:53:23
txn_0003058,cust_000868,deposit,cancelled,64.6,2026-06-29 10:02:57
txn_0003059,cust_000869,deposit,successful,55.9,2026-03-13 19:17:42
txn_0003060,cust_000869,deposit,successful,36.67,2026-02-17 18:11:00
txn_0003061,cust_000870,deposit,cancelled,6.45,2026-06-13 11:24:06
txn_0003062,cust_000870,deposit,successful,74.29,2026-04-04 16:25:28
txn_0003063,cust_000870,withdrawal,successful,56.39,2026-03-24 11:51:18
txn_0003064,cust_000871,withdrawal,successful,133.14,2026-03-29 12:30:45
txn_0003065,cust_000871,deposit,successful,219.53,2026-04-12 07:19:26
txn_0003066,cust_000871,deposit,successful,121.96,2026-05-13 13:12:11
txn_0003067,cust_000871,deposit,successful,462.15,2026-04-04 22:14:42
txn_0003068,cust_000871,deposit,failed,64.63,2026-06-06 06:56:20
txn_0003069,cust_000871,withdrawal,successful,77.39,2026-04-08 12:11:54
txn_0003070,cust_000872,deposit,successful,196.27,2026-05-16 19:22:48
txn_0003071,cust_000872,deposit,successful,151.19,2026-05-27 10:09:31
txn_0003072,cust_000872,deposit,successful,271.97,2026-06-26 05:03:05
txn_0003073,cust_000872,deposit,successful,103.04,2026-05-21 04:28:18
txn_0003074,cust_000872,withdrawal,successful,184.31,2026-02-08 06:34:06
txn_0003075,cust_000872,deposit,successful,106.45,2026-02-10 13:17:19
txn_0003076,cust_000872,withdrawal,successful,340.65,2026-04-16 17:27:09
txn_0003077,cust_000872,deposit,pending,298.83,2026-03-03 06:34:07
txn_0003078,cust_000872,deposit,successful,270.16,2026-05-24 04:48:03
txn_0003079,cust_000872,deposit,successful,60.53,2026-04-12 13:15:50
txn_0003080,cust_000872,withdrawal,successful,245.68,2026-05-16 01:09:27
txn_0003081,cust_000872,withdrawal,successful,497.17,2026-05-06 03:37:14
txn_0003082,cust_000874,deposit,failed,45.92,2026-01-29 15:49:37
txn_0003083,cust_000875,deposit,successful,68.18,2026-06-29 04:34:02
txn_0003084,cust_000875,withdrawal,successful,62.87,2026-04-15 01:48:33
txn_0003085,cust_000875,withdrawal,successful,27.45,2026-06-27 16:50:10
txn_0003086,cust_000875,deposit,successful,24.43,2026-04-24 03:15:55
txn_0003087,cust_000876,deposit,successful,454.44,2026-02-28 15:52:56
txn_0003088,cust_000876,withdrawal,successful,127.99,2026-03-07 01:22:51
txn_0003089,cust_000876,withdrawal,failed,68.33,2026-02-08 01:20:27
txn_0003090,cust_000876,withdrawal,successful,204.82,2026-03-31 08:21:53
txn_0003091,cust_000876,deposit,successful,151.81,2026-06-16 15:10:56
txn_0003092,cust_000876,deposit,successful,357.33,2026-06-14 09:43:10
txn_0003093,cust_000877,withdrawal,successful,65.99,2026-06-06 23:05:21
txn_0003094,cust_000877,withdrawal,successful,51.78,2026-05-09 05:01:39
txn_0003095,cust_000877,deposit,failed,27.09,2026-05-04 17:57:22
txn_0003096,cust_000877,deposit,successful,37.01,2026-06-15 11:40:57
txn_0003097,cust_000878,deposit,successful,61.0,2026-04-25 13:58:17
txn_0003098,cust_000878,withdrawal,successful,14.47,2026-01-29 18:39:10
txn_0003099,cust_000879,deposit,successful,17.13,2026-05-04 18:48:02
txn_0003100,cust_000879,deposit,failed,61.35,2026-05-28 08:44:16
txn_0003101,cust_000880,deposit,successful,76.35,2026-04-11 00:00:23
txn_0003102,cust_000880,deposit,successful,35.11,2026-06-20 09:27:07
txn_0003103,cust_000880,deposit,successful,25.84,2026-05-27 04:13:31
txn_0003104,cust_000880,withdrawal,successful,49.65,2026-04-20 09:21:26
txn_0003105,cust_000881,deposit,cancelled,72.63,2026-06-10 20:41:10
txn_0003106,cust_000881,deposit,successful,48.95,2026-06-05 17:55:56
txn_0003107,cust_000881,deposit,successful,12.49,2026-06-12 02:53:51
txn_0003108,cust_000881,withdrawal,successful,75.81,2026-06-07 05:15:27
txn_0003109,cust_000882,deposit,failed,55.08,2026-06-25 22:00:43
txn_0003110,cust_000882,withdrawal,successful,33.73,2026-06-26 12:40:54
txn_0003111,cust_000884,withdrawal,successful,14.03,2026-04-19 16:00:54
txn_0003112,cust_000884,deposit,successful,47.83,2026-01-27 21:00:56
txn_0003113,cust_000884,deposit,successful,72.68,2026-05-10 12:10:29
txn_0003114,cust_000884,deposit,successful,19.33,2026-02-07 20:40:26
txn_0003115,cust_000885,deposit,successful,31.6,2026-04-03 10:36:09
txn_0003116,cust_000886,deposit,successful,95.17,2026-04-19 02:27:43
txn_0003117,cust_000886,deposit,failed,282.84,2026-04-01 14:04:40
txn_0003118,cust_000886,deposit,successful,336.97,2026-06-20 12:23:40
txn_0003119,cust_000886,deposit,successful,218.46,2026-04-16 15:09:46
txn_0003120,cust_000886,deposit,successful,486.84,2026-04-21 18:32:53
txn_0003121,cust_000886,deposit,successful,332.73,2026-05-11 09:27:39
txn_0003122,cust_000886,deposit,pending,315.82,2026-04-13 06:07:36
txn_0003123,cust_000886,deposit,successful,397.25,2026-05-20 17:48:14
txn_0003124,cust_000886,withdrawal,successful,335.32,2026-06-26 16:11:30
txn_0003125,cust_000886,withdrawal,successful,446.28,2026-05-02 13:52:08
txn_0003126,cust_000886,deposit,successful,209.43,2026-06-14 11:56:15
txn_0003127,cust_000886,deposit,successful,124.67,2026-04-03 02:23:02
txn_0003128,cust_000886,deposit,failed,482.02,2026-05-18 06:44:03
txn_0003129,cust_000886,withdrawal,successful,336.44,2026-05-26 18:25:31
txn_0003130,cust_000887,deposit,successful,19.41,2026-06-22 23:51:56
txn_0003131,cust_000887,deposit,successful,57.46,2026-05-13 06:17:09
txn_0003132,cust_000887,deposit,successful,64.14,2026-05-29 13:15:00
txn_0003133,cust_000887,deposit,successful,41.17,2026-05-28 06:20:30
txn_0003134,cust_000888,withdrawal,successful,465.79,2026-05-31 15:02:09
txn_0003135,cust_000888,deposit,successful,381.7,2026-06-01 23:02:57
txn_0003136,cust_000888,deposit,successful,299.95,2026-05-18 09:16:10
txn_0003137,cust_000888,deposit,successful,389.74,2026-05-02 20:05:33
txn_0003138,cust_000888,withdrawal,successful,125.6,2026-06-10 09:25:51
txn_0003139,cust_000888,deposit,successful,298.61,2026-05-18 17:01:47
txn_0003140,cust_000888,deposit,refunded,340.75,2026-05-19 12:04:59
txn_0003141,cust_000888,deposit,successful,160.56,2026-05-17 18:42:40
txn_0003142,cust_000889,withdrawal,successful,49.55,2026-04-15 23:47:12
txn_0003143,cust_000889,deposit,successful,36.31,2026-06-01 14:33:00
txn_0003144,cust_000889,deposit,successful,15.08,2026-04-02 20:38:29
txn_0003145,cust_000889,withdrawal,successful,71.89,2026-06-18 16:28:23
txn_0003146,cust_000890,deposit,successful,243.64,2026-05-27 03:48:37
txn_0003147,cust_000890,deposit,successful,341.16,2026-05-12 08:23:03
txn_0003148,cust_000890,withdrawal,successful,72.46,2026-04-01 12:55:29
txn_0003149,cust_000890,deposit,successful,216.83,2026-05-04 16:37:37
txn_0003150,cust_000890,withdrawal,successful,122.14,2026-04-13 02:40:11
txn_0003151,cust_000890,deposit,successful,222.04,2026-04-30 03:29:36
txn_0003152,cust_000890,deposit,successful,469.29,2026-03-22 03:06:52
txn_0003153,cust_000890,deposit,successful,194.17,2026-03-25 05:41:58
txn_0003154,cust_000890,deposit,pending,423.93,2026-06-07 03:57:09
txn_0003155,cust_000890,deposit,successful,225.92,2026-04-12 04:54:27
txn_0003156,cust_000890,deposit,successful,54.65,2026-05-25 17:42:22
txn_0003157,cust_000890,deposit,successful,139.95,2026-04-20 16:24:05
txn_0003158,cust_000891,deposit,successful,16.0,2026-06-21 23:54:56
txn_0003159,cust_000891,deposit,successful,70.05,2026-06-29 20:39:41
txn_0003160,cust_000891,withdrawal,successful,53.22,2026-06-06 07:14:29
txn_0003161,cust_000893,deposit,successful,15.29,2026-05-25 02:16:56
txn_0003162,cust_000893,withdrawal,successful,25.7,2026-05-29 21:08:59
txn_0003163,cust_000893,deposit,successful,39.48,2026-05-15 02:10:30
txn_0003164,cust_000894,withdrawal,failed,32.15,2026-06-10 09:45:26
txn_0003165,cust_000894,withdrawal,successful,7.37,2026-06-21 12:12:14
txn_0003166,cust_000894,deposit,pending,50.33,2026-05-28 04:26:43
txn_0003167,cust_000895,deposit,successful,65.66,2026-06-10 05:15:59
txn_0003168,cust_000895,deposit,cancelled,43.37,2026-04-07 10:26:17
txn_0003169,cust_000896,deposit,successful,326.97,2026-06-14 02:01:44
txn_0003170,cust_000896,deposit,successful,68.53,2026-05-23 20:55:17
txn_0003171,cust_000896,withdrawal,successful,188.44,2026-06-05 14:48:28
txn_0003172,cust_000896,deposit,successful,125.7,2026-06-08 02:07:36
txn_0003173,cust_000896,deposit,successful,408.26,2026-05-31 06:35:03
txn_0003174,cust_000896,withdrawal,successful,251.89,2026-05-27 09:42:43
txn_0003175,cust_000896,withdrawal,successful,443.37,2026-06-01 10:11:24
txn_0003176,cust_000896,withdrawal,successful,220.33,2026-05-25 22:36:13
txn_0003177,cust_000896,deposit,successful,68.66,2026-06-11 13:33:29
txn_0003178,cust_000896,deposit,successful,245.24,2026-06-09 00:51:16
txn_0003179,cust_000899,withdrawal,successful,22.04,2026-05-22 21:42:09
txn_0003180,cust_000899,withdrawal,successful,41.13,2026-05-20 09:13:54
txn_0003181,cust_000899,deposit,successful,59.46,2026-05-27 22:39:52
txn_0003182,cust_000899,withdrawal,successful,6.2,2026-06-17 14:02:15
txn_0003183,cust_000900,deposit,successful,45.02,2026-05-07 14:46:26
txn_0003184,cust_000901,deposit,successful,68.48,2026-06-14 17:24:36
txn_0003185,cust_000901,deposit,failed,21.66,2026-06-05 06:04:07
txn_0003186,cust_000902,deposit,successful,145.53,2026-04-22 18:40:39
txn_0003187,cust_000902,deposit,successful,294.0,2026-04-03 23:53:58
txn_0003188,cust_000902,deposit,failed,208.13,2026-06-18 02:56:55
txn_0003189,cust_000902,deposit,successful,260.31,2026-06-17 10:29:56
txn_0003190,cust_000902,withdrawal,failed,231.86,2026-04-18 16:53:12
txn_0003191,cust_000902,deposit,failed,80.21,2026-06-10 22:32:17
txn_0003192,cust_000902,withdrawal,successful,283.76,2026-04-04 11:01:21
txn_0003193,cust_000903,deposit,successful,75.38,2026-01-20 12:23:30
txn_0003194,cust_000903,withdrawal,successful,17.52,2026-05-29 02:33:37
txn_0003195,cust_000903,deposit,successful,28.1,2026-04-24 09:30:09
txn_0003196,cust_000903,deposit,successful,67.82,2026-06-26 08:32:41
txn_0003197,cust_000904,withdrawal,successful,235.35,2026-05-30 13:17:29
txn_0003198,cust_000904,deposit,successful,152.55,2026-03-28 02:07:31
txn_0003199,cust_000904,deposit,successful,316.46,2026-06-11 11:44:18
txn_0003200,cust_000904,deposit,successful,340.08,2026-06-22 19:09:43
txn_0003201,cust_000904,withdrawal,failed,261.95,2026-06-07 13:20:48
txn_0003202,cust_000904,deposit,successful,132.37,2026-04-16 08:07:30
txn_0003203,cust_000905,withdrawal,successful,53.18,2026-06-19 13:59:53
txn_0003204,cust_000905,deposit,successful,38.91,2026-06-07 09:37:49
txn_0003205,cust_000905,deposit,successful,42.68,2026-04-11 08:05:36
txn_0003206,cust_000907,deposit,successful,61.36,2026-05-13 16:52:34
txn_0003207,cust_000907,deposit,successful,65.99,2026-06-02 23:54:09
txn_0003208,cust_000907,withdrawal,cancelled,68.59,2026-06-21 07:39:13
txn_0003209,cust_000909,deposit,successful,79.57,2026-06-27 16:40:23
txn_0003210,cust_000909,deposit,successful,52.76,2026-06-26 03:22:07
txn_0003211,cust_000911,withdrawal,successful,24.68,2026-06-08 10:11:06
txn_0003212,cust_000911,deposit,successful,62.36,2026-06-23 23:52:19
txn_0003213,cust_000911,deposit,successful,38.21,2026-06-24 13:20:45
txn_0003214,cust_000912,withdrawal,successful,81.38,2026-06-14 01:40:41
txn_0003215,cust_000912,deposit,successful,453.34,2026-05-28 07:09:43
txn_0003216,cust_000912,deposit,successful,311.1,2026-06-23 04:56:14
txn_0003217,cust_000913,deposit,successful,55.47,2026-05-17 18:37:41
txn_0003218,cust_000913,deposit,successful,41.79,2026-05-25 12:13:01
txn_0003219,cust_000913,withdrawal,successful,77.43,2026-06-10 08:18:50
txn_0003220,cust_000913,deposit,failed,39.77,2026-06-01 15:48:56
txn_0003221,cust_000915,deposit,successful,66.68,2026-06-16 01:24:07
txn_0003222,cust_000915,deposit,successful,49.05,2026-06-14 08:14:34
txn_0003223,cust_000915,deposit,pending,56.52,2026-06-26 23:57:01
txn_0003224,cust_000915,deposit,successful,55.59,2026-05-14 10:57:11
txn_0003225,cust_000916,deposit,successful,13.47,2026-06-04 22:27:36
txn_0003226,cust_000916,withdrawal,successful,38.72,2026-06-24 07:38:32
txn_0003227,cust_000916,withdrawal,successful,51.27,2026-06-07 01:59:37
txn_0003228,cust_000916,withdrawal,successful,32.59,2026-06-04 02:19:14
txn_0003229,cust_000917,deposit,successful,47.11,2026-04-06 01:11:58
txn_0003230,cust_000917,withdrawal,successful,63.98,2026-06-27 21:42:46
txn_0003231,cust_000919,deposit,successful,45.41,2026-06-06 08:37:29
txn_0003232,cust_000919,deposit,refunded,5.42,2026-06-26 01:03:08
txn_0003233,cust_000919,deposit,successful,54.75,2026-04-23 07:39:38
txn_0003234,cust_000920,deposit,successful,12.72,2026-05-17 00:42:52
txn_0003235,cust_000920,deposit,successful,72.59,2026-05-25 18:41:24
txn_0003236,cust_000920,deposit,successful,19.98,2026-05-12 03:25:53
txn_0003237,cust_000920,deposit,successful,9.08,2026-06-27 05:03:11
txn_0003238,cust_000921,deposit,successful,38.47,2026-03-16 06:12:36
txn_0003239,cust_000921,deposit,successful,7.36,2026-06-20 17:53:06
txn_0003240,cust_000923,deposit,successful,35.16,2026-02-22 22:33:01
txn_0003241,cust_000923,deposit,successful,46.27,2026-04-13 12:15:54
txn_0003242,cust_000923,deposit,refunded,68.18,2026-03-22 02:07:40
txn_0003243,cust_000925,deposit,pending,43.73,2026-03-10 14:29:30
txn_0003244,cust_000925,deposit,successful,18.79,2026-05-30 16:50:36
txn_0003245,cust_000925,deposit,successful,10.64,2026-02-27 05:55:07
txn_0003246,cust_000926,deposit,failed,13.42,2026-06-01 02:18:09
txn_0003247,cust_000926,deposit,successful,17.86,2026-02-09 09:28:11
txn_0003248,cust_000926,deposit,successful,46.81,2026-01-22 00:29:46
txn_0003249,cust_000926,deposit,successful,51.87,2026-03-06 14:58:59
txn_0003250,cust_000927,withdrawal,successful,19.6,2026-05-23 19:18:12
txn_0003251,cust_000928,deposit,successful,29.45,2026-05-29 14:23:12
txn_0003252,cust_000928,deposit,successful,53.14,2026-05-27 22:14:10
txn_0003253,cust_000929,deposit,successful,11.09,2026-05-06 13:40:38
txn_0003254,cust_000929,deposit,successful,27.37,2026-05-19 20:17:30
txn_0003255,cust_000929,deposit,failed,49.75,2026-06-14 14:17:37
txn_0003256,cust_000930,deposit,successful,39.39,2026-06-03 19:36:52
txn_0003257,cust_000931,withdrawal,failed,38.85,2026-05-22 15:48:56
txn_0003258,cust_000931,deposit,successful,23.74,2026-02-12 10:01:19
txn_0003259,cust_000933,deposit,successful,23.17,2026-04-03 00:28:48
txn_0003260,cust_000934,deposit,successful,31.39,2026-03-26 03:52:03
txn_0003261,cust_000934,deposit,successful,42.59,2026-05-06 16:18:39
txn_0003262,cust_000935,deposit,successful,63.42,2026-04-20 07:21:14
txn_0003263,cust_000935,withdrawal,successful,70.53,2026-03-27 04:47:44
txn_0003264,cust_000935,deposit,successful,46.01,2026-05-18 00:52:09
txn_0003265,cust_000936,deposit,successful,79.86,2026-03-29 17:23:53
txn_0003266,cust_000936,deposit,successful,35.0,2026-05-19 07:33:34
txn_0003267,cust_000936,deposit,successful,22.31,2026-01-25 16:40:10
txn_0003268,cust_000936,deposit,successful,50.32,2026-04-01 00:29:55
txn_0003269,cust_000937,deposit,successful,10.53,2026-06-24 09:55:56
txn_0003270,cust_000937,withdrawal,successful,77.58,2026-06-19 12:36:07
txn_0003271,cust_000938,withdrawal,successful,61.14,2026-05-06 02:18:46
txn_0003272,cust_000939,withdrawal,successful,133.03,2026-04-22 03:19:30
txn_0003273,cust_000939,deposit,successful,54.99,2026-03-03 00:18:07
txn_0003274,cust_000939,deposit,successful,476.88,2026-05-05 02:25:05
txn_0003275,cust_000939,deposit,cancelled,451.64,2026-03-14 17:28:26
txn_0003276,cust_000939,deposit,failed,345.79,2026-06-02 16:00:52
txn_0003277,cust_000939,deposit,successful,406.01,2026-06-03 03:07:38
txn_0003278,cust_000939,deposit,successful,388.17,2026-04-09 06:10:48
txn_0003279,cust_000939,deposit,successful,300.19,2026-04-24 15:17:00
txn_0003280,cust_000939,withdrawal,successful,134.28,2026-06-04 15:04:13
txn_0003281,cust_000939,deposit,successful,104.64,2026-04-05 11:15:51
txn_0003282,cust_000939,withdrawal,failed,476.39,2026-05-18 14:33:20
txn_0003283,cust_000940,deposit,successful,29.55,2026-02-10 13:44:27
txn_0003284,cust_000941,deposit,successful,16.61,2026-04-21 05:13:13
txn_0003285,cust_000941,deposit,successful,72.26,2026-04-13 10:17:49
txn_0003286,cust_000941,withdrawal,successful,57.38,2026-06-15 21:46:26
txn_0003287,cust_000941,withdrawal,refunded,59.33,2026-06-11 21:34:25
txn_0003288,cust_000942,withdrawal,successful,68.97,2026-04-30 01:05:56
txn_0003289,cust_000942,deposit,successful,21.33,2026-03-30 17:33:53
txn_0003290,cust_000943,withdrawal,successful,29.1,2026-06-13 06:09:29
txn_0003291,cust_000943,deposit,successful,14.93,2026-06-08 06:43:08
txn_0003292,cust_000943,deposit,successful,67.46,2026-05-11 12:58:44
txn_0003293,cust_000943,deposit,successful,27.26,2026-04-04 07:09:37
txn_0003294,cust_000944,deposit,successful,43.89,2026-02-13 19:10:01
txn_0003295,cust_000946,deposit,refunded,79.5,2026-06-27 00:55:06
txn_0003296,cust_000946,deposit,failed,51.68,2026-05-20 22:23:15
txn_0003297,cust_000946,withdrawal,refunded,14.38,2026-06-18 21:38:57
txn_0003298,cust_000946,withdrawal,successful,53.68,2026-05-14 07:07:17
txn_0003299,cust_000947,deposit,successful,11.39,2026-03-01 20:06:14
txn_0003300,cust_000949,deposit,successful,35.64,2026-05-26 13:18:34
txn_0003301,cust_000949,deposit,successful,29.99,2026-05-18 01:06:42
txn_0003302,cust_000949,deposit,successful,73.65,2026-06-02 12:51:01
txn_0003303,cust_000951,deposit,successful,64.66,2026-05-30 01:40:09
txn_0003304,cust_000951,withdrawal,successful,28.85,2026-05-21 20:40:20
txn_0003305,cust_000952,withdrawal,successful,328.4,2026-06-10 06:02:31
txn_0003306,cust_000952,deposit,successful,273.29,2026-02-12 01:32:39
txn_0003307,cust_000952,withdrawal,successful,273.35,2026-02-16 05:29:03
txn_0003308,cust_000952,deposit,successful,88.77,2026-04-24 08:53:06
txn_0003309,cust_000952,deposit,successful,115.98,2026-02-10 17:39:41
txn_0003310,cust_000952,deposit,successful,318.93,2026-05-26 08:50:19
txn_0003311,cust_000952,deposit,successful,137.02,2026-05-07 00:54:17
txn_0003312,cust_000952,deposit,cancelled,132.73,2026-06-24 02:15:35
txn_0003313,cust_000952,deposit,successful,430.98,2026-03-27 09:52:49
txn_0003314,cust_000952,deposit,successful,272.02,2026-03-26 14:38:31
txn_0003315,cust_000953,withdrawal,successful,439.7,2026-05-22 18:37:13
txn_0003316,cust_000953,withdrawal,successful,465.35,2026-03-15 18:07:57
txn_0003317,cust_000953,deposit,successful,236.09,2026-06-02 08:23:26
txn_0003318,cust_000953,deposit,pending,403.89,2026-03-16 20:14:48
txn_0003319,cust_000953,withdrawal,successful,434.0,2026-06-19 05:30:01
txn_0003320,cust_000953,deposit,successful,482.46,2026-04-18 09:19:07
txn_0003321,cust_000953,deposit,successful,85.31,2026-05-09 09:39:54
txn_0003322,cust_000953,withdrawal,successful,66.67,2026-04-21 16:04:58
txn_0003323,cust_000953,deposit,successful,279.0,2026-05-10 17:50:32
txn_0003324,cust_000953,withdrawal,successful,378.01,2026-03-18 08:25:01
txn_0003325,cust_000953,deposit,successful,167.26,2026-05-29 17:58:05
txn_0003326,cust_000954,deposit,successful,50.17,2026-06-21 00:29:25
txn_0003327,cust_000954,deposit,successful,41.89,2026-06-25 20:20:22
txn_0003328,cust_000955,withdrawal,successful,160.62,2026-05-21 03:29:47
txn_0003329,cust_000955,deposit,successful,193.52,2026-03-28 11:36:47
txn_0003330,cust_000955,deposit,failed,497.51,2026-01-30 13:38:01
txn_0003331,cust_000956,withdrawal,successful,18.37,2026-05-04 12:37:10
txn_0003332,cust_000956,deposit,successful,49.14,2026-05-10 07:01:10
txn_0003333,cust_000956,deposit,successful,22.89,2026-04-23 20:59:12
txn_0003334,cust_000956,withdrawal,successful,34.95,2026-06-12 20:30:17
txn_0003335,cust_000957,deposit,successful,59.47,2026-06-18 02:31:24
txn_0003336,cust_000957,deposit,successful,226.28,2026-05-20 08:34:14
txn_0003337,cust_000957,deposit,successful,486.87,2026-05-17 09:29:24
txn_0003338,cust_000957,withdrawal,successful,320.14,2026-06-16 10:23:14
txn_0003339,cust_000957,deposit,successful,374.37,2026-05-29 15:05:41
txn_0003340,cust_000957,deposit,successful,322.21,2026-05-22 05:13:07
txn_0003341,cust_000957,deposit,successful,276.41,2026-05-14 00:04:35
txn_0003342,cust_000957,deposit,successful,428.19,2026-06-19 07:30:33
txn_0003343,cust_000957,deposit,pending,322.3,2026-06-28 20:15:12
txn_0003344,cust_000957,withdrawal,successful,125.68,2026-06-10 23:04:01
txn_0003345,cust_000957,deposit,successful,364.68,2026-06-11 02:27:03
txn_0003346,cust_000957,withdrawal,successful,361.74,2026-06-21 22:04:39
txn_0003347,cust_000957,deposit,successful,85.49,2026-05-23 19:03:56
txn_0003348,cust_000957,deposit,successful,414.84,2026-05-20 01:14:22
txn_0003349,cust_000958,deposit,successful,46.52,2026-04-23 18:22:26
txn_0003350,cust_000958,deposit,successful,34.95,2026-06-13 16:55:59
txn_0003351,cust_000958,deposit,cancelled,54.21,2026-05-24 16:07:09
txn_0003352,cust_000958,withdrawal,successful,56.28,2026-06-13 13:09:12
txn_0003353,cust_000959,deposit,successful,50.05,2026-02-18 20:43:30
txn_0003354,cust_000959,deposit,successful,76.4,2026-04-08 16:52:41
txn_0003355,cust_000960,withdrawal,successful,57.37,2026-05-28 01:18:49
txn_0003356,cust_000960,withdrawal,failed,71.88,2026-05-18 19:53:06
txn_0003357,cust_000960,deposit,successful,19.75,2026-06-29 20:51:59
txn_0003358,cust_000961,deposit,successful,10.51,2026-06-26 20:08:09
txn_0003359,cust_000961,deposit,successful,48.24,2026-03-21 08:34:01
txn_0003360,cust_000961,deposit,successful,79.84,2026-04-18 05:48:55
txn_0003361,cust_000962,deposit,failed,366.41,2026-06-15 20:39:09
txn_0003362,cust_000962,deposit,successful,154.44,2026-06-17 15:16:39
txn_0003363,cust_000962,deposit,successful,382.94,2026-06-03 13:50:04
txn_0003364,cust_000962,withdrawal,successful,415.83,2026-06-23 14:25:10
txn_0003365,cust_000962,deposit,failed,282.62,2026-06-18 20:21:27
txn_0003366,cust_000962,deposit,successful,227.02,2026-06-02 12:23:26
txn_0003367,cust_000963,deposit,successful,32.82,2026-01-23 14:58:39
txn_0003368,cust_000963,deposit,successful,11.58,2026-05-26 11:36:27
txn_0003369,cust_000963,deposit,successful,51.79,2026-01-23 13:20:57
txn_0003370,cust_000964,deposit,successful,8.29,2026-06-11 22:58:26
txn_0003371,cust_000965,deposit,successful,7.16,2026-06-24 12:17:58
txn_0003372,cust_000966,deposit,refunded,16.86,2026-04-28 21:50:56
txn_0003373,cust_000966,deposit,successful,32.83,2026-06-08 11:52:56
txn_0003374,cust_000967,withdrawal,pending,48.09,2026-02-10 18:29:19
txn_0003375,cust_000968,deposit,successful,330.48,2026-02-27 14:52:06
txn_0003376,cust_000968,withdrawal,successful,206.97,2026-05-18 23:55:11
txn_0003377,cust_000968,deposit,successful,347.71,2026-04-16 08:05:05
txn_0003378,cust_000969,deposit,successful,478.32,2026-05-25 08:02:53
txn_0003379,cust_000969,deposit,successful,483.19,2026-05-22 01:31:26
txn_0003380,cust_000969,deposit,successful,151.31,2026-04-29 23:30:20
txn_0003381,cust_000969,deposit,successful,302.48,2026-05-29 05:27:18
txn_0003382,cust_000969,deposit,successful,333.16,2026-05-01 18:34:27
txn_0003383,cust_000969,withdrawal,successful,430.37,2026-06-18 10:56:10
txn_0003384,cust_000969,deposit,successful,120.61,2026-05-07 10:23:06
txn_0003385,cust_000969,deposit,successful,117.23,2026-05-04 00:28:48
txn_0003386,cust_000969,deposit,successful,364.74,2026-04-28 13:45:50
txn_0003387,cust_000969,withdrawal,successful,233.77,2026-06-15 19:12:22
txn_0003388,cust_000969,deposit,successful,293.79,2026-04-28 01:24:47
txn_0003389,cust_000969,deposit,successful,438.66,2026-05-11 14:02:07
txn_0003390,cust_000969,deposit,successful,232.75,2026-06-26 11:15:49
txn_0003391,cust_000971,deposit,refunded,32.39,2026-06-24 11:09:54
txn_0003392,cust_000971,deposit,successful,10.09,2026-05-31 05:05:20
txn_0003393,cust_000973,deposit,successful,65.67,2026-06-12 03:06:20
txn_0003394,cust_000973,deposit,successful,38.0,2026-06-13 13:29:09
txn_0003395,cust_000973,deposit,successful,27.67,2026-05-31 09:51:56
txn_0003396,cust_000974,deposit,successful,47.54,2026-06-11 22:43:17
txn_0003397,cust_000974,deposit,successful,59.89,2026-05-25 15:39:51
txn_0003398,cust_000975,withdrawal,successful,75.42,2026-06-24 20:07:21
txn_0003399,cust_000975,deposit,failed,59.2,2026-04-13 00:07:45
txn_0003400,cust_000976,deposit,successful,339.34,2026-06-26 15:21:58
txn_0003401,cust_000976,deposit,successful,245.63,2026-05-22 15:04:48
txn_0003402,cust_000976,deposit,successful,232.08,2026-06-22 18:14:15
txn_0003403,cust_000976,deposit,successful,299.18,2026-04-25 22:44:23
txn_0003404,cust_000977,deposit,successful,24.79,2026-06-08 02:22:59
txn_0003405,cust_000977,deposit,successful,76.61,2026-06-18 04:55:07
txn_0003406,cust_000977,withdrawal,successful,77.79,2026-04-09 01:35:23
txn_0003407,cust_000977,deposit,successful,65.1,2026-06-04 01:13:22
txn_0003408,cust_000978,deposit,successful,95.12,2026-06-23 08:52:29
txn_0003409,cust_000978,deposit,successful,244.62,2026-05-26 22:34:58
txn_0003410,cust_000978,deposit,successful,360.59,2026-05-05 22:44:37
txn_0003411,cust_000979,withdrawal,successful,47.41,2026-06-25 06:37:55
txn_0003412,cust_000981,deposit,successful,74.12,2026-06-11 20:54:58
txn_0003413,cust_000982,withdrawal,successful,411.75,2026-06-29 08:16:18
txn_0003414,cust_000982,deposit,successful,317.18,2026-06-28 10:20:15
txn_0003415,cust_000982,deposit,successful,463.3,2026-06-23 17:53:13
txn_0003416,cust_000982,withdrawal,successful,374.42,2026-06-20 17:11:47
txn_0003417,cust_000982,deposit,successful,111.5,2026-06-18 13:36:44
txn_0003418,cust_000982,withdrawal,successful,163.11,2026-06-19 03:21:23
txn_0003419,cust_000982,withdrawal,successful,135.0,2026-06-25 11:40:11
txn_0003420,cust_000982,deposit,successful,182.0,2026-06-21 09:14:08
txn_0003421,cust_000982,deposit,successful,81.77,2026-06-26 00:11:35
txn_0003422,cust_000983,deposit,successful,64.98,2026-03-05 18:22:31
txn_0003423,cust_000983,deposit,successful,29.62,2026-03-20 07:57:06
txn_0003424,cust_000983,withdrawal,successful,9.32,2026-05-18 12:53:24
txn_0003425,cust_000983,deposit,successful,56.73,2026-06-22 08:54:29
txn_0003426,cust_000984,deposit,successful,7.21,2026-05-24 01:40:47
txn_0003427,cust_000985,deposit,successful,21.01,2026-05-26 20:53:00
txn_0003428,cust_000985,deposit,successful,79.47,2026-06-13 23:47:19
txn_0003429,cust_000986,deposit,successful,38.71,2026-05-15 20:13:16
txn_0003430,cust_000988,deposit,successful,57.49,2026-06-02 07:12:44
txn_0003431,cust_000988,deposit,successful,59.76,2026-04-23 00:13:07
txn_0003432,cust_000988,deposit,successful,20.55,2026-02-24 16:04:24
txn_0003433,cust_000990,deposit,successful,28.49,2026-04-30 07:08:15
txn_0003434,cust_000990,deposit,successful,52.26,2026-01-27 06:24:48
txn_0003435,cust_000991,deposit,successful,58.1,2026-06-21 14:43:30
txn_0003436,cust_000991,deposit,successful,25.27,2026-04-25 07:48:08
txn_0003437,cust_000991,deposit,successful,63.61,2026-04-20 21:28:17
txn_0003438,cust_000992,deposit,successful,15.33,2026-06-18 19:14:55
txn_0003439,cust_000992,deposit,successful,67.28,2026-06-19 17:16:24
txn_0003440,cust_000992,deposit,cancelled,19.32,2026-06-17 07:20:27
txn_0003441,cust_000993,withdrawal,refunded,447.37,2026-06-23 14:09:29
txn_0003442,cust_000993,deposit,successful,177.23,2026-06-07 10:41:25
txn_0003443,cust_000993,deposit,successful,340.56,2026-06-27 13:52:58
txn_0003444,cust_000993,deposit,successful,491.42,2026-06-14 13:30:35
txn_0003445,cust_000993,withdrawal,successful,386.85,2026-06-27 12:22:22
txn_0003446,cust_000993,withdrawal,successful,165.96,2026-06-07 18:09:43
txn_0003447,cust_000993,deposit,successful,315.17,2026-06-05 16:03:27
txn_0003448,cust_000993,deposit,successful,56.39,2026-06-19 05:21:01
txn_0003449,cust_000993,deposit,successful,114.32,2026-06-14 01:47:53
txn_0003450,cust_000993,deposit,successful,147.42,2026-06-18 09:33:45
txn_0003451,cust_000993,deposit,successful,451.93,2026-06-16 11:43:46
txn_0003452,cust_000993,deposit,successful,412.51,2026-06-29 21:46:03
txn_0003453,cust_000993,deposit,failed,198.29,2026-06-09 01:33:09
txn_0003454,cust_000994,deposit,successful,6.22,2026-04-18 09:59:08
txn_0003455,cust_000995,withdrawal,successful,60.6,2026-05-27 20:16:32
txn_0003456,cust_000995,withdrawal,pending,73.22,2026-03-30 16:39:35
txn_0003457,cust_000995,deposit,successful,75.43,2026-05-02 01:36:30
txn_0003458,cust_000996,deposit,successful,34.83,2026-05-26 02:36:22
txn_0003459,cust_000997,withdrawal,successful,68.54,2026-06-06 02:48:52
txn_0003460,cust_000997,deposit,successful,20.38,2026-06-09 06:01:31
txn_0003461,cust_000997,deposit,pending,9.34,2026-06-26 10:49:39
txn_0003462,cust_000998,deposit,successful,224.57,2026-01-23 02:04:19
txn_0003463,cust_000998,deposit,successful,139.97,2026-06-01 00:02:44
txn_0003464,cust_000998,deposit,pending,230.37,2026-03-22 20:41:16
txn_0003465,cust_000998,withdrawal,successful,291.42,2026-05-06 09:40:42
txn_0003466,cust_000998,deposit,successful,388.87,2026-01-14 18:11:05
txn_0003467,cust_000998,deposit,successful,330.59,2026-04-06 04:21:50
txn_0003468,cust_000998,deposit,pending,447.62,2026-02-16 10:30:09
txn_0003469,cust_000999,deposit,successful,16.56,2026-06-22 19:05:58
txn_0003470,cust_000999,withdrawal,successful,9.45,2026-06-25 04:19:20
txn_0003471,cust_000999,deposit,successful,35.06,2026-06-21 07:48:27
txn_0003472,cust_000999,deposit,successful,72.57,2026-06-20 15:34:35
txn_0003473,cust_001000,deposit,successful,29.79,2026-06-22 17:49:13
txn_0003474,cust_001000,withdrawal,successful,29.19,2026-06-25 16:11:58
txn_0003475,cust_001000,withdrawal,successful,31.4,2026-06-27 23:30:12
txn_0003476,cust_001001,deposit,successful,25.59,2026-05-05 20:11:39
txn_0003477,cust_001001,withdrawal,successful,30.32,2026-05-07 08:12:45
txn_0003478,cust_001001,deposit,successful,69.19,2026-05-15 13:12:49
txn_0003479,cust_001003,deposit,successful,31.47,2026-06-23 15:26:40
txn_0003480,cust_001003,deposit,successful,24.25,2026-06-29 19:44:52
txn_0003481,cust_001003,deposit,successful,49.15,2026-06-25 05:12:57
txn_0003482,cust_001004,deposit,successful,140.72,2026-05-27 14:02:00
txn_0003483,cust_001004,withdrawal,successful,57.64,2026-06-18 08:11:14
txn_0003484,cust_001004,deposit,successful,440.27,2026-06-22 15:04:02
txn_0003485,cust_001004,deposit,successful,233.69,2026-05-31 19:14:30
txn_0003486,cust_001004,deposit,successful,119.25,2026-06-02 23:58:31
txn_0003487,cust_001006,deposit,successful,64.8,2026-03-26 18:45:01
txn_0003488,cust_001007,withdrawal,successful,21.75,2026-06-21 22:56:25
txn_0003489,cust_001007,deposit,successful,61.0,2026-06-09 11:52:00
txn_0003490,cust_001007,deposit,successful,48.79,2026-05-27 14:06:58
txn_0003491,cust_001007,deposit,successful,40.67,2026-06-25 11:40:28
txn_0003492,cust_001008,withdrawal,successful,41.52,2026-06-28 14:31:28
txn_0003493,cust_001008,deposit,successful,46.64,2026-05-24 10:05:26
txn_0003494,cust_001008,deposit,successful,25.27,2026-06-15 13:59:39
txn_0003495,cust_001008,deposit,successful,39.8,2026-05-19 01:12:36
txn_0003496,cust_001009,withdrawal,successful,79.09,2026-03-15 02:09:50
txn_0003497,cust_001009,deposit,successful,42.37,2026-03-19 12:00:50
txn_0003498,cust_001009,withdrawal,successful,55.76,2026-03-05 18:44:44
txn_0003499,cust_001010,withdrawal,successful,15.53,2026-05-15 04:36:43
txn_0003500,cust_001010,deposit,successful,51.27,2026-06-16 19:37:48
txn_0003501,cust_001010,withdrawal,pending,69.25,2026-06-21 06:15:10
txn_0003502,cust_001010,deposit,successful,73.35,2026-05-30 04:10:36
txn_0003503,cust_001011,withdrawal,successful,176.17,2026-06-17 02:05:58
txn_0003504,cust_001011,deposit,successful,429.97,2026-04-14 03:06:08
txn_0003505,cust_001011,deposit,successful,384.85,2026-06-25 10:11:59
txn_0003506,cust_001011,deposit,successful,246.55,2026-06-19 10:03:04
txn_0003507,cust_001011,deposit,failed,345.34,2026-03-30 01:46:53
txn_0003508,cust_001011,deposit,successful,497.04,2026-04-28 21:43:50
txn_0003509,cust_001011,deposit,successful,51.66,2026-04-16 02:54:08
txn_0003510,cust_001011,deposit,successful,404.02,2026-05-09 03:18:29
txn_0003511,cust_001012,deposit,successful,97.71,2026-05-16 16:22:03
txn_0003512,cust_001012,withdrawal,successful,125.74,2026-05-05 16:15:48
txn_0003513,cust_001012,deposit,successful,375.16,2026-06-02 00:29:31
txn_0003514,cust_001012,deposit,successful,124.59,2026-05-17 08:39:56
txn_0003515,cust_001012,withdrawal,successful,94.4,2026-05-03 17:40:41
txn_0003516,cust_001012,deposit,successful,222.78,2026-03-24 11:35:39
txn_0003517,cust_001012,withdrawal,successful,217.19,2026-04-09 18:53:39
txn_0003518,cust_001012,deposit,successful,260.93,2026-04-10 12:57:33
txn_0003519,cust_001012,withdrawal,successful,448.86,2026-04-21 11:35:05
txn_0003520,cust_001012,deposit,successful,236.44,2026-05-23 15:55:57
txn_0003521,cust_001012,deposit,successful,467.53,2026-06-13 15:14:43
txn_0003522,cust_001013,deposit,successful,54.03,2026-03-28 17:34:14
txn_0003523,cust_001014,withdrawal,successful,491.31,2026-01-25 05:42:43
txn_0003524,cust_001014,deposit,successful,422.39,2026-05-31 21:48:44
txn_0003525,cust_001014,deposit,successful,393.31,2026-06-23 16:18:48
txn_0003526,cust_001014,deposit,successful,371.51,2026-06-24 05:43:19
txn_0003527,cust_001014,deposit,successful,449.86,2026-05-30 07:32:49
txn_0003528,cust_001014,deposit,successful,311.42,2026-04-16 17:26:17
txn_0003529,cust_001014,deposit,successful,250.33,2026-06-22 14:36:52
txn_0003530,cust_001014,withdrawal,successful,286.17,2026-05-15 05:12:14
txn_0003531,cust_001014,deposit,successful,293.35,2026-05-05 18:14:04
txn_0003532,cust_001014,deposit,successful,144.56,2026-06-14 10:20:45
txn_0003533,cust_001014,deposit,successful,194.18,2026-02-01 13:59:56
txn_0003534,cust_001014,withdrawal,successful,216.32,2026-03-19 17:45:06
txn_0003535,cust_001015,deposit,successful,35.37,2026-04-01 13:17:51
txn_0003536,cust_001015,deposit,successful,43.38,2026-06-14 21:29:17
txn_0003537,cust_001015,deposit,successful,76.96,2026-03-30 04:56:13
txn_0003538,cust_001016,deposit,successful,49.53,2026-06-07 13:03:05
txn_0003539,cust_001017,deposit,successful,52.4,2026-05-14 16:54:44
txn_0003540,cust_001017,deposit,successful,16.6,2026-05-21 16:28:37
txn_0003541,cust_001017,withdrawal,successful,68.55,2026-06-18 13:41:50
txn_0003542,cust_001017,deposit,successful,66.16,2026-05-24 23:48:42
txn_0003543,cust_001018,deposit,successful,230.81,2026-06-28 18:06:44
txn_0003544,cust_001018,deposit,successful,66.49,2026-04-27 17:31:02
txn_0003545,cust_001018,withdrawal,successful,148.75,2026-01-27 14:57:20
txn_0003546,cust_001019,withdrawal,successful,298.98,2026-05-24 06:27:01
txn_0003547,cust_001019,withdrawal,successful,348.24,2026-06-17 07:12:27
txn_0003548,cust_001019,deposit,successful,464.59,2026-06-06 04:21:33
txn_0003549,cust_001019,deposit,successful,270.87,2026-05-30 16:42:42
txn_0003550,cust_001019,withdrawal,cancelled,402.32,2026-06-18 16:41:06
txn_0003551,cust_001020,deposit,successful,209.44,2026-04-05 16:40:54
txn_0003552,cust_001020,deposit,successful,156.26,2026-04-25 21:04:37
txn_0003553,cust_001020,deposit,successful,454.46,2026-06-06 19:26:06
txn_0003554,cust_001020,deposit,successful,334.46,2026-04-06 01:44:36
txn_0003555,cust_001020,deposit,successful,354.25,2026-04-25 10:26:50
txn_0003556,cust_001020,deposit,successful,286.16,2026-02-17 04:16:24
txn_0003557,cust_001021,deposit,successful,282.46,2026-04-17 14:47:50
txn_0003558,cust_001021,withdrawal,successful,190.03,2026-03-31 08:11:15
txn_0003559,cust_001021,deposit,successful,487.34,2026-04-06 03:54:00
txn_0003560,cust_001021,deposit,successful,477.94,2026-05-12 22:23:50
txn_0003561,cust_001021,deposit,successful,118.57,2026-06-08 01:33:06
txn_0003562,cust_001021,deposit,successful,432.87,2026-04-27 07:57:18
txn_0003563,cust_001021,deposit,successful,101.22,2026-05-09 02:31:26
txn_0003564,cust_001021,deposit,successful,399.4,2026-06-25 17:17:43
txn_0003565,cust_001021,withdrawal,successful,337.49,2026-05-22 13:58:27
txn_0003566,cust_001021,withdrawal,successful,291.98,2026-05-09 08:12:27
txn_0003567,cust_001021,withdrawal,successful,488.09,2026-05-28 00:32:02
txn_0003568,cust_001021,deposit,successful,241.86,2026-04-30 16:14:39
txn_0003569,cust_001021,deposit,failed,308.53,2026-05-11 22:14:12
txn_0003570,cust_001021,deposit,successful,418.73,2026-04-18 12:22:19
txn_0003571,cust_001022,deposit,failed,6.62,2026-06-27 03:23:43
txn_0003572,cust_001022,deposit,successful,28.95,2026-05-19 01:30:50
txn_0003573,cust_001023,deposit,refunded,440.87,2026-06-01 02:42:06
txn_0003574,cust_001023,withdrawal,successful,253.85,2026-06-08 18:28:51
txn_0003575,cust_001023,deposit,successful,351.21,2026-06-25 03:24:17
txn_0003576,cust_001023,deposit,successful,227.08,2026-06-15 17:04:45
txn_0003577,cust_001023,deposit,successful,66.99,2026-06-25 11:59:27
txn_0003578,cust_001023,deposit,successful,215.73,2026-06-18 03:31:39
txn_0003579,cust_001023,deposit,successful,498.17,2026-05-29 22:41:52
txn_0003580,cust_001023,withdrawal,successful,219.16,2026-05-26 09:24:19
txn_0003581,cust_001023,deposit,successful,206.13,2026-06-17 16:47:06
txn_0003582,cust_001023,deposit,refunded,244.79,2026-06-19 07:20:06
txn_0003583,cust_001023,withdrawal,successful,184.95,2026-06-01 01:31:35
txn_0003584,cust_001023,deposit,successful,164.57,2026-06-25 10:04:01
txn_0003585,cust_001023,deposit,successful,334.49,2026-06-27 01:40:11
txn_0003586,cust_001025,withdrawal,successful,60.55,2026-05-31 23:52:02
txn_0003587,cust_001025,deposit,successful,9.77,2026-06-16 05:36:38
txn_0003588,cust_001025,deposit,successful,72.32,2026-05-21 16:27:59
txn_0003589,cust_001026,deposit,refunded,46.39,2026-06-20 19:28:58
txn_0003590,cust_001026,withdrawal,successful,22.09,2026-05-06 14:24:41
txn_0003591,cust_001026,withdrawal,successful,34.0,2026-06-12 13:20:44
txn_0003592,cust_001027,deposit,successful,303.1,2026-06-23 16:13:18
txn_0003593,cust_001027,withdrawal,successful,61.62,2026-05-28 23:18:47
txn_0003594,cust_001027,deposit,successful,436.74,2026-06-18 21:39:20
txn_0003595,cust_001027,withdrawal,successful,498.61,2026-06-14 22:04:04
txn_0003596,cust_001027,deposit,successful,415.36,2026-05-16 09:24:18
txn_0003597,cust_001027,deposit,successful,486.16,2026-05-31 21:18:38
txn_0003598,cust_001027,deposit,successful,313.31,2026-06-15 08:25:21
txn_0003599,cust_001028,deposit,successful,36.17,2026-06-22 06:56:09
txn_0003600,cust_001028,deposit,successful,33.32,2026-06-29 01:21:44
txn_0003601,cust_001028,withdrawal,successful,5.11,2026-06-20 22:42:26
txn_0003602,cust_001028,withdrawal,failed,25.84,2026-06-22 22:03:13
txn_0003603,cust_001029,deposit,successful,68.68,2026-06-25 00:50:05
txn_0003604,cust_001030,deposit,successful,51.03,2026-06-01 02:02:04
txn_0003605,cust_001031,deposit,failed,77.9,2026-05-11 23:54:51
txn_0003606,cust_001032,deposit,successful,327.74,2026-05-12 18:23:41
txn_0003607,cust_001032,deposit,successful,326.42,2026-05-21 22:01:38
txn_0003608,cust_001032,deposit,successful,416.41,2026-05-04 19:18:31
txn_0003609,cust_001032,deposit,successful,123.89,2026-06-06 21:12:17
txn_0003610,cust_001032,withdrawal,failed,256.06,2026-04-14 02:01:29
txn_0003611,cust_001032,deposit,successful,446.76,2026-05-20 03:56:53
txn_0003612,cust_001032,deposit,successful,73.65,2026-06-25 23:43:23
txn_0003613,cust_001032,deposit,successful,107.71,2026-06-19 23:22:24
txn_0003614,cust_001032,deposit,successful,387.7,2026-06-22 22:52:44
txn_0003615,cust_001032,deposit,successful,335.17,2026-06-06 10:51:24
txn_0003616,cust_001033,deposit,failed,56.4,2026-06-27 21:32:53
txn_0003617,cust_001035,deposit,successful,8.37,2026-06-19 00:24:25
txn_0003618,cust_001035,withdrawal,successful,29.25,2026-06-13 03:56:16
txn_0003619,cust_001036,deposit,successful,78.6,2026-04-10 15:46:39
txn_0003620,cust_001036,withdrawal,successful,400.77,2026-03-27 15:21:11
txn_0003621,cust_001036,deposit,successful,229.7,2026-05-20 16:02:49
txn_0003622,cust_001036,deposit,successful,152.91,2026-05-18 01:40:42
txn_0003623,cust_001036,deposit,failed,480.52,2026-03-21 20:04:30
txn_0003624,cust_001036,deposit,successful,220.09,2026-03-28 14:13:19
txn_0003625,cust_001036,deposit,successful,266.99,2026-06-16 07:57:49
txn_0003626,cust_001036,deposit,successful,91.76,2026-04-13 10:31:40
txn_0003627,cust_001037,deposit,successful,43.78,2026-06-24 12:48:53
txn_0003628,cust_001037,deposit,successful,15.05,2026-06-02 02:00:54
txn_0003629,cust_001037,deposit,successful,29.17,2026-06-27 07:26:02
txn_0003630,cust_001038,deposit,successful,12.11,2026-03-26 12:17:53
txn_0003631,cust_001038,deposit,successful,33.05,2026-06-08 04:44:04
txn_0003632,cust_001038,withdrawal,successful,45.19,2026-05-18 06:54:18
txn_0003633,cust_001039,deposit,successful,11.32,2026-05-05 01:42:04
txn_0003634,cust_001040,deposit,successful,41.1,2026-05-20 02:33:05
txn_0003635,cust_001042,deposit,successful,84.93,2026-06-27 06:06:19
txn_0003636,cust_001042,deposit,successful,333.89,2026-06-13 08:37:30
txn_0003637,cust_001042,withdrawal,successful,392.44,2026-06-06 02:30:48
txn_0003638,cust_001042,deposit,successful,343.26,2026-06-27 04:44:11
txn_0003639,cust_001042,withdrawal,successful,159.98,2026-05-24 05:11:35
txn_0003640,cust_001042,deposit,successful,130.64,2026-05-30 13:28:55
txn_0003641,cust_001042,deposit,successful,73.76,2026-05-08 05:27:20
txn_0003642,cust_001042,deposit,successful,244.28,2026-06-22 18:12:59
txn_0003643,cust_001042,deposit,successful,459.48,2026-06-06 12:55:34
txn_0003644,cust_001042,deposit,successful,125.69,2026-05-18 09:48:32
txn_0003645,cust_001043,deposit,successful,35.28,2026-02-28 07:16:00
txn_0003646,cust_001045,deposit,successful,60.39,2026-05-16 01:05:28
txn_0003647,cust_001045,deposit,successful,36.83,2026-05-24 00:15:03
txn_0003648,cust_001046,withdrawal,successful,107.93,2026-06-04 19:52:06
txn_0003649,cust_001046,deposit,pending,496.05,2026-05-30 12:42:30
txn_0003650,cust_001046,deposit,successful,132.89,2026-06-04 08:02:01
txn_0003651,cust_001046,deposit,successful,344.76,2026-06-04 18:55:23
txn_0003652,cust_001046,withdrawal,successful,390.88,2026-06-27 19:18:09
txn_0003653,cust_001046,deposit,successful,165.21,2026-06-08 02:01:41
txn_0003654,cust_001046,deposit,successful,136.6,2026-06-02 21:42:25
txn_0003655,cust_001046,withdrawal,successful,220.47,2026-06-23 02:22:32
txn_0003656,cust_001046,deposit,successful,159.47,2026-06-05 16:27:38
txn_0003657,cust_001046,deposit,successful,355.67,2026-06-17 23:41:20
txn_0003658,cust_001046,deposit,successful,275.27,2026-06-07 00:19:18
txn_0003659,cust_001047,deposit,successful,37.11,2026-04-08 23:13:02
txn_0003660,cust_001047,deposit,successful,37.25,2026-04-22 10:05:14
txn_0003661,cust_001047,deposit,successful,59.73,2026-01-23 14:01:45
txn_0003662,cust_001047,deposit,successful,61.28,2026-04-07 21:48:16
txn_0003663,cust_001048,deposit,successful,54.64,2026-06-20 17:12:20
txn_0003664,cust_001049,deposit,successful,40.39,2026-06-29 22:38:24
txn_0003665,cust_001051,withdrawal,successful,79.8,2026-05-25 05:45:11
txn_0003666,cust_001051,deposit,successful,47.2,2026-06-09 06:49:03
txn_0003667,cust_001052,deposit,successful,32.73,2026-05-25 15:44:27
txn_0003668,cust_001052,deposit,successful,51.47,2026-05-20 22:34:45
txn_0003669,cust_001052,withdrawal,successful,40.45,2026-05-30 22:36:45
txn_0003670,cust_001053,deposit,successful,48.62,2026-06-28 10:18:14
txn_0003671,cust_001053,withdrawal,failed,63.31,2026-05-19 20:50:34
txn_0003672,cust_001053,deposit,successful,37.57,2026-05-15 05:38:09
txn_0003673,cust_001054,deposit,failed,311.25,2026-06-29 05:50:14
txn_0003674,cust_001054,withdrawal,successful,392.85,2026-06-08 04:17:38
txn_0003675,cust_001054,deposit,successful,386.57,2026-06-18 11:03:40
txn_0003676,cust_001054,deposit,successful,272.23,2026-06-20 20:21:09
txn_0003677,cust_001054,deposit,successful,263.67,2026-06-18 10:40:40
txn_0003678,cust_001054,deposit,successful,477.91,2026-06-22 07:24:37
txn_0003679,cust_001055,withdrawal,successful,25.36,2026-05-15 21:51:48
txn_0003680,cust_001056,deposit,successful,42.52,2026-04-26 19:01:51
txn_0003681,cust_001056,deposit,successful,35.97,2026-02-27 01:47:39
txn_0003682,cust_001056,deposit,successful,27.2,2026-03-22 13:36:19
txn_0003683,cust_001056,withdrawal,successful,50.63,2026-06-21 14:21:13
txn_0003684,cust_001058,deposit,refunded,31.59,2026-03-12 16:14:17
txn_0003685,cust_001058,withdrawal,successful,12.61,2026-03-10 04:13:02
txn_0003686,cust_001058,deposit,successful,57.1,2026-04-01 04:50:52
txn_0003687,cust_001059,deposit,successful,40.55,2026-05-12 05:11:09
txn_0003688,cust_001059,withdrawal,refunded,63.13,2026-05-08 02:54:56
txn_0003689,cust_001059,deposit,successful,45.22,2026-05-18 14:09:45
txn_0003690,cust_001060,withdrawal,successful,6.43,2026-06-18 02:05:53
txn_0003691,cust_001060,deposit,pending,48.04,2026-05-06 17:01:33
txn_0003692,cust_001060,deposit,successful,34.87,2026-05-07 17:12:17
txn_0003693,cust_001060,deposit,successful,62.99,2026-06-25 00:30:56
txn_0003694,cust_001061,withdrawal,successful,61.15,2026-05-04 23:53:36
txn_0003695,cust_001061,deposit,successful,68.18,2026-05-28 17:30:16
txn_0003696,cust_001062,deposit,successful,49.84,2026-06-09 06:49:41
txn_0003697,cust_001063,withdrawal,successful,314.88,2026-06-29 03:40:14
txn_0003698,cust_001063,deposit,successful,419.3,2026-06-09 04:41:16
txn_0003699,cust_001063,deposit,successful,497.06,2026-05-24 21:07:04
txn_0003700,cust_001063,deposit,successful,459.97,2026-06-24 02:29:25
txn_0003701,cust_001063,deposit,successful,329.19,2026-05-25 07:01:47
txn_0003702,cust_001063,deposit,successful,356.87,2026-06-09 23:39:29
txn_0003703,cust_001063,deposit,refunded,320.04,2026-05-31 17:06:12
txn_0003704,cust_001063,withdrawal,successful,126.41,2026-05-26 05:10:19
txn_0003705,cust_001063,deposit,successful,230.61,2026-05-26 12:20:25
txn_0003706,cust_001063,deposit,successful,379.12,2026-06-03 05:01:46
txn_0003707,cust_001063,deposit,successful,151.89,2026-05-30 10:49:38
txn_0003708,cust_001063,deposit,successful,462.94,2026-06-13 02:51:27
txn_0003709,cust_001064,withdrawal,successful,25.52,2026-05-14 03:21:57
txn_0003710,cust_001065,deposit,successful,64.79,2026-06-02 22:11:32
txn_0003711,cust_001065,deposit,successful,69.87,2026-03-02 19:37:26
txn_0003712,cust_001065,withdrawal,successful,79.55,2026-03-03 08:27:41
txn_0003713,cust_001065,deposit,successful,5.78,2026-05-05 18:15:48
txn_0003714,cust_001066,deposit,successful,11.23,2026-06-29 23:53:30
txn_0003715,cust_001066,deposit,failed,72.42,2026-06-29 23:46:47
txn_0003716,cust_001066,withdrawal,successful,44.72,2026-06-28 10:57:38
txn_0003717,cust_001066,deposit,successful,74.44,2026-06-29 06:21:52
txn_0003718,cust_001069,deposit,successful,7.97,2026-06-28 22:33:24
txn_0003719,cust_001069,withdrawal,failed,24.34,2026-04-11 22:44:02
txn_0003720,cust_001069,withdrawal,cancelled,46.51,2026-05-01 17:06:56
txn_0003721,cust_001069,deposit,successful,28.94,2026-04-13 16:28:47
txn_0003722,cust_001070,deposit,successful,78.83,2026-06-21 19:18:03
txn_0003723,cust_001070,withdrawal,successful,12.48,2026-06-26 21:25:14
txn_0003724,cust_001070,deposit,successful,29.29,2026-03-19 12:04:10
txn_0003725,cust_001071,withdrawal,successful,102.2,2026-06-18 05:15:18
txn_0003726,cust_001071,deposit,successful,312.34,2026-04-01 23:35:58
txn_0003727,cust_001071,deposit,successful,498.36,2026-03-17 03:36:30
txn_0003728,cust_001071,withdrawal,successful,122.71,2026-03-14 20:04:38
txn_0003729,cust_001073,withdrawal,successful,13.94,2026-01-26 20:49:26
txn_0003730,cust_001073,deposit,successful,27.43,2026-05-11 17:20:15
txn_0003731,cust_001075,deposit,successful,77.73,2026-04-12 09:14:33
txn_0003732,cust_001075,withdrawal,successful,33.54,2026-06-05 07:34:15
txn_0003733,cust_001075,withdrawal,successful,22.91,2026-03-15 22:22:04
txn_0003734,cust_001075,withdrawal,successful,27.62,2026-06-06 22:59:09
txn_0003735,cust_001076,withdrawal,successful,63.68,2026-01-25 17:05:36
txn_0003736,cust_001076,deposit,successful,16.38,2026-05-06 13:12:46
txn_0003737,cust_001076,deposit,successful,58.25,2026-01-16 18:48:55
txn_0003738,cust_001077,deposit,pending,35.82,2026-06-04 11:53:03
txn_0003739,cust_001077,deposit,successful,34.14,2026-06-11 00:10:36
txn_0003740,cust_001078,deposit,successful,17.54,2026-05-03 17:34:54
txn_0003741,cust_001078,withdrawal,successful,60.47,2026-05-19 05:44:24
txn_0003742,cust_001079,withdrawal,failed,41.49,2026-06-13 17:42:50
txn_0003743,cust_001079,deposit,successful,48.78,2026-06-22 15:33:50
txn_0003744,cust_001080,deposit,successful,73.62,2026-06-07 00:59:50
txn_0003745,cust_001080,withdrawal,successful,43.0,2026-05-14 09:52:06
txn_0003746,cust_001080,deposit,cancelled,7.3,2026-04-22 15:58:31
txn_0003747,cust_001080,deposit,successful,59.79,2026-06-24 00:52:48
txn_0003748,cust_001081,withdrawal,successful,32.42,2026-02-11 10:18:57
txn_0003749,cust_001081,deposit,successful,68.88,2026-01-30 06:45:10
txn_0003750,cust_001081,deposit,successful,39.18,2026-01-18 18:45:20
txn_0003751,cust_001082,deposit,successful,32.52,2026-05-25 07:56:11
txn_0003752,cust_001082,deposit,successful,6.69,2026-06-01 06:07:04
txn_0003753,cust_001083,deposit,successful,67.91,2026-06-21 08:23:54
txn_0003754,cust_001083,withdrawal,successful,53.62,2026-06-26 04:19:41
txn_0003755,cust_001084,deposit,successful,64.06,2026-05-29 23:12:55
txn_0003756,cust_001084,deposit,successful,70.77,2026-06-01 23:32:46
txn_0003757,cust_001085,deposit,successful,45.61,2026-06-10 20:43:37
txn_0003758,cust_001085,deposit,successful,12.52,2026-06-27 21:06:37
txn_0003759,cust_001085,deposit,successful,35.57,2026-06-13 21:35:05
txn_0003760,cust_001087,deposit,successful,17.1,2026-06-05 01:57:47
txn_0003761,cust_001087,deposit,successful,18.12,2026-03-04 03:26:02
txn_0003762,cust_001088,deposit,successful,29.51,2026-06-29 10:18:00
txn_0003763,cust_001088,deposit,successful,49.33,2026-06-29 20:07:38
txn_0003764,cust_001089,deposit,successful,376.83,2026-03-29 13:49:01
txn_0003765,cust_001089,withdrawal,successful,152.68,2026-04-13 11:46:11
txn_0003766,cust_001089,deposit,successful,471.21,2026-04-13 10:05:17
txn_0003767,cust_001089,withdrawal,refunded,137.41,2026-05-22 01:17:48
txn_0003768,cust_001090,deposit,successful,394.76,2026-06-02 23:55:36
txn_0003769,cust_001090,deposit,successful,406.2,2026-05-26 08:55:10
txn_0003770,cust_001090,deposit,successful,471.2,2026-06-28 23:48:08
txn_0003771,cust_001090,deposit,successful,319.46,2026-05-27 23:41:33
txn_0003772,cust_001090,deposit,successful,466.99,2026-06-01 04:41:41
txn_0003773,cust_001091,withdrawal,successful,51.65,2026-02-14 20:52:36
txn_0003774,cust_001091,deposit,successful,23.19,2026-03-30 23:14:50
txn_0003775,cust_001092,deposit,successful,62.07,2026-06-13 13:38:28
txn_0003776,cust_001093,withdrawal,successful,46.68,2026-04-27 04:10:22
txn_0003777,cust_001093,deposit,successful,14.67,2026-05-28 02:27:28
txn_0003778,cust_001094,deposit,successful,74.48,2026-06-18 20:39:25
txn_0003779,cust_001094,withdrawal,successful,42.33,2026-05-08 20:48:02
txn_0003780,cust_001094,deposit,successful,55.53,2026-03-07 20:13:01
txn_0003781,cust_001094,deposit,successful,55.07,2026-03-25 09:50:36
txn_0003782,cust_001095,deposit,failed,72.87,2026-06-28 14:34:03
txn_0003783,cust_001095,deposit,successful,66.65,2026-06-16 19:32:54
txn_0003784,cust_001095,deposit,refunded,66.07,2026-06-18 17:47:38
txn_0003785,cust_001095,deposit,successful,63.82,2026-06-22 23:11:08
txn_0003786,cust_001097,deposit,successful,25.87,2026-06-23 11:48:30
txn_0003787,cust_001097,deposit,successful,50.21,2026-04-18 09:09:22
txn_0003788,cust_001097,withdrawal,successful,27.35,2026-06-09 21:09:54
txn_0003789,cust_001097,deposit,successful,37.19,2026-05-12 11:35:50
txn_0003790,cust_001098,deposit,successful,36.53,2026-04-05 09:10:44
txn_0003791,cust_001098,withdrawal,successful,32.84,2026-03-25 01:59:21
txn_0003792,cust_001098,deposit,failed,15.79,2026-04-02 19:36:23
txn_0003793,cust_001099,deposit,successful,10.18,2026-06-18 18:26:09
txn_0003794,cust_001099,deposit,successful,31.83,2026-03-29 04:30:35
txn_0003795,cust_001099,deposit,successful,40.92,2026-04-08 18:12:31
txn_0003796,cust_001100,deposit,successful,27.18,2026-06-18 07:26:06
txn_0003797,cust_001100,deposit,successful,69.48,2026-06-23 05:15:26
txn_0003798,cust_001100,deposit,successful,44.86,2026-05-30 10:39:39
txn_0003799,cust_001100,deposit,successful,72.57,2026-06-05 20:05:19
txn_0003800,cust_001102,deposit,successful,173.26,2026-06-06 18:35:19
txn_0003801,cust_001102,deposit,refunded,374.07,2026-06-08 16:26:07
txn_0003802,cust_001102,deposit,successful,320.16,2026-06-15 16:02:18
txn_0003803,cust_001102,withdrawal,failed,176.8,2026-06-17 03:06:59
txn_0003804,cust_001102,deposit,successful,128.35,2026-06-15 07:47:48
txn_0003805,cust_001102,deposit,successful,122.97,2026-06-06 08:42:24
txn_0003806,cust_001102,deposit,successful,498.54,2026-06-11 19:19:18
txn_0003807,cust_001102,deposit,successful,407.67,2026-06-21 01:30:56
txn_0003808,cust_001102,withdrawal,successful,468.91,2026-06-10 09:36:18
txn_0003809,cust_001102,deposit,successful,464.73,2026-06-19 01:18:11
txn_0003810,cust_001102,withdrawal,successful,175.79,2026-06-07 02:50:58
txn_0003811,cust_001102,withdrawal,successful,226.54,2026-06-16 13:27:15
txn_0003812,cust_001102,deposit,successful,90.79,2026-06-20 13:34:48
txn_0003813,cust_001102,deposit,successful,120.64,2026-06-29 02:09:35
txn_0003814,cust_001102,deposit,failed,89.16,2026-06-13 07:56:54
txn_0003815,cust_001103,deposit,successful,13.94,2026-06-28 22:36:08
txn_0003816,cust_001104,deposit,cancelled,50.31,2026-06-25 06:47:35
txn_0003817,cust_001104,withdrawal,successful,34.72,2026-06-16 02:53:09
txn_0003818,cust_001104,deposit,successful,77.84,2026-06-16 19:14:01
txn_0003819,cust_001105,deposit,failed,8.39,2026-05-26 02:41:21
txn_0003820,cust_001106,deposit,successful,18.87,2026-01-11 11:22:17
txn_0003821,cust_001106,deposit,successful,8.66,2026-05-03 14:28:40
txn_0003822,cust_001107,deposit,successful,51.42,2026-04-16 13:26:12
txn_0003823,cust_001108,deposit,successful,5.15,2026-04-03 23:59:27
txn_0003824,cust_001108,deposit,successful,53.6,2026-05-24 11:36:57
txn_0003825,cust_001108,deposit,successful,68.13,2026-04-15 21:13:50
txn_0003826,cust_001108,deposit,successful,57.5,2026-04-25 06:14:54
txn_0003827,cust_001109,deposit,successful,28.18,2026-05-15 10:48:51
txn_0003828,cust_001109,deposit,successful,65.89,2026-05-19 17:05:40
txn_0003829,cust_001110,deposit,successful,65.29,2026-06-18 03:51:43
txn_0003830,cust_001110,deposit,successful,77.18,2026-02-13 02:04:48
txn_0003831,cust_001111,deposit,successful,26.36,2026-06-04 15:55:38
txn_0003832,cust_001111,deposit,successful,67.84,2026-06-14 23:28:27
txn_0003833,cust_001111,withdrawal,successful,51.12,2026-06-06 17:47:39
txn_0003834,cust_001111,deposit,pending,74.0,2026-06-06 01:38:47
txn_0003835,cust_001112,deposit,successful,58.36,2026-06-19 05:05:14
txn_0003836,cust_001112,withdrawal,successful,40.32,2026-06-24 23:47:53
txn_0003837,cust_001112,deposit,successful,6.99,2026-06-12 00:49:49
txn_0003838,cust_001113,deposit,successful,46.06,2026-06-21 07:00:05
txn_0003839,cust_001113,deposit,successful,16.69,2026-05-11 19:31:00
txn_0003840,cust_001114,deposit,successful,331.73,2026-06-29 10:50:25
txn_0003841,cust_001114,deposit,successful,333.14,2026-06-29 04:08:07
txn_0003842,cust_001114,deposit,successful,160.73,2026-06-29 00:24:56
txn_0003843,cust_001114,deposit,successful,292.62,2026-06-28 08:57:51
txn_0003844,cust_001114,deposit,successful,220.35,2026-06-28 10:03:11
txn_0003845,cust_001114,deposit,failed,280.68,2026-06-29 23:07:19
txn_0003846,cust_001114,withdrawal,successful,87.41,2026-06-28 06:06:04
txn_0003847,cust_001114,deposit,successful,59.71,2026-06-28 14:01:19
txn_0003848,cust_001114,withdrawal,successful,423.58,2026-06-29 09:01:36
txn_0003849,cust_001115,deposit,successful,73.09,2026-05-02 15:13:24
txn_0003850,cust_001115,deposit,successful,10.49,2026-05-28 09:36:48
txn_0003851,cust_001115,deposit,successful,54.4,2026-05-09 09:35:04
txn_0003852,cust_001115,withdrawal,successful,20.65,2026-05-11 22:56:59
txn_0003853,cust_001116,deposit,successful,24.34,2026-06-24 07:42:19
txn_0003854,cust_001116,deposit,successful,56.23,2026-06-26 10:52:36
txn_0003855,cust_001116,withdrawal,failed,78.91,2026-06-28 10:01:34
txn_0003856,cust_001116,deposit,successful,8.09,2026-06-10 09:14:31
txn_0003857,cust_001118,deposit,successful,31.48,2026-06-17 01:03:21
txn_0003858,cust_001118,withdrawal,successful,37.33,2026-04-17 20:43:32
txn_0003859,cust_001118,deposit,successful,71.56,2026-06-23 14:45:09
txn_0003860,cust_001119,deposit,pending,28.69,2026-04-22 03:37:53
txn_0003861,cust_001120,deposit,successful,477.58,2026-04-10 22:56:48
txn_0003862,cust_001120,deposit,successful,223.66,2026-05-31 21:38:32
txn_0003863,cust_001120,deposit,successful,248.58,2026-04-18 17:00:54
txn_0003864,cust_001120,withdrawal,successful,175.41,2026-02-06 23:29:44
txn_0003865,cust_001120,deposit,successful,423.71,2026-03-18 09:10:41
txn_0003866,cust_001120,withdrawal,successful,191.71,2026-02-01 19:32:42
txn_0003867,cust_001121,deposit,successful,29.52,2026-05-30 07:46:49
txn_0003868,cust_001121,deposit,successful,15.72,2026-03-31 07:58:16
txn_0003869,cust_001121,withdrawal,successful,61.3,2026-04-03 12:56:32
txn_0003870,cust_001121,deposit,successful,49.8,2026-04-13 19:42:22
txn_0003871,cust_001122,withdrawal,successful,248.38,2026-06-23 04:55:47
txn_0003872,cust_001122,deposit,successful,439.91,2026-04-17 06:59:11
txn_0003873,cust_001122,withdrawal,successful,246.69,2026-04-23 11:30:56
txn_0003874,cust_001124,deposit,successful,64.06,2026-03-27 14:40:26
txn_0003875,cust_001125,withdrawal,successful,56.72,2026-06-26 05:01:35
txn_0003876,cust_001125,withdrawal,pending,5.47,2026-06-10 20:51:38
txn_0003877,cust_001125,withdrawal,successful,47.54,2026-06-13 04:48:15
txn_0003878,cust_001125,deposit,successful,69.8,2026-04-15 06:48:22
txn_0003879,cust_001126,deposit,successful,20.27,2026-01-31 16:54:27
txn_0003880,cust_001126,deposit,successful,26.95,2026-02-14 04:14:28
txn_0003881,cust_001126,deposit,successful,63.06,2026-02-23 23:10:25
txn_0003882,cust_001127,deposit,successful,74.48,2026-06-06 17:21:41
txn_0003883,cust_001129,withdrawal,successful,269.71,2026-05-31 15:28:13
txn_0003884,cust_001129,deposit,successful,138.71,2026-05-31 18:48:36
txn_0003885,cust_001129,deposit,successful,241.85,2026-06-25 00:24:03
txn_0003886,cust_001129,withdrawal,successful,447.48,2026-04-11 20:36:35
txn_0003887,cust_001129,deposit,successful,451.1,2026-03-25 12:24:17
txn_0003888,cust_001129,deposit,successful,463.15,2026-06-21 17:55:11
txn_0003889,cust_001129,withdrawal,successful,141.59,2026-06-29 11:12:07
txn_0003890,cust_001129,deposit,refunded,354.06,2026-06-11 15:29:05
txn_0003891,cust_001129,withdrawal,successful,124.87,2026-06-22 22:28:59
txn_0003892,cust_001129,deposit,successful,274.44,2026-06-02 17:38:05
txn_0003893,cust_001129,withdrawal,successful,221.54,2026-04-25 03:58:11
txn_0003894,cust_001129,deposit,successful,322.97,2026-05-04 03:58:20
txn_0003895,cust_001129,withdrawal,failed,60.81,2026-04-10 20:12:05
txn_0003896,cust_001129,withdrawal,successful,305.72,2026-05-09 08:34:35
txn_0003897,cust_001130,deposit,successful,24.62,2026-04-30 03:12:20
txn_0003898,cust_001131,withdrawal,pending,33.07,2026-05-10 21:20:00
txn_0003899,cust_001131,withdrawal,successful,10.81,2026-04-20 02:07:50
txn_0003900,cust_001131,withdrawal,successful,40.64,2026-04-30 15:40:35
txn_0003901,cust_001131,deposit,successful,72.09,2026-06-26 01:58:03
txn_0003902,cust_001133,deposit,successful,60.03,2026-04-17 17:39:23
txn_0003903,cust_001134,deposit,successful,178.63,2026-01-18 22:28:41
txn_0003904,cust_001134,deposit,successful,172.37,2026-01-23 22:18:42
txn_0003905,cust_001134,deposit,successful,202.97,2026-04-20 19:58:39
txn_0003906,cust_001134,deposit,successful,285.1,2026-02-18 01:48:30
txn_0003907,cust_001134,deposit,successful,147.76,2026-05-17 09:18:08
txn_0003908,cust_001134,deposit,successful,72.47,2026-04-20 04:40:00
txn_0003909,cust_001134,deposit,successful,464.98,2026-02-01 00:31:26
txn_0003910,cust_001134,deposit,successful,251.32,2026-03-07 17:26:00
txn_0003911,cust_001134,deposit,failed,168.02,2026-04-28 14:07:43
txn_0003912,cust_001134,deposit,failed,119.65,2026-01-19 05:22:22
txn_0003913,cust_001134,deposit,successful,232.16,2026-01-31 22:39:05
txn_0003914,cust_001134,deposit,successful,366.48,2026-05-17 09:49:24
txn_0003915,cust_001134,deposit,successful,98.02,2026-01-30 03:19:00
txn_0003916,cust_001134,deposit,successful,282.81,2026-06-16 02:49:56
txn_0003917,cust_001135,deposit,successful,67.0,2026-06-10 06:27:54
txn_0003918,cust_001135,deposit,successful,20.15,2026-06-20 05:30:35
txn_0003919,cust_001135,deposit,successful,70.23,2026-06-11 12:36:22
txn_0003920,cust_001135,deposit,successful,77.72,2026-05-14 15:08:39
txn_0003921,cust_001136,deposit,successful,53.27,2026-04-10 05:34:59
txn_0003922,cust_001136,deposit,successful,37.98,2026-04-04 12:37:30
txn_0003923,cust_001137,deposit,successful,79.05,2026-04-08 11:45:24
txn_0003924,cust_001137,deposit,successful,17.23,2026-05-30 20:57:00
txn_0003925,cust_001138,withdrawal,successful,40.11,2026-05-28 13:49:33
txn_0003926,cust_001139,deposit,successful,9.99,2026-02-20 09:51:34
txn_0003927,cust_001139,deposit,successful,37.08,2026-05-05 14:08:45
txn_0003928,cust_001139,withdrawal,successful,66.11,2026-02-12 20:02:29
txn_0003929,cust_001139,deposit,successful,30.57,2026-05-23 02:07:02
txn_0003930,cust_001140,deposit,successful,389.28,2026-06-18 00:15:16
txn_0003931,cust_001140,deposit,successful,164.77,2026-04-29 02:29:42
txn_0003932,cust_001140,deposit,successful,124.07,2026-03-28 21:21:09
txn_0003933,cust_001140,withdrawal,successful,241.91,2026-05-14 05:16:55
txn_0003934,cust_001140,withdrawal,successful,418.18,2026-06-15 16:55:01
txn_0003935,cust_001141,deposit,successful,106.28,2026-06-25 10:54:08
txn_0003936,cust_001141,deposit,successful,394.49,2026-06-25 02:02:07
txn_0003937,cust_001141,withdrawal,successful,477.56,2026-06-18 01:14:10
txn_0003938,cust_001141,withdrawal,successful,104.39,2026-06-16 19:32:52
txn_0003939,cust_001141,deposit,successful,107.72,2026-06-21 17:51:14
txn_0003940,cust_001141,withdrawal,successful,139.29,2026-06-23 11:09:14
txn_0003941,cust_001141,deposit,successful,458.33,2026-06-24 17:49:28
txn_0003942,cust_001141,deposit,successful,372.35,2026-06-17 10:27:44
txn_0003943,cust_001141,withdrawal,pending,269.99,2026-06-21 01:05:34
txn_0003944,cust_001141,deposit,successful,382.49,2026-06-22 11:11:24
txn_0003945,cust_001141,deposit,successful,493.46,2026-06-24 20:25:00
txn_0003946,cust_001141,deposit,successful,470.6,2026-06-24 08:51:29
txn_0003947,cust_001142,deposit,successful,33.21,2026-03-24 00:53:03
txn_0003948,cust_001142,deposit,successful,35.2,2026-05-19 10:21:38
txn_0003949,cust_001142,deposit,successful,50.7,2026-06-28 22:00:59
txn_0003950,cust_001143,deposit,successful,26.57,2026-06-27 14:10:58
txn_0003951,cust_001144,withdrawal,successful,118.55,2026-05-20 04:41:30
txn_0003952,cust_001144,deposit,successful,493.89,2026-04-05 21:02:08
txn_0003953,cust_001144,deposit,refunded,401.15,2026-04-17 02:42:55
txn_0003954,cust_001144,deposit,successful,107.23,2026-04-14 09:34:29
txn_0003955,cust_001144,deposit,successful,159.74,2026-04-29 04:06:15
txn_0003956,cust_001144,deposit,successful,212.83,2026-03-14 03:02:15
txn_0003957,cust_001144,deposit,successful,72.53,2026-05-30 19:33:22
txn_0003958,cust_001144,withdrawal,successful,87.18,2026-04-01 04:37:37
txn_0003959,cust_001144,deposit,successful,69.74,2026-03-28 16:14:38
txn_0003960,cust_001144,deposit,successful,238.58,2026-04-08 09:32:17
txn_0003961,cust_001144,deposit,successful,206.89,2026-05-26 22:18:48
txn_0003962,cust_001144,withdrawal,successful,430.11,2026-04-29 19:23:48
txn_0003963,cust_001144,deposit,successful,463.33,2026-06-26 00:34:19
txn_0003964,cust_001144,deposit,successful,275.18,2026-06-16 13:35:16
txn_0003965,cust_001145,deposit,successful,134.1,2026-06-17 06:23:16
txn_0003966,cust_001145,deposit,successful,91.08,2026-06-14 08:30:33
txn_0003967,cust_001145,deposit,successful,277.41,2026-06-28 00:28:18
txn_0003968,cust_001145,deposit,successful,355.45,2026-05-17 12:54:30
txn_0003969,cust_001146,withdrawal,successful,75.68,2026-06-09 05:22:19
txn_0003970,cust_001147,withdrawal,successful,32.37,2026-05-23 04:38:23
txn_0003971,cust_001147,deposit,failed,45.4,2026-05-17 06:47:31
txn_0003972,cust_001147,deposit,successful,79.14,2026-04-03 07:41:43
txn_0003973,cust_001151,deposit,successful,45.96,2026-05-21 00:13:24
txn_0003974,cust_001152,deposit,successful,6.31,2026-06-27 14:04:41
txn_0003975,cust_001152,deposit,successful,30.34,2026-06-27 07:01:24
txn_0003976,cust_001152,withdrawal,successful,13.59,2026-06-28 15:33:52
txn_0003977,cust_001154,deposit,successful,29.02,2026-03-08 12:43:03
txn_0003978,cust_001155,withdrawal,failed,49.87,2026-03-30 01:24:12
txn_0003979,cust_001161,deposit,successful,286.85,2026-06-04 13:04:05
txn_0003980,cust_001161,deposit,successful,249.52,2026-06-28 20:20:36
txn_0003981,cust_001161,deposit,successful,434.12,2026-06-17 00:51:10
txn_0003982,cust_001161,withdrawal,successful,339.66,2026-06-27 13:40:54
txn_0003983,cust_001161,deposit,refunded,79.01,2026-06-15 12:41:04
txn_0003984,cust_001161,deposit,successful,331.25,2026-06-10 17:22:40
txn_0003985,cust_001161,deposit,successful,465.56,2026-06-04 09:31:08
txn_0003986,cust_001161,deposit,successful,241.11,2026-06-22 06:01:31
txn_0003987,cust_001161,deposit,successful,290.21,2026-06-10 06:31:22
txn_0003988,cust_001161,deposit,successful,113.15,2026-06-05 23:56:30
txn_0003989,cust_001161,withdrawal,successful,80.05,2026-06-27 05:44:32
txn_0003990,cust_001161,deposit,successful,186.39,2026-06-29 18:31:11
txn_0003991,cust_001162,deposit,successful,39.35,2026-06-26 16:02:07
txn_0003992,cust_001162,withdrawal,successful,21.52,2026-06-25 10:09:11
txn_0003993,cust_001163,deposit,refunded,490.77,2026-05-15 18:20:03
txn_0003994,cust_001163,deposit,successful,400.89,2026-06-15 17:40:00
txn_0003995,cust_001163,deposit,successful,273.74,2026-06-04 00:04:27
txn_0003996,cust_001163,deposit,successful,180.6,2026-06-07 11:00:50
txn_0003997,cust_001165,deposit,successful,55.04,2026-04-14 04:07:29
txn_0003998,cust_001165,deposit,successful,60.01,2026-06-05 06:18:43
txn_0003999,cust_001167,deposit,successful,37.04,2026-06-29 11:22:35
txn_0004000,cust_001167,withdrawal,successful,40.9,2026-06-29 12:03:44
txn_0004001,cust_001167,withdrawal,successful,45.7,2026-06-29 14:38:58
txn_0004002,cust_001168,withdrawal,successful,45.86,2026-06-15 23:39:48
txn_0004003,cust_001169,deposit,successful,377.92,2026-02-14 01:05:30
txn_0004004,cust_001169,withdrawal,successful,122.66,2026-06-01 06:03:29
txn_0004005,cust_001169,deposit,successful,132.83,2026-02-27 20:35:56
txn_0004006,cust_001170,deposit,successful,47.74,2026-03-11 04:09:48
txn_0004007,cust_001170,deposit,successful,11.42,2026-05-25 02:32:11
txn_0004008,cust_001170,withdrawal,successful,19.04,2026-04-10 19:38:05
txn_0004009,cust_001170,deposit,successful,77.56,2026-06-21 10:12:58
txn_0004010,cust_001171,deposit,successful,65.63,2026-06-23 22:26:24
txn_0004011,cust_001171,deposit,successful,30.6,2026-06-24 22:12:51
txn_0004012,cust_001171,deposit,successful,29.2,2026-06-26 06:21:48
txn_0004013,cust_001171,withdrawal,failed,6.87,2026-06-24 14:19:43
txn_0004014,cust_001172,withdrawal,failed,28.78,2026-05-13 09:24:27
txn_0004015,cust_001172,deposit,failed,14.36,2026-06-08 05:51:59
txn_0004016,cust_001173,deposit,successful,41.21,2026-04-29 00:10:00
txn_0004017,cust_001173,deposit,refunded,66.72,2026-06-28 13:34:36
txn_0004018,cust_001173,deposit,successful,70.06,2026-05-01 05:20:13
txn_0004019,cust_001174,deposit,pending,11.02,2026-06-05 10:16:10
txn_0004020,cust_001174,deposit,successful,37.14,2026-06-09 12:20:51
txn_0004021,cust_001174,deposit,successful,8.27,2026-06-21 13:37:16
txn_0004022,cust_001174,deposit,successful,49.58,2026-05-28 02:18:16
txn_0004023,cust_001175,deposit,successful,67.65,2026-05-09 23:16:46
txn_0004024,cust_001175,deposit,successful,51.98,2026-01-30 16:02:08
txn_0004025,cust_001175,deposit,successful,19.71,2026-05-15 11:58:15
txn_0004026,cust_001176,deposit,successful,52.52,2026-04-29 00:00:49
txn_0004027,cust_001178,withdrawal,successful,17.82,2026-05-02 10:41:51
txn_0004028,cust_001178,deposit,successful,16.19,2026-05-15 22:05:24
txn_0004029,cust_001178,deposit,successful,35.61,2026-04-15 16:57:20
txn_0004030,cust_001179,withdrawal,successful,33.83,2026-04-05 12:31:50
txn_0004031,cust_001179,deposit,successful,52.92,2026-05-22 09:31:49
txn_0004032,cust_001179,withdrawal,successful,63.91,2026-04-29 09:45:24
txn_0004033,cust_001179,deposit,successful,15.42,2026-05-15 02:46:01
txn_0004034,cust_001180,withdrawal,successful,261.31,2026-06-08 14:42:33
txn_0004035,cust_001180,deposit,failed,363.78,2026-05-29 04:59:25
txn_0004036,cust_001180,withdrawal,successful,413.04,2026-06-01 11:12:46
txn_0004037,cust_001180,deposit,successful,482.46,2026-06-29 04:51:11
txn_0004038,cust_001180,deposit,successful,165.07,2026-06-21 01:55:33
txn_0004039,cust_001180,deposit,successful,405.04,2026-06-20 22:19:28
txn_0004040,cust_001180,deposit,successful,148.49,2026-06-15 02:12:03
txn_0004041,cust_001180,withdrawal,pending,344.89,2026-06-15 11:41:03
txn_0004042,cust_001181,deposit,successful,74.56,2026-03-24 17:27:37
txn_0004043,cust_001181,withdrawal,successful,43.0,2026-03-07 23:25:23
txn_0004044,cust_001181,withdrawal,successful,54.6,2026-02-28 09:32:37
txn_0004045,cust_001182,deposit,successful,122.01,2026-05-06 07:55:28
txn_0004046,cust_001182,withdrawal,successful,490.39,2026-03-29 07:24:34
txn_0004047,cust_001182,withdrawal,successful,119.42,2026-02-19 16:03:15
txn_0004048,cust_001182,deposit,failed,214.21,2026-04-05 19:13:54
txn_0004049,cust_001182,deposit,successful,324.03,2026-06-27 23:23:37
txn_0004050,cust_001182,withdrawal,successful,233.83,2026-05-10 07:17:25
txn_0004051,cust_001182,deposit,successful,423.1,2026-05-11 13:18:58
txn_0004052,cust_001182,deposit,successful,243.78,2026-05-25 12:27:18
txn_0004053,cust_001182,deposit,successful,64.25,2026-04-17 23:56:46
txn_0004054,cust_001183,deposit,successful,64.98,2026-03-17 23:14:27
txn_0004055,cust_001183,deposit,successful,18.12,2026-05-10 17:00:19
txn_0004056,cust_001186,withdrawal,successful,26.03,2026-05-19 03:12:54
txn_0004057,cust_001186,deposit,successful,47.54,2026-05-19 01:03:54
txn_0004058,cust_001186,withdrawal,successful,73.02,2026-06-16 13:50:05
txn_0004059,cust_001187,deposit,successful,64.14,2026-05-25 15:30:31
txn_0004060,cust_001187,deposit,successful,5.36,2026-05-30 13:37:20
txn_0004061,cust_001188,withdrawal,successful,30.13,2026-06-23 16:06:36
txn_0004062,cust_001188,deposit,successful,55.74,2026-06-22 11:11:59
txn_0004063,cust_001188,deposit,successful,79.43,2026-06-25 15:21:05
txn_0004064,cust_001189,deposit,failed,28.37,2026-03-24 07:03:56
txn_0004065,cust_001189,deposit,successful,73.16,2026-04-02 01:02:28
txn_0004066,cust_001189,withdrawal,successful,66.83,2026-04-20 03:42:59
txn_0004067,cust_001189,withdrawal,successful,19.11,2026-05-09 04:45:44
txn_0004068,cust_001192,deposit,successful,54.26,2026-04-03 09:49:24
txn_0004069,cust_001193,withdrawal,successful,211.09,2026-05-25 22:38:32
txn_0004070,cust_001193,withdrawal,successful,298.11,2026-05-01 11:09:54
txn_0004071,cust_001193,deposit,successful,412.76,2026-05-04 18:50:13
txn_0004072,cust_001193,deposit,successful,213.56,2026-06-06 20:00:45
txn_0004073,cust_001193,deposit,successful,354.6,2026-06-25 09:51:59
txn_0004074,cust_001195,withdrawal,successful,61.74,2026-06-24 08:07:13
txn_0004075,cust_001195,deposit,successful,73.16,2026-06-28 23:53:47
txn_0004076,cust_001196,withdrawal,successful,264.49,2026-02-23 05:20:07
txn_0004077,cust_001196,deposit,successful,190.7,2026-04-18 09:58:24
txn_0004078,cust_001196,withdrawal,successful,64.06,2026-06-23 15:25:16
txn_0004079,cust_001196,deposit,successful,294.72,2026-03-16 05:02:44
txn_0004080,cust_001197,deposit,successful,23.76,2026-06-15 22:32:41
txn_0004081,cust_001199,withdrawal,successful,40.67,2026-06-21 15:06:04
txn_0004082,cust_001199,deposit,successful,70.21,2026-06-15 00:44:44
txn_0004083,cust_001201,deposit,successful,62.94,2026-06-04 09:27:03
txn_0004084,cust_001201,deposit,successful,226.51,2026-06-07 20:13:15
txn_0004085,cust_001201,deposit,successful,240.75,2026-03-25 11:56:31
txn_0004086,cust_001201,withdrawal,successful,158.22,2026-06-05 18:52:36
txn_0004087,cust_001201,deposit,successful,477.42,2026-05-18 05:59:59
txn_0004088,cust_001203,deposit,successful,7.44,2026-04-27 03:56:52
txn_0004089,cust_001203,withdrawal,successful,45.49,2026-06-15 14:24:19
txn_0004090,cust_001204,deposit,successful,375.61,2026-05-28 16:24:22
txn_0004091,cust_001204,withdrawal,successful,476.44,2026-01-31 09:50:20
txn_0004092,cust_001204,withdrawal,failed,153.12,2026-06-12 18:43:40
txn_0004093,cust_001204,deposit,successful,480.77,2026-04-25 00:44:27
txn_0004094,cust_001204,deposit,successful,345.91,2026-01-29 13:32:04
txn_0004095,cust_001204,deposit,successful,323.51,2026-03-24 17:03:01
txn_0004096,cust_001204,deposit,successful,436.56,2026-01-20 23:17:52
txn_0004097,cust_001204,deposit,successful,156.9,2026-06-01 06:24:12
txn_0004098,cust_001204,deposit,successful,395.2,2026-03-23 06:09:56
txn_0004099,cust_001204,deposit,successful,324.34,2026-05-09 17:55:43
txn_0004100,cust_001204,deposit,successful,60.93,2026-05-06 15:47:24
txn_0004101,cust_001204,deposit,successful,284.6,2026-01-28 12:30:20
txn_0004102,cust_001204,deposit,successful,246.15,2026-03-01 07:10:23
txn_0004103,cust_001205,deposit,successful,448.97,2026-02-04 10:03:41
txn_0004104,cust_001205,deposit,successful,491.6,2026-05-28 00:39:57
txn_0004105,cust_001205,deposit,successful,98.24,2026-05-23 18:20:43
txn_0004106,cust_001205,deposit,successful,101.61,2026-05-12 12:11:04
txn_0004107,cust_001205,withdrawal,successful,225.42,2026-02-12 13:33:56
txn_0004108,cust_001205,deposit,successful,459.37,2026-01-31 11:20:21
txn_0004109,cust_001205,deposit,successful,428.83,2026-02-09 15:49:36
txn_0004110,cust_001205,deposit,successful,74.11,2026-06-12 09:36:36
txn_0004111,cust_001205,deposit,successful,120.03,2026-05-19 02:39:59
txn_0004112,cust_001205,deposit,successful,305.24,2026-04-06 02:28:52
txn_0004113,cust_001205,deposit,successful,355.73,2026-03-02 07:10:00
txn_0004114,cust_001205,deposit,successful,62.11,2026-06-18 01:51:48
txn_0004115,cust_001205,deposit,successful,269.3,2026-04-16 14:50:30
txn_0004116,cust_001205,withdrawal,successful,383.22,2026-05-14 12:14:01
txn_0004117,cust_001205,deposit,successful,75.42,2026-02-26 03:44:28
txn_0004118,cust_001206,deposit,successful,14.82,2026-04-16 13:41:51
txn_0004119,cust_001207,deposit,successful,47.03,2026-04-02 09:17:21
txn_0004120,cust_001207,deposit,successful,60.86,2026-03-27 08:52:14
txn_0004121,cust_001207,deposit,successful,17.76,2026-02-24 17:40:15
txn_0004122,cust_001207,deposit,successful,8.54,2026-05-02 00:17:37
txn_0004123,cust_001209,deposit,successful,58.91,2026-06-20 21:46:50
txn_0004124,cust_001209,deposit,successful,39.44,2026-06-16 11:38:40
txn_0004125,cust_001209,deposit,successful,58.32,2026-06-09 01:01:56
txn_0004126,cust_001209,deposit,failed,42.87,2026-06-09 07:07:49
txn_0004127,cust_001210,deposit,successful,14.91,2026-06-29 01:42:15
txn_0004128,cust_001210,deposit,successful,12.51,2026-06-24 19:20:04
txn_0004129,cust_001210,deposit,successful,45.91,2026-06-22 05:17:14
txn_0004130,cust_001210,deposit,successful,45.16,2026-06-23 20:27:17
txn_0004131,cust_001211,deposit,successful,7.36,2026-04-20 18:01:31
txn_0004132,cust_001213,withdrawal,successful,14.12,2026-06-10 18:36:46
txn_0004133,cust_001213,deposit,successful,68.08,2026-05-31 07:48:10
txn_0004134,cust_001213,deposit,successful,56.02,2026-06-24 19:32:16
txn_0004135,cust_001214,deposit,successful,33.53,2026-06-16 08:37:52
txn_0004136,cust_001215,deposit,successful,187.82,2026-06-19 04:12:22
txn_0004137,cust_001215,deposit,successful,69.23,2026-02-10 23:10:54
txn_0004138,cust_001215,withdrawal,pending,372.77,2026-06-17 16:24:29
txn_0004139,cust_001215,deposit,successful,255.54,2026-02-03 17:10:26
txn_0004140,cust_001215,deposit,successful,442.11,2026-04-13 21:52:48
txn_0004141,cust_001215,deposit,successful,427.08,2026-05-16 12:34:46
txn_0004142,cust_001215,deposit,successful,52.89,2026-05-02 02:03:34
txn_0004143,cust_001215,deposit,successful,389.06,2026-05-26 10:17:36
txn_0004144,cust_001215,withdrawal,successful,212.81,2026-04-02 00:25:36
txn_0004145,cust_001215,deposit,successful,113.8,2026-05-04 18:31:35
txn_0004146,cust_001215,deposit,successful,320.02,2026-02-24 07:23:48
txn_0004147,cust_001215,deposit,successful,247.64,2026-03-19 21:21:55
txn_0004148,cust_001216,deposit,successful,36.15,2026-05-02 04:23:12
txn_0004149,cust_001216,deposit,successful,31.58,2026-05-18 12:41:11
txn_0004150,cust_001216,withdrawal,successful,67.19,2026-06-22 12:45:00
txn_0004151,cust_001216,deposit,successful,75.5,2026-03-08 11:29:21
txn_0004152,cust_001217,withdrawal,successful,19.67,2026-05-17 18:41:50
txn_0004153,cust_001217,withdrawal,successful,26.49,2026-06-18 06:49:49
txn_0004154,cust_001217,deposit,successful,21.31,2026-05-19 18:52:01
txn_0004155,cust_001218,deposit,successful,77.11,2026-06-07 23:17:00
txn_0004156,cust_001218,deposit,successful,18.19,2026-06-08 00:24:27
txn_0004157,cust_001219,deposit,successful,478.14,2026-04-30 15:27:11
txn_0004158,cust_001219,deposit,successful,400.61,2026-05-23 19:08:51
txn_0004159,cust_001219,deposit,successful,218.57,2026-03-23 20:35:40
txn_0004160,cust_001220,deposit,successful,79.28,2026-04-01 01:08:19
txn_0004161,cust_001220,deposit,successful,24.64,2026-04-04 17:06:27
txn_0004162,cust_001220,withdrawal,successful,33.28,2026-03-15 19:35:18
txn_0004163,cust_001220,withdrawal,successful,72.68,2026-04-23 03:10:00
txn_0004164,cust_001221,deposit,successful,63.46,2026-06-11 05:56:29
txn_0004165,cust_001221,deposit,failed,21.49,2026-06-09 13:16:56
txn_0004166,cust_001221,deposit,successful,35.12,2026-05-10 02:53:58
txn_0004167,cust_001221,deposit,refunded,48.25,2026-05-21 10:46:44
txn_0004168,cust_001222,deposit,failed,54.6,2026-04-10 00:44:30
txn_0004169,cust_001222,deposit,successful,29.74,2026-05-06 05:09:28
txn_0004170,cust_001222,deposit,failed,24.82,2026-06-26 03:25:37
txn_0004171,cust_001222,deposit,successful,48.43,2026-04-13 02:13:59
txn_0004172,cust_001223,deposit,successful,16.77,2026-06-10 22:20:39
txn_0004173,cust_001226,deposit,cancelled,38.48,2026-02-11 04:16:11
txn_0004174,cust_001226,withdrawal,successful,53.9,2026-04-07 18:21:55
txn_0004175,cust_001226,deposit,successful,38.61,2026-05-31 11:43:31
txn_0004176,cust_001226,deposit,successful,44.05,2026-06-10 04:53:57
txn_0004177,cust_001227,deposit,successful,51.07,2026-05-12 22:37:00
txn_0004178,cust_001227,deposit,successful,74.74,2026-02-20 07:23:09
txn_0004179,cust_001229,withdrawal,successful,64.29,2026-06-03 11:05:55
txn_0004180,cust_001229,deposit,successful,46.47,2026-04-03 10:21:47
txn_0004181,cust_001230,deposit,successful,84.64,2026-05-14 00:11:26
txn_0004182,cust_001230,deposit,successful,480.91,2026-06-23 22:19:39
txn_0004183,cust_001230,deposit,successful,92.62,2026-04-25 14:49:22
txn_0004184,cust_001231,withdrawal,successful,39.57,2026-05-23 19:19:17
txn_0004185,cust_001232,withdrawal,successful,60.86,2026-04-23 13:34:46
txn_0004186,cust_001232,deposit,failed,50.66,2026-05-18 05:48:52
txn_0004187,cust_001232,deposit,failed,10.33,2026-06-26 11:20:04
txn_0004188,cust_001233,withdrawal,successful,53.62,2026-06-28 13:29:38
txn_0004189,cust_001233,deposit,successful,78.35,2026-06-16 23:50:56
txn_0004190,cust_001233,deposit,successful,53.23,2026-04-15 05:32:08
txn_0004191,cust_001233,withdrawal,successful,31.1,2026-06-09 21:02:57
txn_0004192,cust_001235,deposit,successful,65.19,2026-02-16 01:40:43
txn_0004193,cust_001235,deposit,successful,65.17,2026-01-27 09:43:50
txn_0004194,cust_001235,deposit,successful,44.52,2026-06-20 04:28:14
txn_0004195,cust_001236,withdrawal,successful,360.16,2026-05-01 06:54:20
txn_0004196,cust_001236,deposit,successful,320.62,2026-04-02 17:13:47
txn_0004197,cust_001236,deposit,successful,276.58,2026-05-05 15:27:54
txn_0004198,cust_001237,deposit,successful,49.83,2026-06-18 00:21:12
txn_0004199,cust_001238,deposit,successful,266.82,2026-03-15 17:43:27
txn_0004200,cust_001238,deposit,successful,334.45,2026-06-11 05:42:35
txn_0004201,cust_001238,withdrawal,successful,97.63,2026-04-21 09:57:19
txn_0004202,cust_001238,deposit,successful,365.25,2026-06-10 13:07:46
txn_0004203,cust_001240,withdrawal,failed,70.07,2026-06-14 23:00:19
txn_0004204,cust_001240,withdrawal,successful,66.42,2026-05-27 03:50:28
txn_0004205,cust_001241,deposit,successful,14.11,2026-02-13 05:56:10
txn_0004206,cust_001241,deposit,successful,24.58,2026-06-02 03:58:23
txn_0004207,cust_001241,deposit,successful,62.94,2026-06-26 10:57:08
txn_0004208,cust_001242,deposit,successful,147.93,2026-06-04 15:43:21
txn_0004209,cust_001242,deposit,successful,319.02,2026-06-20 07:43:33
txn_0004210,cust_001242,deposit,successful,342.78,2026-03-29 23:02:05
txn_0004211,cust_001242,deposit,successful,446.87,2026-05-30 08:43:53
txn_0004212,cust_001242,deposit,cancelled,461.6,2026-05-13 21:32:49
txn_0004213,cust_001242,deposit,successful,366.18,2026-04-24 03:28:59
txn_0004214,cust_001242,withdrawal,failed,197.88,2026-04-26 12:59:38
txn_0004215,cust_001242,deposit,successful,230.21,2026-06-10 06:31:26
txn_0004216,cust_001243,deposit,successful,51.63,2026-06-29 16:29:29
txn_0004217,cust_001245,deposit,successful,15.21,2026-06-15 05:26:00
txn_0004218,cust_001245,deposit,successful,78.1,2026-05-07 12:27:01
txn_0004219,cust_001245,deposit,successful,53.78,2026-04-21 20:59:23
txn_0004220,cust_001246,deposit,successful,56.63,2026-04-21 03:10:12
txn_0004221,cust_001246,withdrawal,successful,22.22,2026-06-21 02:01:07
txn_0004222,cust_001247,deposit,successful,60.01,2026-03-14 21:21:30
txn_0004223,cust_001250,deposit,successful,53.66,2026-04-01 09:27:55
txn_0004224,cust_001250,deposit,successful,62.06,2026-05-09 13:56:02
txn_0004225,cust_001250,deposit,successful,55.21,2026-04-12 03:45:24
txn_0004226,cust_001250,withdrawal,successful,23.35,2026-05-06 06:36:49
txn_0004227,cust_001251,deposit,failed,37.94,2026-06-02 20:52:38
txn_0004228,cust_001251,deposit,successful,13.85,2026-05-12 19:43:20
txn_0004229,cust_001251,deposit,successful,78.49,2026-05-10 07:45:13
txn_0004230,cust_001251,deposit,successful,26.38,2026-06-28 22:04:47
txn_0004231,cust_001252,deposit,successful,51.5,2026-05-31 16:37:44
txn_0004232,cust_001252,withdrawal,successful,28.99,2026-02-23 13:26:00
txn_0004233,cust_001252,deposit,successful,79.26,2026-04-20 01:37:17
txn_0004234,cust_001252,deposit,successful,73.2,2026-05-25 18:06:43
txn_0004235,cust_001253,deposit,successful,62.22,2026-02-17 17:00:56
txn_0004236,cust_001253,deposit,successful,170.23,2026-06-03 17:06:42
txn_0004237,cust_001253,withdrawal,successful,65.85,2026-03-10 01:33:20
txn_0004238,cust_001253,deposit,successful,370.01,2026-04-19 05:19:32
txn_0004239,cust_001253,withdrawal,successful,319.98,2026-04-27 05:18:38
txn_0004240,cust_001253,deposit,successful,154.27,2026-03-21 09:14:59
txn_0004241,cust_001253,deposit,successful,425.64,2026-02-22 00:46:58
txn_0004242,cust_001253,deposit,successful,323.97,2026-03-13 06:12:01
txn_0004243,cust_001253,deposit,successful,402.55,2026-03-20 18:11:09
txn_0004244,cust_001253,deposit,successful,436.4,2026-06-06 12:19:43
txn_0004245,cust_001253,deposit,successful,129.95,2026-06-14 18:01:37
txn_0004246,cust_001253,deposit,successful,140.71,2026-03-13 03:35:40
txn_0004247,cust_001253,deposit,successful,153.53,2026-06-01 09:12:40
txn_0004248,cust_001254,deposit,successful,75.43,2026-04-27 22:54:23
txn_0004249,cust_001254,deposit,successful,24.08,2026-06-16 10:44:54
txn_0004250,cust_001255,deposit,successful,18.18,2026-06-26 11:52:38
txn_0004251,cust_001255,withdrawal,successful,75.78,2026-06-27 15:45:58
txn_0004252,cust_001256,deposit,successful,38.73,2026-01-22 01:02:41
txn_0004253,cust_001256,deposit,pending,48.32,2026-01-22 05:10:14
txn_0004254,cust_001257,deposit,successful,72.76,2026-06-04 00:47:50
txn_0004255,cust_001257,withdrawal,failed,50.66,2026-04-14 11:19:12
txn_0004256,cust_001257,deposit,successful,69.92,2026-06-03 15:15:39
txn_0004257,cust_001257,deposit,successful,70.52,2026-05-29 11:44:00
txn_0004258,cust_001258,withdrawal,successful,12.21,2026-06-07 16:34:55
txn_0004259,cust_001258,deposit,successful,24.4,2026-02-19 16:47:25
txn_0004260,cust_001259,deposit,successful,7.82,2026-05-12 10:33:22
txn_0004261,cust_001260,withdrawal,successful,46.29,2026-04-23 05:46:30
txn_0004262,cust_001260,deposit,successful,78.95,2026-05-06 16:15:51
txn_0004263,cust_001261,deposit,successful,282.36,2026-06-17 07:34:34
txn_0004264,cust_001261,deposit,successful,325.08,2026-06-25 03:51:24
txn_0004265,cust_001261,withdrawal,successful,255.91,2026-06-04 04:04:18
txn_0004266,cust_001261,deposit,successful,312.91,2026-06-20 00:44:59
txn_0004267,cust_001261,deposit,pending,458.68,2026-06-20 09:00:13
txn_0004268,cust_001261,deposit,refunded,409.29,2026-06-09 10:22:05
txn_0004269,cust_001261,deposit,successful,96.18,2026-06-20 17:59:37
txn_0004270,cust_001261,deposit,successful,244.46,2026-06-19 07:58:25
txn_0004271,cust_001261,deposit,refunded,294.27,2026-06-02 17:12:52
txn_0004272,cust_001262,deposit,successful,222.96,2026-02-13 15:01:42
txn_0004273,cust_001262,deposit,successful,357.39,2026-06-15 10:22:38
txn_0004274,cust_001262,deposit,successful,324.81,2026-04-07 10:42:44
txn_0004275,cust_001262,withdrawal,cancelled,197.45,2026-05-06 09:58:02
txn_0004276,cust_001262,withdrawal,successful,195.89,2026-03-21 00:41:13
txn_0004277,cust_001262,withdrawal,successful,234.03,2026-06-26 18:14:22
txn_0004278,cust_001262,deposit,successful,268.01,2026-03-11 12:44:14
txn_0004279,cust_001262,deposit,successful,387.23,2026-06-13 05:50:54
txn_0004280,cust_001262,deposit,successful,245.59,2026-05-14 22:24:11
txn_0004281,cust_001262,deposit,successful,125.52,2026-05-20 03:28:26
txn_0004282,cust_001262,withdrawal,successful,481.53,2026-03-25 09:11:23
txn_0004283,cust_001262,deposit,successful,436.67,2026-06-07 12:37:43
txn_0004284,cust_001262,deposit,successful,242.52,2026-05-01 05:54:23
txn_0004285,cust_001263,deposit,successful,496.72,2026-04-11 20:10:10
txn_0004286,cust_001263,deposit,successful,162.22,2026-05-28 18:38:17
txn_0004287,cust_001263,withdrawal,successful,386.89,2026-05-29 07:59:20
txn_0004288,cust_001263,deposit,successful,223.41,2026-05-12 07:53:37
txn_0004289,cust_001263,deposit,successful,374.04,2026-01-05 16:17:29
txn_0004290,cust_001263,deposit,successful,393.86,2026-06-16 02:00:15
txn_0004291,cust_001263,withdrawal,successful,200.06,2026-04-28 17:14:45
txn_0004292,cust_001264,deposit,successful,61.93,2026-03-01 07:08:52
txn_0004293,cust_001265,withdrawal,successful,72.99,2026-03-23 15:04:20
txn_0004294,cust_001265,withdrawal,successful,44.31,2026-05-02 00:24:52
txn_0004295,cust_001266,deposit,refunded,197.4,2026-05-23 04:54:29
txn_0004296,cust_001266,deposit,successful,147.03,2026-05-30 00:48:56
txn_0004297,cust_001266,withdrawal,successful,231.33,2026-04-28 03:08:09
txn_0004298,cust_001266,deposit,successful,154.68,2026-04-25 11:56:33
txn_0004299,cust_001266,deposit,successful,138.28,2026-04-07 05:33:48
txn_0004300,cust_001266,withdrawal,failed,264.55,2026-03-26 05:43:55
txn_0004301,cust_001267,withdrawal,successful,67.86,2026-04-11 16:31:57
txn_0004302,cust_001267,withdrawal,successful,39.57,2026-05-08 09:16:09
txn_0004303,cust_001267,deposit,refunded,71.76,2026-05-19 06:56:23
txn_0004304,cust_001268,deposit,failed,57.25,2026-05-18 19:26:21
txn_0004305,cust_001268,deposit,successful,66.03,2026-06-21 20:02:19
txn_0004306,cust_001268,deposit,successful,51.0,2026-05-30 16:31:18
txn_0004307,cust_001269,deposit,successful,370.79,2026-06-26 18:45:33
txn_0004308,cust_001269,deposit,successful,250.76,2026-05-27 11:20:01
txn_0004309,cust_001269,withdrawal,successful,483.04,2026-05-11 16:04:16
txn_0004310,cust_001269,deposit,successful,238.95,2026-06-23 05:13:54
txn_0004311,cust_001269,withdrawal,successful,60.14,2026-05-23 14:13:08
txn_0004312,cust_001269,deposit,successful,86.23,2026-06-12 10:29:27
txn_0004313,cust_001269,deposit,successful,89.72,2026-06-06 22:30:04
txn_0004314,cust_001270,deposit,successful,63.27,2026-06-22 06:39:57
txn_0004315,cust_001272,deposit,successful,306.94,2026-03-16 00:45:30
txn_0004316,cust_001272,deposit,successful,217.67,2026-05-25 10:16:12
txn_0004317,cust_001272,deposit,successful,385.19,2026-04-23 00:35:07
txn_0004318,cust_001272,withdrawal,successful,492.44,2026-06-17 00:13:57
txn_0004319,cust_001272,deposit,successful,214.46,2026-05-28 01:46:06
txn_0004320,cust_001272,deposit,successful,439.21,2026-04-14 21:23:41
txn_0004321,cust_001272,withdrawal,successful,334.08,2026-03-13 04:37:33
txn_0004322,cust_001272,deposit,successful,437.77,2026-03-09 14:48:56
txn_0004323,cust_001272,deposit,successful,381.59,2026-06-25 19:16:52
txn_0004324,cust_001272,withdrawal,successful,313.21,2026-05-05 17:49:20
txn_0004325,cust_001272,deposit,successful,85.01,2026-05-27 19:56:14
txn_0004326,cust_001272,deposit,successful,305.46,2026-06-12 10:51:24
txn_0004327,cust_001272,deposit,failed,89.04,2026-03-22 14:27:25
txn_0004328,cust_001273,deposit,failed,61.17,2026-06-22 05:16:04
txn_0004329,cust_001273,deposit,successful,36.98,2026-06-26 18:03:41
txn_0004330,cust_001273,deposit,successful,36.88,2026-06-27 21:22:24
txn_0004331,cust_001273,deposit,successful,43.33,2026-06-26 21:53:18
txn_0004332,cust_001274,deposit,successful,34.99,2026-06-27 23:53:23
txn_0004333,cust_001274,deposit,successful,46.07,2026-06-27 15:40:23
txn_0004334,cust_001274,deposit,successful,58.4,2026-06-27 12:36:16
txn_0004335,cust_001275,deposit,successful,33.12,2026-06-06 21:52:04
txn_0004336,cust_001275,deposit,successful,58.87,2026-05-07 19:39:14
txn_0004337,cust_001275,deposit,successful,59.75,2026-04-11 08:24:33
txn_0004338,cust_001275,withdrawal,successful,73.12,2026-05-22 01:13:33
txn_0004339,cust_001276,deposit,successful,158.89,2026-06-22 12:22:01
txn_0004340,cust_001276,deposit,successful,80.19,2026-06-09 18:37:25
txn_0004341,cust_001276,deposit,successful,89.71,2026-06-27 06:06:54
txn_0004342,cust_001276,withdrawal,successful,188.39,2026-06-17 18:16:22
txn_0004343,cust_001276,deposit,successful,427.1,2026-06-20 08:09:17
txn_0004344,cust_001276,deposit,successful,202.81,2026-06-18 03:28:14
txn_0004345,cust_001276,deposit,successful,422.43,2026-06-13 08:11:14
txn_0004346,cust_001276,deposit,failed,176.91,2026-06-12 08:53:29
txn_0004347,cust_001276,withdrawal,successful,352.49,2026-06-27 05:00:10
txn_0004348,cust_001276,deposit,successful,266.38,2026-06-18 05:55:14
txn_0004349,cust_001278,withdrawal,successful,56.15,2026-06-26 07:09:20
txn_0004350,cust_001278,withdrawal,successful,74.43,2026-06-05 01:17:07
txn_0004351,cust_001278,withdrawal,failed,20.28,2026-05-25 15:16:46
txn_0004352,cust_001278,deposit,successful,42.91,2026-05-24 16:57:35
txn_0004353,cust_001279,withdrawal,pending,19.67,2026-05-10 14:26:40
txn_0004354,cust_001279,deposit,successful,45.09,2026-04-29 19:17:27
txn_0004355,cust_001279,withdrawal,successful,75.17,2026-06-27 18:44:01
txn_0004356,cust_001279,deposit,successful,57.03,2026-03-31 13:56:47
txn_0004357,cust_001280,deposit,successful,65.66,2026-03-28 05:46:03
txn_0004358,cust_001280,withdrawal,successful,73.75,2026-03-31 18:04:29
txn_0004359,cust_001281,deposit,failed,32.08,2026-05-24 01:38:10
txn_0004360,cust_001281,deposit,successful,33.26,2026-05-02 17:43:17
txn_0004361,cust_001281,withdrawal,successful,45.35,2026-05-12 21:17:39
txn_0004362,cust_001282,withdrawal,successful,44.94,2026-06-03 02:23:53
txn_0004363,cust_001285,deposit,successful,9.88,2026-06-25 22:25:08
txn_0004364,cust_001286,withdrawal,successful,57.77,2026-03-23 16:29:35
txn_0004365,cust_001286,deposit,successful,12.71,2026-03-29 11:36:31
txn_0004366,cust_001287,withdrawal,successful,78.36,2026-04-08 00:33:35
txn_0004367,cust_001287,deposit,successful,18.0,2026-03-11 17:30:46
txn_0004368,cust_001287,withdrawal,successful,27.14,2026-03-29 12:20:23
txn_0004369,cust_001288,deposit,failed,19.75,2026-06-27 06:25:00
txn_0004370,cust_001288,withdrawal,refunded,32.18,2026-06-28 01:56:57
txn_0004371,cust_001288,deposit,successful,21.76,2026-06-27 23:21:16
txn_0004372,cust_001289,deposit,successful,38.73,2026-03-08 23:49:40
txn_0004373,cust_001289,deposit,failed,72.03,2026-03-26 09:08:24
txn_0004374,cust_001290,deposit,successful,51.04,2026-04-24 00:20:35
txn_0004375,cust_001290,deposit,successful,39.25,2026-04-16 02:13:14
txn_0004376,cust_001290,deposit,cancelled,61.2,2026-03-31 02:16:30
txn_0004377,cust_001291,deposit,successful,63.73,2026-06-08 19:26:11
txn_0004378,cust_001291,withdrawal,successful,15.6,2026-06-07 18:30:18
txn_0004379,cust_001292,deposit,successful,203.56,2026-05-19 21:55:25
txn_0004380,cust_001292,withdrawal,successful,470.72,2026-05-01 23:09:11
txn_0004381,cust_001292,deposit,successful,238.71,2026-04-26 05:22:44
txn_0004382,cust_001292,deposit,successful,491.99,2026-05-31 03:09:43
txn_0004383,cust_001292,withdrawal,successful,76.49,2026-04-25 16:14:25
txn_0004384,cust_001292,deposit,successful,336.4,2026-06-14 02:41:07
txn_0004385,cust_001292,deposit,successful,232.02,2026-05-05 23:46:15
txn_0004386,cust_001292,deposit,successful,118.38,2026-05-06 05:28:30
txn_0004387,cust_001292,deposit,successful,467.54,2026-05-28 13:09:59
txn_0004388,cust_001292,deposit,successful,426.05,2026-05-30 23:51:41
txn_0004389,cust_001292,deposit,successful,63.71,2026-05-08 04:13:45
txn_0004390,cust_001292,deposit,successful,409.83,2026-06-18 15:02:08
txn_0004391,cust_001294,deposit,successful,22.28,2026-06-17 05:10:27
txn_0004392,cust_001294,deposit,successful,31.38,2026-06-23 12:16:50
txn_0004393,cust_001295,deposit,successful,57.76,2026-06-22 14:19:04
txn_0004394,cust_001295,withdrawal,successful,54.58,2026-06-29 19:58:58
txn_0004395,cust_001295,deposit,successful,51.18,2026-06-26 02:54:56
txn_0004396,cust_001296,deposit,successful,258.39,2026-06-09 00:22:14
txn_0004397,cust_001296,deposit,successful,182.86,2026-05-17 06:57:40
txn_0004398,cust_001296,withdrawal,failed,199.03,2026-05-15 04:04:28
txn_0004399,cust_001296,deposit,successful,339.13,2026-06-20 23:22:42
txn_0004400,cust_001296,deposit,successful,476.48,2026-06-12 16:02:40
txn_0004401,cust_001296,deposit,successful,179.62,2026-05-15 03:10:04
txn_0004402,cust_001297,withdrawal,successful,5.96,2026-03-02 21:41:43
txn_0004403,cust_001298,withdrawal,successful,38.84,2026-03-31 03:57:08
txn_0004404,cust_001298,deposit,successful,77.45,2026-06-05 20:45:54
txn_0004405,cust_001298,deposit,pending,70.3,2026-03-29 22:31:31
txn_0004406,cust_001299,deposit,successful,29.79,2026-06-29 03:06:33
txn_0004407,cust_001299,withdrawal,successful,7.65,2026-06-25 11:29:18
txn_0004408,cust_001299,deposit,successful,37.36,2026-06-27 07:13:55
txn_0004409,cust_001299,withdrawal,successful,44.81,2026-06-28 23:20:43
txn_0004410,cust_001300,withdrawal,pending,36.92,2026-05-09 11:54:31
txn_0004411,cust_001300,deposit,refunded,10.56,2026-04-18 03:33:09
txn_0004412,cust_001300,withdrawal,successful,53.54,2026-05-22 21:55:05
txn_0004413,cust_001301,withdrawal,successful,448.12,2026-01-20 11:19:40
txn_0004414,cust_001301,deposit,successful,300.21,2026-02-22 13:54:49
txn_0004415,cust_001301,deposit,successful,315.1,2026-06-26 07:22:45
txn_0004416,cust_001301,deposit,successful,389.15,2026-01-31 11:09:22
txn_0004417,cust_001301,deposit,successful,143.29,2026-01-19 05:43:02
txn_0004418,cust_001301,deposit,successful,435.58,2026-03-06 18:40:55
txn_0004419,cust_001301,deposit,successful,195.19,2026-06-13 14:32:26
txn_0004420,cust_001301,deposit,successful,306.29,2026-06-04 11:19:31
txn_0004421,cust_001301,deposit,successful,104.92,2026-06-11 07:29:50
txn_0004422,cust_001301,deposit,successful,480.66,2026-01-25 06:40:09
txn_0004423,cust_001301,deposit,successful,157.72,2026-05-04 21:29:26
txn_0004424,cust_001301,deposit,successful,233.98,2026-06-07 19:17:22
txn_0004425,cust_001302,deposit,successful,59.65,2026-04-09 08:20:53
txn_0004426,cust_001302,deposit,successful,5.59,2026-05-10 19:31:27
txn_0004427,cust_001302,deposit,successful,35.3,2026-05-15 09:42:39
txn_0004428,cust_001302,deposit,successful,67.6,2026-04-25 08:46:51
txn_0004429,cust_001303,deposit,successful,450.91,2026-05-25 13:47:34
txn_0004430,cust_001303,deposit,failed,290.66,2026-06-01 07:34:06
txn_0004431,cust_001303,deposit,failed,457.8,2026-05-19 00:35:25
txn_0004432,cust_001303,deposit,successful,393.77,2026-06-10 19:14:47
txn_0004433,cust_001303,deposit,successful,144.35,2026-05-04 06:21:24
txn_0004434,cust_001304,deposit,refunded,45.14,2026-04-25 22:24:06
txn_0004435,cust_001304,deposit,successful,41.37,2026-04-25 00:33:05
txn_0004436,cust_001306,withdrawal,successful,25.89,2026-06-07 18:15:30
txn_0004437,cust_001306,deposit,successful,60.05,2026-05-26 02:21:04
txn_0004438,cust_001306,deposit,successful,30.1,2026-06-15 02:41:58
txn_0004439,cust_001306,deposit,failed,11.09,2026-05-19 11:35:09
txn_0004440,cust_001307,withdrawal,successful,52.14,2026-05-22 05:24:10
txn_0004441,cust_001307,deposit,pending,25.59,2026-05-11 10:23:30
txn_0004442,cust_001310,withdrawal,failed,33.93,2026-06-04 02:58:53
txn_0004443,cust_001310,withdrawal,successful,38.28,2026-05-25 14:34:33
txn_0004444,cust_001312,deposit,successful,41.98,2026-06-27 12:14:38
txn_0004445,cust_001312,withdrawal,successful,35.47,2026-06-27 10:35:11
txn_0004446,cust_001312,deposit,failed,63.4,2026-06-24 08:19:49
txn_0004447,cust_001312,deposit,successful,35.25,2026-06-27 10:04:35
txn_0004448,cust_001315,deposit,successful,31.32,2026-04-07 02:34:08
txn_0004449,cust_001315,deposit,successful,34.7,2026-03-19 09:50:10
txn_0004450,cust_001315,deposit,successful,48.17,2026-04-30 13:14:24
txn_0004451,cust_001315,deposit,successful,15.84,2026-04-21 12:32:17
txn_0004452,cust_001316,deposit,successful,62.92,2026-05-11 15:25:22
txn_0004453,cust_001317,deposit,successful,8.66,2026-05-13 10:33:06
txn_0004454,cust_001317,deposit,successful,54.12,2026-04-20 15:24:46
txn_0004455,cust_001317,withdrawal,successful,70.57,2026-05-29 01:34:28
txn_0004456,cust_001318,deposit,successful,138.44,2026-04-19 14:37:17
txn_0004457,cust_001318,deposit,successful,441.71,2026-05-14 18:53:35
txn_0004458,cust_001318,withdrawal,successful,229.61,2026-06-21 07:55:17
txn_0004459,cust_001318,deposit,failed,196.83,2026-05-17 04:06:23
txn_0004460,cust_001318,deposit,successful,160.27,2026-05-17 00:03:03
txn_0004461,cust_001318,deposit,successful,268.05,2026-06-03 22:31:03
txn_0004462,cust_001318,deposit,successful,334.85,2026-05-28 05:39:10
txn_0004463,cust_001318,deposit,successful,387.22,2026-05-14 14:45:51
txn_0004464,cust_001318,deposit,successful,330.82,2026-05-08 01:02:00
txn_0004465,cust_001318,withdrawal,successful,369.77,2026-04-09 17:45:48
txn_0004466,cust_001318,withdrawal,successful,382.5,2026-06-05 07:16:31
txn_0004467,cust_001318,deposit,cancelled,213.99,2026-06-16 08:16:51
txn_0004468,cust_001318,deposit,successful,486.43,2026-05-19 09:40:58
txn_0004469,cust_001318,withdrawal,successful,300.69,2026-04-22 05:39:38
txn_0004470,cust_001318,deposit,successful,203.08,2026-06-07 03:44:27
txn_0004471,cust_001319,deposit,refunded,18.68,2026-06-28 08:15:20
txn_0004472,cust_001320,deposit,successful,264.96,2026-05-02 05:15:10
txn_0004473,cust_001320,deposit,successful,51.14,2026-05-01 18:48:33
txn_0004474,cust_001320,withdrawal,successful,424.04,2026-02-18 08:16:44
txn_0004475,cust_001320,withdrawal,successful,363.64,2026-06-03 05:47:48
txn_0004476,cust_001320,deposit,successful,255.24,2026-02-26 13:24:11
txn_0004477,cust_001320,deposit,successful,354.91,2026-06-05 04:26:49
txn_0004478,cust_001320,deposit,successful,321.81,2026-04-14 13:52:47
txn_0004479,cust_001320,deposit,successful,243.25,2026-03-05 11:28:46
txn_0004480,cust_001321,deposit,successful,62.0,2026-06-21 16:14:19
txn_0004481,cust_001321,deposit,successful,47.78,2026-06-19 17:38:03
txn_0004482,cust_001321,deposit,failed,33.44,2026-04-20 01:28:17
txn_0004483,cust_001321,deposit,successful,6.41,2026-05-15 11:31:39
txn_0004484,cust_001322,deposit,successful,407.21,2026-06-07 22:53:29
txn_0004485,cust_001322,deposit,successful,492.8,2026-03-17 05:38:52
txn_0004486,cust_001322,withdrawal,successful,95.83,2026-05-08 15:49:06
txn_0004487,cust_001322,deposit,successful,477.84,2026-03-07 22:15:37
txn_0004488,cust_001322,withdrawal,successful,395.46,2026-03-25 13:55:56
txn_0004489,cust_001322,deposit,successful,475.97,2026-04-21 15:02:31
txn_0004490,cust_001322,deposit,successful,205.6,2026-02-23 20:32:11
txn_0004491,cust_001325,withdrawal,successful,99.41,2026-04-30 15:14:21
txn_0004492,cust_001325,deposit,successful,254.68,2026-06-09 21:20:19
txn_0004493,cust_001325,deposit,failed,158.18,2026-05-21 12:26:23
txn_0004494,cust_001325,deposit,successful,362.41,2026-05-21 11:28:16
txn_0004495,cust_001325,deposit,successful,260.73,2026-05-31 11:10:10
txn_0004496,cust_001325,deposit,pending,150.46,2026-05-06 02:01:00
txn_0004497,cust_001325,deposit,successful,269.51,2026-06-26 13:02:50
txn_0004498,cust_001325,deposit,successful,218.34,2026-06-27 23:35:00
txn_0004499,cust_001325,deposit,successful,157.0,2026-05-10 17:22:01
txn_0004500,cust_001325,deposit,successful,207.28,2026-06-01 04:52:18
txn_0004501,cust_001325,withdrawal,successful,403.59,2026-06-21 12:19:42
txn_0004502,cust_001325,deposit,failed,185.64,2026-06-23 00:59:08
txn_0004503,cust_001325,deposit,successful,344.13,2026-05-05 11:42:23
txn_0004504,cust_001326,deposit,successful,52.11,2026-06-01 11:38:57
txn_0004505,cust_001326,deposit,successful,22.88,2026-05-23 06:38:22
txn_0004506,cust_001326,deposit,successful,38.3,2026-06-05 07:35:54
txn_0004507,cust_001326,deposit,pending,35.03,2026-05-31 10:19:23
txn_0004508,cust_001328,deposit,successful,78.43,2026-06-26 19:56:08
txn_0004509,cust_001328,deposit,successful,23.42,2026-06-23 08:03:08
txn_0004510,cust_001329,withdrawal,successful,307.36,2026-04-12 00:14:25
txn_0004511,cust_001329,deposit,successful,274.69,2026-03-23 02:08:16
txn_0004512,cust_001329,deposit,successful,66.69,2026-04-28 03:25:20
txn_0004513,cust_001329,deposit,successful,95.35,2026-04-25 09:37:39
txn_0004514,cust_001329,withdrawal,successful,64.06,2026-06-20 14:47:52
txn_0004515,cust_001329,withdrawal,successful,387.37,2026-05-05 02:45:47
txn_0004516,cust_001329,deposit,successful,171.37,2026-06-14 11:32:13
txn_0004517,cust_001329,withdrawal,successful,318.82,2026-06-25 01:38:03
txn_0004518,cust_001329,withdrawal,successful,94.04,2026-06-21 00:34:57
txn_0004519,cust_001329,withdrawal,successful,310.24,2026-04-20 21:47:36
txn_0004520,cust_001329,deposit,successful,240.9,2026-06-02 16:03:19
txn_0004521,cust_001329,deposit,successful,405.76,2026-03-19 10:28:32
txn_0004522,cust_001329,deposit,successful,408.01,2026-06-19 20:10:01
txn_0004523,cust_001329,deposit,successful,270.07,2026-02-17 19:55:51
txn_0004524,cust_001330,deposit,successful,25.26,2026-04-10 15:10:14
txn_0004525,cust_001330,withdrawal,successful,66.52,2026-05-06 01:42:30
txn_0004526,cust_001330,deposit,successful,25.41,2026-03-14 10:46:43
txn_0004527,cust_001330,deposit,pending,17.37,2026-04-29 04:10:49
txn_0004528,cust_001331,deposit,successful,35.39,2026-05-23 23:07:47
txn_0004529,cust_001332,deposit,successful,62.89,2026-06-14 07:24:25
txn_0004530,cust_001332,deposit,pending,76.3,2026-02-08 03:31:48
txn_0004531,cust_001332,withdrawal,failed,57.77,2026-03-06 01:30:23
txn_0004532,cust_001334,deposit,successful,461.38,2026-02-02 00:14:18
txn_0004533,cust_001334,deposit,successful,398.38,2026-04-03 17:19:10
txn_0004534,cust_001334,deposit,successful,225.42,2026-02-21 18:44:42
txn_0004535,cust_001334,withdrawal,successful,131.66,2026-03-30 13:07:18
txn_0004536,cust_001334,deposit,successful,261.89,2026-06-13 15:31:43
txn_0004537,cust_001334,deposit,successful,409.96,2026-06-23 03:37:27
txn_0004538,cust_001334,deposit,successful,285.39,2026-06-20 06:34:29
txn_0004539,cust_001334,deposit,refunded,414.61,2026-02-09 04:15:23
txn_0004540,cust_001334,deposit,successful,411.02,2026-06-26 17:11:19
txn_0004541,cust_001334,deposit,successful,195.02,2026-02-24 07:26:22
txn_0004542,cust_001334,withdrawal,successful,313.51,2026-02-13 00:16:25
txn_0004543,cust_001334,withdrawal,successful,490.3,2026-06-28 12:21:58
txn_0004544,cust_001334,withdrawal,successful,227.44,2026-03-23 10:41:15
txn_0004545,cust_001335,deposit,successful,52.18,2026-06-29 02:05:18
txn_0004546,cust_001335,deposit,successful,18.56,2026-05-19 20:27:02
txn_0004547,cust_001336,deposit,successful,99.22,2026-04-19 10:03:01
txn_0004548,cust_001336,withdrawal,successful,349.58,2026-06-02 16:24:12
txn_0004549,cust_001336,withdrawal,successful,146.22,2026-04-20 06:49:43
txn_0004550,cust_001336,deposit,successful,359.22,2026-04-13 18:37:10
txn_0004551,cust_001336,deposit,successful,339.56,2026-06-13 22:06:27
txn_0004552,cust_001336,deposit,successful,426.88,2026-05-25 03:53:52
txn_0004553,cust_001336,withdrawal,successful,94.87,2026-06-26 18:17:03
txn_0004554,cust_001337,deposit,successful,24.51,2026-04-05 14:05:27
txn_0004555,cust_001337,deposit,successful,24.58,2026-04-04 11:11:56
txn_0004556,cust_001337,deposit,successful,25.02,2026-05-22 20:17:11
txn_0004557,cust_001338,deposit,successful,17.67,2026-05-20 00:04:07
txn_0004558,cust_001339,withdrawal,successful,278.67,2026-04-04 03:46:24
txn_0004559,cust_001339,deposit,successful,260.92,2026-05-02 06:15:54
txn_0004560,cust_001339,deposit,successful,496.12,2026-04-05 00:37:23
txn_0004561,cust_001339,deposit,successful,487.1,2026-04-14 12:36:26
txn_0004562,cust_001339,deposit,successful,383.21,2026-04-18 00:25:57
txn_0004563,cust_001339,withdrawal,successful,267.25,2026-06-06 12:24:35
txn_0004564,cust_001340,deposit,successful,274.54,2026-05-20 02:35:28
txn_0004565,cust_001340,deposit,successful,302.41,2026-06-18 07:50:18
txn_0004566,cust_001340,deposit,successful,416.27,2026-06-17 20:36:18
txn_0004567,cust_001340,deposit,successful,224.21,2026-05-26 17:06:12
txn_0004568,cust_001340,deposit,successful,165.52,2026-06-18 21:28:44
txn_0004569,cust_001341,deposit,successful,11.25,2026-06-20 12:06:02
txn_0004570,cust_001341,deposit,successful,61.45,2026-06-27 11:26:05
txn_0004571,cust_001341,deposit,pending,64.71,2026-05-16 06:56:40
txn_0004572,cust_001341,deposit,successful,61.3,2026-06-29 21:36:58
txn_0004573,cust_001342,withdrawal,successful,66.08,2026-03-24 07:14:21
txn_0004574,cust_001343,deposit,successful,56.2,2026-06-11 21:01:13
txn_0004575,cust_001343,deposit,successful,46.9,2026-06-08 03:27:58
txn_0004576,cust_001343,deposit,refunded,15.67,2026-06-16 10:46:19
txn_0004577,cust_001343,deposit,successful,25.8,2026-06-12 10:42:06
txn_0004578,cust_001344,deposit,successful,49.88,2026-02-27 00:10:16
txn_0004579,cust_001345,deposit,successful,76.45,2026-04-28 04:50:24
txn_0004580,cust_001346,deposit,successful,36.76,2026-02-24 22:59:54
txn_0004581,cust_001347,withdrawal,successful,254.97,2026-06-18 00:58:39
txn_0004582,cust_001347,withdrawal,successful,439.18,2026-04-07 11:44:19
txn_0004583,cust_001347,withdrawal,successful,295.36,2026-05-21 11:16:15
txn_0004584,cust_001347,deposit,successful,357.1,2026-04-17 07:21:48
txn_0004585,cust_001347,deposit,successful,212.94,2026-05-29 06:35:59
txn_0004586,cust_001347,deposit,successful,266.01,2026-03-27 09:37:00
txn_0004587,cust_001347,deposit,successful,397.17,2026-04-22 06:25:32
txn_0004588,cust_001347,deposit,failed,380.48,2026-04-11 15:16:57
txn_0004589,cust_001347,deposit,successful,117.74,2026-03-28 04:06:01
txn_0004590,cust_001347,deposit,successful,198.69,2026-06-29 22:42:56
txn_0004591,cust_001347,deposit,successful,304.82,2026-06-12 15:10:23
txn_0004592,cust_001348,deposit,successful,438.05,2026-06-29 19:33:41
txn_0004593,cust_001348,deposit,successful,86.65,2026-06-16 22:19:17
txn_0004594,cust_001348,deposit,failed,205.43,2026-05-25 14:02:58
txn_0004595,cust_001348,deposit,failed,186.56,2026-06-20 19:44:39
txn_0004596,cust_001348,deposit,pending,221.89,2026-06-26 21:58:58
txn_0004597,cust_001348,deposit,successful,293.39,2026-06-05 07:11:50
txn_0004598,cust_001348,deposit,successful,315.77,2026-06-19 22:56:55
txn_0004599,cust_001348,withdrawal,successful,166.49,2026-06-20 02:50:03
txn_0004600,cust_001348,withdrawal,successful,255.88,2026-06-12 14:21:30
txn_0004601,cust_001348,deposit,successful,54.23,2026-05-26 22:39:06
txn_0004602,cust_001348,withdrawal,successful,429.26,2026-06-24 20:21:34
txn_0004603,cust_001348,deposit,successful,354.35,2026-06-15 02:10:03
txn_0004604,cust_001348,deposit,successful,337.57,2026-05-27 21:14:25
txn_0004605,cust_001348,deposit,successful,151.61,2026-06-04 01:13:39
txn_0004606,cust_001348,deposit,successful,422.92,2026-06-29 07:58:07
txn_0004607,cust_001349,deposit,successful,79.59,2026-06-25 04:54:12
txn_0004608,cust_001349,withdrawal,successful,45.71,2026-06-25 16:01:14
txn_0004609,cust_001349,withdrawal,successful,27.76,2026-06-29 02:52:25
txn_0004610,cust_001350,withdrawal,successful,45.61,2026-05-20 08:47:14
txn_0004611,cust_001351,deposit,successful,17.16,2026-06-26 12:19:33
txn_0004612,cust_001351,deposit,successful,66.32,2026-06-27 08:49:20
txn_0004613,cust_001352,deposit,successful,67.4,2026-06-25 00:27:25
txn_0004614,cust_001352,deposit,successful,40.45,2026-06-26 23:48:36
txn_0004615,cust_001352,deposit,successful,55.52,2026-06-23 12:26:53
txn_0004616,cust_001353,deposit,successful,304.37,2026-06-15 08:51:46
txn_0004617,cust_001353,deposit,successful,144.54,2026-06-27 23:13:17
txn_0004618,cust_001353,deposit,successful,391.2,2026-03-12 19:14:45
txn_0004619,cust_001353,deposit,successful,480.49,2026-04-27 01:32:00
txn_0004620,cust_001353,deposit,successful,55.13,2026-05-27 22:43:09
txn_0004621,cust_001354,withdrawal,successful,74.16,2026-04-16 16:04:55
txn_0004622,cust_001354,deposit,failed,10.08,2026-05-08 14:03:53
txn_0004623,cust_001354,deposit,successful,46.09,2026-06-13 21:41:51
txn_0004624,cust_001354,withdrawal,successful,71.24,2026-05-11 23:56:13
txn_0004625,cust_001355,deposit,successful,8.07,2026-06-26 08:51:19
txn_0004626,cust_001355,deposit,successful,15.82,2026-06-24 20:40:05
txn_0004627,cust_001356,withdrawal,successful,10.23,2026-06-27 09:20:08
txn_0004628,cust_001357,deposit,successful,157.26,2026-06-21 20:38:10
txn_0004629,cust_001357,deposit,successful,238.75,2026-06-13 23:38:29
txn_0004630,cust_001357,withdrawal,failed,292.84,2026-06-04 18:02:02
txn_0004631,cust_001357,deposit,successful,140.77,2026-05-29 22:52:05
txn_0004632,cust_001357,withdrawal,successful,158.84,2026-06-22 16:28:24
txn_0004633,cust_001357,deposit,successful,468.08,2026-06-13 14:41:06
txn_0004634,cust_001357,deposit,successful,230.51,2026-06-23 05:30:06
txn_0004635,cust_001357,deposit,cancelled,478.37,2026-06-26 04:10:57
txn_0004636,cust_001357,deposit,successful,368.47,2026-05-28 13:16:45
txn_0004637,cust_001357,deposit,successful,204.71,2026-06-14 16:59:56
txn_0004638,cust_001358,deposit,successful,29.23,2026-06-22 12:13:58
txn_0004639,cust_001358,deposit,successful,42.94,2026-06-16 07:32:25
txn_0004640,cust_001358,deposit,refunded,7.48,2026-06-14 04:17:18
txn_0004641,cust_001358,withdrawal,successful,44.83,2026-06-19 03:51:14
txn_0004642,cust_001359,deposit,successful,63.49,2026-06-10 11:51:46
txn_0004643,cust_001359,withdrawal,successful,52.38,2026-06-20 04:22:09
txn_0004644,cust_001359,deposit,pending,24.19,2026-04-25 22:50:56
txn_0004645,cust_001359,deposit,successful,44.71,2026-05-08 21:36:58
txn_0004646,cust_001360,deposit,successful,62.01,2026-05-05 19:49:42
txn_0004647,cust_001360,deposit,successful,65.05,2026-04-28 07:59:45
txn_0004648,cust_001360,deposit,pending,36.82,2026-06-27 08:26:55
txn_0004649,cust_001361,deposit,successful,62.34,2026-05-27 01:37:45
txn_0004650,cust_001361,deposit,successful,125.95,2026-04-05 06:07:47
txn_0004651,cust_001361,withdrawal,successful,65.38,2026-06-12 07:27:33
txn_0004652,cust_001361,withdrawal,failed,302.08,2026-05-13 07:24:10
txn_0004653,cust_001361,deposit,successful,292.98,2026-04-05 13:51:10
txn_0004654,cust_001361,withdrawal,successful,121.77,2026-06-12 23:46:19
txn_0004655,cust_001361,deposit,successful,163.22,2026-03-25 19:31:51
txn_0004656,cust_001361,deposit,successful,408.74,2026-05-20 08:24:29
txn_0004657,cust_001361,deposit,successful,462.07,2026-06-11 00:29:05
txn_0004658,cust_001361,deposit,successful,242.2,2026-04-02 07:15:51
txn_0004659,cust_001361,deposit,successful,300.52,2026-06-24 05:26:46
txn_0004660,cust_001362,deposit,successful,57.62,2026-06-20 22:53:18
txn_0004661,cust_001362,deposit,successful,56.36,2026-06-24 02:35:17
txn_0004662,cust_001363,withdrawal,successful,57.75,2026-06-16 20:56:51
txn_0004663,cust_001364,withdrawal,successful,27.32,2026-06-26 09:06:21
txn_0004664,cust_001364,deposit,successful,44.74,2026-06-25 08:13:25
txn_0004665,cust_001364,withdrawal,successful,9.17,2026-06-22 19:51:01
txn_0004666,cust_001365,deposit,successful,193.79,2026-05-21 13:53:46
txn_0004667,cust_001365,deposit,successful,127.0,2026-04-30 00:48:16
txn_0004668,cust_001365,withdrawal,successful,174.1,2026-04-10 02:25:26
txn_0004669,cust_001365,deposit,successful,74.93,2026-05-08 07:56:48
txn_0004670,cust_001365,withdrawal,successful,380.73,2026-04-17 18:28:17
txn_0004671,cust_001366,deposit,refunded,47.96,2026-06-18 03:54:07
txn_0004672,cust_001367,deposit,successful,56.66,2026-05-15 02:21:54
txn_0004673,cust_001369,withdrawal,successful,64.67,2026-05-16 09:03:33
txn_0004674,cust_001369,deposit,successful,16.51,2026-06-11 20:32:52
txn_0004675,cust_001369,deposit,successful,60.61,2026-05-27 00:06:56
txn_0004676,cust_001371,deposit,successful,5.52,2026-06-22 16:35:04
txn_0004677,cust_001371,withdrawal,pending,42.23,2026-06-19 23:17:53
txn_0004678,cust_001371,deposit,successful,7.08,2026-05-21 20:07:43
txn_0004679,cust_001371,withdrawal,successful,8.47,2026-05-21 16:32:35
txn_0004680,cust_001372,deposit,pending,22.87,2026-06-15 01:35:28
txn_0004681,cust_001372,withdrawal,successful,68.13,2026-06-22 22:07:21
txn_0004682,cust_001373,deposit,successful,313.47,2026-06-15 06:35:55
txn_0004683,cust_001373,withdrawal,successful,204.65,2026-05-10 00:20:06
txn_0004684,cust_001373,withdrawal,successful,461.52,2026-06-05 02:42:56
txn_0004685,cust_001373,deposit,successful,410.93,2026-05-20 11:41:41
txn_0004686,cust_001373,deposit,successful,124.19,2026-06-27 09:41:39
txn_0004687,cust_001373,deposit,successful,423.72,2026-06-01 10:51:05
txn_0004688,cust_001375,withdrawal,successful,27.43,2026-04-24 19:37:44
txn_0004689,cust_001375,deposit,successful,35.9,2026-06-02 14:04:41
txn_0004690,cust_001377,deposit,successful,22.83,2026-06-09 21:48:41
txn_0004691,cust_001377,withdrawal,failed,76.44,2026-06-15 16:10:56
txn_0004692,cust_001377,withdrawal,successful,22.67,2026-05-22 06:58:11
txn_0004693,cust_001377,withdrawal,successful,41.0,2026-05-24 12:49:32
txn_0004694,cust_001378,withdrawal,successful,19.82,2026-06-03 16:22:16
txn_0004695,cust_001379,deposit,pending,283.5,2026-04-15 19:07:32
txn_0004696,cust_001379,deposit,failed,212.86,2026-03-30 02:06:45
txn_0004697,cust_001379,deposit,failed,369.95,2026-06-11 03:45:30
txn_0004698,cust_001379,withdrawal,successful,341.42,2026-05-27 08:00:52
txn_0004699,cust_001379,withdrawal,successful,71.09,2026-05-06 22:42:15
txn_0004700,cust_001379,deposit,successful,341.27,2026-04-29 16:20:42
txn_0004701,cust_001379,deposit,successful,311.53,2026-04-17 10:33:16
txn_0004702,cust_001379,deposit,successful,374.45,2026-01-21 22:28:19
txn_0004703,cust_001379,deposit,successful,238.53,2026-01-28 18:43:21
txn_0004704,cust_001379,withdrawal,successful,107.35,2026-04-06 14:58:14
txn_0004705,cust_001379,deposit,successful,400.64,2026-05-30 20:42:39
txn_0004706,cust_001379,deposit,successful,167.76,2026-03-28 01:31:53
txn_0004707,cust_001380,deposit,successful,49.97,2026-06-12 21:56:09
txn_0004708,cust_001380,withdrawal,successful,76.81,2026-06-06 16:40:14
txn_0004709,cust_001380,deposit,successful,73.43,2026-04-03 16:39:30
txn_0004710,cust_001381,deposit,successful,474.9,2026-03-24 02:44:00
txn_0004711,cust_001381,withdrawal,successful,228.2,2026-04-07 09:28:56
txn_0004712,cust_001381,withdrawal,successful,239.5,2026-05-05 17:47:49
txn_0004713,cust_001381,deposit,successful,335.36,2026-03-05 05:42:45
txn_0004714,cust_001381,deposit,successful,408.73,2026-06-29 12:33:37
txn_0004715,cust_001381,deposit,successful,493.27,2026-06-13 10:16:23
txn_0004716,cust_001382,deposit,successful,48.14,2026-05-22 07:58:03
txn_0004717,cust_001383,deposit,successful,36.29,2026-05-06 16:53:48
txn_0004718,cust_001383,withdrawal,cancelled,40.75,2026-06-08 22:05:36
txn_0004719,cust_001384,deposit,successful,6.49,2026-05-13 13:29:59
txn_0004720,cust_001385,withdrawal,successful,39.87,2026-06-02 05:50:05
txn_0004721,cust_001388,deposit,successful,50.38,2026-03-12 19:35:28
txn_0004722,cust_001390,deposit,successful,68.18,2026-06-06 04:28:52
txn_0004723,cust_001390,deposit,successful,27.58,2026-06-07 06:27:47
txn_0004724,cust_001390,deposit,successful,28.86,2026-06-08 13:02:21
txn_0004725,cust_001391,deposit,successful,53.1,2026-02-22 04:23:15
txn_0004726,cust_001391,deposit,successful,15.77,2026-05-15 06:06:08
txn_0004727,cust_001392,withdrawal,successful,76.28,2026-06-01 23:56:43
txn_0004728,cust_001392,deposit,refunded,21.85,2026-06-26 20:36:25
txn_0004729,cust_001392,deposit,successful,35.02,2026-06-27 13:41:01
txn_0004730,cust_001393,deposit,successful,64.34,2026-06-13 21:28:20
txn_0004731,cust_001394,deposit,successful,57.04,2026-06-13 02:02:32
txn_0004732,cust_001394,deposit,failed,64.86,2026-06-26 03:47:57
txn_0004733,cust_001394,deposit,successful,6.48,2026-05-28 22:55:45
txn_0004734,cust_001395,deposit,successful,72.36,2026-06-06 01:50:32
txn_0004735,cust_001396,withdrawal,successful,28.27,2026-06-10 12:56:52
txn_0004736,cust_001397,deposit,successful,6.62,2026-03-29 05:23:12
txn_0004737,cust_001397,deposit,successful,66.42,2026-06-26 18:10:52
txn_0004738,cust_001397,withdrawal,successful,8.36,2026-04-16 08:23:42
txn_0004739,cust_001398,deposit,successful,66.61,2026-05-05 06:16:17
txn_0004740,cust_001399,withdrawal,successful,11.73,2026-06-24 14:47:22
txn_0004741,cust_001399,deposit,pending,9.06,2026-05-14 19:54:24
txn_0004742,cust_001399,deposit,successful,79.83,2026-06-10 02:53:12
txn_0004743,cust_001400,deposit,successful,34.5,2026-05-27 04:39:27
txn_0004744,cust_001400,deposit,successful,32.85,2026-04-21 08:16:06
txn_0004745,cust_001401,withdrawal,refunded,43.3,2026-06-02 13:55:40
txn_0004746,cust_001401,withdrawal,successful,48.98,2026-05-18 07:37:10
txn_0004747,cust_001402,deposit,successful,205.37,2026-06-23 00:21:26
txn_0004748,cust_001402,deposit,pending,378.15,2026-04-19 16:07:33
txn_0004749,cust_001402,deposit,successful,392.94,2026-06-27 10:47:12
txn_0004750,cust_001402,deposit,successful,99.53,2026-05-13 16:13:08
txn_0004751,cust_001402,withdrawal,failed,211.07,2026-04-28 11:48:37
txn_0004752,cust_001402,deposit,refunded,244.51,2026-05-06 02:11:58
txn_0004753,cust_001402,withdrawal,successful,342.32,2026-05-29 08:12:32
txn_0004754,cust_001402,deposit,successful,427.95,2026-03-30 16:39:36
txn_0004755,cust_001402,deposit,successful,430.42,2026-04-11 00:32:26
txn_0004756,cust_001402,withdrawal,successful,345.71,2026-05-20 02:00:41
txn_0004757,cust_001402,deposit,successful,192.17,2026-04-21 01:17:25
txn_0004758,cust_001402,deposit,successful,246.12,2026-05-12 11:41:12
txn_0004759,cust_001402,deposit,successful,74.63,2026-04-12 22:28:46
txn_0004760,cust_001402,deposit,successful,413.9,2026-05-16 15:21:21
txn_0004761,cust_001403,deposit,successful,70.79,2026-05-22 17:13:37
txn_0004762,cust_001403,deposit,failed,77.33,2026-06-14 06:10:43
txn_0004763,cust_001403,deposit,successful,60.89,2026-04-12 01:56:37
txn_0004764,cust_001404,deposit,successful,394.38,2026-05-10 15:00:07
txn_0004765,cust_001404,deposit,successful,379.71,2026-04-17 20:38:13
txn_0004766,cust_001404,deposit,successful,286.0,2026-06-01 20:24:42
txn_0004767,cust_001404,withdrawal,failed,67.22,2026-05-03 02:38:02
txn_0004768,cust_001406,deposit,pending,299.69,2026-05-02 14:24:04
txn_0004769,cust_001406,deposit,successful,368.47,2026-05-24 22:28:40
txn_0004770,cust_001406,withdrawal,failed,358.27,2026-06-27 08:26:51
txn_0004771,cust_001406,deposit,successful,496.86,2026-04-13 10:35:44
txn_0004772,cust_001406,deposit,successful,200.33,2026-05-16 01:40:49
txn_0004773,cust_001406,deposit,successful,122.14,2026-06-21 15:48:50
txn_0004774,cust_001406,deposit,successful,265.63,2026-04-10 04:02:07
txn_0004775,cust_001406,deposit,successful,50.8,2026-06-28 00:20:36
txn_0004776,cust_001406,withdrawal,successful,350.94,2026-06-13 08:44:18
txn_0004777,cust_001407,deposit,successful,20.81,2026-06-06 05:43:36
txn_0004778,cust_001408,deposit,successful,377.22,2026-03-09 08:32:31
txn_0004779,cust_001408,withdrawal,successful,149.88,2026-05-08 14:08:15
txn_0004780,cust_001408,deposit,cancelled,392.11,2026-05-06 01:22:27
txn_0004781,cust_001408,deposit,pending,96.46,2026-04-07 02:02:58
txn_0004782,cust_001408,deposit,failed,296.88,2026-05-22 23:27:27
txn_0004783,cust_001408,deposit,successful,224.39,2026-03-16 12:40:38
txn_0004784,cust_001408,deposit,successful,220.51,2026-04-19 10:13:43
txn_0004785,cust_001408,deposit,successful,80.77,2026-04-07 08:19:18
txn_0004786,cust_001408,deposit,successful,87.8,2026-02-13 14:35:00
txn_0004787,cust_001408,withdrawal,successful,350.98,2026-04-03 04:13:04
txn_0004788,cust_001408,deposit,successful,498.61,2026-03-06 05:45:12
txn_0004789,cust_001409,deposit,successful,73.71,2026-05-02 17:44:45
txn_0004790,cust_001409,deposit,successful,6.22,2026-05-12 05:29:07
txn_0004791,cust_001409,withdrawal,successful,37.14,2026-05-31 14:28:26
txn_0004792,cust_001409,deposit,successful,57.76,2026-06-12 14:32:22
txn_0004793,cust_001410,deposit,successful,33.39,2026-04-04 07:20:18
txn_0004794,cust_001411,deposit,successful,122.4,2026-06-21 23:59:13
txn_0004795,cust_001411,deposit,successful,266.22,2026-06-10 13:53:26
txn_0004796,cust_001411,deposit,refunded,168.18,2026-05-21 23:16:46
txn_0004797,cust_001411,deposit,successful,180.53,2026-06-23 17:06:51
txn_0004798,cust_001411,withdrawal,successful,183.1,2026-05-31 14:34:37
txn_0004799,cust_001411,deposit,successful,373.96,2026-06-20 03:15:38
txn_0004800,cust_001411,deposit,successful,429.32,2026-06-10 17:27:02
txn_0004801,cust_001411,deposit,successful,256.21,2026-06-14 15:16:54
txn_0004802,cust_001411,deposit,successful,219.88,2026-05-30 01:00:31
txn_0004803,cust_001411,deposit,successful,407.1,2026-06-22 18:07:35
txn_0004804,cust_001411,deposit,successful,352.06,2026-06-21 11:57:57
txn_0004805,cust_001411,deposit,successful,150.53,2026-05-29 03:05:50
txn_0004806,cust_001412,withdrawal,successful,41.88,2026-03-11 10:46:05
txn_0004807,cust_001413,deposit,successful,47.48,2026-05-16 07:43:08
txn_0004808,cust_001413,deposit,successful,36.0,2026-03-19 17:08:28
txn_0004809,cust_001413,deposit,successful,56.99,2026-05-02 10:00:03
txn_0004810,cust_001414,deposit,successful,15.9,2026-06-23 21:39:37
txn_0004811,cust_001414,deposit,successful,35.32,2026-06-29 16:02:08
txn_0004812,cust_001414,withdrawal,successful,14.72,2026-06-22 10:52:49
txn_0004813,cust_001415,deposit,successful,60.77,2026-06-04 13:20:37
txn_0004814,cust_001415,deposit,successful,18.83,2026-05-21 22:56:13
txn_0004815,cust_001416,deposit,failed,8.26,2026-06-28 18:10:35
txn_0004816,cust_001416,withdrawal,failed,17.45,2026-06-23 12:52:37
txn_0004817,cust_001416,deposit,successful,30.26,2026-05-24 13:56:55
txn_0004818,cust_001416,deposit,successful,45.67,2026-06-27 10:47:17
txn_0004819,cust_001417,deposit,successful,41.58,2026-03-05 16:16:51
txn_0004820,cust_001417,deposit,successful,52.62,2026-05-14 08:31:27
txn_0004821,cust_001417,deposit,successful,36.22,2026-03-18 14:42:42
txn_0004822,cust_001417,deposit,successful,29.22,2026-06-07 17:47:29
txn_0004823,cust_001418,deposit,successful,27.72,2026-05-28 16:43:29
txn_0004824,cust_001418,deposit,successful,57.06,2026-05-26 14:21:52
txn_0004825,cust_001419,deposit,successful,59.31,2026-05-27 06:59:19
txn_0004826,cust_001419,deposit,successful,10.76,2026-06-09 10:17:47
txn_0004827,cust_001419,withdrawal,failed,67.82,2026-05-21 13:50:08
txn_0004828,cust_001421,deposit,successful,221.12,2026-05-25 09:40:29
txn_0004829,cust_001421,withdrawal,successful,464.04,2026-05-23 21:53:17
txn_0004830,cust_001421,deposit,successful,351.29,2026-05-30 01:33:57
txn_0004831,cust_001421,withdrawal,successful,168.66,2026-05-19 04:33:10
txn_0004832,cust_001421,withdrawal,successful,275.61,2026-06-29 09:32:06
txn_0004833,cust_001421,withdrawal,successful,416.56,2026-05-22 22:45:49
txn_0004834,cust_001421,withdrawal,refunded,191.9,2026-06-22 14:44:59
txn_0004835,cust_001421,withdrawal,successful,319.66,2026-06-19 20:13:40
txn_0004836,cust_001421,deposit,successful,302.09,2026-06-06 20:45:38
txn_0004837,cust_001421,deposit,successful,485.97,2026-05-21 01:51:19
txn_0004838,cust_001421,deposit,successful,139.1,2026-05-22 12:37:41
txn_0004839,cust_001421,deposit,successful,499.74,2026-06-28 15:29:08
txn_0004840,cust_001421,deposit,successful,476.95,2026-05-18 11:18:36
txn_0004841,cust_001421,deposit,successful,154.16,2026-06-21 04:04:10
txn_0004842,cust_001422,deposit,successful,5.17,2026-06-07 21:45:22
txn_0004843,cust_001422,deposit,successful,36.06,2026-05-09 01:33:36
txn_0004844,cust_001422,withdrawal,successful,65.5,2026-04-08 15:18:13
txn_0004845,cust_001422,deposit,successful,54.54,2026-05-02 17:31:31
txn_0004846,cust_001425,withdrawal,successful,24.7,2026-04-13 07:18:54
txn_0004847,cust_001426,deposit,successful,28.6,2026-02-26 18:31:21
txn_0004848,cust_001426,withdrawal,successful,29.61,2026-04-03 21:09:05
txn_0004849,cust_001426,deposit,successful,9.1,2026-06-07 12:16:27
txn_0004850,cust_001427,deposit,successful,496.91,2026-06-26 13:52:38
txn_0004851,cust_001427,withdrawal,successful,311.28,2026-05-12 19:50:17
txn_0004852,cust_001427,deposit,successful,321.92,2026-01-11 17:17:22
txn_0004853,cust_001427,deposit,cancelled,152.94,2026-05-28 11:36:26
txn_0004854,cust_001427,withdrawal,successful,90.03,2026-03-08 02:30:50
txn_0004855,cust_001427,withdrawal,successful,81.86,2026-03-10 08:14:33
txn_0004856,cust_001428,deposit,successful,391.58,2026-04-24 20:13:38
txn_0004857,cust_001428,deposit,successful,366.27,2026-02-13 16:38:06
txn_0004858,cust_001428,deposit,successful,158.65,2026-04-19 00:11:05
txn_0004859,cust_001428,deposit,successful,498.4,2026-02-06 04:43:15
txn_0004860,cust_001428,deposit,successful,233.15,2026-03-30 08:18:12
txn_0004861,cust_001429,deposit,successful,34.14,2026-02-05 06:32:17
txn_0004862,cust_001429,deposit,successful,26.79,2026-04-24 14:20:03
txn_0004863,cust_001429,deposit,successful,70.76,2026-03-28 07:33:46
txn_0004864,cust_001430,deposit,successful,49.32,2026-06-07 17:54:05
txn_0004865,cust_001430,deposit,successful,5.91,2026-05-28 17:45:44
txn_0004866,cust_001430,deposit,failed,6.9,2026-03-19 16:26:10
txn_0004867,cust_001430,deposit,successful,5.29,2026-05-28 23:31:58
txn_0004868,cust_001431,withdrawal,successful,28.49,2026-06-12 07:09:34
txn_0004869,cust_001432,deposit,successful,79.27,2026-06-27 21:38:25
txn_0004870,cust_001435,withdrawal,successful,48.03,2026-05-21 04:13:04
txn_0004871,cust_001435,deposit,failed,25.85,2026-05-17 18:32:29
txn_0004872,cust_001435,deposit,pending,26.5,2026-05-29 00:18:01
txn_0004873,cust_001436,deposit,successful,68.69,2026-06-29 12:10:02
txn_0004874,cust_001436,deposit,successful,22.5,2026-06-29 08:27:36
txn_0004875,cust_001437,withdrawal,successful,78.87,2026-06-22 18:22:20
txn_0004876,cust_001437,withdrawal,successful,22.16,2026-06-10 20:27:44
txn_0004877,cust_001437,deposit,successful,66.39,2026-06-04 06:53:26
txn_0004878,cust_001437,withdrawal,successful,70.73,2026-06-03 01:28:14
txn_0004879,cust_001438,deposit,pending,18.51,2026-06-13 15:54:10
txn_0004880,cust_001438,deposit,refunded,58.95,2026-05-08 19:41:12
txn_0004881,cust_001438,withdrawal,successful,40.82,2026-06-16 13:22:49
txn_0004882,cust_001438,deposit,successful,21.23,2026-06-01 02:53:54
txn_0004883,cust_001439,deposit,successful,73.48,2026-06-23 20:28:03
txn_0004884,cust_001439,withdrawal,successful,16.42,2026-06-29 08:22:22
txn_0004885,cust_001439,withdrawal,successful,66.7,2026-05-28 18:31:23
txn_0004886,cust_001440,withdrawal,successful,54.59,2026-06-29 18:27:35
txn_0004887,cust_001440,deposit,successful,54.41,2026-06-23 19:33:58
txn_0004888,cust_001442,withdrawal,successful,79.33,2026-05-30 19:09:26
txn_0004889,cust_001442,withdrawal,successful,64.33,2026-06-05 17:54:00
txn_0004890,cust_001443,deposit,successful,38.02,2026-04-24 19:56:26
txn_0004891,cust_001443,deposit,successful,46.94,2026-04-19 15:36:20
txn_0004892,cust_001443,deposit,failed,39.69,2026-04-11 00:39:06
txn_0004893,cust_001443,deposit,successful,34.14,2026-03-03 13:55:43
txn_0004894,cust_001444,withdrawal,successful,50.93,2026-06-15 05:10:12
txn_0004895,cust_001444,deposit,successful,34.49,2026-04-19 01:32:42
txn_0004896,cust_001444,deposit,successful,57.05,2026-06-10 21:48:56
txn_0004897,cust_001444,deposit,successful,54.7,2026-04-25 11:19:23
txn_0004898,cust_001445,deposit,successful,68.52,2026-01-15 22:50:51
txn_0004899,cust_001445,deposit,successful,54.61,2026-03-04 15:35:20
txn_0004900,cust_001445,withdrawal,successful,59.32,2026-02-03 05:38:08
txn_0004901,cust_001446,deposit,successful,32.16,2026-04-24 15:39:30
txn_0004902,cust_001446,deposit,failed,9.11,2026-06-11 22:59:28
txn_0004903,cust_001446,deposit,successful,78.87,2026-05-17 19:26:16
txn_0004904,cust_001446,withdrawal,successful,76.88,2026-06-25 02:19:12
txn_0004905,cust_001449,deposit,successful,10.53,2026-05-12 04:18:00
txn_0004906,cust_001449,withdrawal,pending,47.14,2026-04-19 16:37:08
txn_0004907,cust_001450,deposit,successful,43.57,2026-05-31 17:05:49
txn_0004908,cust_001450,deposit,successful,5.09,2026-03-15 20:28:56
txn_0004909,cust_001450,deposit,successful,54.14,2026-02-26 04:07:43
txn_0004910,cust_001450,withdrawal,successful,77.86,2026-06-08 07:49:43
txn_0004911,cust_001451,deposit,failed,40.86,2026-06-19 15:43:05
txn_0004912,cust_001451,deposit,successful,9.6,2026-06-03 13:43:21
txn_0004913,cust_001451,withdrawal,successful,55.72,2026-06-23 23:18:26
txn_0004914,cust_001451,deposit,failed,52.11,2026-06-11 21:27:34
txn_0004915,cust_001452,deposit,successful,59.35,2026-06-08 18:41:12
txn_0004916,cust_001452,deposit,successful,62.91,2026-05-15 23:21:24
txn_0004917,cust_001453,withdrawal,successful,35.8,2026-04-19 00:54:47
txn_0004918,cust_001454,deposit,successful,14.12,2026-04-27 19:30:24
txn_0004919,cust_001454,deposit,successful,67.14,2026-04-15 08:51:35
txn_0004920,cust_001454,deposit,successful,56.77,2026-03-25 14:18:58
txn_0004921,cust_001455,deposit,successful,28.76,2026-04-30 09:02:26
txn_0004922,cust_001455,deposit,successful,68.57,2026-05-22 04:17:13
txn_0004923,cust_001455,withdrawal,successful,16.05,2026-05-05 16:08:15
txn_0004924,cust_001455,deposit,successful,47.87,2026-06-20 05:27:00
txn_0004925,cust_001456,deposit,failed,64.13,2026-04-18 04:02:13
txn_0004926,cust_001456,withdrawal,successful,65.38,2026-06-08 02:56:28
txn_0004927,cust_001457,deposit,successful,39.58,2026-04-24 16:20:38
txn_0004928,cust_001457,withdrawal,failed,29.07,2026-06-27 05:32:10
txn_0004929,cust_001457,deposit,successful,18.88,2026-05-08 18:47:06
txn_0004930,cust_001457,deposit,successful,27.6,2026-04-28 03:00:40
txn_0004931,cust_001458,deposit,successful,62.51,2026-05-28 08:14:18
txn_0004932,cust_001459,withdrawal,successful,83.47,2026-06-01 15:19:14
txn_0004933,cust_001459,deposit,successful,241.74,2026-05-29 05:58:51
txn_0004934,cust_001459,deposit,successful,194.21,2026-05-28 04:34:11
txn_0004935,cust_001459,deposit,successful,192.77,2026-06-12 05:04:21
txn_0004936,cust_001461,deposit,successful,459.43,2026-05-06 08:03:11
txn_0004937,cust_001461,withdrawal,successful,288.79,2026-04-05 11:52:02
txn_0004938,cust_001461,deposit,successful,309.71,2026-03-12 04:37:18
txn_0004939,cust_001461,deposit,successful,169.9,2026-05-23 16:48:50
txn_0004940,cust_001461,deposit,successful,102.3,2026-02-03 16:19:46
txn_0004941,cust_001461,deposit,successful,227.87,2026-03-20 01:23:39
txn_0004942,cust_001461,deposit,successful,278.92,2026-03-05 21:57:12
txn_0004943,cust_001461,deposit,successful,330.12,2026-02-05 00:32:00
txn_0004944,cust_001461,deposit,successful,478.12,2026-04-22 06:01:05
txn_0004945,cust_001461,withdrawal,successful,486.58,2026-03-31 10:11:29
txn_0004946,cust_001461,deposit,successful,211.55,2026-06-12 06:46:32
txn_0004947,cust_001461,deposit,successful,205.82,2026-05-30 06:49:27
txn_0004948,cust_001461,deposit,successful,164.69,2026-01-30 08:38:11
txn_0004949,cust_001461,deposit,cancelled,78.98,2026-01-16 06:29:25
txn_0004950,cust_001461,deposit,successful,55.33,2026-03-31 13:20:42
txn_0004951,cust_001462,deposit,successful,76.84,2026-05-03 07:15:20
txn_0004952,cust_001462,withdrawal,successful,17.02,2026-03-08 01:55:33
txn_0004953,cust_001463,withdrawal,successful,20.6,2026-05-20 22:21:06
txn_0004954,cust_001464,deposit,refunded,76.72,2026-06-25 19:54:12
txn_0004955,cust_001464,withdrawal,successful,15.96,2026-06-29 11:43:20
txn_0004956,cust_001465,deposit,failed,43.35,2026-02-19 01:15:24
txn_0004957,cust_001465,deposit,successful,64.95,2026-02-25 06:14:21
txn_0004958,cust_001465,deposit,successful,44.13,2026-06-11 01:20:45
txn_0004959,cust_001465,deposit,successful,22.21,2026-04-18 16:57:53
txn_0004960,cust_001466,deposit,successful,31.17,2026-06-09 18:48:19
txn_0004961,cust_001466,deposit,successful,9.8,2026-02-25 06:40:52
txn_0004962,cust_001467,deposit,successful,295.15,2026-06-05 16:27:47
txn_0004963,cust_001467,deposit,successful,356.85,2026-06-20 04:58:16
txn_0004964,cust_001467,deposit,successful,392.91,2026-06-19 20:50:55
txn_0004965,cust_001467,deposit,successful,120.65,2026-06-02 05:09:16
txn_0004966,cust_001467,deposit,successful,91.12,2026-06-15 02:49:39
txn_0004967,cust_001467,deposit,successful,448.25,2026-06-16 15:25:45
txn_0004968,cust_001467,withdrawal,successful,359.89,2026-06-13 17:41:24
txn_0004969,cust_001468,deposit,successful,70.78,2026-05-08 16:16:54
txn_0004970,cust_001469,deposit,successful,5.81,2026-06-16 14:48:23
txn_0004971,cust_001470,deposit,successful,16.52,2026-01-26 10:25:38
txn_0004972,cust_001470,deposit,successful,72.83,2026-06-04 23:21:10
txn_0004973,cust_001471,deposit,successful,79.68,2026-05-04 04:11:17
txn_0004974,cust_001471,withdrawal,successful,78.55,2026-04-26 03:20:08
txn_0004975,cust_001472,deposit,successful,69.84,2026-02-15 20:26:35
txn_0004976,cust_001472,deposit,failed,21.58,2026-04-27 23:20:09
txn_0004977,cust_001472,withdrawal,successful,50.92,2026-05-03 18:34:25
txn_0004978,cust_001472,deposit,successful,27.92,2026-06-21 06:40:26
txn_0004979,cust_001473,deposit,refunded,175.3,2026-06-26 01:45:49
txn_0004980,cust_001473,deposit,successful,94.82,2026-06-26 10:55:13
txn_0004981,cust_001473,deposit,successful,63.78,2026-06-17 02:29:44
txn_0004982,cust_001473,deposit,successful,298.54,2026-06-25 00:59:20
txn_0004983,cust_001473,deposit,successful,270.41,2026-06-19 07:19:55
txn_0004984,cust_001473,deposit,successful,423.56,2026-06-27 00:30:59
txn_0004985,cust_001473,deposit,successful,183.07,2026-06-20 03:29:38
txn_0004986,cust_001475,withdrawal,successful,51.15,2026-06-12 19:17:27
txn_0004987,cust_001475,deposit,successful,58.91,2026-06-28 11:27:10
txn_0004988,cust_001475,deposit,successful,58.13,2026-05-31 21:14:35
txn_0004989,cust_001475,deposit,pending,17.2,2026-06-26 19:15:53
txn_0004990,cust_001476,deposit,cancelled,276.45,2026-03-18 23:42:26
txn_0004991,cust_001476,deposit,successful,250.27,2026-05-20 19:32:01
txn_0004992,cust_001476,withdrawal,successful,383.08,2026-03-08 15:00:48
txn_0004993,cust_001477,deposit,successful,79.63,2026-05-18 05:57:48
txn_0004994,cust_001477,deposit,successful,55.73,2026-06-23 12:05:59
txn_0004995,cust_001480,withdrawal,successful,399.33,2026-06-28 00:00:11
txn_0004996,cust_001480,deposit,successful,425.67,2026-06-28 15:24:36
txn_0004997,cust_001480,deposit,successful,292.24,2026-06-29 08:24:52
txn_0004998,cust_001480,deposit,pending,174.36,2026-06-28 16:49:42
txn_0004999,cust_001481,deposit,failed,458.81,2026-05-27 17:33:25
txn_0005000,cust_001481,withdrawal,successful,53.15,2026-06-21 06:33:28
txn_0005001,cust_001481,withdrawal,successful,244.29,2026-06-24 18:36:23
txn_0005002,cust_001482,withdrawal,successful,18.36,2026-04-11 11:39:07
txn_0005003,cust_001482,withdrawal,successful,76.97,2026-05-19 18:48:45
txn_0005004,cust_001483,deposit,successful,8.39,2026-05-22 13:52:09
txn_0005005,cust_001483,deposit,successful,38.22,2026-06-13 11:49:53
txn_0005006,cust_001486,withdrawal,successful,79.21,2026-05-24 05:29:02
txn_0005007,cust_001487,deposit,successful,29.85,2026-06-13 07:18:51
txn_0005008,cust_001487,withdrawal,successful,29.39,2026-03-06 13:36:58
txn_0005009,cust_001488,withdrawal,successful,46.21,2026-03-16 02:37:14
txn_0005010,cust_001488,withdrawal,successful,47.78,2026-06-27 00:48:26
txn_0005011,cust_001488,deposit,pending,70.86,2026-04-06 04:06:55
txn_0005012,cust_001489,deposit,successful,63.24,2026-04-14 06:57:55
txn_0005013,cust_001490,withdrawal,successful,9.56,2026-06-13 06:01:34
txn_0005014,cust_001490,deposit,successful,37.45,2026-06-17 06:11:55
txn_0005015,cust_001490,withdrawal,successful,52.67,2026-06-19 15:22:55
txn_0005016,cust_001490,withdrawal,successful,5.53,2026-06-06 00:48:06
txn_0005017,cust_001491,deposit,successful,60.54,2026-04-26 06:35:44
txn_0005018,cust_001491,deposit,successful,50.32,2026-06-10 13:25:38
txn_0005019,cust_001491,deposit,failed,14.5,2026-06-12 17:02:18
txn_0005020,cust_001492,withdrawal,successful,75.13,2026-05-14 11:55:38
txn_0005021,cust_001492,deposit,successful,20.84,2026-04-10 18:47:48
txn_0005022,cust_001493,deposit,successful,71.19,2026-06-21 03:00:07
txn_0005023,cust_001493,deposit,successful,34.74,2026-06-28 20:38:30
txn_0005024,cust_001493,withdrawal,successful,63.2,2026-06-16 12:49:40
txn_0005025,cust_001493,withdrawal,successful,8.84,2026-06-15 18:46:50
txn_0005026,cust_001495,deposit,successful,42.23,2026-03-11 01:29:15
txn_0005027,cust_001495,withdrawal,successful,68.72,2026-05-22 18:49:09
txn_0005028,cust_001495,deposit,successful,63.64,2026-03-22 17:00:02
txn_0005029,cust_001496,withdrawal,successful,25.78,2026-05-17 03:20:18
txn_0005030,cust_001496,withdrawal,successful,48.61,2026-06-04 06:04:43
txn_0005031,cust_001497,withdrawal,successful,53.02,2026-05-14 21:01:57
txn_0005032,cust_001498,withdrawal,cancelled,62.64,2026-06-04 10:52:00
txn_0005033,cust_001500,deposit,successful,75.25,2026-02-11 00:26:08
txn_0005034,cust_001500,deposit,failed,53.92,2026-05-28 13:46:47
txn_0005035,cust_001500,deposit,successful,29.7,2026-05-16 03:27:04
txn_0005036,cust_001501,deposit,successful,39.65,2026-02-17 12:32:40
txn_0005037,cust_001501,withdrawal,successful,32.29,2026-05-01 08:11:08
txn_0005038,cust_001501,deposit,successful,74.14,2026-03-22 07:06:27
txn_0005039,cust_001501,deposit,successful,10.4,2026-05-25 05:16:14
txn_0005040,cust_001502,deposit,refunded,55.79,2026-05-20 18:23:24
txn_0005041,cust_001503,deposit,successful,79.71,2026-04-22 12:19:42
txn_0005042,cust_001504,deposit,failed,76.8,2026-05-27 10:16:50
txn_0005043,cust_001504,deposit,successful,69.49,2026-06-29 15:48:02
txn_0005044,cust_001504,deposit,successful,5.2,2026-06-27 15:19:11
txn_0005045,cust_001505,deposit,successful,16.15,2026-03-10 10:22:42
txn_0005046,cust_001505,deposit,successful,26.19,2026-04-11 10:31:00
txn_0005047,cust_001505,deposit,refunded,49.09,2026-05-31 22:39:07
txn_0005048,cust_001505,deposit,successful,56.16,2026-04-13 16:02:07
txn_0005049,cust_001507,deposit,successful,65.09,2026-06-27 16:45:58
txn_0005050,cust_001508,deposit,successful,57.08,2026-06-25 21:39:56
txn_0005051,cust_001509,deposit,successful,120.14,2026-05-31 11:26:13
txn_0005052,cust_001509,deposit,successful,485.86,2026-04-01 02:50:06
txn_0005053,cust_001509,withdrawal,successful,181.41,2026-03-19 12:45:49
txn_0005054,cust_001509,deposit,successful,313.32,2026-03-11 11:33:40
txn_0005055,cust_001509,withdrawal,successful,362.69,2026-05-10 22:18:31
txn_0005056,cust_001509,deposit,successful,66.54,2026-04-02 21:26:31
txn_0005057,cust_001509,withdrawal,successful,137.55,2026-03-19 07:12:02
txn_0005058,cust_001510,withdrawal,successful,303.62,2026-05-28 23:54:43
txn_0005059,cust_001510,deposit,successful,394.69,2026-05-04 19:00:53
txn_0005060,cust_001510,withdrawal,successful,318.68,2026-06-27 08:08:15
txn_0005061,cust_001510,withdrawal,successful,379.59,2026-06-28 17:31:34
txn_0005062,cust_001510,deposit,successful,63.35,2026-05-25 13:08:11
txn_0005063,cust_001510,deposit,pending,125.99,2026-05-08 22:25:47
txn_0005064,cust_001510,deposit,successful,156.58,2026-06-26 00:31:47
txn_0005065,cust_001510,deposit,successful,183.22,2026-05-31 11:55:08
txn_0005066,cust_001510,withdrawal,successful,352.04,2026-05-18 02:39:22
txn_0005067,cust_001510,deposit,successful,415.08,2026-05-25 10:36:23
txn_0005068,cust_001510,deposit,successful,486.29,2026-05-06 05:45:45
txn_0005069,cust_001510,deposit,successful,274.88,2026-04-24 15:25:07
txn_0005070,cust_001510,withdrawal,successful,190.23,2026-06-28 06:15:22
txn_0005071,cust_001510,withdrawal,successful,269.67,2026-05-07 06:59:47
txn_0005072,cust_001510,deposit,successful,77.77,2026-06-21 07:30:48
txn_0005073,cust_001511,deposit,successful,130.07,2026-06-18 14:39:32
txn_0005074,cust_001511,deposit,successful,219.66,2026-06-19 17:27:56
txn_0005075,cust_001511,deposit,failed,476.62,2026-06-09 10:47:20
txn_0005076,cust_001512,deposit,successful,476.13,2026-02-05 16:17:54
txn_0005077,cust_001512,deposit,successful,218.54,2026-03-28 05:45:41
txn_0005078,cust_001512,deposit,successful,256.06,2026-01-21 05:31:47
txn_0005079,cust_001513,deposit,successful,73.83,2026-05-20 03:40:44
txn_0005080,cust_001513,deposit,successful,17.95,2026-05-24 05:36:46
txn_0005081,cust_001513,deposit,successful,23.96,2026-05-29 03:15:08
txn_0005082,cust_001514,withdrawal,successful,72.05,2026-06-24 13:04:14
txn_0005083,cust_001514,deposit,successful,46.34,2026-06-14 19:02:29
txn_0005084,cust_001514,deposit,successful,66.34,2026-06-29 15:46:26
txn_0005085,cust_001514,deposit,failed,60.55,2026-06-14 18:16:26
txn_0005086,cust_001515,withdrawal,successful,13.44,2026-04-03 11:41:57
txn_0005087,cust_001515,deposit,successful,11.38,2026-06-07 06:45:05
txn_0005088,cust_001515,deposit,successful,72.33,2026-03-16 19:21:47
txn_0005089,cust_001515,deposit,successful,53.93,2026-04-20 06:40:03
txn_0005090,cust_001516,deposit,successful,28.67,2026-03-21 12:18:56
txn_0005091,cust_001516,deposit,successful,45.16,2026-06-24 03:27:01
txn_0005092,cust_001516,deposit,successful,75.01,2026-06-25 07:32:40
txn_0005093,cust_001517,withdrawal,successful,54.52,2026-06-05 13:28:19
txn_0005094,cust_001519,deposit,successful,239.62,2026-06-25 00:45:43
txn_0005095,cust_001519,deposit,successful,166.41,2026-06-26 12:47:58
txn_0005096,cust_001519,withdrawal,successful,111.81,2026-06-26 22:23:04
txn_0005097,cust_001519,deposit,successful,430.09,2026-06-23 03:49:39
txn_0005098,cust_001521,deposit,successful,38.0,2026-06-26 05:15:55
txn_0005099,cust_001521,deposit,successful,18.27,2026-06-27 03:48:05
txn_0005100,cust_001521,deposit,successful,57.12,2026-06-28 15:40:01
txn_0005101,cust_001522,deposit,successful,6.06,2026-02-26 15:44:52
txn_0005102,cust_001522,deposit,successful,25.44,2026-05-04 16:08:42
txn_0005103,cust_001522,withdrawal,successful,70.06,2026-06-06 13:47:40
txn_0005104,cust_001522,deposit,refunded,43.55,2026-05-06 09:16:36
txn_0005105,cust_001523,deposit,successful,27.97,2026-06-25 11:51:06
txn_0005106,cust_001524,withdrawal,failed,43.45,2026-05-01 05:40:26
txn_0005107,cust_001524,deposit,successful,58.97,2026-06-23 16:51:59
txn_0005108,cust_001524,deposit,successful,13.96,2026-05-12 23:13:13
txn_0005109,cust_001524,deposit,successful,10.59,2026-06-04 20:03:16
txn_0005110,cust_001525,deposit,successful,59.65,2026-05-22 14:13:26
txn_0005111,cust_001525,withdrawal,successful,10.57,2026-05-04 12:58:51
txn_0005112,cust_001526,withdrawal,successful,79.96,2026-05-11 08:15:58
txn_0005113,cust_001526,deposit,successful,52.7,2026-05-23 09:31:23
txn_0005114,cust_001526,withdrawal,successful,72.32,2026-04-19 01:41:47
txn_0005115,cust_001527,deposit,cancelled,46.75,2026-05-07 23:09:42
txn_0005116,cust_001527,deposit,successful,56.43,2026-06-29 06:27:32
txn_0005117,cust_001529,deposit,successful,489.7,2026-03-28 14:55:28
txn_0005118,cust_001529,deposit,successful,285.03,2026-03-15 19:54:15
txn_0005119,cust_001529,deposit,successful,50.53,2026-06-11 12:19:44
txn_0005120,cust_001529,withdrawal,successful,268.65,2026-05-28 17:56:05
txn_0005121,cust_001531,deposit,successful,53.66,2026-06-04 16:29:23
txn_0005122,cust_001531,deposit,successful,26.39,2026-06-22 03:32:12
txn_0005123,cust_001531,deposit,successful,46.1,2026-06-29 08:00:22
txn_0005124,cust_001532,deposit,successful,57.45,2026-05-10 23:35:37
txn_0005125,cust_001532,deposit,successful,55.23,2026-04-05 01:57:26
txn_0005126,cust_001532,deposit,successful,74.48,2026-03-31 09:31:38
txn_0005127,cust_001533,deposit,successful,72.95,2026-06-04 12:48:24
txn_0005128,cust_001533,deposit,successful,62.63,2026-05-25 03:48:08
txn_0005129,cust_001533,deposit,successful,206.61,2026-05-04 10:15:24
txn_0005130,cust_001533,deposit,successful,393.17,2026-06-25 14:40:35
txn_0005131,cust_001533,deposit,cancelled,129.03,2026-06-18 23:31:00
txn_0005132,cust_001533,withdrawal,successful,329.05,2026-05-06 17:08:07
txn_0005133,cust_001533,deposit,successful,405.75,2026-06-19 14:53:17
txn_0005134,cust_001533,deposit,failed,361.77,2026-06-24 11:33:23
txn_0005135,cust_001533,deposit,successful,153.53,2026-06-21 03:19:00
txn_0005136,cust_001533,deposit,successful,386.67,2026-06-02 19:37:00
txn_0005137,cust_001533,deposit,successful,118.11,2026-05-23 15:31:00
txn_0005138,cust_001533,deposit,successful,351.03,2026-05-15 00:59:08
txn_0005139,cust_001533,deposit,successful,177.9,2026-05-29 06:28:06
txn_0005140,cust_001534,withdrawal,successful,7.95,2026-06-06 03:52:45
txn_0005141,cust_001534,withdrawal,successful,11.97,2026-06-09 18:52:22
txn_0005142,cust_001534,withdrawal,successful,75.31,2026-06-14 06:17:28
txn_0005143,cust_001535,withdrawal,successful,240.69,2026-06-10 06:56:21
txn_0005144,cust_001535,deposit,successful,402.52,2026-06-06 19:12:02
txn_0005145,cust_001535,withdrawal,successful,384.59,2026-01-30 08:55:41
txn_0005146,cust_001535,deposit,successful,426.87,2026-01-08 22:21:45
txn_0005147,cust_001535,deposit,successful,413.75,2026-01-25 03:59:26
txn_0005148,cust_001535,deposit,successful,409.97,2026-01-17 00:21:46
txn_0005149,cust_001535,deposit,successful,282.3,2026-03-24 22:07:27
txn_0005150,cust_001535,deposit,refunded,65.69,2026-05-06 21:24:21
txn_0005151,cust_001535,deposit,successful,201.83,2026-06-11 18:07:13
txn_0005152,cust_001535,deposit,successful,353.23,2026-01-16 18:20:02
txn_0005153,cust_001537,deposit,successful,144.09,2026-06-21 09:39:14
txn_0005154,cust_001537,deposit,successful,115.41,2026-06-09 19:27:03
txn_0005155,cust_001537,deposit,pending,455.61,2026-05-19 10:25:31
txn_0005156,cust_001537,deposit,successful,217.38,2026-06-29 07:12:34
txn_0005157,cust_001537,deposit,successful,234.66,2026-06-03 07:12:25
txn_0005158,cust_001537,withdrawal,successful,318.4,2026-06-10 05:09:56
txn_0005159,cust_001537,deposit,successful,422.04,2026-06-13 15:47:26
txn_0005160,cust_001537,deposit,successful,73.54,2026-05-30 08:30:26
txn_0005161,cust_001537,deposit,successful,342.88,2026-05-29 06:40:38
txn_0005162,cust_001537,deposit,successful,444.91,2026-05-10 19:22:23
txn_0005163,cust_001537,deposit,pending,169.11,2026-06-19 15:23:16
txn_0005164,cust_001537,deposit,successful,348.21,2026-06-27 02:13:33
txn_0005165,cust_001538,deposit,successful,46.0,2026-05-08 13:49:17
txn_0005166,cust_001538,deposit,successful,74.1,2026-06-14 00:51:36
txn_0005167,cust_001539,withdrawal,successful,485.77,2026-06-22 17:02:30
txn_0005168,cust_001539,deposit,successful,487.28,2026-06-26 17:02:14
txn_0005169,cust_001539,deposit,successful,251.09,2026-06-24 09:34:04
txn_0005170,cust_001539,deposit,successful,161.56,2026-06-28 02:03:56
txn_0005171,cust_001539,deposit,successful,296.44,2026-06-29 18:01:24
txn_0005172,cust_001539,deposit,successful,86.27,2026-06-23 04:29:52
txn_0005173,cust_001539,deposit,successful,201.18,2026-06-27 01:21:17
txn_0005174,cust_001539,withdrawal,successful,329.67,2026-06-22 17:57:34
txn_0005175,cust_001539,deposit,successful,328.85,2026-06-26 04:37:21
txn_0005176,cust_001539,deposit,successful,315.36,2026-06-26 12:31:37
txn_0005177,cust_001539,deposit,successful,198.79,2026-06-26 17:04:58
txn_0005178,cust_001539,withdrawal,successful,391.32,2026-06-26 11:37:51
txn_0005179,cust_001540,withdrawal,successful,463.13,2026-03-26 10:29:11
txn_0005180,cust_001540,withdrawal,successful,496.01,2026-06-24 20:47:46
txn_0005181,cust_001540,withdrawal,successful,361.07,2026-03-04 15:11:51
txn_0005182,cust_001541,deposit,successful,54.76,2026-06-05 07:38:47
txn_0005183,cust_001541,withdrawal,successful,23.84,2026-05-24 06:31:38
txn_0005184,cust_001541,withdrawal,successful,13.32,2026-05-06 15:24:59
txn_0005185,cust_001542,deposit,successful,64.07,2026-04-17 14:27:14
txn_0005186,cust_001542,withdrawal,successful,35.53,2026-04-29 20:39:38
txn_0005187,cust_001542,withdrawal,successful,35.72,2026-05-01 22:22:49
txn_0005188,cust_001542,deposit,failed,57.59,2026-03-18 16:37:22
txn_0005189,cust_001543,deposit,successful,54.29,2026-03-20 11:31:41
txn_0005190,cust_001543,withdrawal,successful,69.98,2026-03-20 21:00:11
txn_0005191,cust_001543,deposit,successful,14.85,2026-03-21 19:41:09
txn_0005192,cust_001544,deposit,successful,23.61,2026-05-30 10:12:20
txn_0005193,cust_001544,withdrawal,successful,65.63,2026-05-24 02:43:03
txn_0005194,cust_001545,deposit,successful,45.27,2026-03-03 02:08:01
txn_0005195,cust_001545,withdrawal,successful,39.24,2026-04-16 21:57:09
txn_0005196,cust_001545,deposit,successful,64.99,2026-03-02 03:51:47
txn_0005197,cust_001546,deposit,successful,364.34,2026-06-02 18:41:40
txn_0005198,cust_001546,deposit,successful,456.84,2026-06-04 03:18:13
txn_0005199,cust_001546,deposit,failed,237.29,2026-05-19 08:37:58
txn_0005200,cust_001546,deposit,successful,330.16,2026-05-14 15:54:31
txn_0005201,cust_001546,deposit,successful,154.24,2026-05-17 13:47:43
txn_0005202,cust_001546,withdrawal,successful,85.96,2026-05-09 18:46:57
txn_0005203,cust_001547,deposit,failed,18.2,2026-06-17 09:52:38
txn_0005204,cust_001547,deposit,successful,57.87,2026-06-17 14:48:31
txn_0005205,cust_001547,deposit,successful,67.56,2026-05-08 09:07:38
txn_0005206,cust_001547,deposit,successful,62.09,2026-06-18 03:12:28
txn_0005207,cust_001548,deposit,successful,495.57,2026-06-18 17:05:03
txn_0005208,cust_001548,deposit,successful,70.01,2026-05-12 23:06:53
txn_0005209,cust_001548,deposit,successful,416.52,2026-05-14 06:26:50
txn_0005210,cust_001548,deposit,successful,91.03,2026-06-11 16:30:37
txn_0005211,cust_001548,withdrawal,successful,385.61,2026-05-18 08:25:20
txn_0005212,cust_001549,deposit,successful,33.62,2026-06-26 17:10:58
txn_0005213,cust_001549,withdrawal,successful,38.19,2026-06-11 11:21:10
txn_0005214,cust_001549,withdrawal,successful,15.21,2026-05-03 18:53:57
txn_0005215,cust_001550,deposit,successful,40.34,2026-05-23 01:46:01
txn_0005216,cust_001550,deposit,successful,59.18,2026-05-07 19:42:55
txn_0005217,cust_001551,withdrawal,successful,302.47,2026-04-28 03:43:35
txn_0005218,cust_001551,deposit,successful,480.46,2026-02-15 12:47:49
txn_0005219,cust_001551,deposit,successful,152.4,2026-05-15 06:20:25
txn_0005220,cust_001551,withdrawal,pending,415.97,2026-04-08 08:56:41
txn_0005221,cust_001551,deposit,successful,366.9,2026-06-03 14:48:41
txn_0005222,cust_001551,withdrawal,successful,128.07,2026-04-23 13:57:41
txn_0005223,cust_001551,deposit,successful,274.87,2026-04-28 22:44:31
txn_0005224,cust_001551,deposit,successful,198.77,2026-03-21 10:56:21
txn_0005225,cust_001551,deposit,successful,261.42,2026-05-24 09:41:22
txn_0005226,cust_001551,deposit,successful,149.28,2026-04-30 18:23:27
txn_0005227,cust_001552,withdrawal,successful,30.83,2026-05-09 22:41:06
txn_0005228,cust_001554,deposit,successful,17.24,2026-06-10 20:31:21
txn_0005229,cust_001554,deposit,failed,29.83,2026-04-17 19:06:05
txn_0005230,cust_001555,withdrawal,failed,78.58,2026-05-27 15:28:06
txn_0005231,cust_001555,deposit,successful,53.69,2026-06-19 11:34:28
txn_0005232,cust_001555,deposit,refunded,77.83,2026-06-21 06:44:09
txn_0005233,cust_001555,deposit,successful,64.15,2026-06-09 22:07:37
txn_0005234,cust_001556,deposit,successful,70.21,2026-03-27 14:52:51
txn_0005235,cust_001556,withdrawal,successful,64.01,2026-06-21 09:14:58
txn_0005236,cust_001558,withdrawal,successful,43.62,2026-05-19 01:02:21
txn_0005237,cust_001558,deposit,successful,37.34,2026-06-26 03:50:38
txn_0005238,cust_001559,deposit,successful,330.62,2026-06-29 06:29:32
txn_0005239,cust_001559,deposit,successful,294.96,2026-06-29 10:19:08
txn_0005240,cust_001559,deposit,successful,63.05,2026-06-29 15:56:10
txn_0005241,cust_001559,deposit,refunded,157.62,2026-06-29 05:53:11
txn_0005242,cust_001559,deposit,successful,428.14,2026-06-29 21:12:53
txn_0005243,cust_001559,deposit,successful,239.79,2026-06-29 05:48:46
txn_0005244,cust_001559,deposit,successful,299.82,2026-06-29 23:09:45
txn_0005245,cust_001559,deposit,successful,474.82,2026-06-29 04:41:18
txn_0005246,cust_001559,deposit,successful,309.16,2026-06-29 08:55:04
txn_0005247,cust_001559,withdrawal,successful,274.46,2026-06-29 18:22:12
txn_0005248,cust_001559,deposit,successful,150.73,2026-06-29 19:49:02
txn_0005249,cust_001559,withdrawal,successful,194.21,2026-06-29 01:56:31
txn_0005250,cust_001559,deposit,refunded,67.19,2026-06-29 02:45:21
txn_0005251,cust_001559,deposit,successful,418.37,2026-06-29 13:19:29
txn_0005252,cust_001560,deposit,successful,35.28,2026-05-28 15:48:55
txn_0005253,cust_001561,withdrawal,successful,17.43,2026-06-25 23:00:53
txn_0005254,cust_001561,deposit,successful,74.45,2026-06-23 20:50:54
txn_0005255,cust_001561,deposit,successful,32.61,2026-06-27 12:52:40
txn_0005256,cust_001562,deposit,successful,482.32,2026-05-04 15:12:41
txn_0005257,cust_001562,deposit,failed,216.88,2026-06-15 16:35:23
txn_0005258,cust_001562,deposit,successful,453.45,2026-04-28 22:55:43
txn_0005259,cust_001562,deposit,successful,303.42,2026-03-23 00:30:09
txn_0005260,cust_001562,withdrawal,refunded,281.28,2026-04-24 07:47:26
txn_0005261,cust_001562,deposit,successful,453.91,2026-04-21 13:54:18
txn_0005262,cust_001562,deposit,successful,360.36,2026-03-28 03:46:05
txn_0005263,cust_001563,deposit,successful,414.05,2026-05-11 22:10:28
txn_0005264,cust_001563,deposit,successful,340.36,2026-06-18 10:02:32
txn_0005265,cust_001563,deposit,successful,227.46,2026-05-05 05:08:43
txn_0005266,cust_001563,deposit,successful,333.12,2026-06-26 06:00:18
txn_0005267,cust_001563,deposit,successful,271.14,2026-06-03 08:05:27
txn_0005268,cust_001563,deposit,successful,411.72,2026-05-03 19:54:30
txn_0005269,cust_001563,deposit,successful,263.11,2026-05-11 03:45:08
txn_0005270,cust_001563,deposit,successful,258.45,2026-05-23 10:41:01
txn_0005271,cust_001564,deposit,successful,27.51,2026-03-02 11:25:18
txn_0005272,cust_001564,deposit,successful,56.24,2026-04-14 08:47:41
txn_0005273,cust_001564,deposit,successful,63.93,2026-02-20 18:42:34
txn_0005274,cust_001564,deposit,successful,5.72,2026-03-30 11:36:08
txn_0005275,cust_001565,withdrawal,successful,26.72,2026-03-14 08:25:45
txn_0005276,cust_001565,deposit,successful,23.79,2026-05-19 19:46:11
txn_0005277,cust_001565,deposit,successful,72.59,2026-05-15 03:00:09
txn_0005278,cust_001566,deposit,successful,40.86,2026-04-14 15:48:40
txn_0005279,cust_001567,withdrawal,successful,177.04,2026-02-07 05:24:29
txn_0005280,cust_001567,withdrawal,successful,89.84,2026-03-23 02:30:33
txn_0005281,cust_001567,deposit,successful,196.21,2026-03-03 21:03:17
txn_0005282,cust_001567,withdrawal,successful,89.13,2026-05-28 09:50:28
txn_0005283,cust_001567,deposit,successful,383.46,2026-04-01 18:14:22
txn_0005284,cust_001567,deposit,successful,369.52,2026-05-10 13:04:18
txn_0005285,cust_001567,deposit,successful,395.21,2026-05-29 16:03:17
txn_0005286,cust_001567,deposit,successful,242.38,2026-05-02 15:35:17
txn_0005287,cust_001567,deposit,successful,180.66,2026-03-20 10:49:49
txn_0005288,cust_001567,deposit,successful,61.66,2026-03-03 06:29:12
txn_0005289,cust_001567,deposit,cancelled,368.49,2026-06-17 02:41:19
txn_0005290,cust_001567,deposit,successful,91.52,2026-02-09 15:46:24
txn_0005291,cust_001567,deposit,successful,123.24,2026-02-08 16:10:29
txn_0005292,cust_001567,deposit,successful,295.27,2026-05-20 23:25:05
txn_0005293,cust_001568,withdrawal,successful,235.48,2026-06-03 18:31:10
txn_0005294,cust_001568,deposit,successful,421.03,2026-04-10 08:40:11
txn_0005295,cust_001568,deposit,successful,66.25,2026-05-26 07:00:27
txn_0005296,cust_001568,withdrawal,successful,194.42,2026-04-17 15:50:34
txn_0005297,cust_001568,deposit,successful,143.1,2026-06-05 14:14:27
txn_0005298,cust_001568,withdrawal,successful,243.97,2026-06-11 19:48:10
txn_0005299,cust_001568,withdrawal,successful,496.27,2026-04-04 05:26:36
txn_0005300,cust_001568,withdrawal,successful,495.73,2026-06-05 13:16:03
txn_0005301,cust_001568,deposit,failed,344.84,2026-06-21 07:53:06
txn_0005302,cust_001570,withdrawal,successful,71.59,2026-03-03 08:38:41
txn_0005303,cust_001570,withdrawal,successful,29.08,2026-02-15 22:40:32
txn_0005304,cust_001570,deposit,successful,20.45,2026-06-29 05:35:18
txn_0005305,cust_001570,withdrawal,successful,25.43,2026-03-29 08:29:45
txn_0005306,cust_001571,deposit,failed,76.86,2026-05-14 08:24:28
txn_0005307,cust_001571,deposit,successful,62.75,2026-06-05 01:07:22
txn_0005308,cust_001571,withdrawal,successful,39.03,2026-06-06 01:48:07
txn_0005309,cust_001572,withdrawal,successful,21.96,2026-02-17 12:28:56
txn_0005310,cust_001572,deposit,successful,13.83,2026-02-28 13:51:34
txn_0005311,cust_001572,deposit,successful,76.98,2026-04-25 14:20:46
txn_0005312,cust_001574,withdrawal,pending,449.97,2026-06-21 19:29:44
txn_0005313,cust_001574,withdrawal,successful,479.35,2026-04-11 00:10:53
txn_0005314,cust_001574,deposit,successful,436.87,2026-05-14 19:24:12
txn_0005315,cust_001574,deposit,successful,60.22,2026-05-22 19:44:16
txn_0005316,cust_001574,withdrawal,pending,461.3,2026-05-17 02:06:40
txn_0005317,cust_001574,deposit,successful,358.89,2026-05-16 13:34:25
txn_0005318,cust_001574,deposit,successful,161.52,2026-06-21 08:36:05
txn_0005319,cust_001574,deposit,successful,98.64,2026-05-25 21:07:41
txn_0005320,cust_001575,withdrawal,successful,311.0,2026-05-11 13:34:54
txn_0005321,cust_001575,deposit,successful,301.74,2026-05-13 17:08:38
txn_0005322,cust_001575,deposit,successful,146.97,2026-06-06 22:57:36
txn_0005323,cust_001576,deposit,failed,400.24,2026-06-22 23:22:42
txn_0005324,cust_001576,deposit,successful,362.07,2026-06-23 03:34:11
txn_0005325,cust_001576,deposit,successful,126.99,2026-06-25 19:17:16
txn_0005326,cust_001576,deposit,successful,428.33,2026-06-10 03:01:53
txn_0005327,cust_001576,withdrawal,successful,461.0,2026-06-17 21:20:21
txn_0005328,cust_001576,deposit,successful,297.68,2026-06-19 01:46:26
txn_0005329,cust_001576,deposit,successful,499.52,2026-06-17 16:17:45
txn_0005330,cust_001576,withdrawal,successful,452.37,2026-06-12 18:36:03
txn_0005331,cust_001577,deposit,successful,283.72,2026-06-11 04:14:57
txn_0005332,cust_001577,deposit,successful,273.02,2026-06-22 14:09:50
txn_0005333,cust_001577,withdrawal,successful,137.95,2026-06-28 11:32:37
txn_0005334,cust_001577,deposit,successful,115.42,2026-05-30 16:34:38
txn_0005335,cust_001577,deposit,successful,362.69,2026-06-06 01:24:39
txn_0005336,cust_001577,withdrawal,successful,235.98,2026-06-11 05:09:02
txn_0005337,cust_001578,deposit,successful,75.78,2026-06-14 03:08:07
txn_0005338,cust_001578,deposit,successful,62.5,2026-06-16 08:39:46
txn_0005339,cust_001578,deposit,successful,39.3,2026-04-02 12:21:38
txn_0005340,cust_001579,deposit,successful,229.84,2026-05-10 16:18:44
txn_0005341,cust_001579,deposit,successful,52.19,2026-04-23 07:30:01
txn_0005342,cust_001579,deposit,successful,163.88,2026-04-20 03:38:31
txn_0005343,cust_001579,deposit,successful,100.73,2026-05-16 19:43:43
txn_0005344,cust_001579,deposit,successful,451.23,2026-04-30 19:42:14
txn_0005345,cust_001579,deposit,successful,95.89,2026-04-05 11:34:19
txn_0005346,cust_001579,deposit,successful,444.85,2026-04-13 05:56:24
txn_0005347,cust_001579,deposit,successful,229.85,2026-04-10 03:42:26
txn_0005348,cust_001579,deposit,successful,202.9,2026-04-27 04:12:26
txn_0005349,cust_001579,deposit,successful,459.4,2026-04-28 01:02:12
txn_0005350,cust_001580,deposit,successful,42.99,2026-06-21 10:28:11
txn_0005351,cust_001581,deposit,successful,430.53,2026-06-29 13:37:24
txn_0005352,cust_001581,deposit,successful,170.11,2026-06-29 23:55:25
txn_0005353,cust_001581,deposit,successful,354.5,2026-06-25 09:37:24
txn_0005354,cust_001581,deposit,successful,431.42,2026-06-14 04:52:38
txn_0005355,cust_001581,deposit,successful,62.9,2026-06-16 06:59:34
txn_0005356,cust_001581,withdrawal,successful,91.72,2026-06-08 02:14:03
txn_0005357,cust_001581,withdrawal,refunded,118.48,2026-06-09 08:11:48
txn_0005358,cust_001581,withdrawal,successful,285.2,2026-06-29 12:17:36
txn_0005359,cust_001581,deposit,successful,359.15,2026-06-12 11:34:16
txn_0005360,cust_001581,deposit,successful,484.66,2026-06-23 15:22:44
txn_0005361,cust_001581,deposit,successful,225.76,2026-06-11 00:58:13
txn_0005362,cust_001581,deposit,successful,403.75,2026-06-21 23:22:58
txn_0005363,cust_001581,deposit,pending,355.63,2026-06-26 08:00:51
txn_0005364,cust_001581,deposit,successful,137.16,2026-06-20 05:03:54
txn_0005365,cust_001581,deposit,failed,88.27,2026-06-19 22:08:18
txn_0005366,cust_001583,deposit,successful,10.22,2026-03-13 00:57:27
txn_0005367,cust_001583,withdrawal,refunded,69.21,2026-04-10 09:55:28
txn_0005368,cust_001583,deposit,successful,25.63,2026-04-06 17:02:07
txn_0005369,cust_001583,deposit,successful,19.16,2026-04-12 19:39:33
txn_0005370,cust_001584,deposit,successful,6.17,2026-06-16 19:45:48
txn_0005371,cust_001584,deposit,successful,29.8,2026-06-29 20:17:21
txn_0005372,cust_001584,deposit,refunded,27.87,2026-06-19 00:18:05
txn_0005373,cust_001585,deposit,successful,50.98,2026-05-13 16:17:36
txn_0005374,cust_001585,deposit,successful,15.36,2026-05-14 12:19:57
txn_0005375,cust_001586,withdrawal,successful,57.15,2026-06-27 21:39:52
txn_0005376,cust_001586,deposit,successful,40.6,2026-05-24 07:57:45
txn_0005377,cust_001586,withdrawal,successful,13.42,2026-05-18 13:57:31
txn_0005378,cust_001588,deposit,successful,25.32,2026-05-27 20:58:14
txn_0005379,cust_001588,deposit,successful,57.28,2026-06-04 15:05:14
txn_0005380,cust_001588,withdrawal,successful,55.56,2026-06-07 09:26:47
txn_0005381,cust_001589,deposit,failed,66.75,2026-05-04 06:20:16
txn_0005382,cust_001589,deposit,successful,50.45,2026-06-28 21:13:02
txn_0005383,cust_001589,deposit,successful,8.98,2026-03-29 23:13:40
txn_0005384,cust_001589,deposit,successful,14.41,2026-04-10 02:03:52
txn_0005385,cust_001590,deposit,successful,35.38,2026-06-19 13:00:52
txn_0005386,cust_001590,withdrawal,successful,69.23,2026-05-10 23:25:47
txn_0005387,cust_001591,deposit,failed,46.96,2026-05-14 07:05:41
txn_0005388,cust_001591,deposit,successful,18.03,2026-05-13 00:03:59
txn_0005389,cust_001591,deposit,successful,28.5,2026-05-08 19:24:43
txn_0005390,cust_001591,deposit,successful,20.15,2026-06-06 14:32:10
txn_0005391,cust_001592,withdrawal,successful,370.82,2026-05-25 15:04:57
txn_0005392,cust_001592,deposit,successful,497.1,2026-06-14 10:00:02
txn_0005393,cust_001592,deposit,successful,236.55,2026-03-21 21:33:18
txn_0005394,cust_001592,deposit,successful,477.76,2026-05-22 14:43:13
txn_0005395,cust_001592,deposit,successful,282.94,2026-04-30 08:12:38
txn_0005396,cust_001592,withdrawal,pending,426.11,2026-03-07 13:45:12
txn_0005397,cust_001592,deposit,successful,353.81,2026-03-02 06:51:07
txn_0005398,cust_001592,withdrawal,successful,469.56,2026-03-09 04:07:53
txn_0005399,cust_001592,withdrawal,successful,104.37,2026-06-15 00:21:06
txn_0005400,cust_001592,deposit,successful,469.86,2026-04-22 09:20:54
txn_0005401,cust_001592,deposit,successful,86.78,2026-06-29 03:31:20
txn_0005402,cust_001593,deposit,successful,9.53,2026-03-27 19:41:19
txn_0005403,cust_001593,withdrawal,successful,17.93,2026-04-08 22:05:30
txn_0005404,cust_001593,deposit,successful,20.97,2026-05-15 01:06:29
txn_0005405,cust_001593,withdrawal,successful,73.79,2026-05-20 05:34:28
txn_0005406,cust_001594,withdrawal,successful,158.53,2026-04-21 22:26:22
txn_0005407,cust_001594,withdrawal,successful,301.81,2026-05-02 09:19:20
txn_0005408,cust_001594,deposit,successful,52.13,2026-05-18 12:21:42
txn_0005409,cust_001594,deposit,successful,334.64,2026-04-15 17:56:58
txn_0005410,cust_001594,withdrawal,successful,120.57,2026-04-13 04:54:57
txn_0005411,cust_001594,deposit,successful,422.74,2026-05-27 21:04:26
txn_0005412,cust_001594,deposit,successful,232.78,2026-04-20 02:48:04
txn_0005413,cust_001594,deposit,successful,234.09,2026-06-02 15:53:59
txn_0005414,cust_001594,deposit,successful,293.51,2026-04-18 09:48:10
txn_0005415,cust_001594,deposit,successful,297.19,2026-04-23 17:38:59
txn_0005416,cust_001594,deposit,successful,256.72,2026-05-09 01:12:27
txn_0005417,cust_001594,deposit,successful,350.89,2026-06-23 03:01:42
txn_0005418,cust_001594,deposit,successful,50.52,2026-06-12 15:22:53
txn_0005419,cust_001594,withdrawal,successful,262.57,2026-06-15 08:01:52
txn_0005420,cust_001595,deposit,successful,70.99,2026-05-17 09:37:38
txn_0005421,cust_001595,deposit,successful,287.48,2026-04-09 21:36:21
txn_0005422,cust_001595,deposit,successful,367.27,2026-06-12 06:47:42
txn_0005423,cust_001596,deposit,successful,17.32,2026-04-20 15:37:34
txn_0005424,cust_001596,withdrawal,successful,47.8,2026-03-14 19:41:04
txn_0005425,cust_001596,deposit,successful,42.85,2026-04-30 00:05:49
txn_0005426,cust_001596,deposit,successful,41.88,2026-05-31 12:09:04
txn_0005427,cust_001597,deposit,successful,18.2,2026-06-08 20:12:20
txn_0005428,cust_001597,deposit,successful,64.88,2026-04-29 04:35:51
txn_0005429,cust_001597,deposit,successful,34.62,2026-04-03 01:58:38
txn_0005430,cust_001598,deposit,successful,55.77,2026-06-12 11:57:19
txn_0005431,cust_001598,deposit,successful,42.66,2026-06-02 18:35:58
txn_0005432,cust_001598,deposit,successful,40.75,2026-06-19 04:41:30
txn_0005433,cust_001600,deposit,successful,200.23,2026-06-16 22:04:00
txn_0005434,cust_001600,deposit,successful,246.86,2026-06-11 00:35:32
txn_0005435,cust_001600,deposit,successful,76.26,2026-06-12 23:02:20
txn_0005436,cust_001600,withdrawal,successful,205.39,2026-06-14 09:53:57
txn_0005437,cust_001600,deposit,failed,150.21,2026-06-23 12:29:00
txn_0005438,cust_001600,deposit,successful,499.59,2026-06-03 14:27:23
txn_0005439,cust_001601,deposit,successful,392.27,2026-06-22 15:35:32
txn_0005440,cust_001601,deposit,successful,244.71,2026-05-20 04:49:40
txn_0005441,cust_001601,deposit,successful,259.24,2026-05-29 04:37:36
txn_0005442,cust_001601,deposit,successful,204.17,2026-05-22 01:48:13
txn_0005443,cust_001601,withdrawal,successful,308.64,2026-06-15 17:21:18
txn_0005444,cust_001601,withdrawal,successful,211.17,2026-06-23 18:22:55
txn_0005445,cust_001601,deposit,failed,465.87,2026-06-20 02:44:24
txn_0005446,cust_001602,deposit,cancelled,271.66,2026-04-12 09:49:11
txn_0005447,cust_001602,withdrawal,successful,117.25,2026-04-11 03:35:59
txn_0005448,cust_001602,withdrawal,successful,398.0,2026-04-16 22:34:56
txn_0005449,cust_001602,withdrawal,successful,452.84,2026-04-13 03:34:30
txn_0005450,cust_001602,deposit,successful,353.38,2026-06-21 13:33:02
txn_0005451,cust_001602,deposit,successful,95.9,2026-04-26 08:52:23
txn_0005452,cust_001603,deposit,failed,62.51,2026-06-27 02:41:29
txn_0005453,cust_001603,deposit,successful,45.74,2026-01-19 08:10:57
txn_0005454,cust_001603,withdrawal,successful,23.82,2026-02-27 07:33:43
txn_0005455,cust_001604,deposit,failed,25.03,2026-04-28 01:57:33
txn_0005456,cust_001604,deposit,successful,56.21,2026-05-16 02:14:04
txn_0005457,cust_001604,deposit,successful,20.79,2026-06-15 23:11:40
txn_0005458,cust_001606,withdrawal,successful,53.43,2026-06-07 11:29:08
txn_0005459,cust_001608,deposit,successful,21.43,2026-06-11 02:55:21
txn_0005460,cust_001608,withdrawal,successful,51.97,2026-06-28 07:18:37
txn_0005461,cust_001610,deposit,successful,47.85,2026-05-01 17:50:45
txn_0005462,cust_001610,deposit,successful,52.09,2026-06-15 17:05:41
txn_0005463,cust_001610,deposit,successful,28.04,2026-04-19 05:36:26
txn_0005464,cust_001612,deposit,successful,349.56,2026-06-13 12:32:31
txn_0005465,cust_001612,deposit,successful,350.92,2026-06-26 06:23:30
txn_0005466,cust_001612,deposit,successful,370.98,2026-05-17 00:37:02
txn_0005467,cust_001612,withdrawal,successful,486.37,2026-06-28 21:14:02
txn_0005468,cust_001612,deposit,successful,213.2,2026-06-17 09:24:13
txn_0005469,cust_001612,deposit,successful,286.78,2026-05-09 21:24:53
txn_0005470,cust_001612,deposit,successful,67.11,2026-06-21 13:14:37
txn_0005471,cust_001612,withdrawal,successful,260.94,2026-06-24 22:51:08
txn_0005472,cust_001613,deposit,successful,11.02,2026-05-20 12:11:39
txn_0005473,cust_001615,deposit,successful,33.06,2026-04-25 23:52:59
txn_0005474,cust_001615,withdrawal,successful,64.84,2026-03-25 01:53:31
txn_0005475,cust_001615,deposit,successful,7.24,2026-06-07 06:19:20
txn_0005476,cust_001615,deposit,successful,70.77,2026-04-11 08:27:28
txn_0005477,cust_001617,withdrawal,successful,255.98,2026-06-13 11:39:39
txn_0005478,cust_001617,deposit,successful,92.13,2026-05-10 11:09:53
txn_0005479,cust_001617,deposit,successful,289.35,2026-06-19 18:13:29
txn_0005480,cust_001617,deposit,successful,375.87,2026-04-18 14:08:52
txn_0005481,cust_001617,deposit,successful,287.48,2026-03-24 21:03:18
txn_0005482,cust_001617,deposit,successful,221.51,2026-05-10 04:58:24
txn_0005483,cust_001617,deposit,successful,391.72,2026-05-28 21:39:20
txn_0005484,cust_001617,deposit,successful,142.65,2026-04-06 06:35:47
txn_0005485,cust_001617,deposit,failed,321.67,2026-06-03 20:13:17
txn_0005486,cust_001618,deposit,successful,20.08,2026-01-15 09:39:36
txn_0005487,cust_001618,deposit,successful,26.45,2026-06-07 11:45:08
txn_0005488,cust_001619,deposit,successful,139.27,2026-06-08 20:45:08
txn_0005489,cust_001619,deposit,successful,64.09,2026-06-01 13:03:24
txn_0005490,cust_001619,deposit,refunded,347.98,2026-05-22 18:17:31
txn_0005491,cust_001619,deposit,successful,221.08,2026-05-31 21:42:18
txn_0005492,cust_001619,deposit,successful,207.92,2026-05-30 03:26:12
txn_0005493,cust_001619,withdrawal,successful,373.92,2026-05-31 22:42:41
txn_0005494,cust_001619,withdrawal,successful,142.03,2026-06-26 10:10:41
txn_0005495,cust_001619,withdrawal,successful,146.22,2026-06-18 09:26:02
txn_0005496,cust_001619,deposit,successful,52.29,2026-06-10 00:03:25
txn_0005497,cust_001619,deposit,successful,54.67,2026-06-20 06:47:18
txn_0005498,cust_001619,deposit,successful,486.58,2026-06-25 22:51:28
txn_0005499,cust_001619,deposit,failed,119.41,2026-06-27 05:01:07
txn_0005500,cust_001619,deposit,successful,398.1,2026-06-12 17:06:43
txn_0005501,cust_001620,deposit,successful,43.56,2026-06-08 01:49:53
txn_0005502,cust_001621,deposit,successful,41.33,2026-03-02 17:47:42
txn_0005503,cust_001621,deposit,successful,55.32,2026-06-12 16:26:45
txn_0005504,cust_001622,withdrawal,successful,73.65,2026-05-15 19:46:52
txn_0005505,cust_001622,deposit,successful,52.89,2026-05-30 00:30:16
txn_0005506,cust_001622,withdrawal,successful,61.34,2026-05-26 23:26:31
txn_0005507,cust_001623,withdrawal,successful,77.1,2026-06-13 12:46:49
txn_0005508,cust_001623,deposit,pending,64.46,2026-06-24 21:04:37
txn_0005509,cust_001623,withdrawal,successful,62.61,2026-06-14 12:47:07
txn_0005510,cust_001624,deposit,successful,42.59,2026-04-20 16:42:41
txn_0005511,cust_001624,withdrawal,successful,37.76,2026-05-15 18:24:53
txn_0005512,cust_001625,withdrawal,successful,294.04,2026-06-26 11:33:08
txn_0005513,cust_001625,deposit,successful,90.76,2026-06-26 11:35:58
txn_0005514,cust_001625,deposit,successful,156.38,2026-06-29 09:24:16
txn_0005515,cust_001625,deposit,successful,209.64,2026-06-17 19:36:32
txn_0005516,cust_001625,deposit,successful,328.54,2026-06-20 11:33:31
txn_0005517,cust_001625,deposit,successful,75.99,2026-06-20 16:45:12
txn_0005518,cust_001626,deposit,successful,49.38,2026-06-16 14:46:57
txn_0005519,cust_001626,deposit,failed,76.42,2026-06-13 01:20:53
txn_0005520,cust_001626,deposit,successful,63.09,2026-05-13 22:47:13
txn_0005521,cust_001626,deposit,successful,49.61,2026-05-24 09:21:01
txn_0005522,cust_001628,deposit,successful,7.41,2026-05-11 18:08:47
txn_0005523,cust_001628,deposit,successful,44.08,2026-04-04 11:54:17
txn_0005524,cust_001629,deposit,successful,329.85,2026-06-20 08:52:41
txn_0005525,cust_001629,deposit,successful,314.33,2026-06-14 13:07:23
txn_0005526,cust_001629,deposit,successful,248.58,2026-06-12 14:24:21
txn_0005527,cust_001629,deposit,successful,105.14,2026-06-28 07:03:23
txn_0005528,cust_001629,deposit,successful,133.82,2026-06-03 22:26:46
txn_0005529,cust_001629,withdrawal,successful,377.16,2026-06-11 12:59:12
txn_0005530,cust_001629,deposit,successful,490.57,2026-06-15 04:40:57
txn_0005531,cust_001630,withdrawal,successful,52.89,2026-04-30 19:24:52
txn_0005532,cust_001630,deposit,successful,14.2,2026-05-23 09:20:14
txn_0005533,cust_001630,withdrawal,successful,32.96,2026-05-15 00:53:21
txn_0005534,cust_001630,deposit,successful,35.08,2026-06-27 05:25:28
txn_0005535,cust_001631,withdrawal,successful,387.14,2026-04-22 07:03:05
txn_0005536,cust_001631,withdrawal,successful,202.43,2026-06-13 19:31:17
txn_0005537,cust_001631,withdrawal,failed,55.2,2026-05-31 17:07:21
txn_0005538,cust_001631,deposit,successful,132.96,2026-03-05 07:36:20
txn_0005539,cust_001631,deposit,failed,92.6,2026-05-21 10:18:31
txn_0005540,cust_001631,deposit,successful,74.66,2026-06-08 12:49:59
txn_0005541,cust_001631,deposit,successful,318.98,2026-03-09 14:18:10
txn_0005542,cust_001631,deposit,successful,135.36,2026-03-14 12:17:59
txn_0005543,cust_001632,deposit,successful,444.69,2026-02-19 00:37:13
txn_0005544,cust_001632,withdrawal,successful,415.84,2026-06-22 11:00:54
txn_0005545,cust_001632,deposit,successful,235.3,2026-06-03 22:09:51
txn_0005546,cust_001632,deposit,successful,271.6,2026-06-20 05:03:16
txn_0005547,cust_001632,withdrawal,successful,190.03,2026-06-16 15:59:07
txn_0005548,cust_001632,withdrawal,refunded,368.21,2026-03-23 14:44:37
txn_0005549,cust_001632,withdrawal,successful,458.23,2026-05-31 10:47:48
txn_0005550,cust_001632,withdrawal,successful,57.77,2026-04-24 00:00:26
txn_0005551,cust_001633,withdrawal,successful,87.68,2026-05-24 01:17:35
txn_0005552,cust_001633,deposit,successful,83.4,2026-03-30 06:45:51
txn_0005553,cust_001633,deposit,successful,482.77,2026-04-03 16:32:10
txn_0005554,cust_001633,deposit,cancelled,68.61,2026-04-23 11:51:30
txn_0005555,cust_001633,deposit,failed,265.1,2026-04-13 09:34:18
txn_0005556,cust_001633,deposit,successful,273.21,2026-06-02 11:52:46
txn_0005557,cust_001633,deposit,successful,372.36,2026-04-02 00:01:11
txn_0005558,cust_001633,deposit,failed,97.8,2026-05-19 13:27:45
txn_0005559,cust_001633,withdrawal,successful,457.3,2026-04-07 04:58:48
txn_0005560,cust_001633,withdrawal,cancelled,342.35,2026-03-09 08:58:31
txn_0005561,cust_001633,deposit,successful,498.49,2026-06-25 22:29:45
txn_0005562,cust_001633,deposit,successful,270.67,2026-05-03 17:59:29
txn_0005563,cust_001634,deposit,successful,8.6,2026-05-26 21:45:04
txn_0005564,cust_001634,deposit,successful,55.04,2026-04-26 18:58:22
txn_0005565,cust_001634,withdrawal,successful,63.49,2026-06-16 15:07:17
txn_0005566,cust_001634,deposit,successful,74.46,2026-06-13 02:22:30
txn_0005567,cust_001635,deposit,successful,70.61,2026-06-11 08:18:57
txn_0005568,cust_001635,withdrawal,successful,9.47,2026-03-16 08:12:44
txn_0005569,cust_001636,deposit,successful,417.2,2026-06-08 19:27:13
txn_0005570,cust_001636,deposit,cancelled,359.39,2026-06-26 22:44:54
txn_0005571,cust_001636,withdrawal,successful,430.62,2026-05-31 02:51:52
txn_0005572,cust_001636,withdrawal,successful,98.48,2026-06-25 17:48:29
txn_0005573,cust_001636,deposit,successful,485.1,2026-05-28 08:23:33
txn_0005574,cust_001636,withdrawal,successful,79.3,2026-05-30 07:45:18
txn_0005575,cust_001636,deposit,successful,52.65,2026-06-15 11:53:23
txn_0005576,cust_001636,withdrawal,successful,473.64,2026-05-31 00:15:30
txn_0005577,cust_001636,withdrawal,successful,164.8,2026-06-07 06:58:02
txn_0005578,cust_001636,deposit,successful,444.4,2026-05-28 01:31:02
txn_0005579,cust_001636,deposit,successful,458.17,2026-06-19 06:01:59
txn_0005580,cust_001636,deposit,successful,428.35,2026-06-21 18:54:22
txn_0005581,cust_001636,withdrawal,successful,176.22,2026-06-07 19:07:49
txn_0005582,cust_001636,deposit,successful,55.2,2026-06-14 14:37:27
txn_0005583,cust_001636,withdrawal,successful,422.89,2026-06-11 03:17:38
txn_0005584,cust_001637,deposit,successful,75.85,2026-06-18 10:24:08
txn_0005585,cust_001638,deposit,successful,21.53,2026-06-29 18:23:03
txn_0005586,cust_001638,deposit,successful,47.86,2026-06-27 05:28:30
txn_0005587,cust_001638,deposit,successful,10.86,2026-06-26 07:51:38
txn_0005588,cust_001638,deposit,failed,26.78,2026-06-23 04:40:57
txn_0005589,cust_001639,withdrawal,successful,18.44,2026-06-14 22:14:34
txn_0005590,cust_001639,deposit,successful,45.02,2026-06-24 10:37:31
txn_0005591,cust_001639,deposit,successful,11.42,2026-06-23 08:39:57
txn_0005592,cust_001640,withdrawal,successful,225.84,2026-04-16 07:03:29
txn_0005593,cust_001640,deposit,successful,286.0,2026-04-20 11:51:21
txn_0005594,cust_001640,deposit,successful,352.53,2026-05-05 11:53:18
txn_0005595,cust_001641,withdrawal,successful,15.11,2026-02-19 18:45:19
txn_0005596,cust_001641,deposit,successful,50.66,2026-03-14 03:24:27
txn_0005597,cust_001641,deposit,successful,61.89,2026-03-12 11:42:46
txn_0005598,cust_001641,deposit,successful,34.93,2026-06-01 21:15:00
txn_0005599,cust_001642,withdrawal,successful,14.56,2026-05-21 09:07:53
txn_0005600,cust_001642,deposit,successful,49.59,2026-05-26 11:41:24
txn_0005601,cust_001642,deposit,successful,41.23,2026-04-30 05:01:08
txn_0005602,cust_001642,deposit,successful,16.81,2026-04-23 11:50:22
txn_0005603,cust_001643,withdrawal,successful,16.86,2026-03-19 16:48:26
txn_0005604,cust_001643,deposit,successful,76.39,2026-06-15 13:18:28
txn_0005605,cust_001644,deposit,successful,16.1,2026-06-28 23:28:06
txn_0005606,cust_001645,deposit,successful,67.09,2026-05-09 03:55:05
txn_0005607,cust_001646,deposit,successful,385.31,2026-05-17 04:03:07
txn_0005608,cust_001646,deposit,successful,225.72,2026-06-13 06:34:31
txn_0005609,cust_001646,deposit,successful,480.11,2026-05-21 03:26:26
txn_0005610,cust_001646,withdrawal,failed,331.67,2026-04-16 19:14:05
txn_0005611,cust_001646,deposit,successful,139.65,2026-05-18 02:01:22
txn_0005612,cust_001646,withdrawal,successful,172.49,2026-06-05 00:07:11
txn_0005613,cust_001646,deposit,successful,482.31,2026-06-14 11:30:25
txn_0005614,cust_001646,deposit,successful,158.99,2026-04-30 12:09:32
txn_0005615,cust_001646,deposit,successful,52.98,2026-04-27 23:57:40
txn_0005616,cust_001646,deposit,successful,171.89,2026-06-11 04:21:26
txn_0005617,cust_001646,withdrawal,failed,99.05,2026-06-25 10:37:29
txn_0005618,cust_001648,deposit,successful,413.35,2026-06-21 09:01:13
txn_0005619,cust_001648,deposit,successful,150.1,2026-06-27 05:07:44
txn_0005620,cust_001648,deposit,successful,356.41,2026-06-23 09:19:55
txn_0005621,cust_001648,deposit,successful,316.28,2026-06-26 20:18:33
txn_0005622,cust_001648,deposit,failed,70.31,2026-06-24 16:28:11
txn_0005623,cust_001648,deposit,successful,468.75,2026-06-26 04:23:50
txn_0005624,cust_001648,deposit,successful,330.22,2026-06-26 23:19:49
txn_0005625,cust_001649,deposit,pending,42.67,2026-04-13 20:18:06
txn_0005626,cust_001649,deposit,successful,56.08,2026-06-23 01:29:55
txn_0005627,cust_001649,deposit,successful,78.01,2026-04-21 18:56:36
txn_0005628,cust_001649,withdrawal,successful,51.24,2026-06-19 23:43:19
txn_0005629,cust_001650,deposit,successful,42.8,2026-05-15 02:38:24
txn_0005630,cust_001650,deposit,successful,70.01,2026-05-13 16:09:59
txn_0005631,cust_001651,deposit,successful,44.2,2026-06-09 18:22:14
txn_0005632,cust_001651,deposit,successful,66.8,2026-06-08 23:04:51
txn_0005633,cust_001652,deposit,successful,52.95,2026-04-17 21:44:31
txn_0005634,cust_001653,withdrawal,successful,55.97,2026-05-29 02:34:11
txn_0005635,cust_001653,deposit,successful,8.45,2026-05-10 03:33:45
txn_0005636,cust_001653,deposit,successful,46.55,2026-04-30 08:52:26
txn_0005637,cust_001654,deposit,successful,5.53,2026-06-07 17:03:34
txn_0005638,cust_001654,deposit,successful,33.48,2026-06-21 02:59:03
txn_0005639,cust_001654,withdrawal,successful,45.53,2026-06-06 05:43:05
txn_0005640,cust_001655,deposit,successful,10.93,2026-06-06 16:29:48
txn_0005641,cust_001655,deposit,successful,28.51,2026-06-07 22:39:47
txn_0005642,cust_001655,deposit,successful,58.76,2026-05-26 10:39:56
txn_0005643,cust_001655,withdrawal,successful,12.7,2026-05-25 04:52:45
txn_0005644,cust_001656,deposit,successful,12.15,2026-01-26 22:21:43
txn_0005645,cust_001656,withdrawal,successful,58.39,2026-02-28 09:17:22
txn_0005646,cust_001656,deposit,successful,21.49,2026-02-22 03:11:51
txn_0005647,cust_001657,deposit,successful,25.8,2026-04-30 22:11:14
txn_0005648,cust_001657,deposit,successful,33.65,2026-06-20 00:16:53
txn_0005649,cust_001657,deposit,successful,25.34,2026-05-23 06:45:10
txn_0005650,cust_001658,deposit,successful,93.51,2026-06-28 14:56:08
txn_0005651,cust_001658,deposit,successful,152.19,2026-06-22 12:06:35
txn_0005652,cust_001658,deposit,successful,124.08,2026-06-27 22:40:55
txn_0005653,cust_001658,withdrawal,successful,91.51,2026-06-17 16:35:48
txn_0005654,cust_001658,deposit,successful,151.83,2026-06-24 08:14:41
txn_0005655,cust_001658,deposit,successful,382.5,2026-06-25 20:13:05
txn_0005656,cust_001658,deposit,successful,332.1,2026-06-27 00:47:49
txn_0005657,cust_001658,deposit,successful,427.04,2026-06-19 05:46:49
txn_0005658,cust_001658,deposit,successful,102.02,2026-06-20 04:12:58
txn_0005659,cust_001658,deposit,failed,147.81,2026-06-23 04:37:20
txn_0005660,cust_001658,withdrawal,successful,107.4,2026-06-29 11:59:28
txn_0005661,cust_001658,deposit,successful,478.66,2026-06-18 02:14:07
txn_0005662,cust_001658,withdrawal,successful,133.8,2026-06-21 01:30:19
txn_0005663,cust_001658,deposit,successful,468.22,2026-06-17 23:51:33
txn_0005664,cust_001658,withdrawal,successful,358.59,2026-06-22 00:26:04
txn_0005665,cust_001659,deposit,successful,64.82,2026-03-30 09:33:12
txn_0005666,cust_001659,deposit,successful,59.23,2026-05-18 13:48:32
txn_0005667,cust_001659,deposit,successful,21.59,2026-02-19 11:52:49
txn_0005668,cust_001659,deposit,pending,35.17,2026-04-25 14:16:29
txn_0005669,cust_001660,withdrawal,successful,17.15,2026-04-04 00:57:03
txn_0005670,cust_001660,deposit,successful,69.91,2026-03-31 07:55:18
txn_0005671,cust_001660,deposit,failed,14.53,2026-06-20 14:49:54
txn_0005672,cust_001661,deposit,successful,69.89,2026-05-01 15:36:57
txn_0005673,cust_001661,deposit,successful,62.19,2026-04-01 19:05:37
txn_0005674,cust_001661,deposit,successful,49.9,2026-03-23 20:16:24
txn_0005675,cust_001661,deposit,successful,59.14,2026-04-09 03:08:20
txn_0005676,cust_001662,deposit,successful,54.67,2026-04-13 06:04:51
txn_0005677,cust_001662,deposit,successful,7.43,2026-05-28 02:35:08
txn_0005678,cust_001662,deposit,successful,12.09,2026-04-25 23:23:42
txn_0005679,cust_001663,deposit,successful,79.89,2026-03-15 22:05:26
txn_0005680,cust_001663,deposit,successful,70.87,2026-05-27 06:58:15
txn_0005681,cust_001664,withdrawal,successful,28.2,2026-06-14 22:25:13
txn_0005682,cust_001664,deposit,successful,16.55,2026-05-18 18:16:08
txn_0005683,cust_001664,deposit,successful,34.16,2026-06-25 09:01:24
txn_0005684,cust_001664,deposit,successful,40.54,2026-05-18 06:55:59
txn_0005685,cust_001665,withdrawal,successful,23.93,2026-05-06 01:31:15
txn_0005686,cust_001666,withdrawal,successful,48.45,2026-06-24 04:55:43
txn_0005687,cust_001666,deposit,successful,65.49,2026-06-29 09:50:44
txn_0005688,cust_001666,deposit,successful,17.52,2026-06-22 06:18:04
txn_0005689,cust_001667,withdrawal,successful,20.64,2026-05-29 01:38:10
txn_0005690,cust_001668,deposit,successful,48.22,2026-04-10 07:59:19
txn_0005691,cust_001668,deposit,successful,43.98,2026-04-28 01:05:07
txn_0005692,cust_001668,deposit,successful,32.07,2026-03-16 16:48:19
txn_0005693,cust_001669,withdrawal,successful,41.41,2026-06-24 02:00:36
txn_0005694,cust_001669,withdrawal,successful,21.5,2026-06-27 04:47:35
txn_0005695,cust_001670,deposit,successful,45.83,2026-06-20 16:03:04
txn_0005696,cust_001670,deposit,successful,69.12,2026-06-12 20:30:34
txn_0005697,cust_001670,deposit,successful,55.97,2026-05-20 15:07:47
txn_0005698,cust_001670,deposit,successful,69.94,2026-06-06 15:17:52
txn_0005699,cust_001671,deposit,pending,12.97,2026-06-16 09:49:31
txn_0005700,cust_001672,deposit,pending,18.76,2026-05-12 23:08:59
txn_0005701,cust_001672,withdrawal,successful,51.39,2026-06-23 23:19:56
txn_0005702,cust_001673,deposit,successful,5.96,2026-06-08 05:29:14
txn_0005703,cust_001673,withdrawal,successful,12.29,2026-04-28 11:08:52
txn_0005704,cust_001673,deposit,successful,66.91,2026-03-31 13:30:01
txn_0005705,cust_001673,deposit,successful,78.56,2026-06-13 02:36:33
txn_0005706,cust_001675,deposit,successful,150.88,2026-05-24 10:35:23
txn_0005707,cust_001675,deposit,successful,325.89,2026-05-19 04:40:33
txn_0005708,cust_001675,deposit,successful,224.2,2026-04-05 21:18:49
txn_0005709,cust_001675,withdrawal,successful,103.18,2026-05-07 14:03:12
txn_0005710,cust_001675,deposit,successful,131.54,2026-05-19 22:45:26
txn_0005711,cust_001675,withdrawal,successful,213.73,2026-03-03 02:16:03
txn_0005712,cust_001675,withdrawal,failed,491.41,2026-05-16 05:06:14
txn_0005713,cust_001675,deposit,successful,492.88,2026-06-20 11:30:21
txn_0005714,cust_001676,deposit,successful,73.63,2026-06-15 18:49:44
txn_0005715,cust_001676,deposit,successful,70.73,2026-06-25 15:31:15
txn_0005716,cust_001677,deposit,pending,55.84,2026-03-24 20:34:11
txn_0005717,cust_001677,deposit,successful,42.44,2026-06-04 06:02:59
txn_0005718,cust_001678,deposit,successful,66.29,2026-04-28 10:43:27
txn_0005719,cust_001678,deposit,successful,43.13,2026-06-06 10:44:59
txn_0005720,cust_001678,deposit,failed,36.51,2026-06-20 10:17:05
txn_0005721,cust_001679,deposit,refunded,55.52,2026-06-09 07:18:00
txn_0005722,cust_001679,withdrawal,successful,33.39,2026-06-24 15:18:30
txn_0005723,cust_001679,withdrawal,failed,67.2,2026-06-04 11:32:19
txn_0005724,cust_001679,withdrawal,successful,25.54,2026-06-15 21:03:06
txn_0005725,cust_001680,deposit,successful,117.67,2026-04-04 23:37:50
txn_0005726,cust_001680,withdrawal,successful,448.26,2026-05-18 09:22:03
txn_0005727,cust_001680,withdrawal,successful,413.81,2026-05-12 10:48:45
txn_0005728,cust_001680,deposit,successful,250.0,2026-06-05 15:11:07
txn_0005729,cust_001680,deposit,pending,418.67,2026-04-16 08:20:46
txn_0005730,cust_001680,withdrawal,successful,206.99,2026-03-12 04:56:09
txn_0005731,cust_001680,deposit,successful,173.78,2026-04-12 08:01:08
txn_0005732,cust_001680,deposit,successful,341.5,2026-04-28 01:59:09
txn_0005733,cust_001680,deposit,successful,398.59,2026-03-01 13:36:04
txn_0005734,cust_001681,deposit,successful,5.42,2026-06-06 20:40:33
txn_0005735,cust_001681,deposit,successful,44.32,2026-06-16 15:03:10
txn_0005736,cust_001681,deposit,successful,51.78,2026-06-06 07:13:45
txn_0005737,cust_001681,deposit,successful,65.35,2026-05-17 19:25:57
txn_0005738,cust_001683,deposit,successful,286.24,2026-06-18 19:13:59
txn_0005739,cust_001683,deposit,successful,378.23,2026-05-22 07:03:18
txn_0005740,cust_001683,deposit,successful,133.94,2026-05-21 07:12:39
txn_0005741,cust_001683,deposit,successful,186.32,2026-06-08 20:56:22
txn_0005742,cust_001683,deposit,successful,415.14,2026-05-29 20:44:56
txn_0005743,cust_001683,withdrawal,successful,74.91,2026-05-23 07:04:46
txn_0005744,cust_001683,withdrawal,successful,50.59,2026-06-06 03:37:57
txn_0005745,cust_001683,deposit,successful,427.29,2026-05-28 00:10:35
txn_0005746,cust_001683,deposit,successful,233.43,2026-05-16 16:54:31
txn_0005747,cust_001683,deposit,successful,334.24,2026-06-15 21:07:58
txn_0005748,cust_001683,deposit,successful,466.04,2026-05-31 06:53:52
txn_0005749,cust_001683,withdrawal,refunded,361.25,2026-05-28 20:56:18
txn_0005750,cust_001683,deposit,successful,438.7,2026-06-10 06:18:34
txn_0005751,cust_001683,deposit,successful,456.54,2026-05-16 06:02:45
txn_0005752,cust_001683,deposit,successful,169.01,2026-06-18 01:45:05
txn_0005753,cust_001684,withdrawal,successful,177.65,2026-06-29 21:09:58
txn_0005754,cust_001684,deposit,successful,59.52,2026-05-13 14:53:27
txn_0005755,cust_001684,deposit,successful,411.89,2026-06-20 21:19:43
txn_0005756,cust_001685,withdrawal,successful,226.28,2026-05-14 03:56:01
txn_0005757,cust_001685,deposit,successful,264.1,2026-06-16 19:20:07
txn_0005758,cust_001685,withdrawal,successful,498.13,2026-05-22 01:26:26
txn_0005759,cust_001685,deposit,successful,168.61,2026-05-11 11:10:45
txn_0005760,cust_001685,withdrawal,successful,171.32,2026-06-08 00:58:11
txn_0005761,cust_001685,deposit,successful,434.76,2026-05-23 10:12:20
txn_0005762,cust_001685,withdrawal,successful,350.91,2026-06-05 09:26:03
txn_0005763,cust_001685,withdrawal,successful,64.27,2026-06-11 19:07:23
txn_0005764,cust_001686,deposit,successful,261.67,2026-06-29 04:52:29
txn_0005765,cust_001686,withdrawal,successful,88.34,2026-06-28 22:02:02
txn_0005766,cust_001686,deposit,successful,473.65,2026-06-26 17:26:23
txn_0005767,cust_001686,withdrawal,successful,465.1,2026-06-28 10:07:37
txn_0005768,cust_001686,deposit,successful,134.42,2026-06-26 18:33:01
txn_0005769,cust_001686,withdrawal,refunded,314.71,2026-06-29 21:52:40
txn_0005770,cust_001686,withdrawal,failed,364.95,2026-06-26 14:55:15
txn_0005771,cust_001686,withdrawal,successful,274.2,2026-06-27 12:11:04
txn_0005772,cust_001686,deposit,pending,462.5,2026-06-28 00:42:36
txn_0005773,cust_001687,deposit,successful,9.96,2026-06-06 09:18:30
txn_0005774,cust_001687,deposit,failed,68.38,2026-05-03 12:55:54
txn_0005775,cust_001687,deposit,pending,25.05,2026-05-07 23:26:09
txn_0005776,cust_001688,deposit,successful,62.1,2026-05-27 22:49:29
txn_0005777,cust_001688,deposit,successful,59.81,2026-06-12 18:33:09
txn_0005778,cust_001688,deposit,successful,22.1,2026-05-18 12:23:05
txn_0005779,cust_001688,withdrawal,successful,20.98,2026-06-09 10:46:54
txn_0005780,cust_001689,withdrawal,successful,70.1,2026-02-23 09:44:08
txn_0005781,cust_001689,deposit,successful,18.85,2026-05-26 01:16:30
txn_0005782,cust_001691,deposit,successful,70.19,2026-05-21 19:06:08
txn_0005783,cust_001691,withdrawal,successful,34.25,2026-06-13 07:13:17
txn_0005784,cust_001691,deposit,successful,11.2,2026-06-29 01:31:12
txn_0005785,cust_001692,withdrawal,cancelled,67.15,2026-04-12 14:10:22
txn_0005786,cust_001692,deposit,successful,8.12,2026-06-26 13:54:36
txn_0005787,cust_001692,deposit,successful,79.74,2026-03-07 06:06:25
txn_0005788,cust_001692,deposit,successful,77.88,2026-02-10 03:42:35
txn_0005789,cust_001693,deposit,successful,52.29,2026-05-13 14:34:24
txn_0005790,cust_001693,withdrawal,successful,328.69,2026-05-11 04:50:23
txn_0005791,cust_001693,withdrawal,successful,121.53,2026-04-29 05:11:32
txn_0005792,cust_001693,deposit,successful,323.17,2026-03-15 07:22:30
txn_0005793,cust_001693,deposit,successful,138.13,2026-05-03 00:02:33
txn_0005794,cust_001693,deposit,pending,459.61,2026-03-22 01:34:23
txn_0005795,cust_001693,deposit,successful,169.13,2026-04-27 11:20:52
txn_0005796,cust_001693,deposit,successful,318.76,2026-05-14 11:19:34
txn_0005797,cust_001694,deposit,successful,64.61,2026-06-21 08:00:39
txn_0005798,cust_001694,deposit,successful,20.64,2026-04-15 21:19:21
txn_0005799,cust_001695,deposit,failed,21.13,2026-03-29 09:03:27
txn_0005800,cust_001695,deposit,successful,6.65,2026-01-19 20:24:30
txn_0005801,cust_001695,deposit,cancelled,15.5,2026-05-02 05:54:06
txn_0005802,cust_001695,deposit,failed,75.0,2026-04-03 15:56:38
txn_0005803,cust_001696,withdrawal,successful,70.59,2026-06-07 07:08:03
txn_0005804,cust_001696,deposit,pending,73.25,2026-05-10 01:26:50
txn_0005805,cust_001697,deposit,failed,26.59,2026-06-02 12:35:22
txn_0005806,cust_001697,withdrawal,successful,38.26,2026-05-16 20:20:02
txn_0005807,cust_001698,withdrawal,successful,65.85,2026-06-13 23:12:42
txn_0005808,cust_001699,deposit,successful,55.99,2026-06-28 17:51:20
txn_0005809,cust_001699,deposit,successful,69.35,2026-06-25 13:09:11
txn_0005810,cust_001700,withdrawal,successful,394.11,2026-06-02 02:47:44
txn_0005811,cust_001700,deposit,successful,433.38,2026-06-06 07:48:05
txn_0005812,cust_001700,deposit,successful,277.0,2026-05-28 18:43:18
txn_0005813,cust_001700,deposit,successful,260.17,2026-06-24 09:15:06
txn_0005814,cust_001700,deposit,failed,347.62,2026-06-18 12:46:28
txn_0005815,cust_001700,deposit,successful,68.46,2026-06-21 17:26:13
txn_0005816,cust_001700,deposit,successful,240.45,2026-06-20 22:08:31
txn_0005817,cust_001700,deposit,successful,430.23,2026-06-08 22:32:57
txn_0005818,cust_001700,withdrawal,successful,96.49,2026-06-11 19:40:50
txn_0005819,cust_001700,deposit,successful,392.99,2026-06-27 09:35:14
txn_0005820,cust_001700,deposit,successful,101.81,2026-06-28 21:31:22
txn_0005821,cust_001700,deposit,successful,279.69,2026-05-25 11:28:32
txn_0005822,cust_001700,deposit,failed,370.33,2026-06-12 18:26:52
txn_0005823,cust_001701,deposit,failed,469.75,2026-04-22 03:25:03
txn_0005824,cust_001701,deposit,successful,402.73,2026-04-03 07:35:53
txn_0005825,cust_001701,deposit,successful,215.72,2026-03-07 20:12:33
txn_0005826,cust_001703,deposit,successful,348.82,2026-03-31 00:58:17
txn_0005827,cust_001703,withdrawal,successful,251.16,2026-05-02 06:13:05
txn_0005828,cust_001703,deposit,successful,172.18,2026-06-08 18:17:35
txn_0005829,cust_001703,deposit,successful,445.72,2026-04-29 02:56:19
txn_0005830,cust_001703,deposit,successful,116.77,2026-05-30 20:55:46
txn_0005831,cust_001703,deposit,successful,267.14,2026-04-22 05:15:08
txn_0005832,cust_001703,deposit,successful,77.96,2026-06-08 19:41:21
txn_0005833,cust_001703,deposit,successful,319.93,2026-05-14 17:14:22
txn_0005834,cust_001703,deposit,failed,359.6,2026-06-23 12:37:14
txn_0005835,cust_001703,deposit,successful,246.37,2026-03-25 11:46:18
txn_0005836,cust_001703,deposit,successful,404.64,2026-05-10 04:47:53
txn_0005837,cust_001704,deposit,failed,213.81,2026-06-23 00:05:16
txn_0005838,cust_001704,deposit,successful,399.44,2026-06-21 01:09:13
txn_0005839,cust_001704,deposit,successful,406.06,2026-06-27 21:51:43
txn_0005840,cust_001704,withdrawal,successful,460.07,2026-06-20 21:06:27
txn_0005841,cust_001704,deposit,successful,267.2,2026-06-27 05:55:49
txn_0005842,cust_001705,deposit,successful,32.59,2026-06-15 07:49:53
txn_0005843,cust_001705,withdrawal,successful,12.74,2026-04-23 19:50:14
txn_0005844,cust_001708,deposit,successful,482.17,2026-04-22 11:14:45
txn_0005845,cust_001708,deposit,successful,208.94,2026-04-23 03:15:35
txn_0005846,cust_001708,deposit,successful,213.59,2026-06-14 15:51:23
txn_0005847,cust_001708,deposit,pending,240.78,2026-04-06 22:40:17
txn_0005848,cust_001708,withdrawal,failed,141.59,2026-04-15 20:15:47
txn_0005849,cust_001708,withdrawal,successful,364.71,2026-05-11 22:59:46
txn_0005850,cust_001708,withdrawal,successful,74.29,2026-05-14 09:59:48
txn_0005851,cust_001708,withdrawal,successful,53.5,2026-06-07 15:43:49
txn_0005852,cust_001711,deposit,successful,61.93,2026-06-02 01:06:33
txn_0005853,cust_001711,withdrawal,successful,11.66,2026-06-12 23:21:57
txn_0005854,cust_001711,deposit,successful,29.08,2026-06-29 13:51:11
txn_0005855,cust_001711,deposit,successful,48.73,2026-06-09 16:48:11
txn_0005856,cust_001712,deposit,successful,472.16,2026-06-03 03:46:35
txn_0005857,cust_001712,deposit,successful,350.7,2026-01-16 07:32:45
txn_0005858,cust_001712,deposit,successful,282.94,2026-06-23 12:43:25
txn_0005859,cust_001714,withdrawal,successful,215.85,2026-04-17 05:51:19
txn_0005860,cust_001714,deposit,successful,85.23,2026-06-10 23:37:01
txn_0005861,cust_001714,deposit,successful,69.67,2026-04-30 19:36:43
txn_0005862,cust_001714,deposit,successful,368.67,2026-06-12 07:56:27
txn_0005863,cust_001715,deposit,successful,37.51,2026-06-23 16:52:17
txn_0005864,cust_001717,withdrawal,cancelled,43.91,2026-06-25 17:25:44
txn_0005865,cust_001719,deposit,successful,51.12,2026-06-01 08:40:41
txn_0005866,cust_001719,withdrawal,successful,43.98,2026-05-16 08:11:42
txn_0005867,cust_001719,deposit,failed,37.42,2026-05-16 22:13:40
txn_0005868,cust_001719,deposit,successful,60.44,2026-03-16 05:40:46
txn_0005869,cust_001721,withdrawal,successful,18.98,2026-03-14 01:53:18
txn_0005870,cust_001722,withdrawal,successful,16.17,2026-06-11 12:00:11
txn_0005871,cust_001722,deposit,successful,24.32,2026-05-30 10:56:10
txn_0005872,cust_001722,deposit,successful,62.12,2026-06-06 01:55:57
txn_0005873,cust_001723,deposit,successful,49.54,2026-06-05 11:22:02
txn_0005874,cust_001724,withdrawal,successful,38.27,2026-06-17 00:40:58
txn_0005875,cust_001724,deposit,successful,17.66,2026-06-21 11:59:42
txn_0005876,cust_001724,withdrawal,successful,27.95,2026-05-29 06:53:27
txn_0005877,cust_001724,withdrawal,successful,21.29,2026-06-23 14:32:17
txn_0005878,cust_001725,deposit,successful,11.89,2026-03-26 09:55:18
txn_0005879,cust_001725,deposit,successful,28.32,2026-04-25 07:51:55
txn_0005880,cust_001727,withdrawal,successful,33.41,2026-05-28 20:05:45
txn_0005881,cust_001728,deposit,refunded,412.34,2026-05-26 18:42:16
txn_0005882,cust_001728,deposit,successful,225.71,2026-04-22 11:00:42
txn_0005883,cust_001728,deposit,cancelled,481.43,2026-02-18 09:41:08
txn_0005884,cust_001728,deposit,successful,427.9,2026-03-13 08:28:08
txn_0005885,cust_001728,deposit,pending,349.25,2026-03-25 04:25:49
txn_0005886,cust_001728,deposit,successful,111.38,2026-06-11 08:43:25
txn_0005887,cust_001728,deposit,successful,456.49,2026-03-14 01:36:20
txn_0005888,cust_001728,withdrawal,successful,368.15,2026-05-11 08:47:10
txn_0005889,cust_001728,deposit,successful,353.97,2026-04-22 02:38:49
txn_0005890,cust_001728,deposit,cancelled,463.96,2026-05-12 12:36:20
txn_0005891,cust_001728,deposit,failed,273.1,2026-04-10 10:54:51
txn_0005892,cust_001729,deposit,failed,48.81,2026-05-15 19:57:52
txn_0005893,cust_001729,deposit,successful,55.68,2026-05-15 14:35:26
txn_0005894,cust_001730,deposit,successful,42.68,2026-05-24 09:30:07
txn_0005895,cust_001730,withdrawal,successful,30.3,2026-05-03 11:03:24
txn_0005896,cust_001731,deposit,successful,61.15,2026-06-21 22:23:36
txn_0005897,cust_001731,deposit,pending,75.55,2026-06-03 09:37:07
txn_0005898,cust_001731,deposit,successful,17.42,2026-06-01 21:12:06
txn_0005899,cust_001732,withdrawal,successful,209.81,2026-03-28 08:25:06
txn_0005900,cust_001732,deposit,successful,69.04,2026-02-06 11:32:37
txn_0005901,cust_001732,deposit,successful,279.55,2026-05-16 00:19:12
txn_0005902,cust_001732,deposit,successful,439.46,2026-01-22 08:52:40
txn_0005903,cust_001732,deposit,pending,334.21,2026-01-19 01:58:43
txn_0005904,cust_001732,deposit,successful,351.8,2026-03-11 11:56:24
txn_0005905,cust_001732,deposit,successful,218.33,2026-03-23 09:22:09
txn_0005906,cust_001733,deposit,successful,72.35,2026-05-03 00:59:56
txn_0005907,cust_001733,withdrawal,successful,460.6,2026-04-07 09:59:08
txn_0005908,cust_001733,deposit,successful,440.61,2026-06-07 05:27:03
txn_0005909,cust_001733,deposit,successful,133.78,2026-04-10 18:29:34
txn_0005910,cust_001733,deposit,successful,400.74,2026-03-11 05:55:38
txn_0005911,cust_001733,deposit,cancelled,50.7,2026-03-20 14:24:25
txn_0005912,cust_001733,deposit,successful,327.02,2026-06-08 03:21:58
txn_0005913,cust_001733,deposit,successful,67.17,2026-03-10 09:24:33
txn_0005914,cust_001733,deposit,successful,170.27,2026-06-12 16:07:46
txn_0005915,cust_001733,withdrawal,successful,311.17,2026-04-28 08:59:59
txn_0005916,cust_001733,withdrawal,successful,59.42,2026-06-26 05:40:07
txn_0005917,cust_001734,deposit,refunded,51.23,2026-05-21 05:23:47
txn_0005918,cust_001735,withdrawal,successful,28.74,2026-04-16 20:37:24
txn_0005919,cust_001735,withdrawal,successful,28.41,2026-03-14 16:32:13
txn_0005920,cust_001736,deposit,successful,72.26,2026-06-20 01:22:42
txn_0005921,cust_001736,deposit,successful,37.11,2026-02-05 19:06:19
txn_0005922,cust_001736,deposit,successful,13.16,2026-02-25 04:08:17
txn_0005923,cust_001737,withdrawal,successful,471.14,2026-06-19 00:56:12
txn_0005924,cust_001737,withdrawal,successful,157.64,2026-04-10 19:13:25
txn_0005925,cust_001737,deposit,successful,87.21,2026-03-02 17:38:48
txn_0005926,cust_001737,deposit,successful,89.14,2026-06-18 07:34:14
txn_0005927,cust_001737,deposit,successful,435.15,2026-04-01 07:28:58
txn_0005928,cust_001737,withdrawal,successful,456.95,2026-01-30 18:52:35
txn_0005929,cust_001737,deposit,successful,238.33,2026-01-18 07:19:21
txn_0005930,cust_001737,deposit,refunded,202.27,2026-03-19 10:05:56
txn_0005931,cust_001739,deposit,successful,52.18,2026-06-19 20:02:09
txn_0005932,cust_001740,deposit,failed,28.56,2026-06-23 03:32:53
txn_0005933,cust_001740,withdrawal,failed,72.76,2026-06-05 07:03:26
txn_0005934,cust_001740,deposit,successful,46.24,2026-06-09 04:42:11
txn_0005935,cust_001741,withdrawal,pending,76.77,2026-05-11 21:22:39
txn_0005936,cust_001741,deposit,successful,57.34,2026-04-05 01:56:16
txn_0005937,cust_001742,withdrawal,successful,65.76,2026-03-19 08:13:42
txn_0005938,cust_001742,deposit,successful,48.08,2026-03-16 10:23:16
txn_0005939,cust_001742,withdrawal,successful,6.25,2026-03-24 22:09:09
txn_0005940,cust_001742,deposit,pending,60.06,2026-04-03 17:38:16
txn_0005941,cust_001743,deposit,successful,40.48,2026-05-14 02:55:46
txn_0005942,cust_001743,withdrawal,successful,19.13,2026-05-10 19:35:38
txn_0005943,cust_001743,deposit,successful,7.41,2026-05-04 01:25:09
txn_0005944,cust_001744,withdrawal,successful,61.24,2026-06-05 01:17:36
txn_0005945,cust_001744,deposit,successful,60.44,2026-05-20 06:11:16
txn_0005946,cust_001746,deposit,successful,435.29,2026-05-28 08:11:08
txn_0005947,cust_001746,deposit,successful,187.15,2026-06-28 11:19:13
txn_0005948,cust_001746,deposit,successful,72.46,2026-05-29 18:47:29
txn_0005949,cust_001746,deposit,successful,375.53,2026-06-11 17:17:04
txn_0005950,cust_001746,deposit,successful,52.93,2026-06-05 13:25:31
txn_0005951,cust_001746,deposit,successful,186.19,2026-06-27 23:26:44
txn_0005952,cust_001746,deposit,successful,309.94,2026-05-25 03:22:35
txn_0005953,cust_001747,withdrawal,successful,22.5,2026-04-11 04:13:03
txn_0005954,cust_001747,withdrawal,successful,16.0,2026-06-24 14:07:07
txn_0005955,cust_001747,deposit,successful,38.06,2026-04-12 08:12:54
txn_0005956,cust_001748,deposit,successful,46.38,2026-04-12 22:28:20
txn_0005957,cust_001748,deposit,successful,74.03,2026-04-21 04:46:53
txn_0005958,cust_001748,deposit,successful,11.94,2026-06-10 09:37:27
txn_0005959,cust_001748,deposit,successful,33.55,2026-05-22 15:29:18
txn_0005960,cust_001749,deposit,successful,66.56,2026-04-25 19:30:49
txn_0005961,cust_001749,withdrawal,successful,485.54,2026-03-29 23:21:24
txn_0005962,cust_001749,deposit,successful,81.14,2026-06-28 04:58:12
txn_0005963,cust_001749,deposit,successful,451.62,2026-04-23 12:05:33
txn_0005964,cust_001749,deposit,successful,396.09,2026-06-09 18:50:50
txn_0005965,cust_001749,deposit,failed,269.66,2026-02-26 07:10:08
txn_0005966,cust_001749,deposit,successful,339.61,2026-04-08 19:57:05
txn_0005967,cust_001749,deposit,successful,375.21,2026-04-03 00:58:08
txn_0005968,cust_001749,withdrawal,successful,183.21,2026-06-14 05:35:29
txn_0005969,cust_001749,deposit,successful,490.6,2026-03-12 23:31:06
txn_0005970,cust_001750,deposit,refunded,6.61,2026-05-10 08:23:09
txn_0005971,cust_001750,deposit,successful,69.88,2026-05-02 02:35:05
txn_0005972,cust_001751,withdrawal,successful,261.04,2026-02-25 09:33:18
txn_0005973,cust_001751,deposit,successful,343.65,2026-03-23 14:01:28
txn_0005974,cust_001751,deposit,successful,347.74,2026-06-15 19:30:03
txn_0005975,cust_001751,withdrawal,successful,490.19,2026-03-19 23:38:51
txn_0005976,cust_001751,deposit,successful,104.58,2026-03-07 14:14:44
txn_0005977,cust_001753,deposit,failed,61.88,2026-06-07 16:56:39
txn_0005978,cust_001753,deposit,successful,246.2,2026-06-12 16:38:40
txn_0005979,cust_001753,deposit,successful,429.94,2026-06-15 12:17:14
txn_0005980,cust_001753,withdrawal,cancelled,72.03,2026-06-24 16:30:22
txn_0005981,cust_001753,deposit,successful,360.63,2026-06-26 06:04:09
txn_0005982,cust_001753,withdrawal,successful,468.08,2026-06-18 17:38:04
txn_0005983,cust_001753,withdrawal,successful,257.82,2026-06-27 10:22:03
txn_0005984,cust_001753,deposit,successful,88.08,2026-06-04 09:57:57
txn_0005985,cust_001753,withdrawal,successful,277.93,2026-06-20 17:22:11
txn_0005986,cust_001753,deposit,successful,201.13,2026-06-29 08:08:18
txn_0005987,cust_001753,deposit,successful,187.66,2026-06-21 11:28:09
txn_0005988,cust_001753,withdrawal,successful,336.08,2026-06-11 19:40:25
txn_0005989,cust_001753,withdrawal,successful,358.63,2026-06-29 07:51:42
txn_0005990,cust_001753,withdrawal,failed,66.61,2026-06-09 05:56:34
txn_0005991,cust_001755,withdrawal,successful,35.1,2026-04-12 12:50:41
txn_0005992,cust_001756,deposit,successful,408.69,2026-06-04 05:43:18
txn_0005993,cust_001756,deposit,successful,208.27,2026-04-09 22:11:54
txn_0005994,cust_001756,deposit,successful,260.14,2026-05-28 09:55:14
txn_0005995,cust_001756,deposit,successful,237.23,2026-06-16 22:24:12
txn_0005996,cust_001756,deposit,successful,297.95,2026-03-30 10:15:31
txn_0005997,cust_001756,deposit,cancelled,167.96,2026-06-11 10:29:55
txn_0005998,cust_001756,deposit,successful,253.01,2026-06-11 22:05:46
txn_0005999,cust_001756,deposit,successful,344.57,2026-05-10 16:19:22
txn_0006000,cust_001756,deposit,successful,223.98,2026-05-18 09:34:39
txn_0006001,cust_001756,deposit,successful,129.85,2026-03-31 02:47:38
txn_0006002,cust_001756,deposit,successful,325.24,2026-03-22 14:00:34
txn_0006003,cust_001756,deposit,successful,241.6,2026-04-25 08:31:50
txn_0006004,cust_001757,deposit,pending,48.3,2026-05-12 20:49:46
txn_0006005,cust_001757,deposit,successful,19.19,2026-06-26 20:18:13
txn_0006006,cust_001757,deposit,successful,52.03,2026-05-22 16:03:49
txn_0006007,cust_001758,deposit,successful,7.97,2026-03-13 02:07:34
txn_0006008,cust_001758,deposit,successful,64.84,2026-05-10 02:52:05
txn_0006009,cust_001758,withdrawal,successful,22.66,2026-03-16 01:51:49
txn_0006010,cust_001758,deposit,successful,17.87,2026-06-12 21:31:01
txn_0006011,cust_001759,deposit,successful,24.02,2026-04-30 08:02:16
txn_0006012,cust_001759,deposit,successful,16.82,2026-05-13 10:56:27
txn_0006013,cust_001759,deposit,successful,26.78,2026-03-04 05:56:12
txn_0006014,cust_001759,withdrawal,successful,78.02,2026-05-15 19:07:14
txn_0006015,cust_001760,deposit,successful,248.22,2026-04-27 00:42:51
txn_0006016,cust_001760,deposit,successful,406.95,2026-04-19 18:48:57
txn_0006017,cust_001760,deposit,successful,415.0,2026-06-28 00:34:01
txn_0006018,cust_001760,deposit,pending,341.77,2026-06-20 13:01:31
txn_0006019,cust_001760,deposit,successful,347.08,2026-06-25 06:09:43
txn_0006020,cust_001760,deposit,successful,85.49,2026-06-12 14:49:20
txn_0006021,cust_001761,deposit,successful,27.6,2026-06-22 05:54:20
txn_0006022,cust_001762,deposit,successful,42.72,2026-02-22 02:03:47
txn_0006023,cust_001762,deposit,successful,42.12,2026-03-10 03:53:39
txn_0006024,cust_001763,deposit,successful,8.76,2026-02-26 15:57:56
txn_0006025,cust_001763,deposit,successful,19.11,2026-06-28 20:42:00
txn_0006026,cust_001763,withdrawal,successful,53.27,2026-04-24 12:26:54
txn_0006027,cust_001764,deposit,successful,19.78,2026-05-30 10:56:23
txn_0006028,cust_001764,withdrawal,pending,71.74,2026-06-05 07:53:52
txn_0006029,cust_001764,deposit,successful,44.06,2026-06-26 03:44:29
txn_0006030,cust_001764,deposit,failed,61.93,2026-06-14 19:09:44
txn_0006031,cust_001765,deposit,successful,65.14,2026-05-28 21:56:19
txn_0006032,cust_001765,withdrawal,successful,27.49,2026-05-16 18:13:25
txn_0006033,cust_001766,deposit,successful,167.2,2026-06-01 00:22:04
txn_0006034,cust_001766,withdrawal,successful,117.61,2026-06-11 18:04:05
txn_0006035,cust_001766,deposit,successful,409.86,2026-06-05 22:20:24
txn_0006036,cust_001766,withdrawal,successful,237.05,2026-06-14 16:56:36
txn_0006037,cust_001766,deposit,successful,146.36,2026-04-27 00:45:49
txn_0006038,cust_001766,deposit,pending,313.8,2026-06-15 22:32:40
txn_0006039,cust_001766,deposit,successful,144.56,2026-05-17 03:53:23
txn_0006040,cust_001766,deposit,successful,84.9,2026-06-16 13:42:07
txn_0006041,cust_001766,deposit,successful,434.79,2026-04-19 15:34:35
txn_0006042,cust_001766,withdrawal,successful,339.36,2026-04-21 03:59:23
txn_0006043,cust_001766,withdrawal,successful,428.7,2026-05-13 19:06:34
txn_0006044,cust_001766,withdrawal,failed,185.85,2026-05-04 04:37:07
txn_0006045,cust_001767,deposit,successful,79.19,2026-05-14 19:45:10
txn_0006046,cust_001767,deposit,successful,67.29,2026-03-18 23:16:30
txn_0006047,cust_001768,deposit,successful,15.81,2026-06-21 02:48:32
txn_0006048,cust_001768,deposit,successful,67.74,2026-06-28 21:33:25
txn_0006049,cust_001768,deposit,failed,22.18,2026-06-24 03:54:37
txn_0006050,cust_001769,deposit,successful,67.49,2026-04-07 02:56:32
txn_0006051,cust_001769,deposit,successful,54.65,2026-06-19 22:54:09
txn_0006052,cust_001769,deposit,cancelled,74.48,2026-03-20 12:19:01
txn_0006053,cust_001769,withdrawal,successful,38.11,2026-02-09 23:52:25
txn_0006054,cust_001770,deposit,successful,201.78,2026-05-04 10:27:57
txn_0006055,cust_001770,deposit,failed,88.43,2026-06-26 15:59:21
txn_0006056,cust_001770,deposit,successful,180.98,2026-05-02 01:32:41
txn_0006057,cust_001770,deposit,successful,222.34,2026-04-22 12:59:42
txn_0006058,cust_001770,withdrawal,successful,163.89,2026-05-28 08:14:21
txn_0006059,cust_001770,deposit,successful,171.42,2026-05-18 14:24:53
txn_0006060,cust_001770,deposit,successful,226.43,2026-05-28 05:02:31
txn_0006061,cust_001770,withdrawal,successful,203.24,2026-06-05 06:46:04
txn_0006062,cust_001770,deposit,successful,197.93,2026-04-22 12:54:24
txn_0006063,cust_001771,deposit,successful,102.46,2026-06-26 14:04:44
txn_0006064,cust_001771,deposit,successful,377.16,2026-06-09 05:38:35
txn_0006065,cust_001771,withdrawal,successful,129.96,2026-06-04 23:04:33
txn_0006066,cust_001771,deposit,successful,88.54,2026-05-20 12:33:26
txn_0006067,cust_001771,deposit,successful,342.68,2026-05-13 23:10:40
txn_0006068,cust_001771,deposit,successful,276.7,2026-05-30 05:55:31
txn_0006069,cust_001771,deposit,successful,147.38,2026-05-12 03:56:44
txn_0006070,cust_001771,deposit,successful,455.58,2026-06-11 12:32:40
txn_0006071,cust_001772,deposit,failed,35.91,2026-06-23 01:03:09
txn_0006072,cust_001772,deposit,successful,66.56,2026-06-22 23:16:13
txn_0006073,cust_001774,deposit,successful,51.45,2026-01-23 00:39:54
txn_0006074,cust_001775,deposit,pending,51.37,2026-06-09 15:09:38
txn_0006075,cust_001775,deposit,successful,35.24,2026-05-31 22:12:34
txn_0006076,cust_001776,deposit,successful,116.09,2026-06-24 08:00:52
txn_0006077,cust_001776,deposit,failed,161.28,2026-06-04 01:11:52
txn_0006078,cust_001776,withdrawal,failed,477.24,2026-06-13 20:55:22
txn_0006079,cust_001776,deposit,successful,480.47,2026-06-13 03:42:20
txn_0006080,cust_001776,deposit,successful,136.12,2026-06-13 05:05:05
txn_0006081,cust_001776,deposit,successful,61.45,2026-06-29 18:42:03
txn_0006082,cust_001776,deposit,successful,191.59,2026-06-23 02:47:38
txn_0006083,cust_001776,deposit,successful,422.97,2026-06-17 13:06:43
txn_0006084,cust_001776,deposit,failed,180.42,2026-06-09 10:45:11
txn_0006085,cust_001776,deposit,successful,377.27,2026-05-29 14:24:42
txn_0006086,cust_001776,withdrawal,successful,227.54,2026-06-10 05:21:57
txn_0006087,cust_001776,withdrawal,successful,333.38,2026-06-01 23:09:21
txn_0006088,cust_001776,withdrawal,pending,190.91,2026-06-04 18:27:23
txn_0006089,cust_001776,deposit,successful,121.52,2026-06-10 06:55:37
txn_0006090,cust_001778,deposit,successful,33.86,2026-04-21 01:24:18
txn_0006091,cust_001778,withdrawal,failed,19.84,2026-06-10 02:09:37
txn_0006092,cust_001778,deposit,successful,49.25,2026-05-27 06:58:40
txn_0006093,cust_001779,deposit,successful,34.64,2026-06-29 04:37:52
txn_0006094,cust_001779,withdrawal,successful,57.56,2026-06-25 02:02:14
txn_0006095,cust_001779,deposit,successful,10.63,2026-06-15 06:06:54
txn_0006096,cust_001780,deposit,successful,56.61,2026-06-19 15:54:30
txn_0006097,cust_001780,withdrawal,successful,7.68,2026-05-22 17:22:49
txn_0006098,cust_001782,deposit,successful,77.49,2026-06-20 17:45:47
txn_0006099,cust_001782,deposit,successful,30.85,2026-04-12 17:07:07
txn_0006100,cust_001782,withdrawal,cancelled,37.77,2026-03-29 13:40:13
txn_0006101,cust_001782,deposit,successful,49.51,2026-04-26 06:24:12
txn_0006102,cust_001783,deposit,successful,46.32,2026-06-14 04:49:57
txn_0006103,cust_001785,deposit,successful,64.63,2026-06-28 12:19:30
txn_0006104,cust_001785,withdrawal,successful,53.61,2026-06-29 03:46:02
txn_0006105,cust_001785,deposit,successful,46.2,2026-06-29 09:27:14
txn_0006106,cust_001785,deposit,successful,25.56,2026-06-28 02:53:35
txn_0006107,cust_001786,deposit,successful,22.32,2026-06-29 21:27:14
txn_0006108,cust_001786,withdrawal,successful,22.64,2026-06-29 00:35:29
txn_0006109,cust_001786,deposit,successful,49.49,2026-06-29 00:31:43
txn_0006110,cust_001787,deposit,successful,28.43,2026-05-29 05:15:08
txn_0006111,cust_001787,withdrawal,cancelled,66.13,2026-05-05 15:55:49
txn_0006112,cust_001788,deposit,successful,265.77,2026-06-28 00:21:33
txn_0006113,cust_001788,deposit,successful,304.85,2026-06-25 14:39:45
txn_0006114,cust_001788,deposit,successful,139.02,2026-06-26 20:21:44
txn_0006115,cust_001789,deposit,successful,76.86,2026-06-21 04:37:35
txn_0006116,cust_001789,withdrawal,failed,75.08,2026-06-13 13:06:28
txn_0006117,cust_001789,withdrawal,successful,10.47,2026-06-04 09:34:11
txn_0006118,cust_001790,deposit,successful,31.92,2026-06-23 19:58:15
txn_0006119,cust_001790,deposit,successful,48.7,2026-05-18 23:59:49
txn_0006120,cust_001791,deposit,successful,60.69,2026-03-07 17:06:11
txn_0006121,cust_001793,deposit,successful,143.68,2026-05-24 03:27:22
txn_0006122,cust_001793,withdrawal,successful,366.8,2026-06-25 14:10:16
txn_0006123,cust_001793,deposit,successful,274.05,2026-05-23 21:02:57
txn_0006124,cust_001793,withdrawal,successful,153.22,2026-05-25 15:22:53
txn_0006125,cust_001793,deposit,successful,474.25,2026-04-14 22:52:26
txn_0006126,cust_001793,deposit,failed,271.06,2026-04-20 07:11:39
txn_0006127,cust_001793,deposit,successful,113.3,2026-04-27 19:43:43
txn_0006128,cust_001793,deposit,successful,269.09,2026-06-21 03:55:26
txn_0006129,cust_001793,deposit,refunded,496.87,2026-04-17 20:07:51
txn_0006130,cust_001793,deposit,successful,127.62,2026-06-18 20:51:20
txn_0006131,cust_001793,deposit,failed,282.18,2026-04-27 14:03:17
txn_0006132,cust_001793,deposit,successful,417.2,2026-06-04 02:25:59
txn_0006133,cust_001794,deposit,successful,75.84,2026-06-11 07:15:35
txn_0006134,cust_001795,deposit,failed,76.57,2026-03-02 23:55:02
txn_0006135,cust_001795,withdrawal,successful,61.19,2026-04-30 16:18:28
txn_0006136,cust_001796,deposit,successful,10.27,2026-06-04 13:21:22
txn_0006137,cust_001796,withdrawal,failed,22.9,2026-06-03 23:49:34
txn_0006138,cust_001796,deposit,successful,42.79,2026-06-19 23:21:56
txn_0006139,cust_001797,deposit,successful,63.61,2026-05-14 22:05:14
txn_0006140,cust_001797,withdrawal,successful,7.01,2026-03-16 02:47:08
txn_0006141,cust_001797,deposit,successful,65.09,2026-06-17 22:07:19
txn_0006142,cust_001798,deposit,failed,58.64,2026-06-04 06:41:06
txn_0006143,cust_001798,deposit,successful,10.08,2026-04-18 01:07:59
txn_0006144,cust_001798,deposit,successful,6.78,2026-05-12 02:15:34
txn_0006145,cust_001798,deposit,successful,77.94,2026-05-13 20:01:58
txn_0006146,cust_001799,withdrawal,successful,38.42,2026-05-19 11:46:05
txn_0006147,cust_001799,deposit,successful,26.12,2026-02-17 11:20:15
txn_0006148,cust_001799,deposit,successful,20.72,2026-02-07 02:04:31
txn_0006149,cust_001800,deposit,successful,54.82,2026-06-07 05:35:10
txn_0006150,cust_001801,deposit,successful,14.73,2026-04-26 15:42:57
txn_0006151,cust_001801,deposit,successful,8.37,2026-06-20 13:05:04
txn_0006152,cust_001805,deposit,successful,99.74,2026-05-18 09:05:56
txn_0006153,cust_001805,deposit,successful,482.02,2026-05-22 10:10:43
txn_0006154,cust_001805,withdrawal,cancelled,374.34,2026-04-24 14:16:31
txn_0006155,cust_001805,deposit,successful,356.43,2026-06-25 11:18:33
txn_0006156,cust_001805,withdrawal,successful,240.47,2026-05-24 16:39:51
txn_0006157,cust_001805,deposit,successful,345.62,2026-05-02 16:01:59
txn_0006158,cust_001805,withdrawal,successful,369.85,2026-04-27 10:51:08
txn_0006159,cust_001805,deposit,successful,473.42,2026-06-13 07:16:07
txn_0006160,cust_001805,deposit,successful,271.0,2026-06-03 01:47:32
txn_0006161,cust_001805,deposit,successful,439.15,2026-05-26 00:38:41
txn_0006162,cust_001805,withdrawal,successful,84.41,2026-06-22 17:14:50
txn_0006163,cust_001805,deposit,successful,289.86,2026-04-28 03:47:29
txn_0006164,cust_001805,deposit,successful,336.14,2026-06-21 10:49:06
txn_0006165,cust_001806,deposit,successful,67.48,2026-05-08 19:52:46
txn_0006166,cust_001806,deposit,failed,203.71,2026-05-17 23:31:20
txn_0006167,cust_001806,withdrawal,successful,340.34,2026-04-25 04:53:09
txn_0006168,cust_001806,deposit,failed,176.25,2026-05-08 16:26:06
txn_0006169,cust_001806,withdrawal,successful,274.38,2026-04-19 23:21:08
txn_0006170,cust_001806,deposit,successful,377.56,2026-05-17 06:18:35
txn_0006171,cust_001806,deposit,successful,206.53,2026-04-27 09:11:46
txn_0006172,cust_001806,withdrawal,successful,328.92,2026-05-19 04:20:17
txn_0006173,cust_001806,deposit,successful,336.9,2026-06-08 08:44:13
txn_0006174,cust_001806,withdrawal,successful,64.84,2026-04-30 14:42:39
txn_0006175,cust_001807,deposit,successful,62.54,2026-04-16 13:33:34
txn_0006176,cust_001807,deposit,refunded,47.27,2026-06-02 11:10:04
txn_0006177,cust_001807,withdrawal,failed,43.74,2026-04-20 03:03:15
txn_0006178,cust_001807,deposit,successful,15.52,2026-03-29 19:39:02
txn_0006179,cust_001808,deposit,successful,395.48,2026-05-25 15:02:08
txn_0006180,cust_001808,deposit,successful,133.66,2026-06-04 13:10:51
txn_0006181,cust_001808,deposit,successful,342.0,2026-06-24 03:06:07
txn_0006182,cust_001808,deposit,successful,193.82,2026-06-23 16:59:54
txn_0006183,cust_001808,withdrawal,successful,252.58,2026-05-23 17:57:21
txn_0006184,cust_001808,deposit,successful,354.89,2026-06-19 19:27:21
txn_0006185,cust_001808,deposit,successful,443.54,2026-06-15 10:25:41
txn_0006186,cust_001808,withdrawal,successful,339.96,2026-05-29 23:56:19
txn_0006187,cust_001808,withdrawal,successful,97.63,2026-06-29 18:58:08
txn_0006188,cust_001808,deposit,successful,400.83,2026-06-13 02:43:59
txn_0006189,cust_001808,withdrawal,successful,59.75,2026-06-04 10:59:54
txn_0006190,cust_001808,withdrawal,successful,486.46,2026-06-27 21:14:52
txn_0006191,cust_001808,deposit,successful,231.14,2026-06-05 07:45:09
txn_0006192,cust_001809,withdrawal,successful,56.96,2026-04-18 08:32:05
txn_0006193,cust_001809,deposit,successful,6.72,2026-06-25 09:05:23
txn_0006194,cust_001809,deposit,successful,35.66,2026-03-28 00:24:11
txn_0006195,cust_001810,deposit,successful,76.99,2026-03-28 22:05:12
txn_0006196,cust_001810,deposit,successful,9.45,2026-06-04 14:49:17
txn_0006197,cust_001811,deposit,successful,101.74,2026-02-26 22:54:47
txn_0006198,cust_001811,deposit,successful,259.79,2026-05-11 22:36:09
txn_0006199,cust_001811,deposit,successful,258.46,2026-04-15 08:39:59
txn_0006200,cust_001811,withdrawal,successful,150.86,2026-04-09 01:00:35
txn_0006201,cust_001811,deposit,successful,188.58,2026-03-09 03:17:56
txn_0006202,cust_001811,deposit,successful,304.83,2026-05-24 22:29:56
txn_0006203,cust_001811,withdrawal,successful,320.32,2026-04-01 18:45:25
txn_0006204,cust_001811,deposit,successful,337.59,2026-03-24 12:19:54
txn_0006205,cust_001811,deposit,successful,281.04,2026-03-27 04:35:53
txn_0006206,cust_001811,deposit,failed,317.66,2026-06-12 05:34:39
txn_0006207,cust_001812,withdrawal,successful,167.5,2026-06-12 11:08:51
txn_0006208,cust_001812,withdrawal,successful,60.05,2026-06-20 08:06:53
txn_0006209,cust_001812,deposit,successful,136.24,2026-06-25 12:10:46
txn_0006210,cust_001812,deposit,successful,160.28,2026-06-16 00:00:44
txn_0006211,cust_001812,withdrawal,successful,360.2,2026-06-17 16:07:36
txn_0006212,cust_001812,deposit,successful,106.11,2026-06-28 02:32:35
txn_0006213,cust_001812,deposit,successful,263.58,2026-06-28 19:52:00
txn_0006214,cust_001812,deposit,successful,257.13,2026-06-27 10:06:29
txn_0006215,cust_001812,withdrawal,successful,449.73,2026-06-17 14:16:40
txn_0006216,cust_001812,withdrawal,successful,487.63,2026-06-09 16:30:21
txn_0006217,cust_001812,deposit,successful,144.49,2026-06-17 00:35:26
txn_0006218,cust_001812,deposit,successful,352.29,2026-06-24 18:18:18
txn_0006219,cust_001813,deposit,successful,13.19,2026-06-28 18:46:29
txn_0006220,cust_001813,deposit,successful,53.01,2026-06-28 01:58:02
txn_0006221,cust_001815,deposit,successful,35.15,2026-06-10 13:20:49
txn_0006222,cust_001817,withdrawal,successful,18.24,2026-03-15 23:17:42
txn_0006223,cust_001817,deposit,failed,53.5,2026-03-22 20:03:47
txn_0006224,cust_001818,deposit,successful,386.72,2026-05-05 10:43:32
txn_0006225,cust_001818,deposit,successful,351.4,2026-05-09 13:23:08
txn_0006226,cust_001818,deposit,successful,424.63,2026-04-12 00:27:13
txn_0006227,cust_001818,deposit,successful,171.56,2026-05-18 09:45:07
txn_0006228,cust_001818,withdrawal,successful,290.27,2026-04-04 13:23:32
txn_0006229,cust_001818,withdrawal,successful,247.36,2026-04-28 17:03:33
txn_0006230,cust_001818,deposit,successful,230.66,2026-04-17 22:44:05
txn_0006231,cust_001818,deposit,successful,77.01,2026-05-29 14:28:17
txn_0006232,cust_001818,deposit,successful,485.37,2026-05-18 09:06:27
txn_0006233,cust_001818,deposit,successful,206.3,2026-04-25 20:05:01
txn_0006234,cust_001818,deposit,refunded,280.03,2026-05-25 12:55:32
txn_0006235,cust_001818,deposit,successful,444.15,2026-05-22 17:06:04
txn_0006236,cust_001818,withdrawal,successful,62.61,2026-05-23 06:10:05
txn_0006237,cust_001819,deposit,successful,349.54,2026-06-03 01:08:05
txn_0006238,cust_001819,withdrawal,successful,419.58,2026-05-17 10:07:11
txn_0006239,cust_001819,deposit,successful,405.47,2026-06-17 02:02:09
txn_0006240,cust_001819,deposit,successful,176.22,2026-02-19 02:44:52
txn_0006241,cust_001819,withdrawal,successful,163.9,2026-04-18 16:15:26
txn_0006242,cust_001819,deposit,successful,169.04,2026-03-31 19:56:50
txn_0006243,cust_001819,deposit,successful,177.04,2026-04-07 22:36:26
txn_0006244,cust_001819,withdrawal,failed,305.74,2026-03-31 01:22:12
txn_0006245,cust_001819,deposit,pending,183.94,2026-03-31 18:20:43
txn_0006246,cust_001819,withdrawal,successful,255.86,2026-05-25 09:51:45
txn_0006247,cust_001820,withdrawal,successful,317.16,2026-05-03 20:02:41
txn_0006248,cust_001820,deposit,successful,208.24,2026-05-23 05:18:34
txn_0006249,cust_001820,deposit,successful,59.31,2026-04-17 18:10:42
txn_0006250,cust_001820,deposit,successful,60.96,2026-03-24 08:29:19
txn_0006251,cust_001820,deposit,successful,379.01,2026-04-12 18:49:15
txn_0006252,cust_001820,deposit,cancelled,245.36,2026-06-29 17:39:33
txn_0006253,cust_001820,deposit,successful,113.6,2026-03-18 05:10:15
txn_0006254,cust_001820,deposit,refunded,248.16,2026-02-09 00:51:10
txn_0006255,cust_001820,withdrawal,successful,350.79,2026-04-14 00:22:22
txn_0006256,cust_001820,deposit,successful,183.49,2026-05-06 14:37:38
txn_0006257,cust_001822,deposit,successful,32.88,2026-05-08 18:52:28
txn_0006258,cust_001823,deposit,successful,23.49,2026-06-13 05:06:02
txn_0006259,cust_001823,deposit,successful,24.4,2026-06-18 21:25:31
txn_0006260,cust_001823,deposit,failed,47.99,2026-06-19 12:21:56
txn_0006261,cust_001823,withdrawal,successful,11.81,2026-06-16 08:58:00
txn_0006262,cust_001824,deposit,failed,36.06,2026-05-01 15:58:03
txn_0006263,cust_001824,deposit,successful,50.34,2026-03-11 11:26:04
txn_0006264,cust_001825,deposit,successful,68.2,2026-06-24 07:07:16
txn_0006265,cust_001825,deposit,successful,38.65,2026-06-22 02:28:38
txn_0006266,cust_001825,deposit,successful,70.56,2026-06-28 14:41:41
txn_0006267,cust_001825,deposit,successful,15.78,2026-06-29 17:18:50
txn_0006268,cust_001826,deposit,failed,115.28,2026-06-28 07:34:56
txn_0006269,cust_001826,withdrawal,successful,145.97,2026-06-19 23:00:41
txn_0006270,cust_001826,deposit,successful,461.4,2026-06-26 01:53:15
txn_0006271,cust_001826,deposit,successful,463.15,2026-06-22 23:01:45
txn_0006272,cust_001826,deposit,successful,174.55,2026-06-26 02:04:41
txn_0006273,cust_001827,deposit,successful,54.78,2026-06-11 07:53:01
txn_0006274,cust_001827,deposit,successful,22.36,2026-06-13 08:08:15
txn_0006275,cust_001827,withdrawal,successful,31.27,2026-05-26 18:32:03
txn_0006276,cust_001828,deposit,successful,58.88,2026-04-16 06:49:10
txn_0006277,cust_001829,deposit,successful,52.73,2026-05-22 21:09:57
txn_0006278,cust_001829,withdrawal,successful,78.3,2026-04-23 02:49:09
txn_0006279,cust_001830,deposit,successful,41.11,2026-06-01 14:38:26
txn_0006280,cust_001830,deposit,failed,28.88,2026-05-05 09:47:29
txn_0006281,cust_001830,withdrawal,successful,66.49,2026-05-07 06:09:37
txn_0006282,cust_001831,withdrawal,successful,38.03,2026-06-19 17:33:41
txn_0006283,cust_001832,withdrawal,successful,10.99,2026-06-01 01:59:43
txn_0006284,cust_001832,deposit,successful,15.35,2026-05-23 13:53:14
txn_0006285,cust_001832,deposit,successful,10.08,2026-05-31 00:23:42
txn_0006286,cust_001832,deposit,successful,76.53,2026-06-04 04:52:48
txn_0006287,cust_001833,withdrawal,failed,64.05,2026-06-28 08:30:32
txn_0006288,cust_001833,deposit,successful,21.24,2026-06-12 15:56:03
txn_0006289,cust_001833,deposit,successful,40.73,2026-06-13 07:19:18
txn_0006290,cust_001833,deposit,successful,5.32,2026-06-04 19:28:49
txn_0006291,cust_001834,deposit,successful,21.65,2026-05-11 23:57:11
txn_0006292,cust_001834,deposit,successful,8.88,2026-04-24 04:01:08
txn_0006293,cust_001834,withdrawal,successful,38.7,2026-05-14 16:42:58
txn_0006294,cust_001834,withdrawal,failed,50.92,2026-03-10 06:40:37
txn_0006295,cust_001835,deposit,successful,60.66,2026-02-14 15:05:16
txn_0006296,cust_001835,deposit,successful,16.99,2026-06-26 23:22:44
txn_0006297,cust_001836,withdrawal,successful,52.92,2026-06-18 21:20:02
txn_0006298,cust_001836,deposit,successful,35.9,2026-05-05 12:04:30
txn_0006299,cust_001837,deposit,successful,117.83,2026-05-22 16:00:00
txn_0006300,cust_001837,deposit,successful,88.43,2026-05-23 17:43:35
txn_0006301,cust_001837,withdrawal,successful,312.95,2026-06-01 10:46:40
txn_0006302,cust_001838,deposit,successful,49.72,2026-06-11 21:48:28
txn_0006303,cust_001839,deposit,successful,67.01,2026-06-17 23:52:56
txn_0006304,cust_001839,withdrawal,failed,414.81,2026-05-05 19:57:06
txn_0006305,cust_001839,withdrawal,successful,374.71,2026-05-24 02:35:13
txn_0006306,cust_001839,deposit,successful,250.47,2026-05-09 00:40:28
txn_0006307,cust_001839,withdrawal,successful,56.19,2026-04-23 02:08:22
txn_0006308,cust_001839,withdrawal,failed,407.46,2026-04-09 12:05:25
txn_0006309,cust_001839,deposit,successful,472.53,2026-05-01 11:27:34
txn_0006310,cust_001839,deposit,successful,380.41,2026-06-20 05:10:19
txn_0006311,cust_001839,deposit,successful,71.19,2026-04-06 07:58:03
txn_0006312,cust_001840,withdrawal,successful,43.68,2026-06-09 22:30:26
txn_0006313,cust_001840,withdrawal,successful,30.36,2026-06-28 13:06:36
txn_0006314,cust_001840,deposit,successful,27.77,2026-05-16 09:56:49
txn_0006315,cust_001841,deposit,successful,72.59,2026-05-31 13:01:34
txn_0006316,cust_001841,deposit,successful,34.5,2026-06-24 20:56:32
txn_0006317,cust_001841,withdrawal,successful,12.83,2026-06-08 11:05:58
txn_0006318,cust_001842,withdrawal,successful,28.13,2026-02-28 15:25:53
txn_0006319,cust_001843,deposit,successful,62.41,2026-06-29 09:50:40
txn_0006320,cust_001843,deposit,successful,73.0,2026-06-29 09:26:20
txn_0006321,cust_001843,deposit,successful,24.56,2026-06-29 14:03:22
txn_0006322,cust_001843,withdrawal,successful,69.37,2026-06-29 07:19:30
txn_0006323,cust_001844,deposit,successful,24.23,2026-06-17 05:06:32
txn_0006324,cust_001844,deposit,successful,47.27,2026-06-11 10:50:58
txn_0006325,cust_001844,deposit,successful,44.97,2026-05-30 21:15:55
txn_0006326,cust_001846,withdrawal,successful,340.53,2026-06-18 04:32:53
txn_0006327,cust_001846,deposit,successful,490.25,2026-06-06 08:12:10
txn_0006328,cust_001846,deposit,successful,331.17,2026-06-20 17:29:27
txn_0006329,cust_001847,deposit,successful,21.25,2026-05-30 18:44:09
txn_0006330,cust_001847,deposit,successful,25.91,2026-05-15 13:04:40
txn_0006331,cust_001847,deposit,successful,60.54,2026-06-10 20:40:33
txn_0006332,cust_001847,withdrawal,successful,79.88,2026-06-19 15:16:09
txn_0006333,cust_001848,deposit,successful,295.96,2026-06-13 13:52:18
txn_0006334,cust_001848,deposit,successful,267.11,2026-05-05 19:31:23
txn_0006335,cust_001848,withdrawal,successful,410.81,2026-05-08 15:05:08
txn_0006336,cust_001848,deposit,successful,130.3,2026-06-27 07:16:35
txn_0006337,cust_001848,deposit,pending,112.8,2026-06-28 05:36:30
txn_0006338,cust_001848,withdrawal,successful,350.7,2026-05-23 09:58:45
txn_0006339,cust_001849,deposit,successful,63.22,2026-06-16 07:23:53
txn_0006340,cust_001850,deposit,successful,79.18,2026-03-07 20:15:27
txn_0006341,cust_001850,deposit,successful,46.44,2026-02-05 05:11:41
txn_0006342,cust_001850,deposit,successful,31.17,2026-05-22 20:51:15
txn_0006343,cust_001851,deposit,successful,27.87,2026-06-08 00:31:03
txn_0006344,cust_001852,withdrawal,successful,311.15,2026-05-01 16:05:41
txn_0006345,cust_001852,withdrawal,successful,462.59,2026-06-02 09:26:52
txn_0006346,cust_001852,withdrawal,successful,70.78,2026-06-28 19:29:50
txn_0006347,cust_001853,withdrawal,successful,66.59,2026-06-10 18:37:38
txn_0006348,cust_001853,deposit,successful,30.38,2026-06-18 20:18:55
txn_0006349,cust_001854,deposit,successful,59.92,2026-06-16 12:38:19
txn_0006350,cust_001854,withdrawal,successful,50.15,2026-06-22 11:55:36
txn_0006351,cust_001855,deposit,successful,77.4,2026-06-12 12:32:46
txn_0006352,cust_001855,deposit,failed,8.3,2026-03-28 18:11:25
txn_0006353,cust_001855,withdrawal,successful,67.37,2026-01-24 06:49:58
txn_0006354,cust_001856,withdrawal,successful,79.46,2026-02-17 02:16:23
txn_0006355,cust_001856,deposit,cancelled,59.72,2026-02-26 09:46:25
txn_0006356,cust_001856,deposit,successful,19.77,2026-04-07 02:11:33
txn_0006357,cust_001857,deposit,successful,42.78,2026-04-07 06:50:43
txn_0006358,cust_001857,withdrawal,successful,72.99,2026-03-07 09:43:53
txn_0006359,cust_001857,deposit,successful,67.43,2026-04-19 10:59:53
txn_0006360,cust_001858,deposit,successful,246.71,2026-05-05 09:35:36
txn_0006361,cust_001858,deposit,successful,292.65,2026-06-24 15:18:54
txn_0006362,cust_001858,deposit,successful,270.06,2026-03-02 01:50:29
txn_0006363,cust_001858,deposit,successful,162.81,2026-02-09 08:01:26
txn_0006364,cust_001858,deposit,successful,261.56,2026-05-05 04:49:29
txn_0006365,cust_001858,deposit,successful,307.38,2026-06-10 05:13:18
txn_0006366,cust_001858,deposit,successful,371.19,2026-03-08 19:09:23
txn_0006367,cust_001858,withdrawal,successful,453.67,2026-05-09 18:43:45
txn_0006368,cust_001859,deposit,successful,6.07,2026-03-19 14:57:52
txn_0006369,cust_001859,deposit,successful,54.64,2026-04-10 21:58:46
txn_0006370,cust_001860,deposit,successful,74.22,2026-02-28 05:00:42
txn_0006371,cust_001860,deposit,successful,41.22,2026-06-12 09:17:18
txn_0006372,cust_001860,withdrawal,successful,13.28,2026-03-01 15:16:13
txn_0006373,cust_001860,deposit,successful,34.29,2026-03-23 18:19:29
txn_0006374,cust_001861,withdrawal,successful,48.25,2026-03-24 19:00:54
txn_0006375,cust_001861,deposit,successful,32.79,2026-04-09 05:14:54
txn_0006376,cust_001861,withdrawal,successful,75.96,2026-06-17 14:07:55
txn_0006377,cust_001861,deposit,successful,66.23,2026-04-21 07:42:32
txn_0006378,cust_001862,deposit,successful,77.95,2026-04-14 08:01:41
txn_0006379,cust_001862,deposit,successful,42.51,2026-01-12 15:14:35
txn_0006380,cust_001863,deposit,failed,313.75,2026-02-09 02:56:53
txn_0006381,cust_001863,deposit,successful,81.77,2026-02-17 22:22:27
txn_0006382,cust_001863,deposit,successful,291.78,2026-05-14 00:20:46
txn_0006383,cust_001863,withdrawal,successful,275.58,2026-05-01 09:55:15
txn_0006384,cust_001863,deposit,successful,383.18,2026-03-12 01:50:34
txn_0006385,cust_001863,deposit,successful,359.12,2026-01-27 22:52:09
txn_0006386,cust_001863,deposit,successful,450.69,2026-04-03 10:05:52
txn_0006387,cust_001863,deposit,successful,402.64,2026-04-13 18:18:12
txn_0006388,cust_001863,deposit,successful,358.51,2026-06-14 10:56:02
txn_0006389,cust_001863,deposit,pending,112.86,2026-04-16 00:04:52
txn_0006390,cust_001863,deposit,successful,312.87,2026-02-21 06:10:37
txn_0006391,cust_001863,deposit,successful,165.62,2026-01-30 00:48:19
txn_0006392,cust_001863,deposit,failed,135.46,2026-05-28 04:58:56
txn_0006393,cust_001864,deposit,successful,72.26,2026-06-15 11:32:41
txn_0006394,cust_001865,deposit,successful,55.14,2026-03-13 00:56:49
txn_0006395,cust_001865,deposit,successful,29.25,2026-05-04 06:15:38
txn_0006396,cust_001865,deposit,successful,57.24,2026-02-15 21:49:39
txn_0006397,cust_001865,deposit,successful,30.77,2026-02-10 06:16:07
txn_0006398,cust_001866,deposit,successful,205.9,2026-05-31 13:25:11
txn_0006399,cust_001866,deposit,successful,82.79,2026-06-06 19:33:06
txn_0006400,cust_001866,deposit,successful,139.87,2026-06-29 00:45:17
txn_0006401,cust_001866,deposit,pending,345.53,2026-05-15 15:22:01
txn_0006402,cust_001866,deposit,successful,461.24,2026-06-17 04:29:24
txn_0006403,cust_001866,deposit,successful,413.55,2026-05-26 17:48:06
txn_0006404,cust_001866,deposit,successful,369.77,2026-06-10 12:08:41
txn_0006405,cust_001866,deposit,failed,80.73,2026-05-31 07:19:30
txn_0006406,cust_001866,deposit,successful,475.05,2026-06-07 18:00:48
txn_0006407,cust_001866,deposit,cancelled,320.0,2026-05-18 21:50:04
txn_0006408,cust_001867,deposit,successful,24.78,2026-04-21 12:22:47
txn_0006409,cust_001867,deposit,successful,40.29,2026-06-09 12:54:32
txn_0006410,cust_001867,withdrawal,failed,34.5,2026-04-28 00:32:28
txn_0006411,cust_001868,withdrawal,successful,37.37,2026-03-29 16:16:31
txn_0006412,cust_001868,deposit,successful,77.46,2026-06-05 05:24:43
txn_0006413,cust_001869,withdrawal,successful,67.88,2026-06-08 03:32:00
txn_0006414,cust_001869,deposit,cancelled,70.83,2026-06-24 19:14:13
txn_0006415,cust_001869,withdrawal,successful,68.69,2026-06-25 14:18:21
txn_0006416,cust_001869,withdrawal,successful,55.98,2026-01-29 06:53:49
txn_0006417,cust_001870,deposit,successful,354.24,2026-06-09 23:08:06
txn_0006418,cust_001870,deposit,successful,479.8,2026-05-21 10:21:10
txn_0006419,cust_001870,withdrawal,successful,105.89,2026-04-11 11:40:26
txn_0006420,cust_001870,deposit,failed,307.46,2026-04-06 07:18:07
txn_0006421,cust_001870,deposit,successful,408.43,2026-06-08 23:22:33
txn_0006422,cust_001870,deposit,successful,171.8,2026-06-08 05:00:23
txn_0006423,cust_001870,deposit,successful,225.81,2026-04-08 02:41:14
txn_0006424,cust_001870,deposit,successful,156.12,2026-06-14 21:28:18
txn_0006425,cust_001870,deposit,successful,284.87,2026-04-02 12:58:48
txn_0006426,cust_001870,deposit,successful,107.7,2026-05-06 05:03:45
txn_0006427,cust_001870,deposit,successful,56.52,2026-04-25 20:19:38
txn_0006428,cust_001870,deposit,successful,474.98,2026-04-29 10:12:11
txn_0006429,cust_001870,deposit,successful,79.5,2026-04-26 13:20:37
txn_0006430,cust_001870,deposit,successful,447.87,2026-04-12 16:53:16
txn_0006431,cust_001871,deposit,successful,41.59,2026-01-17 13:36:57
txn_0006432,cust_001871,deposit,successful,50.02,2026-06-01 18:53:12
txn_0006433,cust_001872,deposit,refunded,74.35,2026-06-14 02:21:50
txn_0006434,cust_001872,deposit,successful,323.65,2026-06-23 17:07:01
txn_0006435,cust_001872,withdrawal,successful,51.76,2026-04-27 09:29:52
txn_0006436,cust_001872,deposit,successful,458.28,2026-03-10 16:04:27
txn_0006437,cust_001872,deposit,successful,128.25,2026-06-22 05:01:48
txn_0006438,cust_001873,deposit,successful,61.74,2026-01-29 02:12:09
txn_0006439,cust_001874,deposit,successful,37.71,2026-06-18 12:39:41
txn_0006440,cust_001876,deposit,successful,249.72,2026-03-16 17:08:19
txn_0006441,cust_001876,withdrawal,successful,189.49,2026-04-23 05:35:40
txn_0006442,cust_001876,deposit,successful,130.88,2026-03-10 21:33:47
txn_0006443,cust_001876,deposit,successful,451.09,2026-04-26 22:35:01
txn_0006444,cust_001876,deposit,successful,385.24,2026-06-12 01:29:03
txn_0006445,cust_001876,withdrawal,pending,368.51,2026-05-20 20:12:16
txn_0006446,cust_001876,deposit,successful,76.49,2026-04-28 03:17:31
txn_0006447,cust_001876,deposit,successful,423.73,2026-04-10 10:54:37
txn_0006448,cust_001876,deposit,successful,246.5,2026-03-01 19:31:46
txn_0006449,cust_001876,deposit,successful,487.59,2026-06-04 18:41:26
txn_0006450,cust_001877,deposit,successful,26.6,2026-06-29 15:25:01
txn_0006451,cust_001878,deposit,successful,67.35,2026-03-09 13:37:16
txn_0006452,cust_001878,withdrawal,successful,21.58,2026-03-04 10:15:50
txn_0006453,cust_001878,deposit,successful,16.1,2026-03-17 06:58:11
txn_0006454,cust_001878,deposit,successful,57.26,2026-06-14 04:05:09
txn_0006455,cust_001880,deposit,successful,87.92,2026-04-20 02:24:04
txn_0006456,cust_001880,deposit,failed,492.36,2026-04-21 07:21:27
txn_0006457,cust_001880,deposit,successful,435.37,2026-05-31 00:58:15
txn_0006458,cust_001880,deposit,successful,70.64,2026-04-02 06:02:10
txn_0006459,cust_001880,withdrawal,successful,227.24,2026-04-21 19:33:08
txn_0006460,cust_001880,withdrawal,successful,162.94,2026-05-11 07:58:13
txn_0006461,cust_001880,deposit,successful,314.71,2026-06-05 05:53:58
txn_0006462,cust_001883,withdrawal,successful,17.39,2026-03-31 04:11:51
txn_0006463,cust_001883,deposit,successful,22.92,2026-06-07 03:13:17
txn_0006464,cust_001883,withdrawal,failed,72.68,2026-06-08 12:03:13
txn_0006465,cust_001884,deposit,failed,41.18,2026-06-19 22:04:38
txn_0006466,cust_001884,deposit,successful,45.53,2026-05-04 06:53:56
txn_0006467,cust_001885,deposit,successful,69.52,2026-06-19 02:08:34
txn_0006468,cust_001885,deposit,successful,488.96,2026-06-23 13:38:40
txn_0006469,cust_001885,deposit,successful,340.42,2026-06-03 04:17:28
txn_0006470,cust_001886,deposit,successful,35.19,2026-06-23 21:15:33
txn_0006471,cust_001886,deposit,successful,46.46,2026-06-21 00:31:34
txn_0006472,cust_001888,deposit,successful,25.57,2026-06-27 18:07:53
txn_0006473,cust_001889,deposit,successful,26.53,2026-06-28 02:28:09
txn_0006474,cust_001890,withdrawal,successful,235.9,2026-06-23 01:34:09
txn_0006475,cust_001890,deposit,successful,200.38,2026-04-25 07:35:45
txn_0006476,cust_001890,deposit,successful,104.49,2026-05-21 07:42:21
txn_0006477,cust_001890,deposit,successful,417.93,2026-04-25 14:24:59
txn_0006478,cust_001890,deposit,successful,429.41,2026-06-28 18:53:58
txn_0006479,cust_001890,withdrawal,successful,211.54,2026-05-26 12:51:16
txn_0006480,cust_001890,withdrawal,successful,233.77,2026-06-14 07:18:06
txn_0006481,cust_001890,withdrawal,successful,464.7,2026-06-20 04:37:33
txn_0006482,cust_001890,deposit,successful,251.47,2026-05-10 06:08:20
txn_0006483,cust_001890,deposit,successful,381.54,2026-05-27 08:47:35
txn_0006484,cust_001890,deposit,pending,53.92,2026-04-27 13:41:50
txn_0006485,cust_001890,deposit,successful,196.73,2026-05-01 09:59:12
txn_0006486,cust_001890,deposit,successful,463.01,2026-06-04 14:22:52
txn_0006487,cust_001890,deposit,successful,253.92,2026-05-08 05:16:49
txn_0006488,cust_001890,deposit,successful,70.28,2026-05-29 02:51:19
txn_0006489,cust_001891,deposit,successful,21.05,2026-04-05 14:11:15
txn_0006490,cust_001891,deposit,successful,45.88,2026-02-13 23:29:12
txn_0006491,cust_001891,deposit,successful,49.28,2026-03-11 17:54:38
txn_0006492,cust_001892,withdrawal,successful,212.77,2026-05-31 17:23:06
txn_0006493,cust_001892,deposit,successful,135.59,2026-06-23 13:58:24
txn_0006494,cust_001892,deposit,successful,64.82,2026-06-08 22:14:35
txn_0006495,cust_001892,withdrawal,successful,305.49,2026-06-05 20:03:49
txn_0006496,cust_001892,deposit,successful,257.39,2026-05-23 05:47:58
txn_0006497,cust_001892,deposit,successful,414.5,2026-06-19 17:19:10
txn_0006498,cust_001892,withdrawal,successful,260.53,2026-06-17 11:52:05
txn_0006499,cust_001892,deposit,successful,182.33,2026-06-22 20:36:40
txn_0006500,cust_001892,withdrawal,successful,60.82,2026-06-21 06:39:57
txn_0006501,cust_001892,deposit,cancelled,189.82,2026-05-29 13:33:14
txn_0006502,cust_001892,deposit,successful,323.4,2026-06-09 07:34:11
txn_0006503,cust_001892,deposit,successful,418.81,2026-06-24 05:14:54
txn_0006504,cust_001892,deposit,successful,144.66,2026-06-06 00:21:24
txn_0006505,cust_001892,withdrawal,successful,384.53,2026-06-24 02:54:34
txn_0006506,cust_001892,deposit,successful,200.93,2026-06-06 20:57:30
txn_0006507,cust_001893,withdrawal,successful,47.81,2026-04-23 01:44:08
txn_0006508,cust_001893,withdrawal,successful,20.8,2026-04-19 10:00:25
txn_0006509,cust_001893,deposit,successful,60.08,2026-06-16 23:29:09
txn_0006510,cust_001894,deposit,successful,422.56,2026-06-28 20:20:39
txn_0006511,cust_001894,deposit,pending,322.58,2026-06-28 20:04:50
txn_0006512,cust_001894,deposit,successful,356.91,2026-06-29 07:46:48
txn_0006513,cust_001894,deposit,successful,355.97,2026-06-26 14:54:23
txn_0006514,cust_001894,deposit,successful,237.28,2026-06-14 21:28:47
txn_0006515,cust_001894,deposit,successful,319.77,2026-06-08 11:30:02
txn_0006516,cust_001894,withdrawal,successful,491.14,2026-05-27 08:09:13
txn_0006517,cust_001895,deposit,successful,33.96,2026-06-19 15:30:42
txn_0006518,cust_001895,withdrawal,successful,76.68,2026-06-18 07:54:53
txn_0006519,cust_001895,deposit,failed,25.39,2026-06-01 05:22:39
txn_0006520,cust_001895,withdrawal,successful,71.71,2026-06-05 08:53:19
txn_0006521,cust_001896,withdrawal,successful,342.5,2026-06-17 10:17:54
txn_0006522,cust_001896,deposit,successful,480.68,2026-05-02 00:02:05
txn_0006523,cust_001896,deposit,successful,89.0,2026-06-25 08:16:47
txn_0006524,cust_001896,deposit,successful,488.76,2026-05-10 00:31:44
txn_0006525,cust_001896,deposit,successful,295.01,2026-02-09 17:00:34
txn_0006526,cust_001896,deposit,successful,383.54,2026-05-13 11:44:37
txn_0006527,cust_001896,deposit,successful,412.03,2026-02-03 05:26:53
txn_0006528,cust_001896,deposit,pending,272.28,2026-03-01 12:20:13
txn_0006529,cust_001896,deposit,successful,334.24,2026-03-10 02:22:34
txn_0006530,cust_001896,withdrawal,successful,399.15,2026-02-07 16:21:55
txn_0006531,cust_001896,deposit,successful,62.51,2026-06-25 07:19:52
txn_0006532,cust_001896,deposit,successful,215.18,2026-06-18 10:16:44
txn_0006533,cust_001896,deposit,successful,310.97,2026-03-08 16:37:33
txn_0006534,cust_001896,withdrawal,successful,159.06,2026-02-27 20:03:16
txn_0006535,cust_001896,deposit,successful,147.58,2026-06-03 03:44:55
txn_0006536,cust_001897,deposit,successful,18.31,2026-06-21 17:18:47
txn_0006537,cust_001897,deposit,successful,14.16,2026-05-22 17:30:28
txn_0006538,cust_001897,deposit,successful,7.62,2026-05-17 04:26:07
txn_0006539,cust_001897,withdrawal,successful,6.36,2026-06-26 16:20:34
txn_0006540,cust_001898,deposit,successful,52.67,2026-06-15 04:21:49
txn_0006541,cust_001898,deposit,successful,5.59,2026-04-30 08:01:09
txn_0006542,cust_001898,withdrawal,successful,52.91,2026-06-24 11:46:18
txn_0006543,cust_001899,withdrawal,failed,70.16,2026-06-01 06:19:33
txn_0006544,cust_001899,withdrawal,successful,61.83,2026-06-22 20:20:05
txn_0006545,cust_001899,withdrawal,successful,22.88,2026-06-08 17:01:39
txn_0006546,cust_001900,withdrawal,successful,101.18,2026-06-24 08:21:30
txn_0006547,cust_001900,deposit,successful,187.0,2026-06-24 22:10:07
txn_0006548,cust_001900,deposit,successful,454.06,2026-06-03 20:15:12
txn_0006549,cust_001900,deposit,successful,267.18,2026-06-07 11:23:32
txn_0006550,cust_001900,deposit,successful,429.69,2026-06-02 14:39:21
txn_0006551,cust_001900,withdrawal,failed,54.35,2026-06-26 05:27:53
txn_0006552,cust_001900,deposit,successful,177.36,2026-06-10 19:28:11
txn_0006553,cust_001900,deposit,successful,426.82,2026-06-09 16:13:31
txn_0006554,cust_001900,withdrawal,successful,61.25,2026-06-01 14:42:07
txn_0006555,cust_001900,deposit,successful,130.08,2026-06-11 10:08:15
txn_0006556,cust_001900,withdrawal,successful,357.46,2026-06-07 17:45:05
txn_0006557,cust_001901,deposit,successful,17.01,2026-06-04 07:40:16
txn_0006558,cust_001901,deposit,successful,11.62,2026-05-13 22:12:28
txn_0006559,cust_001901,deposit,successful,30.97,2026-06-21 18:12:50
txn_0006560,cust_001902,deposit,successful,125.36,2026-03-18 18:27:45
txn_0006561,cust_001902,deposit,successful,387.18,2026-02-24 17:05:21
txn_0006562,cust_001902,deposit,failed,100.82,2026-02-26 12:26:35
txn_0006563,cust_001902,deposit,refunded,291.66,2026-06-29 01:49:56
txn_0006564,cust_001902,deposit,successful,130.78,2026-02-06 08:53:55
txn_0006565,cust_001902,withdrawal,successful,443.6,2026-04-23 02:02:48
txn_0006566,cust_001902,deposit,successful,400.87,2026-03-22 09:52:31
txn_0006567,cust_001902,deposit,successful,184.49,2026-05-27 08:06:30
txn_0006568,cust_001902,withdrawal,successful,143.92,2026-04-11 15:14:04
txn_0006569,cust_001902,withdrawal,successful,55.37,2026-06-15 19:42:42
txn_0006570,cust_001902,deposit,successful,176.46,2026-05-17 08:15:27
txn_0006571,cust_001902,withdrawal,successful,251.31,2026-02-10 08:00:47
txn_0006572,cust_001902,deposit,successful,275.81,2026-03-27 09:09:39
txn_0006573,cust_001902,deposit,successful,250.96,2026-05-11 00:42:53
txn_0006574,cust_001903,deposit,successful,38.91,2026-04-21 16:40:16
txn_0006575,cust_001903,deposit,successful,54.13,2026-05-15 13:44:47
txn_0006576,cust_001904,deposit,successful,25.45,2026-06-05 06:07:49
txn_0006577,cust_001904,deposit,failed,22.42,2026-06-28 00:28:41
txn_0006578,cust_001904,deposit,successful,42.32,2026-04-06 08:27:01
txn_0006579,cust_001905,deposit,successful,23.18,2026-05-18 23:05:20
txn_0006580,cust_001905,withdrawal,successful,6.93,2026-06-11 15:43:45
txn_0006581,cust_001905,deposit,successful,14.78,2026-04-08 21:02:33
txn_0006582,cust_001905,deposit,successful,9.74,2026-03-24 14:42:10
txn_0006583,cust_001906,deposit,successful,45.06,2026-06-17 05:16:27
txn_0006584,cust_001908,deposit,successful,18.41,2026-03-29 20:40:14
txn_0006585,cust_001908,deposit,successful,55.58,2026-04-02 10:07:29
txn_0006586,cust_001909,deposit,successful,58.93,2026-03-20 01:49:41
txn_0006587,cust_001909,withdrawal,successful,45.56,2026-04-26 17:21:31
txn_0006588,cust_001909,deposit,successful,37.67,2026-06-23 01:12:04
txn_0006589,cust_001910,deposit,refunded,54.3,2026-05-25 05:45:58
txn_0006590,cust_001911,deposit,successful,38.59,2026-05-25 17:15:24
txn_0006591,cust_001911,deposit,refunded,27.33,2026-06-22 19:30:08
txn_0006592,cust_001912,deposit,successful,14.04,2026-06-27 05:02:26
txn_0006593,cust_001912,deposit,successful,66.57,2026-05-10 06:40:44
txn_0006594,cust_001912,deposit,successful,39.85,2026-06-04 02:00:05
txn_0006595,cust_001912,deposit,successful,14.69,2026-05-22 16:43:21
txn_0006596,cust_001914,withdrawal,successful,305.71,2026-05-18 21:27:02
txn_0006597,cust_001914,withdrawal,successful,199.0,2026-05-31 21:00:33
txn_0006598,cust_001914,deposit,failed,391.27,2026-06-08 15:44:46
txn_0006599,cust_001914,deposit,successful,142.54,2026-06-18 07:20:28
txn_0006600,cust_001914,deposit,successful,480.76,2026-06-02 23:47:14
txn_0006601,cust_001914,deposit,successful,248.19,2026-05-24 20:56:00
txn_0006602,cust_001914,deposit,failed,377.84,2026-05-26 04:53:45
txn_0006603,cust_001914,deposit,successful,314.63,2026-06-16 21:07:22
txn_0006604,cust_001914,deposit,successful,303.81,2026-06-11 10:39:39
txn_0006605,cust_001914,deposit,successful,275.91,2026-06-20 09:45:27
txn_0006606,cust_001915,withdrawal,successful,50.58,2026-05-28 03:18:16
txn_0006607,cust_001916,deposit,successful,40.44,2026-06-28 12:03:39
txn_0006608,cust_001916,deposit,successful,72.59,2026-06-28 11:53:52
txn_0006609,cust_001917,deposit,successful,35.07,2026-06-23 16:17:09
txn_0006610,cust_001918,deposit,successful,62.43,2026-05-15 20:56:39
txn_0006611,cust_001918,deposit,successful,55.8,2026-04-12 06:36:51
txn_0006612,cust_001918,deposit,successful,59.21,2026-05-17 23:05:27
txn_0006613,cust_001918,deposit,successful,58.26,2026-04-11 09:54:06
txn_0006614,cust_001919,deposit,successful,54.61,2026-03-31 20:08:08
txn_0006615,cust_001919,deposit,cancelled,40.5,2026-02-09 04:46:47
txn_0006616,cust_001919,withdrawal,failed,67.28,2026-02-22 20:03:37
txn_0006617,cust_001919,deposit,successful,52.31,2026-03-26 19:31:52
txn_0006618,cust_001920,withdrawal,successful,23.44,2026-06-23 08:37:56
txn_0006619,cust_001920,deposit,successful,70.81,2026-06-29 09:18:50
txn_0006620,cust_001920,deposit,successful,24.16,2026-06-23 09:09:37
txn_0006621,cust_001921,withdrawal,successful,35.09,2026-04-20 13:29:03
txn_0006622,cust_001921,deposit,successful,18.65,2026-05-10 17:42:56
txn_0006623,cust_001921,deposit,successful,26.25,2026-04-03 02:55:31
txn_0006624,cust_001923,deposit,successful,474.48,2026-06-03 16:25:43
txn_0006625,cust_001923,deposit,successful,87.82,2026-02-25 14:27:33
txn_0006626,cust_001923,withdrawal,successful,169.24,2026-05-19 19:43:07
txn_0006627,cust_001923,withdrawal,successful,179.97,2026-06-01 13:48:59
txn_0006628,cust_001923,deposit,successful,289.17,2026-05-15 14:49:20
txn_0006629,cust_001923,deposit,successful,185.11,2026-06-26 04:25:22
txn_0006630,cust_001923,deposit,successful,83.57,2026-04-09 06:45:06
txn_0006631,cust_001923,deposit,successful,172.9,2026-04-17 04:48:50
txn_0006632,cust_001923,deposit,successful,347.28,2026-03-17 20:53:31
txn_0006633,cust_001923,deposit,successful,495.81,2026-05-05 07:20:00
txn_0006634,cust_001923,deposit,successful,195.44,2026-03-08 16:05:42
txn_0006635,cust_001923,deposit,successful,446.97,2026-05-10 14:06:47
txn_0006636,cust_001923,withdrawal,successful,212.06,2026-02-19 23:06:32
txn_0006637,cust_001923,deposit,cancelled,414.28,2026-03-30 09:03:36
txn_0006638,cust_001925,deposit,successful,69.25,2026-06-11 16:35:58
txn_0006639,cust_001925,withdrawal,successful,8.65,2026-06-12 09:20:18
txn_0006640,cust_001925,deposit,successful,17.86,2026-06-28 01:46:24
txn_0006641,cust_001925,deposit,successful,6.93,2026-06-04 16:48:08
txn_0006642,cust_001926,deposit,successful,72.81,2026-05-16 02:43:28
txn_0006643,cust_001926,withdrawal,failed,56.04,2026-06-18 03:11:49
txn_0006644,cust_001926,deposit,successful,20.42,2026-05-16 22:56:48
txn_0006645,cust_001928,deposit,successful,36.18,2026-06-27 20:01:39
txn_0006646,cust_001928,deposit,successful,34.19,2026-06-27 13:58:27
txn_0006647,cust_001929,deposit,failed,235.95,2026-05-29 20:12:47
txn_0006648,cust_001929,withdrawal,successful,96.1,2026-05-27 22:43:45
txn_0006649,cust_001929,withdrawal,successful,78.74,2026-06-15 06:21:05
txn_0006650,cust_001929,deposit,successful,332.97,2026-06-05 23:14:34
txn_0006651,cust_001929,deposit,successful,432.28,2026-04-06 12:39:00
txn_0006652,cust_001929,deposit,successful,54.04,2026-05-25 10:32:47
txn_0006653,cust_001929,withdrawal,successful,112.46,2026-03-30 05:11:08
txn_0006654,cust_001929,deposit,successful,50.74,2026-04-03 06:45:37
txn_0006655,cust_001929,deposit,failed,492.28,2026-06-26 09:18:10
txn_0006656,cust_001929,withdrawal,pending,293.51,2026-05-29 06:59:51
txn_0006657,cust_001929,deposit,successful,482.87,2026-05-18 15:44:08
txn_0006658,cust_001929,deposit,successful,77.04,2026-04-15 18:18:30
txn_0006659,cust_001930,deposit,successful,27.15,2026-06-28 04:55:23
txn_0006660,cust_001930,deposit,successful,62.21,2026-06-13 08:29:07
txn_0006661,cust_001930,deposit,successful,42.89,2026-06-18 22:46:15
txn_0006662,cust_001930,deposit,successful,53.55,2026-05-11 23:39:53
txn_0006663,cust_001931,deposit,successful,24.3,2026-05-26 14:56:05
txn_0006664,cust_001931,deposit,successful,41.63,2026-06-29 21:13:14
txn_0006665,cust_001932,deposit,successful,58.88,2026-05-21 06:54:38
txn_0006666,cust_001932,withdrawal,successful,57.85,2026-06-12 04:28:04
txn_0006667,cust_001932,deposit,pending,70.04,2026-06-21 09:40:51
txn_0006668,cust_001933,withdrawal,failed,37.76,2026-06-18 17:21:38
txn_0006669,cust_001933,deposit,successful,62.37,2026-06-19 04:32:31
txn_0006670,cust_001933,deposit,successful,30.5,2026-04-14 18:54:36
txn_0006671,cust_001934,withdrawal,successful,45.1,2026-06-11 06:21:58
txn_0006672,cust_001934,deposit,successful,6.19,2026-05-22 04:34:16
txn_0006673,cust_001934,deposit,successful,32.67,2026-04-13 22:02:54
txn_0006674,cust_001934,deposit,successful,45.16,2026-06-14 07:23:40
txn_0006675,cust_001935,deposit,pending,9.18,2026-06-11 07:43:53
txn_0006676,cust_001936,deposit,successful,6.91,2026-06-29 06:02:10
txn_0006677,cust_001936,deposit,pending,52.45,2026-06-28 16:09:42
txn_0006678,cust_001936,withdrawal,successful,58.75,2026-06-28 06:59:11
txn_0006679,cust_001937,withdrawal,successful,55.74,2026-06-24 10:59:18
txn_0006680,cust_001937,deposit,successful,29.5,2026-06-28 19:12:51
txn_0006681,cust_001939,deposit,successful,180.93,2026-06-06 04:04:25
txn_0006682,cust_001939,deposit,failed,189.86,2026-05-13 17:28:54
txn_0006683,cust_001939,withdrawal,successful,60.5,2026-06-11 05:11:15
txn_0006684,cust_001939,deposit,successful,312.09,2026-05-07 00:53:58
txn_0006685,cust_001940,deposit,successful,22.56,2026-05-28 11:28:07
txn_0006686,cust_001940,deposit,successful,65.08,2026-04-12 06:56:57
txn_0006687,cust_001940,withdrawal,successful,62.28,2026-05-10 23:55:54
txn_0006688,cust_001940,withdrawal,failed,38.54,2026-06-15 21:37:42
txn_0006689,cust_001941,deposit,successful,63.06,2026-06-28 16:38:25
txn_0006690,cust_001941,deposit,successful,69.48,2026-06-29 07:30:05
txn_0006691,cust_001942,deposit,refunded,29.77,2026-05-16 00:29:59
txn_0006692,cust_001942,deposit,successful,67.21,2026-06-23 11:28:43
txn_0006693,cust_001945,withdrawal,successful,412.45,2026-05-18 11:49:56
txn_0006694,cust_001945,deposit,successful,315.04,2026-05-16 06:20:07
txn_0006695,cust_001945,withdrawal,cancelled,303.17,2026-04-06 03:46:20
txn_0006696,cust_001945,deposit,successful,444.82,2026-04-16 15:27:01
txn_0006697,cust_001945,withdrawal,refunded,164.66,2026-05-19 09:09:48
txn_0006698,cust_001945,deposit,successful,327.45,2026-06-01 11:13:00
txn_0006699,cust_001945,deposit,successful,282.65,2026-06-21 02:04:07
txn_0006700,cust_001945,withdrawal,successful,302.12,2026-02-23 10:15:38
txn_0006701,cust_001945,deposit,successful,473.61,2026-02-27 22:50:17
txn_0006702,cust_001945,deposit,successful,261.4,2026-04-15 02:44:36
txn_0006703,cust_001945,deposit,successful,203.32,2026-05-28 12:13:50
txn_0006704,cust_001945,deposit,successful,441.84,2026-06-10 02:45:07
txn_0006705,cust_001945,deposit,successful,326.76,2026-03-15 06:25:50
txn_0006706,cust_001946,deposit,successful,6.63,2026-04-22 12:58:28
txn_0006707,cust_001946,deposit,successful,34.84,2026-03-25 08:29:38
txn_0006708,cust_001946,deposit,successful,10.72,2026-06-08 03:37:55
txn_0006709,cust_001947,deposit,successful,251.97,2026-02-07 16:07:48
txn_0006710,cust_001947,deposit,successful,207.2,2026-06-26 03:19:02
txn_0006711,cust_001947,deposit,successful,148.33,2026-05-09 23:13:01
txn_0006712,cust_001947,deposit,successful,479.5,2026-05-20 05:41:13
txn_0006713,cust_001947,deposit,successful,412.43,2026-06-22 17:11:10
txn_0006714,cust_001947,deposit,successful,382.09,2026-06-11 20:01:38
txn_0006715,cust_001947,deposit,successful,218.17,2026-06-09 07:06:58
txn_0006716,cust_001947,deposit,successful,162.41,2026-03-01 12:26:52
txn_0006717,cust_001947,deposit,successful,349.24,2026-01-12 12:41:26
txn_0006718,cust_001947,deposit,failed,139.65,2026-06-29 06:19:53
txn_0006719,cust_001948,deposit,successful,59.84,2026-05-05 16:29:56
txn_0006720,cust_001948,deposit,successful,23.02,2026-06-26 08:19:04
txn_0006721,cust_001948,deposit,successful,42.4,2026-06-10 02:48:55
txn_0006722,cust_001948,deposit,refunded,69.0,2026-05-24 07:37:56
txn_0006723,cust_001949,deposit,successful,31.78,2026-04-11 10:04:22
txn_0006724,cust_001949,withdrawal,successful,20.6,2026-02-21 07:06:13
txn_0006725,cust_001949,withdrawal,successful,29.81,2026-06-09 02:33:38
txn_0006726,cust_001950,deposit,successful,13.09,2026-05-17 18:44:24
txn_0006727,cust_001950,deposit,successful,48.06,2026-05-26 20:05:50
txn_0006728,cust_001951,withdrawal,successful,328.22,2026-04-21 08:15:41
txn_0006729,cust_001951,withdrawal,successful,134.87,2026-02-24 10:42:10
txn_0006730,cust_001951,withdrawal,successful,355.42,2026-03-18 22:03:52
txn_0006731,cust_001952,withdrawal,successful,30.23,2026-04-29 03:32:41
txn_0006732,cust_001952,deposit,successful,33.24,2026-03-26 19:37:19
txn_0006733,cust_001952,deposit,successful,6.07,2026-05-20 01:23:39
txn_0006734,cust_001952,deposit,successful,52.42,2026-04-30 02:29:53
txn_0006735,cust_001953,deposit,successful,43.03,2026-06-29 06:01:08
txn_0006736,cust_001953,deposit,successful,76.94,2026-04-13 13:38:50
txn_0006737,cust_001954,withdrawal,failed,38.99,2026-05-24 04:27:34
txn_0006738,cust_001954,deposit,successful,23.69,2026-06-24 00:59:30
txn_0006739,cust_001955,deposit,successful,29.54,2026-06-12 12:21:10
txn_0006740,cust_001955,deposit,successful,55.0,2026-05-24 03:25:05
txn_0006741,cust_001955,deposit,successful,76.83,2026-06-22 14:55:15
txn_0006742,cust_001956,deposit,successful,17.06,2026-02-25 16:21:27
txn_0006743,cust_001956,deposit,failed,78.98,2026-05-18 01:20:33
txn_0006744,cust_001956,withdrawal,successful,55.24,2026-05-29 21:42:43
txn_0006745,cust_001957,deposit,successful,478.26,2026-05-19 13:30:11
txn_0006746,cust_001957,deposit,successful,387.11,2026-03-24 01:15:58
txn_0006747,cust_001957,deposit,successful,345.57,2026-05-26 10:13:59
txn_0006748,cust_001957,deposit,successful,395.35,2026-04-28 19:42:28
txn_0006749,cust_001957,deposit,successful,63.58,2026-03-12 03:31:10
txn_0006750,cust_001957,withdrawal,successful,442.86,2026-05-08 20:49:24
txn_0006751,cust_001957,deposit,successful,219.06,2026-06-21 04:49:25
txn_0006752,cust_001958,deposit,successful,404.36,2026-03-01 19:30:23
txn_0006753,cust_001958,deposit,successful,319.6,2026-06-02 18:33:39
txn_0006754,cust_001958,withdrawal,successful,219.09,2026-04-27 11:58:43
txn_0006755,cust_001958,deposit,successful,355.58,2026-06-27 15:04:24
txn_0006756,cust_001958,deposit,failed,456.66,2026-05-05 17:48:52
txn_0006757,cust_001958,deposit,successful,75.78,2026-03-05 09:49:54
txn_0006758,cust_001958,deposit,successful,267.6,2026-05-28 14:24:07
txn_0006759,cust_001958,deposit,successful,158.59,2026-06-04 04:12:17
txn_0006760,cust_001958,deposit,successful,97.63,2026-04-17 04:38:58
txn_0006761,cust_001958,deposit,successful,385.94,2026-03-02 10:36:44
txn_0006762,cust_001959,withdrawal,successful,89.51,2026-06-27 02:26:03
txn_0006763,cust_001959,deposit,successful,429.36,2026-06-16 20:31:07
txn_0006764,cust_001959,deposit,successful,372.9,2026-06-13 08:22:52
txn_0006765,cust_001959,withdrawal,successful,441.14,2026-06-13 21:13:06
txn_0006766,cust_001959,deposit,failed,359.27,2026-06-20 21:22:45
txn_0006767,cust_001959,deposit,failed,356.02,2026-06-17 14:50:08
txn_0006768,cust_001959,deposit,successful,470.99,2026-06-21 15:32:40
txn_0006769,cust_001959,deposit,successful,99.42,2026-06-20 08:41:08
txn_0006770,cust_001959,withdrawal,successful,237.38,2026-06-25 10:34:51
txn_0006771,cust_001959,withdrawal,successful,451.17,2026-06-23 03:11:42
txn_0006772,cust_001959,deposit,successful,470.4,2026-06-19 05:00:15
txn_0006773,cust_001959,deposit,successful,56.37,2026-06-24 12:22:35
txn_0006774,cust_001959,deposit,failed,363.02,2026-06-11 21:33:58
txn_0006775,cust_001960,deposit,successful,49.03,2026-05-07 02:27:43
txn_0006776,cust_001961,withdrawal,successful,72.97,2026-03-15 15:24:42
txn_0006777,cust_001962,deposit,successful,50.52,2026-05-21 08:14:43
txn_0006778,cust_001962,deposit,successful,53.09,2026-04-27 02:37:48
txn_0006779,cust_001963,deposit,successful,67.96,2026-05-29 08:40:07
txn_0006780,cust_001963,deposit,successful,46.51,2026-05-15 09:18:57
txn_0006781,cust_001964,deposit,successful,50.49,2026-06-21 11:03:32
txn_0006782,cust_001964,deposit,successful,36.86,2026-06-18 18:01:28
txn_0006783,cust_001964,deposit,successful,52.02,2026-06-15 00:19:17
txn_0006784,cust_001964,withdrawal,successful,70.63,2026-06-18 16:55:04
txn_0006785,cust_001965,deposit,successful,47.25,2026-06-25 00:08:01
txn_0006786,cust_001965,deposit,successful,5.32,2026-03-04 15:27:43
txn_0006787,cust_001966,deposit,pending,13.29,2026-06-03 11:37:45
txn_0006788,cust_001966,deposit,successful,47.8,2026-06-07 09:24:47
txn_0006789,cust_001966,deposit,successful,79.71,2026-06-25 15:44:03
txn_0006790,cust_001967,deposit,successful,21.97,2026-06-01 14:00:07
txn_0006791,cust_001967,deposit,successful,18.03,2026-05-13 13:18:22
txn_0006792,cust_001968,deposit,successful,20.46,2026-06-06 16:13:39
txn_0006793,cust_001968,deposit,successful,34.37,2026-05-28 06:48:55
txn_0006794,cust_001968,withdrawal,successful,44.06,2026-06-20 00:42:34
txn_0006795,cust_001969,deposit,successful,67.86,2026-01-27 15:08:45
txn_0006796,cust_001969,deposit,successful,16.95,2026-06-19 13:35:12
txn_0006797,cust_001970,deposit,successful,395.15,2026-06-05 23:28:22
txn_0006798,cust_001970,deposit,successful,494.13,2026-06-24 17:27:31
txn_0006799,cust_001970,deposit,successful,357.58,2026-05-28 04:20:38
txn_0006800,cust_001970,deposit,successful,86.39,2026-06-11 01:21:49
txn_0006801,cust_001970,deposit,pending,55.79,2026-05-29 08:12:55
txn_0006802,cust_001971,withdrawal,successful,429.38,2026-06-17 08:24:16
txn_0006803,cust_001971,deposit,cancelled,312.21,2026-06-23 18:51:24
txn_0006804,cust_001971,deposit,successful,347.59,2026-03-02 22:34:37
txn_0006805,cust_001975,deposit,successful,276.13,2026-04-22 18:20:03
txn_0006806,cust_001975,deposit,successful,414.29,2026-03-27 19:54:12
txn_0006807,cust_001975,deposit,successful,226.96,2026-06-04 17:56:24
txn_0006808,cust_001975,deposit,successful,266.07,2026-05-19 23:25:51
txn_0006809,cust_001975,withdrawal,successful,236.37,2026-04-21 18:02:10
txn_0006810,cust_001975,deposit,pending,201.33,2026-05-15 08:20:25
txn_0006811,cust_001975,deposit,successful,325.0,2026-06-25 09:47:23
txn_0006812,cust_001975,deposit,successful,494.55,2026-05-14 23:56:37
txn_0006813,cust_001975,deposit,successful,148.42,2026-05-31 03:26:23
txn_0006814,cust_001975,deposit,successful,347.07,2026-04-11 21:42:45
txn_0006815,cust_001975,deposit,refunded,106.76,2026-05-27 14:15:44
txn_0006816,cust_001975,withdrawal,successful,236.55,2026-05-25 02:00:56
txn_0006817,cust_001975,withdrawal,successful,71.35,2026-05-27 11:15:01
txn_0006818,cust_001976,deposit,successful,32.69,2026-04-24 07:01:41
txn_0006819,cust_001977,withdrawal,successful,14.44,2026-05-11 12:15:31
txn_0006820,cust_001977,withdrawal,successful,26.3,2026-05-19 17:37:58
txn_0006821,cust_001977,deposit,successful,50.27,2026-06-26 14:30:38
txn_0006822,cust_001978,deposit,successful,22.85,2026-06-27 12:45:14
txn_0006823,cust_001978,deposit,successful,73.02,2026-06-03 04:38:03
txn_0006824,cust_001978,deposit,successful,38.13,2026-06-25 15:52:02
txn_0006825,cust_001978,deposit,successful,35.0,2026-06-14 22:43:04
txn_0006826,cust_001979,deposit,failed,67.94,2026-05-27 04:31:44
txn_0006827,cust_001979,deposit,successful,76.91,2026-05-03 04:01:40
txn_0006828,cust_001979,deposit,successful,13.14,2026-05-24 13:08:38
txn_0006829,cust_001980,deposit,successful,74.67,2026-06-17 09:23:09
txn_0006830,cust_001980,deposit,successful,76.77,2026-06-24 14:57:51
txn_0006831,cust_001981,deposit,successful,63.4,2026-06-16 08:25:58
txn_0006832,cust_001981,deposit,successful,60.53,2026-05-15 20:34:55
txn_0006833,cust_001982,withdrawal,failed,10.76,2026-04-21 17:14:35
txn_0006834,cust_001982,deposit,successful,68.32,2026-05-19 02:12:02
txn_0006835,cust_001982,withdrawal,successful,76.75,2026-06-27 01:44:28
txn_0006836,cust_001983,deposit,successful,57.31,2026-06-29 03:17:29
txn_0006837,cust_001983,deposit,successful,43.67,2026-06-29 16:09:03
txn_0006838,cust_001983,withdrawal,successful,77.97,2026-06-29 23:42:30
txn_0006839,cust_001983,deposit,successful,61.75,2026-06-29 21:31:23
txn_0006840,cust_001985,deposit,successful,89.13,2026-03-27 07:09:24
txn_0006841,cust_001985,withdrawal,successful,97.73,2026-04-15 08:15:51
txn_0006842,cust_001985,deposit,successful,65.45,2026-04-20 13:37:55
txn_0006843,cust_001985,deposit,successful,111.12,2026-04-26 02:49:00
txn_0006844,cust_001985,deposit,successful,466.89,2026-03-15 09:33:38
txn_0006845,cust_001985,deposit,successful,95.09,2026-05-17 15:08:35
txn_0006846,cust_001985,deposit,successful,328.01,2026-05-23 04:55:50
txn_0006847,cust_001985,withdrawal,successful,249.29,2026-03-14 16:31:35
txn_0006848,cust_001985,withdrawal,successful,150.6,2026-04-27 04:14:59
txn_0006849,cust_001985,deposit,successful,212.72,2026-04-13 21:11:20
txn_0006850,cust_001985,deposit,successful,310.69,2026-02-19 13:01:06
txn_0006851,cust_001985,deposit,successful,435.7,2026-06-08 00:48:20
txn_0006852,cust_001986,deposit,successful,233.62,2026-06-11 04:21:37
txn_0006853,cust_001986,deposit,successful,418.42,2026-05-22 23:18:49
txn_0006854,cust_001986,deposit,successful,163.07,2026-05-23 02:31:17
txn_0006855,cust_001986,deposit,successful,497.56,2026-06-26 02:36:20
txn_0006856,cust_001986,deposit,pending,344.21,2026-06-07 09:00:48
txn_0006857,cust_001986,withdrawal,successful,347.49,2026-06-23 18:38:59
txn_0006858,cust_001987,deposit,successful,45.03,2026-06-18 09:46:04
txn_0006859,cust_001987,deposit,successful,78.58,2026-06-13 03:42:00
txn_0006860,cust_001987,withdrawal,successful,36.68,2026-06-12 06:35:03
txn_0006861,cust_001987,withdrawal,failed,78.83,2026-06-14 14:31:21
txn_0006862,cust_001988,deposit,successful,303.6,2026-06-12 19:01:44
txn_0006863,cust_001988,deposit,successful,400.81,2026-06-14 04:47:31
txn_0006864,cust_001988,withdrawal,successful,404.36,2026-06-26 18:24:59
txn_0006865,cust_001988,deposit,successful,81.65,2026-06-12 14:53:55
txn_0006866,cust_001988,deposit,failed,252.84,2026-06-12 20:20:37
txn_0006867,cust_001988,withdrawal,successful,226.62,2026-06-18 06:04:55
txn_0006868,cust_001988,deposit,successful,189.06,2026-06-27 07:28:12
txn_0006869,cust_001988,deposit,successful,388.96,2026-06-21 18:06:53
txn_0006870,cust_001988,deposit,successful,299.51,2026-06-12 18:53:36
txn_0006871,cust_001988,withdrawal,successful,289.01,2026-06-25 22:35:56
txn_0006872,cust_001988,deposit,successful,285.65,2026-06-13 15:25:42
txn_0006873,cust_001988,deposit,successful,207.57,2026-06-12 07:43:54
txn_0006874,cust_001988,withdrawal,successful,163.9,2026-06-27 11:18:46
txn_0006875,cust_001991,deposit,successful,456.35,2026-06-29 22:22:35
txn_0006876,cust_001991,withdrawal,successful,320.52,2026-06-28 01:43:54
txn_0006877,cust_001991,deposit,successful,124.72,2026-06-27 21:23:39
txn_0006878,cust_001991,deposit,successful,191.08,2026-06-27 13:12:43
txn_0006879,cust_001992,deposit,successful,59.65,2026-02-05 01:24:35
txn_0006880,cust_001992,deposit,successful,46.84,2026-03-17 22:38:57
txn_0006881,cust_001992,deposit,cancelled,34.19,2026-04-29 22:15:02
txn_0006882,cust_001992,withdrawal,successful,67.35,2026-04-14 04:40:51
txn_0006883,cust_001993,withdrawal,successful,452.41,2026-03-27 19:02:27
txn_0006884,cust_001993,deposit,successful,341.45,2026-03-17 05:48:17
txn_0006885,cust_001993,deposit,successful,297.55,2026-06-13 08:09:04
txn_0006886,cust_001993,deposit,successful,59.61,2026-04-20 18:05:00
txn_0006887,cust_001993,withdrawal,successful,122.49,2026-04-29 08:58:25
txn_0006888,cust_001993,deposit,successful,367.54,2026-06-08 22:30:27
txn_0006889,cust_001993,withdrawal,successful,279.41,2026-04-30 01:27:36
txn_0006890,cust_001993,deposit,successful,470.03,2026-05-20 14:58:01
txn_0006891,cust_001995,deposit,successful,66.87,2026-03-07 08:28:50
txn_0006892,cust_001996,deposit,successful,9.24,2026-06-06 03:27:54
txn_0006893,cust_001996,deposit,successful,38.92,2026-06-26 21:15:10
txn_0006894,cust_001996,withdrawal,successful,63.67,2026-06-20 04:37:18
txn_0006895,cust_001996,deposit,successful,15.11,2026-06-15 10:56:39
txn_0006896,cust_001997,withdrawal,successful,77.76,2026-06-05 01:04:59
txn_0006897,cust_001998,deposit,successful,7.51,2026-04-09 09:26:02
txn_0006898,cust_001998,withdrawal,successful,22.87,2026-03-24 01:25:22
txn_0006899,cust_001998,deposit,successful,33.36,2026-02-18 12:23:45
txn_0006900,cust_001999,deposit,successful,24.97,2026-04-01 23:04:53
txn_0006901,cust_001999,deposit,failed,33.35,2026-04-02 23:24:25
txn_0006902,cust_001999,deposit,successful,19.2,2026-03-12 10:56:03
txn_0006903,cust_001999,deposit,successful,40.75,2026-05-19 10:20:42
txn_0006904,cust_002000,deposit,successful,22.17,2026-03-24 10:19:16
txn_0006905,cust_002000,withdrawal,successful,58.94,2026-04-18 02:24:18
txn_0006906,cust_002001,withdrawal,successful,15.97,2026-05-23 06:34:15
txn_0006907,cust_002001,withdrawal,successful,54.1,2026-05-01 09:53:51
txn_0006908,cust_002001,withdrawal,successful,58.04,2026-02-18 10:10:09
txn_0006909,cust_002001,deposit,successful,62.14,2026-03-01 05:44:23
txn_0006910,cust_002002,deposit,successful,264.35,2026-03-30 00:54:13
txn_0006911,cust_002002,deposit,successful,204.94,2026-06-21 21:19:58
txn_0006912,cust_002002,withdrawal,successful,239.21,2026-05-27 22:08:30
txn_0006913,cust_002002,withdrawal,successful,347.46,2026-01-16 16:56:47
txn_0006914,cust_002002,deposit,successful,54.16,2026-04-18 07:34:05
txn_0006915,cust_002002,deposit,successful,144.28,2026-05-27 18:25:57
txn_0006916,cust_002002,deposit,successful,245.26,2026-02-24 07:51:06
txn_0006917,cust_002002,withdrawal,successful,194.02,2026-04-09 03:38:53
txn_0006918,cust_002002,deposit,successful,184.64,2026-05-06 11:31:53
txn_0006919,cust_002002,withdrawal,successful,359.67,2026-02-13 08:53:09
txn_0006920,cust_002002,deposit,pending,117.83,2026-04-27 06:03:56
txn_0006921,cust_002002,withdrawal,successful,112.28,2026-03-15 19:41:48
txn_0006922,cust_002002,withdrawal,successful,84.71,2026-03-11 19:51:46
txn_0006923,cust_002002,deposit,refunded,261.73,2026-05-25 06:56:31
txn_0006924,cust_002003,deposit,successful,19.43,2026-04-18 03:27:09
txn_0006925,cust_002004,withdrawal,successful,77.11,2026-05-31 01:37:22
txn_0006926,cust_002005,deposit,successful,11.65,2026-06-03 02:20:14
txn_0006927,cust_002006,deposit,successful,397.8,2026-06-18 11:00:25
txn_0006928,cust_002006,withdrawal,refunded,220.03,2026-06-24 08:07:48
txn_0006929,cust_002006,deposit,successful,266.63,2026-06-15 02:10:53
txn_0006930,cust_002006,deposit,successful,334.67,2026-06-14 05:35:45
txn_0006931,cust_002006,deposit,successful,343.15,2026-06-17 08:42:38
txn_0006932,cust_002006,deposit,successful,388.44,2026-06-19 18:35:26
txn_0006933,cust_002006,withdrawal,failed,306.86,2026-06-11 07:54:50
txn_0006934,cust_002006,deposit,successful,324.82,2026-06-28 08:00:35
txn_0006935,cust_002006,withdrawal,pending,90.62,2026-06-15 19:24:48
txn_0006936,cust_002006,deposit,successful,150.31,2026-06-26 00:46:06
txn_0006937,cust_002006,deposit,successful,499.48,2026-06-27 13:13:55
txn_0006938,cust_002006,withdrawal,successful,310.89,2026-06-25 15:09:35
txn_0006939,cust_002006,deposit,successful,212.24,2026-06-21 04:19:11
txn_0006940,cust_002007,deposit,successful,17.31,2026-05-25 00:23:46
txn_0006941,cust_002007,withdrawal,successful,11.42,2026-03-13 09:59:26
txn_0006942,cust_002007,deposit,successful,31.04,2026-03-12 02:19:41
txn_0006943,cust_002007,deposit,successful,42.88,2026-02-25 18:43:33
txn_0006944,cust_002008,deposit,successful,28.13,2026-03-18 18:16:35
txn_0006945,cust_002008,deposit,successful,32.02,2026-05-29 20:20:31
txn_0006946,cust_002009,deposit,successful,58.53,2026-04-24 10:37:52
txn_0006947,cust_002009,withdrawal,successful,63.46,2026-01-29 16:36:26
txn_0006948,cust_002009,deposit,failed,17.95,2026-03-23 03:12:41
txn_0006949,cust_002009,withdrawal,successful,33.95,2026-03-02 22:04:55
txn_0006950,cust_002010,deposit,successful,8.79,2026-06-23 09:12:41
txn_0006951,cust_002010,deposit,successful,18.11,2026-06-27 01:33:44
txn_0006952,cust_002010,deposit,successful,45.83,2026-06-22 18:35:21
txn_0006953,cust_002011,deposit,successful,180.27,2026-06-02 03:00:22
txn_0006954,cust_002011,deposit,successful,226.82,2026-04-21 17:25:02
txn_0006955,cust_002011,deposit,successful,433.37,2026-04-02 14:19:21
txn_0006956,cust_002011,deposit,failed,120.96,2026-05-16 13:03:27
txn_0006957,cust_002011,deposit,successful,396.27,2026-05-20 22:03:18
txn_0006958,cust_002011,deposit,successful,232.35,2026-06-26 11:07:56
txn_0006959,cust_002011,withdrawal,successful,177.79,2026-06-18 15:17:59
txn_0006960,cust_002011,deposit,successful,86.33,2026-05-26 10:26:26
txn_0006961,cust_002011,deposit,successful,164.36,2026-04-24 06:10:26
txn_0006962,cust_002011,withdrawal,successful,65.56,2026-06-06 00:04:37
txn_0006963,cust_002011,deposit,successful,94.06,2026-06-06 23:03:21
txn_0006964,cust_002011,withdrawal,successful,130.52,2026-05-12 21:32:39
txn_0006965,cust_002011,deposit,successful,213.27,2026-04-27 14:44:58
txn_0006966,cust_002013,deposit,failed,199.08,2026-06-23 17:11:50
txn_0006967,cust_002013,withdrawal,successful,118.52,2026-05-29 17:38:54
txn_0006968,cust_002013,deposit,successful,335.23,2026-05-03 02:33:06
txn_0006969,cust_002013,deposit,successful,66.37,2026-04-30 17:56:41
txn_0006970,cust_002013,withdrawal,successful,382.9,2026-04-27 05:58:01
txn_0006971,cust_002013,deposit,successful,450.95,2026-05-30 19:31:17
txn_0006972,cust_002013,deposit,successful,96.76,2026-06-23 20:38:56
txn_0006973,cust_002013,deposit,successful,280.0,2026-05-12 08:17:23
txn_0006974,cust_002013,deposit,successful,451.04,2026-05-29 20:50:46
txn_0006975,cust_002013,deposit,successful,483.98,2026-04-30 01:09:00
txn_0006976,cust_002013,deposit,successful,294.96,2026-06-14 23:32:50
txn_0006977,cust_002014,deposit,successful,459.13,2026-03-10 15:24:21
txn_0006978,cust_002014,deposit,failed,460.03,2026-03-16 12:08:29
txn_0006979,cust_002014,deposit,successful,307.51,2026-05-22 21:53:37
txn_0006980,cust_002014,withdrawal,successful,257.41,2026-02-12 17:10:43
txn_0006981,cust_002014,withdrawal,successful,359.16,2026-02-12 23:21:27
txn_0006982,cust_002014,deposit,successful,60.79,2026-04-23 18:59:08
txn_0006983,cust_002015,deposit,successful,468.56,2026-06-27 00:31:46
txn_0006984,cust_002015,deposit,successful,92.43,2026-05-20 07:33:02
txn_0006985,cust_002015,withdrawal,successful,345.68,2026-04-07 04:20:38
txn_0006986,cust_002015,deposit,successful,164.63,2026-03-10 15:31:30
txn_0006987,cust_002015,deposit,successful,380.99,2026-04-13 14:33:56
txn_0006988,cust_002015,deposit,successful,362.75,2026-06-10 06:23:08
txn_0006989,cust_002015,withdrawal,successful,120.48,2026-03-29 12:28:58
txn_0006990,cust_002015,withdrawal,successful,82.5,2026-06-09 13:56:21
txn_0006991,cust_002016,withdrawal,successful,15.4,2026-06-14 09:22:51
txn_0006992,cust_002016,withdrawal,successful,14.01,2026-05-11 08:21:16
txn_0006993,cust_002016,withdrawal,successful,17.47,2026-06-21 18:13:54
txn_0006994,cust_002016,deposit,successful,40.79,2026-05-16 12:55:35
txn_0006995,cust_002017,withdrawal,successful,9.75,2026-06-19 12:52:08
txn_0006996,cust_002017,withdrawal,successful,23.53,2026-03-05 12:28:58
txn_0006997,cust_002018,deposit,successful,60.64,2026-04-23 10:47:08
txn_0006998,cust_002018,withdrawal,successful,66.06,2026-05-27 14:05:11
txn_0006999,cust_002019,deposit,successful,77.02,2026-06-16 05:19:50
txn_0007000,cust_002020,deposit,successful,53.18,2026-06-09 09:22:26
txn_0007001,cust_002021,withdrawal,successful,24.95,2026-05-28 22:19:07
txn_0007002,cust_002021,deposit,successful,60.3,2026-04-13 04:46:09
txn_0007003,cust_002021,deposit,successful,44.21,2026-02-08 02:34:08
txn_0007004,cust_002021,deposit,successful,46.75,2026-03-30 19:45:51
txn_0007005,cust_002022,withdrawal,successful,281.9,2026-03-16 02:08:25
txn_0007006,cust_002022,deposit,successful,389.28,2026-03-18 02:41:35
txn_0007007,cust_002022,deposit,successful,347.36,2026-06-11 05:33:30
txn_0007008,cust_002022,deposit,successful,103.06,2026-05-07 03:47:15
txn_0007009,cust_002022,deposit,successful,126.68,2026-06-09 19:18:03
txn_0007010,cust_002022,deposit,successful,180.02,2026-04-25 03:41:36
txn_0007011,cust_002022,deposit,successful,98.25,2026-06-25 07:04:20
txn_0007012,cust_002022,deposit,successful,434.35,2026-04-24 19:43:21
txn_0007013,cust_002022,deposit,failed,210.45,2026-04-25 17:58:44
txn_0007014,cust_002022,deposit,successful,461.91,2026-04-29 19:06:18
txn_0007015,cust_002022,deposit,successful,389.44,2026-06-09 12:28:53
txn_0007016,cust_002022,withdrawal,successful,232.19,2026-05-19 11:17:17
txn_0007017,cust_002023,deposit,successful,33.38,2026-03-23 11:02:43
txn_0007018,cust_002024,deposit,successful,12.77,2026-03-13 03:08:38
txn_0007019,cust_002024,deposit,successful,19.47,2026-01-21 07:19:35
txn_0007020,cust_002024,withdrawal,successful,16.54,2026-05-25 03:51:21
txn_0007021,cust_002025,deposit,successful,5.36,2026-05-11 18:23:53
txn_0007022,cust_002025,deposit,successful,13.77,2026-05-27 21:05:46
txn_0007023,cust_002025,deposit,successful,41.24,2026-05-20 19:25:47
txn_0007024,cust_002025,deposit,successful,36.41,2026-06-09 14:32:58
txn_0007025,cust_002027,deposit,successful,60.54,2026-05-31 16:54:58
txn_0007026,cust_002028,deposit,successful,39.49,2026-06-09 16:29:06
txn_0007027,cust_002028,deposit,successful,10.03,2026-06-21 10:25:22
txn_0007028,cust_002028,deposit,successful,25.07,2026-06-29 12:22:08
txn_0007029,cust_002028,deposit,successful,22.25,2026-06-20 12:05:32
txn_0007030,cust_002029,deposit,successful,78.36,2026-06-25 12:24:20
txn_0007031,cust_002029,withdrawal,successful,57.36,2026-06-24 23:22:15
txn_0007032,cust_002029,deposit,successful,45.3,2026-06-22 20:40:12
txn_0007033,cust_002029,deposit,successful,46.91,2026-06-26 13:24:32
txn_0007034,cust_002033,deposit,pending,67.68,2026-06-22 11:04:07
txn_0007035,cust_002033,deposit,successful,59.56,2026-06-01 10:35:08
txn_0007036,cust_002034,withdrawal,refunded,7.77,2026-05-14 22:43:38
txn_0007037,cust_002034,deposit,successful,48.19,2026-02-21 17:43:11
txn_0007038,cust_002034,withdrawal,successful,28.25,2026-06-11 02:54:15
txn_0007039,cust_002035,deposit,successful,40.95,2026-06-29 23:28:13
txn_0007040,cust_002035,deposit,successful,63.48,2026-06-24 03:24:22
txn_0007041,cust_002036,deposit,failed,30.73,2026-03-22 02:58:17
txn_0007042,cust_002036,deposit,successful,74.19,2026-04-05 18:03:12
txn_0007043,cust_002037,deposit,failed,57.93,2026-03-27 06:19:55
txn_0007044,cust_002037,deposit,successful,51.87,2026-05-28 08:45:03
txn_0007045,cust_002038,deposit,successful,58.51,2026-06-21 01:25:45
txn_0007046,cust_002038,withdrawal,successful,42.71,2026-06-04 11:28:29
txn_0007047,cust_002038,deposit,successful,65.14,2026-05-13 01:43:04
txn_0007048,cust_002039,deposit,successful,12.57,2026-05-16 05:10:51
txn_0007049,cust_002039,deposit,successful,35.76,2026-03-07 23:19:50
txn_0007050,cust_002039,withdrawal,successful,24.78,2026-01-28 05:21:42
txn_0007051,cust_002039,deposit,failed,73.79,2026-05-09 22:49:46
txn_0007052,cust_002041,deposit,successful,29.58,2026-05-29 09:11:48
txn_0007053,cust_002043,deposit,successful,428.46,2026-05-01 22:32:37
txn_0007054,cust_002043,deposit,successful,391.16,2026-06-04 15:03:01
txn_0007055,cust_002043,deposit,successful,215.16,2026-06-06 09:48:08
txn_0007056,cust_002043,deposit,successful,312.12,2026-06-22 09:59:55
txn_0007057,cust_002043,deposit,successful,288.42,2026-06-18 23:03:27
txn_0007058,cust_002043,withdrawal,successful,499.72,2026-06-22 18:25:35
txn_0007059,cust_002043,deposit,successful,259.34,2026-05-06 18:25:26
txn_0007060,cust_002043,withdrawal,successful,146.53,2026-05-15 00:01:14
txn_0007061,cust_002043,deposit,pending,194.39,2026-06-08 10:05:09
txn_0007062,cust_002043,deposit,successful,271.87,2026-04-20 02:47:39
txn_0007063,cust_002043,deposit,successful,164.87,2026-05-12 19:14:40
txn_0007064,cust_002044,deposit,successful,27.91,2026-06-25 19:00:27
txn_0007065,cust_002044,deposit,successful,7.72,2026-05-10 09:10:24
txn_0007066,cust_002045,withdrawal,successful,63.07,2026-04-03 07:13:08
txn_0007067,cust_002046,deposit,successful,77.67,2026-05-04 07:49:29
txn_0007068,cust_002046,deposit,successful,41.47,2026-06-01 23:02:06
txn_0007069,cust_002046,deposit,successful,18.23,2026-04-19 15:55:21
txn_0007070,cust_002047,deposit,failed,406.41,2026-06-26 04:24:58
txn_0007071,cust_002047,withdrawal,successful,170.32,2026-06-26 00:37:10
txn_0007072,cust_002047,deposit,failed,420.27,2026-06-21 23:22:59
txn_0007073,cust_002047,withdrawal,failed,101.71,2026-06-17 02:21:23
txn_0007074,cust_002047,withdrawal,successful,360.34,2026-06-19 15:52:36
txn_0007075,cust_002047,withdrawal,successful,444.67,2026-06-28 00:01:13
txn_0007076,cust_002047,withdrawal,successful,278.93,2026-06-16 21:20:29
txn_0007077,cust_002047,deposit,successful,490.27,2026-06-25 01:05:17
txn_0007078,cust_002048,deposit,successful,10.02,2026-06-22 07:57:20
txn_0007079,cust_002048,deposit,successful,78.04,2026-04-13 04:56:23
txn_0007080,cust_002048,deposit,successful,58.55,2026-05-27 20:55:22
txn_0007081,cust_002049,deposit,successful,14.03,2026-06-06 07:27:42
txn_0007082,cust_002049,deposit,successful,62.59,2026-05-15 02:21:22
txn_0007083,cust_002049,deposit,pending,57.55,2026-05-25 21:26:38
txn_0007084,cust_002050,withdrawal,successful,33.28,2026-03-25 00:01:24
txn_0007085,cust_002051,deposit,successful,455.17,2026-06-16 21:04:41
txn_0007086,cust_002051,deposit,successful,259.18,2026-06-23 23:53:38
txn_0007087,cust_002051,withdrawal,failed,247.02,2026-06-12 00:20:53
txn_0007088,cust_002051,deposit,successful,496.8,2026-06-25 23:20:32
txn_0007089,cust_002052,withdrawal,successful,20.97,2026-05-11 17:54:47
txn_0007090,cust_002052,deposit,cancelled,64.76,2026-06-23 19:02:36
txn_0007091,cust_002052,deposit,failed,16.8,2026-05-14 12:25:37
txn_0007092,cust_002053,deposit,successful,43.38,2026-04-17 10:52:17
txn_0007093,cust_002053,deposit,failed,35.54,2026-06-05 20:03:58
txn_0007094,cust_002054,deposit,successful,71.29,2026-06-27 16:50:02
txn_0007095,cust_002055,deposit,cancelled,76.31,2026-05-19 22:33:38
txn_0007096,cust_002055,deposit,successful,48.09,2026-05-18 12:54:45
txn_0007097,cust_002056,deposit,successful,71.43,2026-05-02 11:27:30
txn_0007098,cust_002056,withdrawal,cancelled,26.21,2026-06-25 05:05:41
txn_0007099,cust_002056,deposit,successful,16.82,2026-05-25 17:54:54
txn_0007100,cust_002057,deposit,successful,6.61,2026-06-12 11:03:40
txn_0007101,cust_002057,deposit,successful,64.67,2026-06-29 20:58:33
txn_0007102,cust_002057,deposit,successful,34.47,2026-03-19 21:09:08
txn_0007103,cust_002058,withdrawal,successful,21.98,2026-06-27 20:37:58
txn_0007104,cust_002058,withdrawal,successful,55.4,2026-06-29 16:15:22
txn_0007105,cust_002058,deposit,successful,37.93,2026-06-27 07:54:22
txn_0007106,cust_002058,deposit,successful,5.32,2026-06-28 23:32:04
txn_0007107,cust_002059,deposit,successful,332.24,2026-06-04 14:39:10
txn_0007108,cust_002059,deposit,successful,490.03,2026-06-16 23:52:03
txn_0007109,cust_002059,deposit,successful,475.27,2026-06-05 02:10:41
txn_0007110,cust_002059,deposit,successful,259.86,2026-05-31 13:22:32
txn_0007111,cust_002059,withdrawal,successful,157.89,2026-05-31 06:58:18
txn_0007112,cust_002059,deposit,successful,253.89,2026-06-13 03:53:35
txn_0007113,cust_002059,withdrawal,failed,435.77,2026-06-18 12:48:36
txn_0007114,cust_002060,deposit,successful,27.25,2026-05-21 08:45:51
txn_0007115,cust_002060,deposit,successful,13.27,2026-05-23 16:29:03
txn_0007116,cust_002060,deposit,successful,31.08,2026-06-24 08:50:40
txn_0007117,cust_002060,deposit,refunded,77.3,2026-05-19 08:34:40
txn_0007118,cust_002062,withdrawal,successful,44.87,2026-05-19 09:02:26
txn_0007119,cust_002062,deposit,failed,14.5,2026-03-20 23:35:35
txn_0007120,cust_002062,withdrawal,successful,48.69,2026-06-24 22:07:20
txn_0007121,cust_002062,deposit,failed,37.55,2026-06-25 10:27:39
txn_0007122,cust_002063,withdrawal,successful,318.52,2026-06-19 13:25:03
txn_0007123,cust_002063,deposit,successful,61.23,2026-06-22 20:02:10
txn_0007124,cust_002063,deposit,successful,78.31,2026-06-14 13:51:43
txn_0007125,cust_002063,deposit,successful,362.65,2026-06-24 08:58:12
txn_0007126,cust_002063,deposit,successful,263.58,2026-05-31 11:47:44
txn_0007127,cust_002063,withdrawal,successful,80.11,2026-06-02 03:41:46
txn_0007128,cust_002063,withdrawal,successful,170.2,2026-05-31 05:06:24
txn_0007129,cust_002063,deposit,successful,288.48,2026-06-13 10:48:50
txn_0007130,cust_002063,deposit,successful,240.4,2026-06-28 19:38:18
txn_0007131,cust_002063,deposit,successful,237.59,2026-06-07 02:27:10
txn_0007132,cust_002063,deposit,successful,84.63,2026-06-17 13:47:27
txn_0007133,cust_002064,deposit,successful,30.15,2026-06-08 18:16:47
txn_0007134,cust_002064,deposit,successful,55.64,2026-06-16 05:18:36
txn_0007135,cust_002064,deposit,successful,7.93,2026-05-08 15:45:55
txn_0007136,cust_002067,deposit,successful,360.94,2026-06-09 12:46:37
txn_0007137,cust_002067,deposit,successful,326.94,2026-03-13 00:57:01
txn_0007138,cust_002067,withdrawal,successful,320.49,2026-06-14 21:04:50
txn_0007139,cust_002067,withdrawal,successful,395.62,2026-05-24 21:12:31
txn_0007140,cust_002067,withdrawal,successful,414.27,2026-03-22 04:22:42
txn_0007141,cust_002067,deposit,successful,389.33,2026-06-01 16:04:15
txn_0007142,cust_002067,deposit,successful,284.54,2026-03-01 18:12:00
txn_0007143,cust_002068,deposit,successful,70.45,2026-05-09 01:36:12
txn_0007144,cust_002068,deposit,successful,8.14,2026-04-19 14:50:10
txn_0007145,cust_002068,withdrawal,successful,26.2,2026-02-22 01:34:14
txn_0007146,cust_002068,deposit,successful,46.46,2026-01-17 11:20:07
txn_0007147,cust_002070,deposit,successful,491.42,2026-03-21 03:20:20
txn_0007148,cust_002070,withdrawal,successful,283.2,2026-05-11 13:56:43
txn_0007149,cust_002070,deposit,successful,316.09,2026-06-11 17:38:54
txn_0007150,cust_002070,withdrawal,successful,400.05,2026-01-27 12:25:02
txn_0007151,cust_002070,deposit,successful,236.68,2026-05-23 05:57:03
txn_0007152,cust_002070,deposit,failed,482.36,2026-02-02 14:55:01
txn_0007153,cust_002070,deposit,successful,180.78,2026-06-26 21:33:14
txn_0007154,cust_002070,deposit,successful,399.1,2026-03-29 22:46:51
txn_0007155,cust_002071,deposit,successful,69.8,2026-06-27 16:33:03
txn_0007156,cust_002071,deposit,successful,66.37,2026-06-14 17:56:51
txn_0007157,cust_002072,deposit,successful,48.86,2026-05-10 03:48:42
txn_0007158,cust_002072,deposit,successful,68.54,2026-04-03 12:50:02
txn_0007159,cust_002072,deposit,successful,5.04,2026-04-17 20:41:29
txn_0007160,cust_002072,deposit,pending,60.88,2026-05-09 10:22:01
txn_0007161,cust_002073,withdrawal,successful,371.95,2026-06-26 02:27:00
txn_0007162,cust_002073,withdrawal,failed,209.49,2026-06-15 22:29:50
txn_0007163,cust_002073,deposit,successful,144.99,2026-05-18 08:58:49
txn_0007164,cust_002073,deposit,failed,432.21,2026-06-11 12:45:19
txn_0007165,cust_002073,deposit,successful,180.82,2026-06-16 10:57:48
txn_0007166,cust_002073,deposit,successful,287.76,2026-05-12 19:57:33
txn_0007167,cust_002073,withdrawal,successful,135.51,2026-06-09 08:33:21
txn_0007168,cust_002073,withdrawal,cancelled,60.34,2026-05-30 22:52:27
txn_0007169,cust_002074,deposit,successful,33.92,2026-06-04 11:54:45
txn_0007170,cust_002074,deposit,successful,71.95,2026-04-27 14:04:28
txn_0007171,cust_002074,deposit,successful,41.75,2026-05-23 05:56:29
txn_0007172,cust_002074,deposit,successful,60.94,2026-06-05 22:22:15
txn_0007173,cust_002075,withdrawal,successful,23.41,2026-06-26 23:53:56
txn_0007174,cust_002076,withdrawal,successful,25.35,2026-06-23 11:28:37
txn_0007175,cust_002077,deposit,successful,52.93,2026-05-25 03:15:38
txn_0007176,cust_002078,deposit,successful,14.37,2026-06-27 04:31:57
txn_0007177,cust_002078,deposit,successful,32.97,2026-06-25 15:34:41
txn_0007178,cust_002078,deposit,successful,73.65,2026-06-29 01:29:33
txn_0007179,cust_002078,deposit,successful,37.67,2026-06-26 13:32:35
txn_0007180,cust_002079,deposit,successful,87.31,2026-03-13 19:38:10
txn_0007181,cust_002079,deposit,successful,105.24,2026-03-17 09:12:08
txn_0007182,cust_002079,deposit,successful,388.67,2026-06-12 15:33:42
txn_0007183,cust_002079,withdrawal,successful,425.76,2026-04-28 07:45:16
txn_0007184,cust_002079,withdrawal,failed,122.45,2026-02-02 08:28:05
txn_0007185,cust_002079,deposit,successful,452.31,2026-02-22 01:25:25
txn_0007186,cust_002079,withdrawal,successful,86.3,2026-05-03 12:48:36
txn_0007187,cust_002079,withdrawal,successful,183.29,2026-05-16 12:33:46
txn_0007188,cust_002079,withdrawal,successful,223.96,2026-06-21 10:07:42
txn_0007189,cust_002079,deposit,successful,150.44,2026-04-25 07:40:03
txn_0007190,cust_002079,withdrawal,successful,497.29,2026-02-14 12:58:49
txn_0007191,cust_002080,deposit,refunded,7.3,2026-04-05 05:14:45
txn_0007192,cust_002082,deposit,pending,67.85,2026-04-28 17:27:41
txn_0007193,cust_002082,withdrawal,successful,52.79,2026-05-26 06:55:33
txn_0007194,cust_002082,deposit,successful,76.98,2026-05-09 10:33:58
txn_0007195,cust_002082,deposit,failed,15.18,2026-06-07 06:08:52
txn_0007196,cust_002085,deposit,successful,46.35,2026-04-07 03:34:51
txn_0007197,cust_002085,deposit,successful,68.46,2026-05-22 11:09:36
txn_0007198,cust_002087,deposit,successful,40.16,2026-06-04 09:30:17
txn_0007199,cust_002087,deposit,failed,53.33,2026-05-25 13:45:17
txn_0007200,cust_002087,deposit,successful,15.69,2026-05-19 10:16:32
txn_0007201,cust_002087,deposit,successful,14.73,2026-06-20 19:18:11
txn_0007202,cust_002088,withdrawal,successful,264.6,2026-06-07 19:42:00
txn_0007203,cust_002088,deposit,successful,212.95,2026-05-15 11:47:40
txn_0007204,cust_002088,deposit,successful,346.27,2026-05-01 08:30:51
txn_0007205,cust_002088,withdrawal,successful,91.96,2026-05-09 03:02:44
txn_0007206,cust_002088,deposit,successful,244.39,2026-05-21 00:02:59
txn_0007207,cust_002088,deposit,successful,289.06,2026-05-09 09:48:36
txn_0007208,cust_002088,withdrawal,successful,270.13,2026-06-11 20:50:48
txn_0007209,cust_002088,deposit,successful,415.1,2026-05-08 02:54:57
txn_0007210,cust_002088,deposit,successful,178.41,2026-06-24 18:34:43
txn_0007211,cust_002088,withdrawal,successful,447.99,2026-06-27 04:20:50
txn_0007212,cust_002088,deposit,successful,276.34,2026-06-24 09:48:12
txn_0007213,cust_002088,deposit,successful,75.19,2026-06-06 02:22:24
txn_0007214,cust_002088,deposit,successful,357.11,2026-05-14 17:35:22
txn_0007215,cust_002088,deposit,cancelled,340.35,2026-05-03 16:47:28
txn_0007216,cust_002088,deposit,successful,189.72,2026-05-21 19:12:19
txn_0007217,cust_002089,deposit,cancelled,76.27,2026-06-19 11:34:57
txn_0007218,cust_002089,deposit,successful,38.92,2026-06-24 14:35:49
txn_0007219,cust_002089,deposit,successful,43.76,2026-06-17 07:02:48
txn_0007220,cust_002091,deposit,successful,29.42,2026-06-29 22:29:26
txn_0007221,cust_002092,deposit,successful,48.93,2026-06-16 05:36:42
txn_0007222,cust_002092,deposit,successful,47.02,2026-06-09 03:52:39
txn_0007223,cust_002093,deposit,successful,8.87,2026-06-29 04:51:21
txn_0007224,cust_002093,deposit,successful,41.56,2026-06-15 23:52:14
txn_0007225,cust_002094,deposit,failed,461.87,2026-06-18 12:34:45
txn_0007226,cust_002094,withdrawal,refunded,181.43,2026-06-11 03:22:01
txn_0007227,cust_002094,deposit,successful,355.53,2026-06-17 22:55:40
txn_0007228,cust_002094,deposit,successful,332.17,2026-06-20 21:24:16
txn_0007229,cust_002094,deposit,successful,59.15,2026-05-31 13:27:20
txn_0007230,cust_002094,deposit,successful,405.05,2026-05-26 03:04:41
txn_0007231,cust_002095,deposit,successful,35.58,2026-06-21 15:52:14
txn_0007232,cust_002095,deposit,successful,28.98,2026-05-21 20:17:02
txn_0007233,cust_002095,withdrawal,successful,13.08,2026-05-29 12:21:20
txn_0007234,cust_002095,deposit,successful,8.21,2026-06-18 22:48:28
txn_0007235,cust_002097,deposit,refunded,5.12,2026-04-14 18:27:39
txn_0007236,cust_002097,withdrawal,successful,57.1,2026-06-02 23:40:27
txn_0007237,cust_002097,withdrawal,failed,18.09,2026-06-16 23:29:00
txn_0007238,cust_002097,deposit,successful,70.74,2026-05-12 10:44:06
txn_0007239,cust_002098,deposit,successful,31.22,2026-05-21 02:55:03
txn_0007240,cust_002098,withdrawal,refunded,43.72,2026-06-28 05:40:45
txn_0007241,cust_002098,deposit,successful,13.62,2026-05-13 12:40:48
txn_0007242,cust_002099,deposit,failed,18.5,2026-03-18 10:00:34
txn_0007243,cust_002099,deposit,successful,61.92,2026-04-14 22:30:02
txn_0007244,cust_002100,deposit,successful,217.91,2026-06-26 11:46:43
txn_0007245,cust_002100,withdrawal,successful,145.7,2026-06-25 13:37:14
txn_0007246,cust_002100,withdrawal,successful,224.6,2026-06-10 07:33:18
txn_0007247,cust_002100,deposit,successful,195.2,2026-06-27 09:41:41
txn_0007248,cust_002100,deposit,successful,368.99,2026-06-18 13:00:30
txn_0007249,cust_002100,withdrawal,successful,50.45,2026-06-16 11:08:52
txn_0007250,cust_002100,deposit,successful,440.35,2026-06-12 20:25:38
txn_0007251,cust_002100,withdrawal,successful,473.17,2026-06-08 03:25:37
txn_0007252,cust_002100,withdrawal,successful,429.07,2026-06-27 08:50:09
txn_0007253,cust_002101,withdrawal,successful,62.22,2026-06-13 07:59:58
txn_0007254,cust_002101,withdrawal,successful,64.52,2026-05-22 08:34:52
txn_0007255,cust_002101,withdrawal,successful,13.98,2026-06-06 07:18:49
txn_0007256,cust_002102,deposit,successful,34.25,2026-06-08 21:02:42
txn_0007257,cust_002104,deposit,failed,31.12,2026-02-09 20:00:42
txn_0007258,cust_002105,withdrawal,successful,58.63,2026-06-11 01:04:45
txn_0007259,cust_002105,withdrawal,successful,59.57,2026-06-14 15:01:57
txn_0007260,cust_002105,deposit,successful,59.7,2026-06-08 13:01:55
txn_0007261,cust_002105,deposit,successful,60.96,2026-05-28 13:04:16
txn_0007262,cust_002106,withdrawal,successful,49.65,2026-05-23 16:40:39
txn_0007263,cust_002107,withdrawal,successful,61.19,2026-06-22 03:44:30
txn_0007264,cust_002107,deposit,successful,11.61,2026-06-20 09:25:27
txn_0007265,cust_002108,deposit,successful,54.22,2026-04-04 17:32:58
txn_0007266,cust_002108,withdrawal,failed,34.61,2026-06-15 06:53:20
txn_0007267,cust_002108,deposit,successful,34.58,2026-04-29 19:22:05
txn_0007268,cust_002108,deposit,successful,48.73,2026-03-03 10:15:26
txn_0007269,cust_002109,deposit,cancelled,71.65,2026-06-12 02:10:04
txn_0007270,cust_002109,deposit,successful,53.9,2026-05-26 23:50:38
txn_0007271,cust_002110,deposit,successful,211.42,2026-04-30 05:24:08
txn_0007272,cust_002110,withdrawal,pending,279.69,2026-06-07 05:42:05
txn_0007273,cust_002110,deposit,failed,74.96,2026-06-26 21:53:22
txn_0007274,cust_002110,deposit,successful,90.68,2026-05-05 11:52:39
txn_0007275,cust_002111,withdrawal,successful,61.15,2026-06-13 12:16:28
txn_0007276,cust_002112,deposit,failed,32.37,2026-06-06 04:13:39
txn_0007277,cust_002112,withdrawal,successful,17.24,2026-06-29 01:14:30
txn_0007278,cust_002112,deposit,successful,45.81,2026-06-22 08:59:48
txn_0007279,cust_002112,deposit,successful,30.1,2026-05-19 23:17:25
txn_0007280,cust_002114,deposit,failed,78.93,2026-02-03 07:34:13
txn_0007281,cust_002114,deposit,successful,50.67,2026-04-01 14:24:41
txn_0007282,cust_002114,deposit,successful,57.79,2026-03-14 18:52:31
txn_0007283,cust_002115,deposit,successful,8.72,2026-06-09 05:30:50
txn_0007284,cust_002115,deposit,cancelled,57.16,2026-06-27 20:00:43
txn_0007285,cust_002115,deposit,successful,43.2,2026-06-18 11:49:45
txn_0007286,cust_002116,deposit,successful,16.75,2026-03-25 19:51:43
txn_0007287,cust_002116,deposit,successful,10.68,2026-05-16 18:06:39
txn_0007288,cust_002116,withdrawal,successful,60.64,2026-04-17 07:02:42
txn_0007289,cust_002117,deposit,successful,51.91,2026-06-03 00:00:52
txn_0007290,cust_002118,deposit,successful,61.47,2026-06-02 03:56:06
txn_0007291,cust_002118,deposit,successful,30.2,2026-05-28 09:33:01
txn_0007292,cust_002119,deposit,successful,71.22,2026-06-09 02:25:42
txn_0007293,cust_002119,withdrawal,failed,55.11,2026-06-21 14:21:23
txn_0007294,cust_002120,deposit,successful,63.79,2026-01-12 02:45:35
txn_0007295,cust_002121,withdrawal,successful,74.63,2026-06-26 03:07:47
txn_0007296,cust_002122,deposit,successful,69.04,2026-06-29 19:46:34
txn_0007297,cust_002123,deposit,failed,72.03,2026-06-22 06:05:02
txn_0007298,cust_002123,deposit,successful,35.75,2026-06-18 12:02:40
txn_0007299,cust_002124,deposit,successful,189.41,2026-06-17 11:40:19
txn_0007300,cust_002124,deposit,successful,354.15,2026-05-10 21:24:40
txn_0007301,cust_002124,deposit,successful,453.59,2026-04-28 15:36:01
txn_0007302,cust_002124,withdrawal,successful,499.42,2026-04-25 22:23:11
txn_0007303,cust_002124,deposit,successful,286.85,2026-04-18 18:49:52
txn_0007304,cust_002124,deposit,failed,231.4,2026-05-14 16:32:51
txn_0007305,cust_002124,deposit,successful,387.58,2026-05-18 01:00:12
txn_0007306,cust_002124,deposit,successful,342.73,2026-04-24 18:54:55
txn_0007307,cust_002124,deposit,failed,302.91,2026-04-14 03:30:53
txn_0007308,cust_002124,deposit,pending,268.92,2026-05-24 19:45:34
txn_0007309,cust_002124,deposit,successful,274.8,2026-05-08 15:01:15
txn_0007310,cust_002125,withdrawal,successful,33.27,2026-06-24 17:13:17
txn_0007311,cust_002125,deposit,failed,34.15,2026-06-18 08:29:20
txn_0007312,cust_002125,deposit,successful,27.53,2026-06-15 08:35:42
txn_0007313,cust_002125,deposit,successful,78.06,2026-06-23 19:50:53
txn_0007314,cust_002126,withdrawal,successful,64.49,2026-04-28 04:00:42
txn_0007315,cust_002127,withdrawal,successful,13.58,2026-06-29 12:33:15
txn_0007316,cust_002128,deposit,failed,41.37,2026-06-18 07:19:49
txn_0007317,cust_002129,deposit,successful,26.62,2026-06-21 22:38:57
txn_0007318,cust_002129,deposit,successful,13.65,2026-06-19 23:52:48
txn_0007319,cust_002129,deposit,successful,23.94,2026-06-16 02:16:29
txn_0007320,cust_002130,deposit,successful,69.82,2026-06-28 05:08:40
txn_0007321,cust_002130,withdrawal,successful,25.23,2026-06-08 16:35:14
txn_0007322,cust_002130,deposit,successful,78.24,2026-06-16 11:14:34
txn_0007323,cust_002130,deposit,successful,48.55,2026-06-20 09:25:45
txn_0007324,cust_002131,deposit,successful,268.11,2026-05-13 20:57:43
txn_0007325,cust_002131,deposit,successful,142.24,2026-05-26 20:16:17
txn_0007326,cust_002131,withdrawal,successful,285.79,2026-05-23 23:27:59
txn_0007327,cust_002131,withdrawal,successful,456.42,2026-05-23 06:07:56
txn_0007328,cust_002131,deposit,successful,100.95,2026-05-03 12:34:20
txn_0007329,cust_002131,withdrawal,successful,168.78,2026-05-06 23:04:45
txn_0007330,cust_002131,deposit,successful,79.03,2026-05-31 18:56:39
txn_0007331,cust_002131,deposit,successful,131.49,2026-05-18 03:55:37
txn_0007332,cust_002131,deposit,successful,174.95,2026-06-18 20:40:45
txn_0007333,cust_002131,deposit,successful,150.02,2026-04-13 11:55:07
txn_0007334,cust_002131,withdrawal,successful,222.57,2026-05-27 16:33:10
txn_0007335,cust_002131,withdrawal,successful,467.5,2026-04-01 19:16:27
txn_0007336,cust_002131,deposit,successful,199.45,2026-06-16 02:02:51
txn_0007337,cust_002131,deposit,successful,431.75,2026-06-29 10:38:22
txn_0007338,cust_002131,deposit,successful,337.66,2026-03-24 20:41:56
txn_0007339,cust_002132,deposit,successful,28.98,2026-02-18 09:18:00
txn_0007340,cust_002132,deposit,successful,33.48,2026-04-01 16:24:44
txn_0007341,cust_002132,deposit,successful,59.7,2026-04-19 15:03:02
txn_0007342,cust_002132,deposit,successful,74.42,2026-04-15 19:41:40
txn_0007343,cust_002133,deposit,successful,78.55,2026-02-27 00:42:29
txn_0007344,cust_002133,withdrawal,successful,63.11,2026-02-17 17:49:53
txn_0007345,cust_002133,withdrawal,successful,32.89,2026-03-18 06:13:09
txn_0007346,cust_002134,deposit,failed,475.2,2026-06-02 22:36:25
txn_0007347,cust_002134,deposit,successful,351.75,2026-05-28 15:46:58
txn_0007348,cust_002134,deposit,successful,276.7,2026-03-06 09:01:08
txn_0007349,cust_002134,deposit,successful,462.3,2026-04-23 07:41:51
txn_0007350,cust_002134,deposit,successful,196.35,2026-06-06 04:18:43
txn_0007351,cust_002134,deposit,successful,115.84,2026-05-22 04:38:55
txn_0007352,cust_002134,withdrawal,successful,259.28,2026-03-12 23:04:27
txn_0007353,cust_002134,deposit,successful,469.39,2026-05-29 04:13:49
txn_0007354,cust_002135,deposit,successful,23.54,2026-05-22 17:30:36
txn_0007355,cust_002135,deposit,cancelled,47.69,2026-01-07 06:52:44
txn_0007356,cust_002135,withdrawal,pending,65.78,2026-04-09 17:17:26
txn_0007357,cust_002135,deposit,successful,70.96,2026-06-04 14:09:20
txn_0007358,cust_002136,deposit,successful,347.79,2026-03-30 15:25:48
txn_0007359,cust_002136,deposit,pending,120.69,2026-04-06 14:52:34
txn_0007360,cust_002136,deposit,successful,383.19,2026-06-18 04:15:59
txn_0007361,cust_002136,deposit,successful,325.47,2026-04-14 17:16:28
txn_0007362,cust_002136,deposit,successful,232.14,2026-02-16 15:42:12
txn_0007363,cust_002136,deposit,successful,180.34,2026-03-27 02:45:38
txn_0007364,cust_002136,deposit,successful,351.82,2026-03-19 02:05:29
txn_0007365,cust_002139,deposit,successful,28.96,2026-04-07 20:13:36
txn_0007366,cust_002139,deposit,successful,75.92,2026-06-01 19:09:55
txn_0007367,cust_002139,deposit,successful,28.68,2026-05-15 19:00:31
txn_0007368,cust_002140,deposit,successful,257.16,2026-06-25 10:11:07
txn_0007369,cust_002140,deposit,successful,186.87,2026-06-24 03:44:43
txn_0007370,cust_002140,withdrawal,successful,360.81,2026-06-16 20:47:20
txn_0007371,cust_002140,deposit,successful,202.43,2026-06-21 12:17:16
txn_0007372,cust_002140,deposit,successful,147.62,2026-06-24 15:50:19
txn_0007373,cust_002140,withdrawal,successful,383.34,2026-06-23 00:08:50
txn_0007374,cust_002140,deposit,successful,433.42,2026-06-16 14:36:51
txn_0007375,cust_002140,deposit,successful,79.17,2026-06-16 09:49:55
txn_0007376,cust_002140,deposit,successful,296.38,2026-06-21 10:06:00
txn_0007377,cust_002140,withdrawal,failed,267.58,2026-06-16 10:41:57
txn_0007378,cust_002140,withdrawal,successful,252.41,2026-06-17 10:43:09
txn_0007379,cust_002140,withdrawal,successful,100.24,2026-06-15 18:38:20
txn_0007380,cust_002140,deposit,successful,189.58,2026-06-16 03:24:37
txn_0007381,cust_002140,withdrawal,successful,51.14,2026-06-17 20:35:13
txn_0007382,cust_002140,withdrawal,successful,65.9,2026-06-25 17:55:39
txn_0007383,cust_002141,deposit,failed,35.6,2026-01-30 11:22:17
txn_0007384,cust_002142,withdrawal,failed,400.26,2026-06-26 07:36:38
txn_0007385,cust_002142,deposit,successful,249.37,2026-06-26 06:38:22
txn_0007386,cust_002142,deposit,successful,350.02,2026-06-24 03:43:04
txn_0007387,cust_002142,withdrawal,successful,217.13,2026-06-27 16:03:23
txn_0007388,cust_002142,deposit,successful,403.1,2026-06-26 21:30:16
txn_0007389,cust_002142,withdrawal,successful,180.77,2026-06-23 22:34:31
txn_0007390,cust_002143,deposit,pending,72.52,2026-06-21 08:51:39
txn_0007391,cust_002143,deposit,successful,7.93,2026-06-12 06:08:36
txn_0007392,cust_002143,deposit,successful,53.82,2026-06-23 21:12:55
txn_0007393,cust_002145,deposit,successful,65.44,2026-04-22 04:02:19
txn_0007394,cust_002145,deposit,successful,41.33,2026-04-26 12:41:19
txn_0007395,cust_002145,deposit,successful,52.2,2026-05-21 18:37:10
txn_0007396,cust_002145,deposit,successful,75.59,2026-04-15 22:46:59
txn_0007397,cust_002146,deposit,failed,64.19,2026-01-26 12:12:18
txn_0007398,cust_002146,deposit,successful,48.49,2026-03-14 19:57:58
txn_0007399,cust_002147,deposit,successful,37.11,2026-03-18 02:01:58
txn_0007400,cust_002147,deposit,pending,52.64,2026-04-30 15:47:02
txn_0007401,cust_002147,deposit,successful,22.32,2026-03-12 08:19:10
txn_0007402,cust_002147,deposit,successful,54.77,2026-05-19 12:38:55
txn_0007403,cust_002148,deposit,successful,298.4,2026-06-11 14:16:22
txn_0007404,cust_002148,deposit,successful,108.56,2026-05-23 09:02:53
txn_0007405,cust_002148,deposit,successful,467.08,2026-05-13 14:32:14
txn_0007406,cust_002148,deposit,successful,330.72,2026-06-08 21:06:38
txn_0007407,cust_002148,withdrawal,successful,475.45,2026-06-28 03:33:10
txn_0007408,cust_002148,deposit,successful,145.02,2026-06-17 05:29:02
txn_0007409,cust_002148,deposit,successful,441.87,2026-05-23 14:28:03
txn_0007410,cust_002149,deposit,successful,12.3,2026-06-25 10:21:38
txn_0007411,cust_002149,withdrawal,successful,31.21,2026-03-18 18:29:59
txn_0007412,cust_002149,deposit,successful,55.09,2026-06-05 19:46:09
txn_0007413,cust_002149,deposit,successful,52.3,2026-05-30 22:48:15
txn_0007414,cust_002150,withdrawal,successful,50.56,2026-05-23 07:59:18
txn_0007415,cust_002151,withdrawal,successful,145.27,2026-03-22 07:34:54
txn_0007416,cust_002151,withdrawal,failed,172.95,2026-01-15 12:42:59
txn_0007417,cust_002151,deposit,successful,440.5,2026-04-28 19:49:29
txn_0007418,cust_002151,withdrawal,successful,334.38,2026-04-18 06:39:58
txn_0007419,cust_002151,deposit,successful,359.34,2026-01-13 23:44:52
txn_0007420,cust_002151,deposit,successful,304.08,2026-01-21 21:20:58
txn_0007421,cust_002151,deposit,successful,274.02,2026-01-26 06:36:36
txn_0007422,cust_002153,withdrawal,successful,76.94,2026-04-27 21:25:37
txn_0007423,cust_002153,deposit,successful,22.24,2026-02-11 11:02:20
txn_0007424,cust_002153,deposit,successful,13.14,2026-06-05 00:57:48
txn_0007425,cust_002154,deposit,failed,221.46,2026-04-15 19:41:30
txn_0007426,cust_002154,deposit,successful,497.9,2026-05-13 09:14:37
txn_0007427,cust_002154,deposit,successful,439.74,2026-04-21 00:40:52
txn_0007428,cust_002155,deposit,successful,49.51,2026-05-03 01:44:27
txn_0007429,cust_002155,withdrawal,failed,17.14,2026-06-17 04:05:41
txn_0007430,cust_002155,withdrawal,successful,74.59,2026-04-28 10:24:24
txn_0007431,cust_002156,deposit,successful,26.01,2026-06-28 11:33:20
txn_0007432,cust_002156,deposit,successful,53.57,2026-06-28 17:04:27
txn_0007433,cust_002157,deposit,successful,53.9,2026-02-20 23:03:18
txn_0007434,cust_002157,deposit,failed,12.05,2026-04-13 07:41:41
txn_0007435,cust_002157,withdrawal,successful,33.7,2026-02-09 11:51:36
txn_0007436,cust_002158,deposit,successful,11.57,2026-05-15 22:53:12
txn_0007437,cust_002158,deposit,successful,24.69,2026-04-10 10:33:56
txn_0007438,cust_002159,deposit,successful,77.64,2026-05-04 13:36:08
txn_0007439,cust_002159,withdrawal,successful,15.76,2026-06-07 10:41:57
txn_0007440,cust_002160,deposit,successful,59.63,2026-03-04 11:57:16
txn_0007441,cust_002160,withdrawal,successful,67.95,2026-05-18 17:11:11
txn_0007442,cust_002160,withdrawal,successful,74.9,2026-02-19 13:31:18
txn_0007443,cust_002160,deposit,successful,49.62,2026-02-26 09:04:46
txn_0007444,cust_002162,withdrawal,successful,65.79,2026-02-06 18:26:17
txn_0007445,cust_002162,deposit,successful,34.41,2026-04-26 09:18:34
txn_0007446,cust_002162,deposit,successful,18.02,2026-06-24 13:25:50
txn_0007447,cust_002162,deposit,successful,65.12,2026-05-17 21:41:40
txn_0007448,cust_002163,withdrawal,successful,24.61,2026-05-18 09:15:15
txn_0007449,cust_002163,deposit,successful,17.78,2026-06-22 08:34:46
txn_0007450,cust_002164,deposit,successful,16.62,2026-06-04 17:02:13
txn_0007451,cust_002165,withdrawal,successful,15.75,2026-05-04 04:06:29
txn_0007452,cust_002165,deposit,successful,20.59,2026-04-23 13:43:05
txn_0007453,cust_002165,deposit,successful,32.01,2026-06-20 18:59:42
txn_0007454,cust_002165,withdrawal,successful,31.37,2026-06-18 18:15:12
txn_0007455,cust_002166,deposit,successful,15.6,2026-06-20 12:17:51
txn_0007456,cust_002166,deposit,successful,72.7,2026-06-02 12:19:15
txn_0007457,cust_002167,withdrawal,successful,70.76,2026-06-22 20:09:26
txn_0007458,cust_002167,deposit,successful,16.73,2026-06-02 14:00:58
txn_0007459,cust_002168,deposit,successful,7.45,2026-05-04 14:02:19
txn_0007460,cust_002169,deposit,successful,44.71,2026-06-19 10:47:00
txn_0007461,cust_002170,deposit,successful,40.24,2026-05-29 23:24:15
txn_0007462,cust_002171,withdrawal,successful,38.66,2026-02-09 08:17:10
txn_0007463,cust_002171,deposit,failed,37.58,2026-03-13 14:07:03
txn_0007464,cust_002171,deposit,successful,43.15,2026-06-19 01:56:35
txn_0007465,cust_002172,deposit,successful,45.31,2026-05-11 17:18:51
txn_0007466,cust_002172,deposit,successful,48.77,2026-04-24 03:10:37
txn_0007467,cust_002173,withdrawal,successful,50.79,2026-05-05 21:16:37
txn_0007468,cust_002173,withdrawal,successful,30.99,2026-04-12 22:49:46
txn_0007469,cust_002174,deposit,successful,233.99,2026-05-17 07:27:00
txn_0007470,cust_002174,deposit,successful,459.42,2026-02-28 21:19:48
txn_0007471,cust_002174,deposit,successful,453.9,2026-05-21 01:53:16
txn_0007472,cust_002174,deposit,successful,64.29,2026-04-05 06:12:14
txn_0007473,cust_002174,deposit,successful,443.43,2026-04-09 01:51:43
txn_0007474,cust_002174,deposit,successful,159.5,2026-05-05 07:42:27
txn_0007475,cust_002174,deposit,successful,149.72,2026-06-11 16:40:29
txn_0007476,cust_002174,deposit,successful,280.44,2026-03-18 14:37:39
txn_0007477,cust_002174,deposit,successful,418.01,2026-06-12 23:08:58
txn_0007478,cust_002174,deposit,successful,76.24,2026-06-12 10:04:34
txn_0007479,cust_002174,deposit,failed,287.83,2026-06-05 05:35:07
txn_0007480,cust_002174,deposit,successful,479.77,2026-05-09 22:43:18
txn_0007481,cust_002174,deposit,successful,303.52,2026-04-15 18:59:59
txn_0007482,cust_002174,withdrawal,successful,160.73,2026-06-02 02:48:22
txn_0007483,cust_002175,deposit,successful,6.61,2026-05-11 04:48:19
txn_0007484,cust_002175,deposit,successful,36.52,2026-06-20 13:20:10
txn_0007485,cust_002175,deposit,refunded,9.47,2026-06-06 07:03:13
txn_0007486,cust_002175,deposit,successful,73.46,2026-06-11 20:17:47
txn_0007487,cust_002176,deposit,successful,46.41,2026-06-27 00:01:15
txn_0007488,cust_002176,withdrawal,cancelled,12.86,2026-06-25 02:07:35
txn_0007489,cust_002177,deposit,successful,77.13,2026-04-20 18:31:22
txn_0007490,cust_002178,deposit,successful,8.23,2026-05-28 18:05:03
txn_0007491,cust_002179,deposit,successful,7.49,2026-06-17 00:48:53
txn_0007492,cust_002179,deposit,successful,74.24,2026-06-27 02:22:13
txn_0007493,cust_002179,deposit,successful,9.82,2026-06-28 09:52:02
txn_0007494,cust_002179,withdrawal,successful,18.8,2026-06-20 04:13:40
txn_0007495,cust_002180,deposit,successful,8.72,2026-05-20 07:52:38
txn_0007496,cust_002180,deposit,successful,62.21,2026-04-23 00:34:21
txn_0007497,cust_002180,deposit,refunded,13.53,2026-04-29 22:03:07
txn_0007498,cust_002181,deposit,successful,74.26,2026-02-11 01:15:42
txn_0007499,cust_002181,deposit,successful,389.49,2026-02-27 11:34:02
txn_0007500,cust_002181,withdrawal,successful,321.25,2026-01-05 22:39:30
txn_0007501,cust_002181,withdrawal,successful,203.58,2026-01-14 02:33:58
txn_0007502,cust_002181,deposit,successful,229.01,2026-02-07 09:15:49
txn_0007503,cust_002181,withdrawal,successful,493.23,2026-02-07 10:08:39
txn_0007504,cust_002181,withdrawal,successful,421.4,2026-04-13 17:51:23
txn_0007505,cust_002181,withdrawal,successful,372.32,2026-04-15 15:23:12
txn_0007506,cust_002181,deposit,successful,153.97,2026-01-16 06:07:06
txn_0007507,cust_002181,deposit,successful,198.58,2026-06-25 18:34:21
txn_0007508,cust_002182,deposit,successful,15.14,2026-06-10 09:28:02
txn_0007509,cust_002183,deposit,successful,7.79,2026-04-01 16:41:02
txn_0007510,cust_002183,deposit,successful,23.66,2026-06-22 06:15:27
txn_0007511,cust_002184,deposit,successful,396.89,2026-05-17 12:09:30
txn_0007512,cust_002184,deposit,successful,277.64,2026-04-08 06:48:15
txn_0007513,cust_002184,deposit,successful,170.72,2026-05-28 06:27:36
txn_0007514,cust_002184,withdrawal,successful,333.13,2026-06-18 00:44:09
txn_0007515,cust_002184,deposit,successful,389.08,2026-04-26 04:12:18
txn_0007516,cust_002184,deposit,successful,426.13,2026-05-28 02:57:46
txn_0007517,cust_002184,deposit,successful,490.13,2026-05-04 21:38:21
txn_0007518,cust_002185,deposit,successful,45.81,2026-05-17 15:21:37
txn_0007519,cust_002185,deposit,successful,70.59,2026-04-16 07:42:57
txn_0007520,cust_002187,deposit,successful,9.07,2026-05-31 09:57:41
txn_0007521,cust_002187,withdrawal,successful,12.12,2026-04-19 01:25:58
txn_0007522,cust_002187,deposit,successful,32.19,2026-06-18 08:38:24
txn_0007523,cust_002187,deposit,successful,19.47,2026-05-02 10:51:43
txn_0007524,cust_002188,deposit,successful,48.55,2026-06-29 06:37:41
txn_0007525,cust_002188,deposit,failed,28.43,2026-06-28 06:04:21
txn_0007526,cust_002189,deposit,failed,29.52,2026-05-26 06:32:30
txn_0007527,cust_002190,deposit,successful,414.25,2026-02-12 19:35:42
txn_0007528,cust_002190,deposit,successful,84.77,2026-02-19 05:00:15
txn_0007529,cust_002190,withdrawal,successful,223.85,2026-06-06 16:20:25
txn_0007530,cust_002190,deposit,failed,220.61,2026-02-01 17:07:34
txn_0007531,cust_002190,deposit,successful,135.64,2026-02-09 07:46:29
txn_0007532,cust_002191,deposit,successful,50.15,2026-02-11 12:15:16
txn_0007533,cust_002191,deposit,successful,23.75,2026-06-11 09:31:37
txn_0007534,cust_002191,deposit,successful,52.76,2026-05-28 07:12:53
txn_0007535,cust_002192,withdrawal,successful,5.43,2026-04-26 03:03:50
txn_0007536,cust_002192,withdrawal,successful,62.85,2026-06-04 02:31:17
txn_0007537,cust_002192,deposit,successful,16.8,2026-05-29 18:27:32
txn_0007538,cust_002192,deposit,successful,32.68,2026-06-22 01:40:33
txn_0007539,cust_002193,deposit,refunded,24.78,2026-02-27 08:44:09
txn_0007540,cust_002193,withdrawal,pending,57.84,2026-02-21 03:23:16
txn_0007541,cust_002194,deposit,successful,79.57,2026-05-16 00:00:31
txn_0007542,cust_002194,deposit,successful,6.63,2026-05-05 05:19:59
txn_0007543,cust_002194,deposit,successful,32.47,2026-03-21 12:42:04
txn_0007544,cust_002196,deposit,successful,32.54,2026-05-16 06:09:57
txn_0007545,cust_002196,deposit,successful,14.64,2026-05-26 16:13:32
txn_0007546,cust_002197,deposit,successful,426.17,2026-06-23 02:52:23
txn_0007547,cust_002197,withdrawal,successful,123.45,2026-05-29 21:18:16
txn_0007548,cust_002197,deposit,successful,474.75,2026-06-04 13:17:11
txn_0007549,cust_002197,deposit,successful,466.04,2026-06-22 23:16:55
txn_0007550,cust_002197,deposit,successful,417.05,2026-06-01 11:15:01
txn_0007551,cust_002197,deposit,refunded,486.86,2026-06-05 04:09:14
txn_0007552,cust_002197,deposit,successful,80.01,2026-05-17 13:04:15
txn_0007553,cust_002197,withdrawal,successful,181.74,2026-05-20 15:10:03
txn_0007554,cust_002197,withdrawal,successful,449.08,2026-05-30 16:23:40
txn_0007555,cust_002197,withdrawal,successful,461.89,2026-05-16 14:38:21
txn_0007556,cust_002197,withdrawal,failed,383.48,2026-06-26 19:28:36
txn_0007557,cust_002197,withdrawal,successful,91.58,2026-05-25 19:13:48
txn_0007558,cust_002198,deposit,refunded,318.7,2026-06-21 18:20:57
txn_0007559,cust_002198,deposit,successful,74.08,2026-06-27 21:21:49
txn_0007560,cust_002198,deposit,successful,136.43,2026-06-12 02:51:46
txn_0007561,cust_002198,deposit,failed,469.91,2026-06-14 04:52:20
txn_0007562,cust_002198,deposit,successful,63.02,2026-06-23 04:50:49
txn_0007563,cust_002198,deposit,successful,101.01,2026-06-12 21:25:14
txn_0007564,cust_002198,deposit,refunded,149.75,2026-06-24 22:03:45
txn_0007565,cust_002198,deposit,successful,422.71,2026-06-27 07:51:19
txn_0007566,cust_002198,deposit,successful,484.16,2026-06-17 22:22:04
txn_0007567,cust_002199,deposit,successful,5.92,2026-02-28 09:29:21
txn_0007568,cust_002199,withdrawal,failed,68.91,2026-06-08 09:52:07
txn_0007569,cust_002199,withdrawal,successful,69.18,2026-03-06 11:05:02
txn_0007570,cust_002200,deposit,successful,66.49,2026-05-11 08:57:31
txn_0007571,cust_002200,deposit,successful,36.59,2026-02-16 21:05:31
txn_0007572,cust_002200,withdrawal,successful,17.94,2026-06-06 16:38:31
txn_0007573,cust_002201,withdrawal,successful,164.07,2026-02-25 17:02:55
txn_0007574,cust_002201,withdrawal,successful,346.5,2026-03-30 15:08:52
txn_0007575,cust_002201,deposit,refunded,287.68,2026-06-28 04:44:28
txn_0007576,cust_002201,withdrawal,failed,339.9,2026-02-14 03:01:27
txn_0007577,cust_002202,deposit,failed,10.5,2026-06-07 01:47:10
txn_0007578,cust_002203,deposit,refunded,74.67,2026-04-13 17:40:45
txn_0007579,cust_002203,deposit,successful,414.03,2026-05-22 01:00:20
txn_0007580,cust_002203,deposit,successful,116.96,2026-05-25 02:33:55
txn_0007581,cust_002203,deposit,successful,193.37,2026-04-11 21:46:29
txn_0007582,cust_002203,deposit,successful,241.11,2026-03-22 15:45:57
txn_0007583,cust_002203,deposit,successful,94.35,2026-03-12 08:45:03
txn_0007584,cust_002203,deposit,successful,406.63,2026-05-18 17:16:15
txn_0007585,cust_002204,deposit,successful,12.76,2026-05-26 23:04:17
txn_0007586,cust_002204,deposit,successful,74.85,2026-05-09 02:51:49
txn_0007587,cust_002205,deposit,successful,71.36,2026-06-29 00:21:53
txn_0007588,cust_002205,deposit,successful,5.89,2026-06-28 07:06:42
txn_0007589,cust_002205,deposit,successful,8.41,2026-06-28 07:12:44
txn_0007590,cust_002206,deposit,successful,61.08,2026-05-02 22:31:22
txn_0007591,cust_002206,deposit,successful,22.06,2026-05-17 07:28:33
txn_0007592,cust_002207,deposit,successful,69.4,2026-06-26 13:19:24
txn_0007593,cust_002207,deposit,successful,67.84,2026-05-25 18:03:40
txn_0007594,cust_002208,withdrawal,successful,78.93,2026-06-15 00:11:33
txn_0007595,cust_002209,deposit,successful,37.4,2026-03-14 06:36:13
txn_0007596,cust_002209,withdrawal,successful,36.99,2026-06-03 02:26:33
txn_0007597,cust_002209,deposit,successful,67.75,2026-04-05 10:49:37
txn_0007598,cust_002210,deposit,successful,408.66,2026-05-28 23:04:22
txn_0007599,cust_002210,deposit,successful,407.82,2026-04-12 09:32:48
txn_0007600,cust_002210,deposit,successful,102.01,2026-06-23 14:06:48
txn_0007601,cust_002210,deposit,successful,363.44,2026-06-06 13:33:06
txn_0007602,cust_002210,deposit,successful,211.31,2026-06-11 05:03:44
txn_0007603,cust_002210,deposit,successful,345.74,2026-06-27 11:48:20
txn_0007604,cust_002210,deposit,successful,464.77,2026-05-28 21:41:14
txn_0007605,cust_002210,deposit,successful,251.11,2026-05-07 21:55:30
txn_0007606,cust_002210,deposit,successful,228.53,2026-04-16 19:38:23
txn_0007607,cust_002210,deposit,successful,335.8,2026-06-09 19:09:30
txn_0007608,cust_002210,deposit,successful,92.68,2026-06-12 16:42:01
txn_0007609,cust_002210,deposit,failed,415.62,2026-04-15 10:06:01
txn_0007610,cust_002210,withdrawal,successful,423.14,2026-06-12 18:35:14
txn_0007611,cust_002210,withdrawal,successful,280.76,2026-05-29 09:02:50
txn_0007612,cust_002211,deposit,successful,79.77,2026-05-17 10:45:09
txn_0007613,cust_002211,deposit,successful,64.93,2026-05-11 12:53:55
txn_0007614,cust_002211,deposit,successful,66.63,2026-06-12 15:54:16
txn_0007615,cust_002211,deposit,successful,15.47,2026-05-31 00:40:21
txn_0007616,cust_002212,deposit,successful,23.11,2026-03-16 17:07:13
txn_0007617,cust_002213,deposit,successful,15.28,2026-04-24 18:34:07
txn_0007618,cust_002213,withdrawal,refunded,21.06,2026-06-28 19:08:03
txn_0007619,cust_002213,deposit,successful,14.25,2026-04-11 06:54:23
txn_0007620,cust_002215,withdrawal,successful,19.21,2026-02-24 20:25:11
txn_0007621,cust_002215,deposit,successful,42.09,2026-06-24 13:20:49
txn_0007622,cust_002216,withdrawal,successful,57.47,2026-03-05 03:38:11
txn_0007623,cust_002216,withdrawal,successful,12.59,2026-06-20 07:22:41
txn_0007624,cust_002216,deposit,successful,50.69,2026-01-21 07:17:48
txn_0007625,cust_002217,deposit,successful,24.57,2026-05-31 17:09:24
txn_0007626,cust_002219,deposit,successful,327.4,2026-06-24 15:45:21
txn_0007627,cust_002219,deposit,successful,198.18,2026-06-15 15:31:34
txn_0007628,cust_002219,withdrawal,successful,151.8,2026-04-12 01:56:45
txn_0007629,cust_002219,deposit,successful,438.58,2026-02-07 10:11:11
txn_0007630,cust_002219,deposit,successful,296.33,2026-06-19 19:05:10
txn_0007631,cust_002219,deposit,successful,323.09,2026-06-24 02:49:11
txn_0007632,cust_002219,deposit,successful,269.85,2026-03-14 08:48:37
txn_0007633,cust_002219,deposit,successful,150.14,2026-03-07 22:12:49
txn_0007634,cust_002219,deposit,successful,403.19,2026-06-19 05:45:39
txn_0007635,cust_002219,deposit,successful,157.71,2026-02-23 12:26:32
txn_0007636,cust_002219,deposit,successful,83.14,2026-06-10 14:58:03
txn_0007637,cust_002219,deposit,refunded,263.94,2026-02-12 16:55:32
txn_0007638,cust_002221,deposit,refunded,35.38,2026-03-26 12:18:41
txn_0007639,cust_002222,deposit,successful,59.88,2026-05-29 03:40:18
txn_0007640,cust_002222,deposit,successful,59.7,2026-06-19 18:24:49
txn_0007641,cust_002224,deposit,successful,63.9,2026-06-27 21:00:11
txn_0007642,cust_002224,withdrawal,successful,9.44,2026-06-27 18:12:41
txn_0007643,cust_002224,deposit,successful,27.83,2026-06-28 23:37:57
txn_0007644,cust_002224,withdrawal,pending,41.0,2026-06-25 00:23:45
txn_0007645,cust_002225,deposit,successful,76.91,2026-06-14 08:10:43
txn_0007646,cust_002225,withdrawal,successful,21.89,2026-05-30 00:20:48
txn_0007647,cust_002225,deposit,successful,46.54,2026-06-28 22:51:55
txn_0007648,cust_002225,withdrawal,successful,5.49,2026-06-18 01:01:32
txn_0007649,cust_002226,deposit,successful,32.93,2026-02-13 03:04:04
txn_0007650,cust_002226,deposit,successful,68.18,2026-04-28 05:08:25
txn_0007651,cust_002226,withdrawal,successful,46.93,2026-05-16 17:23:19
txn_0007652,cust_002228,withdrawal,successful,52.85,2026-05-10 03:12:27
txn_0007653,cust_002229,deposit,successful,14.25,2026-05-24 13:57:50
txn_0007654,cust_002231,deposit,successful,24.99,2026-05-11 15:03:19
txn_0007655,cust_002231,deposit,successful,28.14,2026-03-21 19:25:47
txn_0007656,cust_002234,deposit,successful,22.45,2026-06-22 17:14:34
txn_0007657,cust_002234,withdrawal,failed,43.91,2026-05-14 07:02:22
txn_0007658,cust_002235,deposit,successful,12.58,2026-06-08 05:58:39
txn_0007659,cust_002235,deposit,successful,46.66,2026-06-02 19:58:08
txn_0007660,cust_002235,deposit,successful,43.81,2026-04-21 13:23:45
txn_0007661,cust_002235,deposit,successful,59.69,2026-04-12 05:33:31
txn_0007662,cust_002236,withdrawal,successful,62.28,2026-05-22 17:21:38
txn_0007663,cust_002236,deposit,cancelled,31.56,2026-06-09 11:45:09
txn_0007664,cust_002236,deposit,failed,62.76,2026-05-10 09:02:41
txn_0007665,cust_002236,deposit,successful,76.04,2026-06-16 08:07:16
txn_0007666,cust_002238,withdrawal,successful,36.21,2026-06-03 22:48:34
txn_0007667,cust_002238,deposit,successful,54.69,2026-06-27 05:07:10
txn_0007668,cust_002238,deposit,cancelled,11.8,2026-05-26 07:22:50
txn_0007669,cust_002239,deposit,pending,12.0,2026-06-06 08:04:39
txn_0007670,cust_002239,deposit,successful,30.27,2026-03-27 13:02:47
txn_0007671,cust_002239,deposit,successful,20.42,2026-04-27 03:54:45
txn_0007672,cust_002241,deposit,successful,41.97,2026-06-01 16:41:18
txn_0007673,cust_002242,deposit,successful,47.92,2026-06-20 03:38:09
txn_0007674,cust_002244,deposit,successful,15.28,2026-05-09 18:18:14
txn_0007675,cust_002244,deposit,successful,43.8,2026-03-30 01:18:19
txn_0007676,cust_002244,withdrawal,successful,34.34,2026-02-04 17:43:27
txn_0007677,cust_002244,deposit,successful,27.39,2026-05-31 12:33:16
txn_0007678,cust_002245,withdrawal,failed,16.06,2026-06-22 22:02:37
txn_0007679,cust_002245,withdrawal,successful,62.58,2026-06-18 11:18:49
txn_0007680,cust_002245,withdrawal,successful,30.15,2026-06-17 14:01:34
txn_0007681,cust_002246,deposit,successful,52.68,2026-06-27 03:39:52
txn_0007682,cust_002246,deposit,successful,72.99,2026-06-15 20:34:11
txn_0007683,cust_002246,withdrawal,pending,40.75,2026-06-20 09:19:01
txn_0007684,cust_002247,deposit,successful,155.37,2026-06-15 05:54:00
txn_0007685,cust_002247,deposit,successful,464.18,2026-03-26 02:02:14
txn_0007686,cust_002247,withdrawal,successful,411.0,2026-06-06 03:51:02
txn_0007687,cust_002248,deposit,successful,29.14,2026-04-27 22:04:46
txn_0007688,cust_002248,withdrawal,successful,63.48,2026-06-17 14:11:40
txn_0007689,cust_002249,deposit,successful,65.13,2026-05-13 00:07:45
txn_0007690,cust_002249,deposit,failed,212.7,2026-06-25 17:37:11
txn_0007691,cust_002249,deposit,successful,465.46,2026-05-30 21:56:18
txn_0007692,cust_002249,withdrawal,successful,54.33,2026-05-22 05:51:51
txn_0007693,cust_002249,withdrawal,successful,340.69,2026-06-02 05:03:27
txn_0007694,cust_002249,deposit,cancelled,355.8,2026-06-21 22:32:03
txn_0007695,cust_002249,deposit,successful,150.83,2026-05-01 22:44:01
txn_0007696,cust_002250,deposit,successful,7.5,2026-06-29 07:09:29
txn_0007697,cust_002250,deposit,successful,52.26,2026-06-26 08:26:53
txn_0007698,cust_002251,withdrawal,successful,63.89,2026-06-09 03:02:20
txn_0007699,cust_002251,withdrawal,successful,24.3,2026-04-18 19:24:04
txn_0007700,cust_002252,deposit,successful,6.69,2026-04-11 15:10:18
txn_0007701,cust_002252,deposit,successful,23.89,2026-05-12 20:01:47
txn_0007702,cust_002253,deposit,successful,59.88,2026-05-02 17:00:34
txn_0007703,cust_002254,deposit,failed,35.47,2026-03-31 03:41:38
txn_0007704,cust_002255,deposit,successful,15.65,2026-06-16 17:46:44
txn_0007705,cust_002255,deposit,pending,38.26,2026-05-19 16:55:46
txn_0007706,cust_002255,deposit,successful,7.96,2026-06-09 11:47:30
txn_0007707,cust_002255,deposit,successful,11.69,2026-04-26 16:21:45
txn_0007708,cust_002257,deposit,successful,18.27,2026-05-06 12:39:06
txn_0007709,cust_002257,deposit,successful,32.61,2026-03-21 19:35:51
txn_0007710,cust_002257,withdrawal,successful,13.16,2026-04-14 15:42:50
txn_0007711,cust_002259,deposit,successful,10.34,2026-05-29 11:06:13
txn_0007712,cust_002259,withdrawal,successful,41.31,2026-06-25 00:40:24
txn_0007713,cust_002259,withdrawal,successful,70.86,2026-06-04 19:12:46
txn_0007714,cust_002262,deposit,successful,57.54,2026-03-07 08:27:23
txn_0007715,cust_002263,deposit,successful,17.16,2026-04-06 14:56:30
txn_0007716,cust_002263,withdrawal,successful,43.24,2026-05-11 03:02:48
txn_0007717,cust_002263,deposit,refunded,36.46,2026-05-28 15:27:16
txn_0007718,cust_002264,deposit,successful,72.69,2026-06-29 22:16:14
txn_0007719,cust_002264,deposit,successful,75.61,2026-05-10 03:43:42
txn_0007720,cust_002264,withdrawal,successful,70.01,2026-05-08 12:50:41
txn_0007721,cust_002264,deposit,successful,52.45,2026-06-14 02:26:17
txn_0007722,cust_002265,withdrawal,successful,395.34,2026-04-29 04:26:48
txn_0007723,cust_002265,deposit,successful,401.51,2026-04-05 12:13:36
txn_0007724,cust_002265,withdrawal,failed,91.54,2026-06-25 14:16:19
txn_0007725,cust_002265,withdrawal,successful,487.13,2026-05-03 03:00:46
txn_0007726,cust_002265,deposit,successful,59.01,2026-05-04 08:53:43
txn_0007727,cust_002265,withdrawal,successful,202.89,2026-05-19 15:50:55
txn_0007728,cust_002265,withdrawal,successful,155.58,2026-05-23 16:15:45
txn_0007729,cust_002265,withdrawal,successful,302.16,2026-05-01 03:45:06
txn_0007730,cust_002265,withdrawal,successful,58.23,2026-06-22 18:29:15
txn_0007731,cust_002265,deposit,successful,228.78,2026-06-06 21:35:31
txn_0007732,cust_002265,withdrawal,successful,411.26,2026-05-26 04:18:37
txn_0007733,cust_002265,deposit,successful,253.74,2026-04-14 22:59:39
txn_0007734,cust_002265,deposit,successful,207.77,2026-04-03 17:48:10
txn_0007735,cust_002266,withdrawal,successful,36.76,2026-06-01 22:51:42
txn_0007736,cust_002266,withdrawal,successful,38.12,2026-06-10 21:13:41
txn_0007737,cust_002266,withdrawal,successful,76.28,2026-06-29 16:48:05
txn_0007738,cust_002268,withdrawal,successful,50.1,2026-05-18 20:22:57
txn_0007739,cust_002268,deposit,successful,23.98,2026-06-22 17:02:39
txn_0007740,cust_002268,deposit,successful,20.79,2026-06-11 16:06:57
txn_0007741,cust_002268,withdrawal,successful,68.41,2026-06-06 02:08:06
txn_0007742,cust_002269,deposit,successful,61.4,2026-06-12 09:52:18
txn_0007743,cust_002269,withdrawal,successful,52.13,2026-05-24 06:28:34
txn_0007744,cust_002270,withdrawal,successful,53.91,2026-06-29 14:06:06
txn_0007745,cust_002272,deposit,pending,25.81,2026-06-23 03:57:00
txn_0007746,cust_002272,deposit,successful,79.58,2026-06-17 04:14:03
txn_0007747,cust_002273,deposit,pending,75.85,2026-06-03 10:40:58
txn_0007748,cust_002273,deposit,pending,57.29,2026-04-20 18:34:34
txn_0007749,cust_002273,deposit,successful,51.33,2026-05-13 20:38:01
txn_0007750,cust_002274,withdrawal,successful,29.05,2026-06-26 03:04:48
txn_0007751,cust_002274,deposit,successful,79.5,2026-06-18 21:44:01
txn_0007752,cust_002274,deposit,successful,75.03,2026-06-12 23:12:47
txn_0007753,cust_002274,deposit,successful,58.21,2026-06-16 08:26:02
txn_0007754,cust_002275,deposit,successful,23.15,2026-03-28 21:06:07
txn_0007755,cust_002275,withdrawal,successful,5.24,2026-03-23 16:18:34
txn_0007756,cust_002275,withdrawal,successful,72.39,2026-06-05 18:27:17
txn_0007757,cust_002276,deposit,successful,40.28,2026-05-31 19:03:09
txn_0007758,cust_002276,withdrawal,successful,58.01,2026-06-23 08:12:35
txn_0007759,cust_002276,deposit,successful,29.52,2026-06-20 18:10:38
txn_0007760,cust_002278,withdrawal,successful,79.32,2026-06-05 19:58:34
txn_0007761,cust_002278,withdrawal,successful,78.69,2026-06-18 06:26:57
txn_0007762,cust_002278,withdrawal,successful,74.38,2026-05-03 13:33:56
txn_0007763,cust_002278,deposit,successful,19.06,2026-06-16 13:00:21
txn_0007764,cust_002279,deposit,successful,45.57,2026-05-03 15:38:14
txn_0007765,cust_002279,deposit,successful,65.3,2026-06-26 23:37:57
txn_0007766,cust_002282,withdrawal,successful,67.33,2026-06-16 06:43:44
txn_0007767,cust_002282,withdrawal,successful,40.86,2026-05-28 20:54:08
txn_0007768,cust_002282,deposit,successful,24.2,2026-06-12 12:15:19
txn_0007769,cust_002283,deposit,successful,79.62,2026-06-27 10:10:30
txn_0007770,cust_002283,deposit,successful,56.03,2026-06-29 17:36:10
txn_0007771,cust_002284,deposit,successful,30.73,2026-06-13 10:15:30
txn_0007772,cust_002284,deposit,successful,50.48,2026-06-23 20:16:56
txn_0007773,cust_002284,deposit,successful,41.03,2026-06-08 00:12:36
txn_0007774,cust_002285,deposit,successful,8.46,2026-06-29 03:07:11
txn_0007775,cust_002285,deposit,successful,66.86,2026-06-24 17:40:29
txn_0007776,cust_002285,deposit,cancelled,27.47,2026-06-26 19:54:17
txn_0007777,cust_002286,withdrawal,successful,58.71,2026-06-21 13:00:46
txn_0007778,cust_002286,deposit,successful,12.33,2026-04-26 07:43:30
txn_0007779,cust_002286,deposit,successful,48.29,2026-06-03 07:35:56
txn_0007780,cust_002286,deposit,successful,13.85,2026-04-10 10:32:50
txn_0007781,cust_002287,deposit,successful,72.58,2026-04-26 15:48:41
txn_0007782,cust_002287,deposit,cancelled,45.68,2026-02-24 18:33:26
txn_0007783,cust_002289,deposit,successful,73.61,2026-04-23 09:35:46
txn_0007784,cust_002289,deposit,successful,54.01,2026-02-13 22:39:20
txn_0007785,cust_002290,deposit,successful,66.02,2026-06-05 15:36:40
txn_0007786,cust_002291,deposit,successful,78.79,2026-06-04 17:09:59
txn_0007787,cust_002291,deposit,failed,16.56,2026-05-10 06:49:51
txn_0007788,cust_002292,deposit,successful,55.67,2026-05-14 06:43:05
txn_0007789,cust_002293,deposit,successful,44.74,2026-05-31 17:16:08
txn_0007790,cust_002293,deposit,successful,40.95,2026-06-27 22:17:07
txn_0007791,cust_002294,deposit,cancelled,60.13,2026-01-23 10:18:37
txn_0007792,cust_002294,deposit,successful,70.57,2026-02-16 19:38:52
txn_0007793,cust_002296,deposit,successful,66.05,2026-04-29 16:20:01
txn_0007794,cust_002296,deposit,successful,31.44,2026-05-24 01:56:31
txn_0007795,cust_002296,withdrawal,successful,25.84,2026-04-18 06:57:50
txn_0007796,cust_002297,deposit,refunded,56.82,2026-06-13 22:42:19
txn_0007797,cust_002297,deposit,failed,62.17,2026-06-24 09:31:53
txn_0007798,cust_002297,deposit,successful,70.98,2026-06-26 18:25:35
txn_0007799,cust_002297,withdrawal,pending,65.1,2026-06-05 20:20:32
txn_0007800,cust_002298,deposit,successful,42.98,2026-05-24 01:06:10
txn_0007801,cust_002298,deposit,successful,33.77,2026-06-11 03:15:05
txn_0007802,cust_002298,deposit,successful,38.23,2026-05-16 20:59:07
txn_0007803,cust_002299,deposit,successful,33.29,2026-05-26 22:39:50
txn_0007804,cust_002300,deposit,successful,67.61,2026-06-11 20:47:31
txn_0007805,cust_002300,deposit,successful,21.53,2026-06-26 14:19:14
txn_0007806,cust_002302,deposit,successful,24.79,2026-05-30 23:31:13
txn_0007807,cust_002302,deposit,successful,47.51,2026-06-03 23:10:12
txn_0007808,cust_002303,deposit,successful,404.02,2026-04-14 10:03:55
txn_0007809,cust_002303,deposit,failed,240.05,2026-03-31 23:00:42
txn_0007810,cust_002303,deposit,successful,329.15,2026-04-22 12:39:00
txn_0007811,cust_002303,deposit,successful,85.53,2026-03-02 19:38:35
txn_0007812,cust_002303,deposit,successful,347.77,2026-03-09 06:04:05
txn_0007813,cust_002303,deposit,successful,280.02,2026-04-28 18:41:07
txn_0007814,cust_002303,deposit,successful,479.48,2026-04-09 17:43:55
txn_0007815,cust_002307,deposit,refunded,47.54,2026-03-26 10:40:26
txn_0007816,cust_002307,deposit,successful,36.11,2026-04-11 19:12:27
txn_0007817,cust_002307,withdrawal,successful,5.51,2026-03-18 06:52:17
txn_0007818,cust_002308,deposit,successful,38.99,2026-04-13 09:09:52
txn_0007819,cust_002308,withdrawal,successful,11.26,2026-03-11 14:24:07
txn_0007820,cust_002308,deposit,successful,47.43,2026-04-28 04:48:58
txn_0007821,cust_002309,deposit,successful,73.95,2026-04-12 16:37:41
txn_0007822,cust_002309,deposit,successful,6.17,2026-05-02 16:42:26
txn_0007823,cust_002309,deposit,successful,33.6,2026-06-22 19:02:01
txn_0007824,cust_002309,deposit,failed,74.49,2026-06-03 18:57:48
txn_0007825,cust_002310,withdrawal,successful,11.38,2026-06-22 01:23:35
txn_0007826,cust_002310,withdrawal,successful,59.14,2026-04-22 08:09:54
txn_0007827,cust_002313,withdrawal,successful,69.01,2026-05-23 02:31:35
txn_0007828,cust_002313,deposit,successful,30.42,2026-03-04 19:18:14
txn_0007829,cust_002313,deposit,successful,74.2,2026-02-21 01:46:28
txn_0007830,cust_002313,withdrawal,pending,50.84,2026-03-09 16:29:17
txn_0007831,cust_002314,deposit,successful,67.29,2026-02-09 06:51:00
txn_0007832,cust_002314,withdrawal,successful,19.29,2026-06-29 13:12:12
txn_0007833,cust_002314,deposit,successful,42.08,2026-06-24 21:59:09
txn_0007834,cust_002316,withdrawal,successful,73.46,2026-05-03 22:04:51
txn_0007835,cust_002316,deposit,successful,28.76,2026-04-23 12:45:15
txn_0007836,cust_002317,withdrawal,successful,189.33,2026-04-20 10:10:39
txn_0007837,cust_002317,deposit,successful,315.8,2026-05-10 13:17:09
txn_0007838,cust_002317,deposit,successful,236.76,2026-05-21 13:37:34
txn_0007839,cust_002317,deposit,successful,201.88,2026-05-20 18:30:17
txn_0007840,cust_002317,withdrawal,successful,121.71,2026-05-23 07:32:47
txn_0007841,cust_002319,withdrawal,successful,46.86,2026-05-18 01:58:37
txn_0007842,cust_002319,deposit,successful,77.34,2026-04-10 16:06:09
txn_0007843,cust_002320,deposit,successful,31.56,2026-06-29 12:01:35
txn_0007844,cust_002320,deposit,successful,41.89,2026-06-29 14:37:04
txn_0007845,cust_002320,deposit,successful,71.57,2026-06-29 11:52:22
txn_0007846,cust_002322,deposit,failed,60.99,2026-06-08 02:06:03
txn_0007847,cust_002322,deposit,successful,61.15,2026-05-26 01:45:33
txn_0007848,cust_002323,withdrawal,successful,364.99,2026-03-30 18:20:49
txn_0007849,cust_002323,deposit,successful,152.3,2026-04-12 01:13:29
txn_0007850,cust_002323,deposit,successful,234.82,2026-04-22 07:51:01
txn_0007851,cust_002323,deposit,successful,69.35,2026-06-13 06:19:56
txn_0007852,cust_002323,deposit,failed,102.38,2026-06-25 01:02:52
txn_0007853,cust_002323,deposit,successful,250.38,2026-03-20 01:59:42
txn_0007854,cust_002323,deposit,successful,344.02,2026-06-12 06:32:01
txn_0007855,cust_002323,deposit,successful,148.98,2026-05-09 09:29:35
txn_0007856,cust_002323,deposit,successful,318.19,2026-05-01 19:31:04
txn_0007857,cust_002323,deposit,successful,381.74,2026-06-06 19:56:28
txn_0007858,cust_002323,withdrawal,successful,439.5,2026-04-11 14:13:33
txn_0007859,cust_002325,deposit,successful,6.04,2026-06-15 23:36:38
txn_0007860,cust_002325,deposit,successful,61.83,2026-06-07 18:34:48
txn_0007861,cust_002325,deposit,successful,5.41,2026-05-05 13:54:11
txn_0007862,cust_002326,withdrawal,successful,43.02,2026-06-09 16:34:21
txn_0007863,cust_002326,deposit,failed,12.7,2026-06-22 04:54:35
txn_0007864,cust_002327,deposit,successful,8.43,2026-06-09 04:17:39
txn_0007865,cust_002327,deposit,successful,50.31,2026-01-22 22:20:02
txn_0007866,cust_002327,deposit,successful,61.98,2026-04-22 10:15:21
txn_0007867,cust_002328,deposit,successful,5.8,2026-05-31 22:23:15
txn_0007868,cust_002328,deposit,successful,32.18,2026-05-22 18:03:15
txn_0007869,cust_002329,deposit,successful,41.4,2026-06-09 09:44:13
txn_0007870,cust_002329,withdrawal,successful,39.79,2026-06-29 11:08:01
txn_0007871,cust_002330,deposit,successful,355.04,2026-06-17 20:43:22
txn_0007872,cust_002330,deposit,successful,205.38,2026-05-02 08:42:54
txn_0007873,cust_002330,deposit,successful,359.63,2026-05-25 19:46:04
txn_0007874,cust_002331,deposit,successful,79.17,2026-06-29 05:40:57
txn_0007875,cust_002331,deposit,successful,30.67,2026-06-27 00:03:17
txn_0007876,cust_002331,deposit,successful,21.21,2026-06-29 05:29:42
txn_0007877,cust_002331,deposit,successful,45.48,2026-06-29 09:27:41
txn_0007878,cust_002332,withdrawal,successful,406.46,2026-05-21 20:50:17
txn_0007879,cust_002332,deposit,successful,372.96,2026-05-28 04:12:11
txn_0007880,cust_002332,deposit,successful,255.96,2026-05-31 16:44:10
txn_0007881,cust_002332,withdrawal,successful,328.57,2026-06-05 08:41:34
txn_0007882,cust_002332,deposit,successful,105.46,2026-06-04 10:32:35
txn_0007883,cust_002332,deposit,cancelled,246.02,2026-05-23 17:34:54
txn_0007884,cust_002332,withdrawal,successful,444.18,2026-06-08 16:52:19
txn_0007885,cust_002332,deposit,successful,465.66,2026-06-08 06:02:04
txn_0007886,cust_002332,deposit,cancelled,109.74,2026-05-22 15:19:23
txn_0007887,cust_002332,deposit,successful,281.04,2026-06-07 05:44:29
txn_0007888,cust_002332,deposit,successful,328.47,2026-05-22 22:37:10
txn_0007889,cust_002332,deposit,refunded,70.7,2026-06-06 10:56:56
txn_0007890,cust_002332,deposit,successful,224.24,2026-05-20 22:51:32
txn_0007891,cust_002333,withdrawal,failed,66.45,2026-06-11 22:08:23
txn_0007892,cust_002333,withdrawal,successful,73.35,2026-06-18 16:55:51
txn_0007893,cust_002333,deposit,successful,52.7,2026-04-21 20:29:04
txn_0007894,cust_002333,deposit,successful,78.67,2026-03-24 20:38:19
txn_0007895,cust_002334,deposit,pending,26.97,2026-06-13 20:10:33
txn_0007896,cust_002334,withdrawal,successful,68.87,2026-04-16 18:25:43
txn_0007897,cust_002335,deposit,successful,61.74,2026-01-23 07:19:20
txn_0007898,cust_002336,deposit,successful,58.59,2026-06-24 13:25:46
txn_0007899,cust_002336,deposit,failed,68.94,2026-06-26 19:15:47
txn_0007900,cust_002337,withdrawal,successful,47.39,2026-04-20 13:52:43
txn_0007901,cust_002337,deposit,successful,51.79,2026-05-09 10:08:00
txn_0007902,cust_002337,deposit,refunded,78.31,2026-06-24 13:36:26
txn_0007903,cust_002338,deposit,successful,23.19,2026-06-28 23:37:48
txn_0007904,cust_002338,deposit,successful,54.11,2026-06-26 23:09:13
txn_0007905,cust_002338,deposit,cancelled,36.91,2026-06-26 18:19:44
txn_0007906,cust_002338,withdrawal,successful,56.42,2026-06-24 00:38:17
txn_0007907,cust_002341,deposit,successful,74.57,2026-06-24 14:51:53
txn_0007908,cust_002341,withdrawal,successful,41.16,2026-06-21 15:01:35
txn_0007909,cust_002341,deposit,successful,45.65,2026-06-18 00:04:09
txn_0007910,cust_002341,deposit,successful,16.99,2026-06-22 15:30:04
txn_0007911,cust_002343,deposit,successful,30.84,2026-04-21 19:20:49
txn_0007912,cust_002343,deposit,successful,77.15,2026-04-17 04:36:43
txn_0007913,cust_002343,deposit,successful,72.38,2026-05-31 19:21:54
txn_0007914,cust_002344,withdrawal,successful,11.05,2026-05-04 21:34:27
txn_0007915,cust_002344,withdrawal,successful,55.44,2026-05-06 00:55:21
txn_0007916,cust_002345,withdrawal,successful,20.62,2026-06-01 22:14:20
txn_0007917,cust_002345,deposit,successful,70.79,2026-06-01 20:14:02
txn_0007918,cust_002346,withdrawal,successful,386.9,2026-06-19 17:02:56
txn_0007919,cust_002346,withdrawal,successful,485.5,2026-06-11 12:51:15
txn_0007920,cust_002346,deposit,successful,334.38,2026-06-17 06:27:56
txn_0007921,cust_002347,deposit,failed,29.84,2026-01-22 03:43:00
txn_0007922,cust_002347,withdrawal,successful,21.22,2026-02-19 07:54:39
txn_0007923,cust_002348,deposit,successful,63.84,2026-05-08 02:48:17
txn_0007924,cust_002348,deposit,successful,24.89,2026-06-19 16:37:19
txn_0007925,cust_002348,deposit,successful,20.23,2026-06-22 09:29:06
txn_0007926,cust_002348,deposit,successful,18.36,2026-05-29 21:18:22
txn_0007927,cust_002350,withdrawal,successful,19.9,2026-04-20 03:40:33
txn_0007928,cust_002350,withdrawal,successful,27.63,2026-02-27 21:02:52
txn_0007929,cust_002351,deposit,successful,50.73,2026-06-15 23:31:40
txn_0007930,cust_002351,withdrawal,successful,28.47,2026-06-26 15:50:41
txn_0007931,cust_002351,deposit,successful,72.02,2026-06-16 09:13:27
txn_0007932,cust_002352,withdrawal,successful,27.31,2026-06-20 19:33:19
txn_0007933,cust_002353,withdrawal,pending,54.33,2026-04-14 03:49:22
txn_0007934,cust_002354,withdrawal,successful,26.0,2026-06-08 19:54:30
txn_0007935,cust_002354,withdrawal,successful,32.61,2026-01-28 18:50:51
txn_0007936,cust_002354,deposit,successful,73.71,2026-01-27 03:20:16
txn_0007937,cust_002354,deposit,successful,74.68,2026-05-12 19:36:28
txn_0007938,cust_002355,deposit,successful,40.92,2026-05-05 10:02:46
txn_0007939,cust_002355,deposit,successful,61.97,2026-05-23 20:04:55
txn_0007940,cust_002355,deposit,successful,65.78,2026-02-12 05:24:09
txn_0007941,cust_002355,deposit,successful,43.86,2026-05-27 06:37:56
txn_0007942,cust_002356,withdrawal,successful,223.96,2026-05-29 08:11:24
txn_0007943,cust_002356,deposit,successful,376.83,2026-06-02 06:45:35
txn_0007944,cust_002356,withdrawal,successful,52.6,2026-04-29 02:21:42
txn_0007945,cust_002356,deposit,successful,295.82,2026-06-24 01:47:18
txn_0007946,cust_002356,deposit,successful,186.45,2026-05-24 00:15:49
txn_0007947,cust_002356,deposit,successful,224.91,2026-04-18 20:07:27
txn_0007948,cust_002356,deposit,refunded,380.16,2026-05-20 06:37:58
txn_0007949,cust_002356,deposit,successful,236.0,2026-04-23 15:56:45
txn_0007950,cust_002356,deposit,successful,137.09,2026-05-21 03:22:11
txn_0007951,cust_002356,deposit,successful,489.25,2026-05-25 01:20:42
txn_0007952,cust_002356,deposit,successful,69.42,2026-06-25 23:00:00
txn_0007953,cust_002356,deposit,successful,496.93,2026-06-20 09:28:35
txn_0007954,cust_002356,deposit,successful,72.67,2026-05-22 13:02:59
txn_0007955,cust_002357,deposit,successful,15.4,2026-06-09 11:09:04
txn_0007956,cust_002357,deposit,successful,67.96,2026-06-11 04:45:27
txn_0007957,cust_002357,deposit,successful,42.91,2026-05-18 21:08:21
txn_0007958,cust_002357,deposit,successful,76.06,2026-06-23 20:38:38
txn_0007959,cust_002358,deposit,successful,64.45,2026-06-28 17:12:39
txn_0007960,cust_002358,deposit,successful,73.02,2026-06-29 05:51:58
txn_0007961,cust_002358,deposit,successful,69.92,2026-06-25 15:27:25
txn_0007962,cust_002359,withdrawal,successful,29.19,2026-05-28 15:28:55
txn_0007963,cust_002359,deposit,successful,55.82,2026-04-29 06:56:44
txn_0007964,cust_002360,deposit,successful,349.62,2026-05-02 19:01:40
txn_0007965,cust_002360,deposit,successful,249.29,2026-06-20 16:35:49
txn_0007966,cust_002360,deposit,successful,289.03,2026-04-29 01:08:32
txn_0007967,cust_002360,withdrawal,failed,295.73,2026-06-21 23:34:54
txn_0007968,cust_002360,deposit,successful,165.84,2026-05-18 02:17:54
txn_0007969,cust_002360,withdrawal,refunded,70.04,2026-06-17 16:23:13
txn_0007970,cust_002360,deposit,failed,161.01,2026-06-13 20:16:23
txn_0007971,cust_002361,deposit,failed,33.29,2026-06-26 13:02:57
txn_0007972,cust_002361,deposit,successful,15.16,2026-06-27 16:46:58
txn_0007973,cust_002362,deposit,successful,498.12,2026-05-21 02:16:09
txn_0007974,cust_002362,deposit,successful,386.46,2026-04-03 00:58:51
txn_0007975,cust_002362,deposit,successful,322.63,2026-05-15 06:28:15
txn_0007976,cust_002362,deposit,successful,150.16,2026-03-10 23:18:39
txn_0007977,cust_002363,deposit,successful,68.14,2026-06-27 00:37:38
txn_0007978,cust_002363,withdrawal,successful,78.17,2026-06-29 19:09:47
txn_0007979,cust_002363,deposit,successful,23.09,2026-06-29 13:14:11
txn_0007980,cust_002363,deposit,successful,70.59,2026-06-29 15:51:02
txn_0007981,cust_002365,deposit,refunded,76.6,2026-06-25 08:43:22
txn_0007982,cust_002365,deposit,successful,22.62,2026-04-19 13:21:36
txn_0007983,cust_002367,deposit,successful,77.98,2026-05-02 05:20:39
txn_0007984,cust_002367,deposit,successful,34.08,2026-05-18 20:06:40
txn_0007985,cust_002368,deposit,successful,77.41,2026-06-20 16:30:56
txn_0007986,cust_002368,deposit,successful,42.26,2026-06-16 16:47:06
txn_0007987,cust_002368,withdrawal,successful,31.39,2026-06-14 22:43:50
txn_0007988,cust_002368,deposit,successful,15.11,2026-06-24 13:13:52
txn_0007989,cust_002369,withdrawal,successful,173.41,2026-06-08 06:50:18
txn_0007990,cust_002369,deposit,successful,393.79,2026-05-14 15:47:24
txn_0007991,cust_002369,deposit,successful,486.74,2026-06-02 17:21:11
txn_0007992,cust_002369,deposit,successful,268.6,2026-06-16 21:11:43
txn_0007993,cust_002369,deposit,successful,334.01,2026-05-30 15:33:34
txn_0007994,cust_002369,deposit,successful,185.31,2026-06-24 11:01:28
txn_0007995,cust_002369,deposit,successful,230.86,2026-06-03 11:33:42
txn_0007996,cust_002369,deposit,successful,74.67,2026-06-12 11:19:28
txn_0007997,cust_002369,deposit,successful,239.01,2026-06-17 21:14:57
txn_0007998,cust_002369,deposit,successful,60.56,2026-06-15 08:11:15
txn_0007999,cust_002371,deposit,failed,17.27,2026-04-13 08:17:41
txn_0008000,cust_002372,deposit,cancelled,55.32,2026-06-20 18:22:10
txn_0008001,cust_002372,withdrawal,successful,65.26,2026-06-07 13:14:17
txn_0008002,cust_002372,deposit,successful,34.27,2026-06-26 11:21:46
txn_0008003,cust_002372,deposit,successful,36.74,2026-06-13 06:37:53
txn_0008004,cust_002373,withdrawal,successful,72.01,2026-06-28 12:02:33
txn_0008005,cust_002373,deposit,successful,35.11,2026-06-28 04:29:14
txn_0008006,cust_002373,deposit,successful,46.97,2026-06-26 07:32:41
txn_0008007,cust_002373,withdrawal,successful,57.95,2026-06-26 11:32:04
txn_0008008,cust_002374,deposit,successful,41.08,2026-04-22 03:24:32
txn_0008009,cust_002374,deposit,successful,7.36,2026-05-16 17:14:42
txn_0008010,cust_002374,deposit,successful,35.94,2026-05-19 13:12:37
txn_0008011,cust_002376,deposit,successful,37.55,2026-06-29 14:40:58
txn_0008012,cust_002376,deposit,successful,73.03,2026-06-07 00:11:44
txn_0008013,cust_002376,deposit,successful,37.23,2026-04-23 07:52:57
txn_0008014,cust_002376,withdrawal,failed,28.17,2026-05-14 08:49:10
txn_0008015,cust_002377,deposit,successful,9.1,2026-05-18 21:08:23
txn_0008016,cust_002378,deposit,successful,35.01,2026-06-21 22:27:25
txn_0008017,cust_002378,withdrawal,successful,27.36,2026-06-09 14:26:57
txn_0008018,cust_002380,deposit,successful,66.6,2026-04-06 03:02:43
txn_0008019,cust_002380,withdrawal,successful,47.8,2026-06-16 18:49:39
txn_0008020,cust_002381,withdrawal,successful,42.43,2026-04-01 11:39:06
txn_0008021,cust_002382,withdrawal,successful,33.01,2026-06-17 06:20:54
txn_0008022,cust_002382,deposit,successful,8.44,2026-06-03 03:29:04
txn_0008023,cust_002382,deposit,successful,61.33,2026-06-17 14:42:47
txn_0008024,cust_002383,withdrawal,successful,21.0,2026-03-19 02:22:26
txn_0008025,cust_002383,withdrawal,successful,31.82,2026-03-29 12:14:45
txn_0008026,cust_002383,deposit,successful,16.08,2026-04-04 04:53:20
txn_0008027,cust_002384,deposit,successful,28.26,2026-04-01 14:42:42
txn_0008028,cust_002384,deposit,successful,36.04,2026-06-23 09:17:08
txn_0008029,cust_002385,withdrawal,successful,68.55,2026-05-16 22:55:16
txn_0008030,cust_002385,withdrawal,successful,41.78,2026-06-26 03:29:08
txn_0008031,cust_002386,deposit,successful,120.63,2026-01-28 21:19:01
txn_0008032,cust_002386,withdrawal,failed,136.51,2026-04-04 10:06:06
txn_0008033,cust_002386,deposit,successful,291.87,2026-05-12 16:32:57
txn_0008034,cust_002386,deposit,successful,455.12,2026-05-30 03:25:30
txn_0008035,cust_002386,deposit,successful,134.28,2026-06-18 10:56:36
txn_0008036,cust_002386,deposit,successful,446.72,2026-04-02 20:23:28
txn_0008037,cust_002386,withdrawal,successful,381.99,2026-05-08 19:15:51
txn_0008038,cust_002386,withdrawal,successful,72.38,2026-03-11 08:29:09
txn_0008039,cust_002386,deposit,successful,377.84,2026-03-20 03:54:21
txn_0008040,cust_002387,deposit,successful,76.97,2026-06-27 06:39:25
txn_0008041,cust_002388,deposit,successful,22.09,2026-06-11 00:46:52
txn_0008042,cust_002388,deposit,successful,30.88,2026-06-15 00:06:26
txn_0008043,cust_002389,deposit,successful,53.27,2026-06-22 14:40:42
txn_0008044,cust_002389,withdrawal,refunded,79.78,2026-04-06 06:29:48
txn_0008045,cust_002389,deposit,successful,24.64,2026-03-05 03:24:52
txn_0008046,cust_002390,withdrawal,successful,41.06,2026-06-09 05:32:03
txn_0008047,cust_002390,deposit,successful,43.25,2026-06-27 04:52:56
txn_0008048,cust_002391,deposit,successful,35.76,2026-06-26 01:28:53
txn_0008049,cust_002391,deposit,successful,6.63,2026-06-26 10:50:47
txn_0008050,cust_002391,deposit,successful,26.87,2026-06-27 18:27:49
txn_0008051,cust_002391,deposit,successful,47.74,2026-06-29 12:18:51
txn_0008052,cust_002392,deposit,successful,14.65,2026-05-21 18:11:15
txn_0008053,cust_002393,withdrawal,pending,40.24,2026-05-22 08:54:49
txn_0008054,cust_002393,deposit,successful,18.5,2026-06-22 20:10:23
txn_0008055,cust_002394,deposit,successful,32.28,2026-06-27 21:40:50
txn_0008056,cust_002394,withdrawal,successful,62.53,2026-06-26 04:40:14
txn_0008057,cust_002395,deposit,successful,55.89,2026-02-26 08:39:18
txn_0008058,cust_002397,deposit,successful,497.26,2026-03-01 14:52:23
txn_0008059,cust_002397,deposit,successful,173.85,2026-03-24 12:06:01
txn_0008060,cust_002397,deposit,successful,281.35,2026-02-06 05:01:11
txn_0008061,cust_002397,deposit,successful,82.0,2026-03-15 00:45:18
txn_0008062,cust_002397,deposit,failed,341.81,2026-05-30 12:26:33
txn_0008063,cust_002397,deposit,successful,387.28,2026-05-16 20:00:21
txn_0008064,cust_002397,deposit,successful,328.72,2026-04-05 07:57:11
txn_0008065,cust_002397,deposit,successful,377.71,2026-06-15 04:09:12
txn_0008066,cust_002397,withdrawal,successful,336.73,2026-02-15 05:42:56
txn_0008067,cust_002397,deposit,successful,336.82,2026-04-01 22:01:41
txn_0008068,cust_002397,deposit,successful,193.7,2026-02-16 06:54:04
txn_0008069,cust_002397,deposit,successful,277.35,2026-05-19 12:05:00
txn_0008070,cust_002397,deposit,successful,73.33,2026-04-30 11:51:14
txn_0008071,cust_002398,withdrawal,successful,51.63,2026-05-02 10:34:34
txn_0008072,cust_002398,deposit,successful,74.95,2026-06-08 01:08:55
txn_0008073,cust_002398,withdrawal,successful,35.35,2026-06-12 02:05:36
txn_0008074,cust_002399,deposit,successful,108.5,2026-02-28 06:07:22
txn_0008075,cust_002399,deposit,successful,273.21,2026-06-18 07:46:28
txn_0008076,cust_002399,deposit,cancelled,68.04,2026-04-25 08:38:20
txn_0008077,cust_002399,deposit,successful,431.47,2026-06-13 04:17:58
txn_0008078,cust_002399,deposit,successful,274.44,2026-04-30 09:55:17
txn_0008079,cust_002399,deposit,successful,135.87,2026-05-26 13:27:26
txn_0008080,cust_002399,withdrawal,successful,224.96,2026-02-26 21:31:54
txn_0008081,cust_002399,deposit,successful,212.88,2026-03-19 08:37:34
txn_0008082,cust_002399,deposit,cancelled,313.8,2026-06-25 14:33:24
txn_0008083,cust_002399,deposit,successful,253.57,2026-03-31 08:32:35
txn_0008084,cust_002399,withdrawal,successful,124.51,2026-05-02 09:25:58
txn_0008085,cust_002399,withdrawal,successful,95.27,2026-01-23 11:12:33
txn_0008086,cust_002399,deposit,successful,321.47,2026-03-22 07:10:23
txn_0008087,cust_002399,withdrawal,successful,250.85,2026-03-16 03:48:59
txn_0008088,cust_002399,deposit,successful,480.98,2026-04-25 22:49:03
txn_0008089,cust_002400,deposit,successful,77.09,2026-05-01 17:52:45
txn_0008090,cust_002401,deposit,successful,82.05,2026-04-09 05:15:10
txn_0008091,cust_002401,deposit,successful,198.26,2026-05-31 03:21:03
txn_0008092,cust_002401,withdrawal,successful,387.25,2026-05-17 03:25:19
txn_0008093,cust_002401,deposit,successful,72.76,2026-06-26 10:05:58
txn_0008094,cust_002401,deposit,successful,403.65,2026-02-27 23:04:31
txn_0008095,cust_002401,withdrawal,successful,348.31,2026-04-24 17:56:56
txn_0008096,cust_002401,withdrawal,successful,351.65,2026-06-05 07:46:56
txn_0008097,cust_002401,deposit,successful,395.8,2026-03-06 22:50:53
txn_0008098,cust_002401,withdrawal,successful,152.29,2026-04-28 05:20:48
txn_0008099,cust_002401,deposit,successful,136.98,2026-05-16 21:44:26
txn_0008100,cust_002401,withdrawal,successful,449.21,2026-04-06 21:32:28
txn_0008101,cust_002401,deposit,successful,143.69,2026-06-20 03:15:56
txn_0008102,cust_002402,deposit,successful,67.1,2026-06-26 02:17:25
txn_0008103,cust_002402,withdrawal,successful,26.52,2026-04-07 16:33:57
txn_0008104,cust_002402,withdrawal,successful,18.42,2026-02-06 08:54:39
txn_0008105,cust_002402,deposit,successful,28.79,2026-04-03 09:03:30
txn_0008106,cust_002403,withdrawal,successful,55.13,2026-03-14 18:03:08
txn_0008107,cust_002403,deposit,successful,15.05,2026-05-17 12:53:01
txn_0008108,cust_002404,deposit,successful,19.46,2026-05-31 12:08:27
txn_0008109,cust_002404,deposit,successful,23.83,2026-05-02 02:33:09
txn_0008110,cust_002404,deposit,successful,13.63,2026-06-19 14:28:46
txn_0008111,cust_002405,deposit,pending,77.68,2026-04-26 15:20:25
txn_0008112,cust_002405,deposit,successful,53.87,2026-06-09 01:36:32
txn_0008113,cust_002406,withdrawal,refunded,25.85,2026-06-25 10:03:59
txn_0008114,cust_002407,deposit,successful,395.11,2026-03-10 09:36:20
txn_0008115,cust_002407,withdrawal,successful,252.71,2026-04-20 21:14:36
txn_0008116,cust_002407,deposit,successful,287.57,2026-05-02 09:30:51
txn_0008117,cust_002407,withdrawal,successful,353.26,2026-04-14 05:36:33
txn_0008118,cust_002407,deposit,successful,340.84,2026-02-28 05:14:49
txn_0008119,cust_002407,deposit,successful,90.34,2026-03-20 04:24:50
txn_0008120,cust_002407,deposit,successful,264.59,2026-02-14 16:16:22
txn_0008121,cust_002407,withdrawal,successful,236.41,2026-04-24 11:38:05
txn_0008122,cust_002407,deposit,successful,412.71,2026-05-01 06:15:58
txn_0008123,cust_002407,deposit,successful,485.88,2026-02-12 20:31:08
txn_0008124,cust_002407,withdrawal,successful,155.57,2026-04-04 11:46:11
txn_0008125,cust_002407,deposit,successful,494.26,2026-02-11 04:42:05
txn_0008126,cust_002407,deposit,successful,220.32,2026-05-10 01:56:16
txn_0008127,cust_002407,withdrawal,successful,430.7,2026-06-15 17:47:33
txn_0008128,cust_002408,deposit,successful,59.38,2026-06-06 08:22:20
txn_0008129,cust_002408,deposit,successful,11.27,2026-06-11 14:31:40
txn_0008130,cust_002408,deposit,successful,29.33,2026-06-22 05:26:18
txn_0008131,cust_002409,deposit,successful,23.27,2026-03-09 20:33:10
txn_0008132,cust_002410,deposit,successful,102.78,2026-04-17 01:58:45
txn_0008133,cust_002410,withdrawal,refunded,427.04,2026-06-01 04:46:46
txn_0008134,cust_002410,withdrawal,successful,149.14,2026-05-15 22:29:11
txn_0008135,cust_002410,withdrawal,successful,194.89,2026-03-14 11:09:07
txn_0008136,cust_002410,deposit,successful,294.43,2026-04-13 00:33:42
txn_0008137,cust_002410,withdrawal,successful,81.64,2026-06-22 13:31:17
txn_0008138,cust_002410,deposit,successful,78.08,2026-04-20 07:13:07
txn_0008139,cust_002410,deposit,successful,208.23,2026-04-02 15:18:43
txn_0008140,cust_002410,deposit,successful,244.32,2026-03-21 19:15:34
txn_0008141,cust_002411,deposit,successful,68.55,2026-04-02 04:05:38
txn_0008142,cust_002413,deposit,successful,13.97,2026-03-24 23:50:48
txn_0008143,cust_002413,deposit,successful,38.23,2026-06-01 03:00:33
txn_0008144,cust_002414,deposit,successful,78.41,2026-06-04 16:53:11
txn_0008145,cust_002414,deposit,successful,34.04,2026-06-13 18:23:41
txn_0008146,cust_002414,deposit,successful,36.51,2026-06-12 14:14:40
txn_0008147,cust_002414,deposit,successful,69.71,2026-06-10 11:54:22
txn_0008148,cust_002415,deposit,successful,43.78,2026-06-29 03:11:15
txn_0008149,cust_002415,withdrawal,successful,45.44,2026-06-29 16:04:45
txn_0008150,cust_002415,deposit,cancelled,39.15,2026-06-21 06:17:34
txn_0008151,cust_002416,withdrawal,successful,56.49,2026-06-29 12:40:20
txn_0008152,cust_002416,deposit,successful,74.04,2026-06-26 01:52:36
txn_0008153,cust_002416,withdrawal,successful,70.45,2026-06-23 03:33:23
txn_0008154,cust_002417,deposit,successful,72.45,2026-05-18 07:00:03
txn_0008155,cust_002417,withdrawal,successful,6.2,2026-06-15 11:03:11
txn_0008156,cust_002417,withdrawal,successful,33.85,2026-06-01 23:30:17
txn_0008157,cust_002420,deposit,pending,38.46,2026-04-08 03:35:14
txn_0008158,cust_002420,deposit,successful,6.33,2026-03-18 19:01:21
txn_0008159,cust_002421,deposit,successful,28.14,2026-06-03 09:23:02
txn_0008160,cust_002421,deposit,successful,53.05,2026-05-06 13:20:16
txn_0008161,cust_002422,deposit,successful,47.59,2026-06-23 16:17:33
txn_0008162,cust_002422,deposit,successful,54.55,2026-06-25 15:05:38
txn_0008163,cust_002423,deposit,successful,78.75,2026-05-10 02:33:13
txn_0008164,cust_002424,deposit,successful,32.34,2026-04-01 04:21:53
txn_0008165,cust_002424,deposit,successful,33.59,2026-05-05 20:34:51
txn_0008166,cust_002424,deposit,successful,72.7,2026-05-12 13:10:23
txn_0008167,cust_002424,deposit,successful,26.11,2026-05-18 06:41:19
txn_0008168,cust_002425,deposit,successful,29.65,2026-05-24 03:37:32
txn_0008169,cust_002425,deposit,successful,73.08,2026-06-02 09:02:56
txn_0008170,cust_002425,deposit,pending,79.97,2026-05-25 12:29:47
txn_0008171,cust_002425,deposit,successful,78.3,2026-06-20 04:58:25
txn_0008172,cust_002426,deposit,successful,9.08,2026-06-26 23:00:09
txn_0008173,cust_002426,deposit,successful,76.79,2026-06-18 16:16:12
txn_0008174,cust_002426,withdrawal,successful,10.45,2026-06-23 08:54:55
txn_0008175,cust_002426,deposit,successful,37.17,2026-06-01 22:02:45
txn_0008176,cust_002427,withdrawal,successful,12.71,2026-06-07 15:52:04
txn_0008177,cust_002427,deposit,failed,17.24,2026-06-16 12:15:00
txn_0008178,cust_002427,withdrawal,successful,8.76,2026-06-25 18:10:46
txn_0008179,cust_002428,deposit,successful,299.47,2026-05-16 22:08:10
txn_0008180,cust_002428,deposit,successful,330.38,2026-04-29 12:07:51
txn_0008181,cust_002428,deposit,cancelled,365.75,2026-05-12 14:01:11
txn_0008182,cust_002428,deposit,successful,153.71,2026-03-17 12:02:11
txn_0008183,cust_002428,deposit,successful,439.18,2026-06-19 23:01:36
txn_0008184,cust_002428,deposit,successful,323.99,2026-06-27 10:16:02
txn_0008185,cust_002428,deposit,successful,324.85,2026-05-10 05:14:36
txn_0008186,cust_002428,deposit,successful,340.37,2026-05-01 06:10:54
txn_0008187,cust_002428,withdrawal,successful,438.73,2026-05-17 05:34:38
txn_0008188,cust_002428,deposit,successful,83.88,2026-05-20 11:13:17
txn_0008189,cust_002428,withdrawal,successful,437.4,2026-04-06 11:08:11
txn_0008190,cust_002429,deposit,successful,78.75,2026-04-14 23:59:12
txn_0008191,cust_002429,deposit,successful,9.11,2026-06-19 22:33:13
txn_0008192,cust_002430,deposit,successful,42.96,2026-04-21 01:39:55
txn_0008193,cust_002431,deposit,successful,24.79,2026-04-30 23:43:53
txn_0008194,cust_002431,deposit,successful,11.86,2026-03-25 07:24:54
txn_0008195,cust_002433,deposit,successful,69.33,2026-06-26 17:27:37
txn_0008196,cust_002433,withdrawal,successful,12.47,2026-06-29 21:36:43
txn_0008197,cust_002434,withdrawal,successful,330.15,2026-03-16 22:01:52
txn_0008198,cust_002434,deposit,failed,412.69,2026-04-16 12:55:25
txn_0008199,cust_002434,deposit,successful,261.75,2026-03-15 18:21:19
txn_0008200,cust_002434,deposit,successful,272.74,2026-06-02 09:50:38
txn_0008201,cust_002435,withdrawal,successful,16.22,2026-04-02 02:16:25
txn_0008202,cust_002436,deposit,successful,23.83,2026-06-08 09:28:38
txn_0008203,cust_002436,deposit,successful,31.21,2026-06-24 14:51:39
txn_0008204,cust_002437,deposit,successful,75.74,2026-06-14 19:41:46
txn_0008205,cust_002437,deposit,successful,71.49,2026-06-08 13:50:44
txn_0008206,cust_002437,deposit,successful,69.25,2026-06-11 13:47:24
txn_0008207,cust_002438,deposit,successful,499.56,2026-03-07 14:26:55
txn_0008208,cust_002438,deposit,successful,451.54,2026-06-26 01:15:17
txn_0008209,cust_002438,deposit,successful,121.66,2026-06-12 01:29:38
txn_0008210,cust_002438,deposit,successful,284.71,2026-05-05 10:31:49
txn_0008211,cust_002438,deposit,successful,60.48,2026-05-25 17:34:29
txn_0008212,cust_002438,withdrawal,refunded,337.91,2026-06-29 08:10:58
txn_0008213,cust_002438,deposit,successful,221.24,2026-04-10 06:01:22
txn_0008214,cust_002438,deposit,successful,109.84,2026-06-11 13:33:17
txn_0008215,cust_002438,deposit,pending,471.69,2026-04-07 09:23:58
txn_0008216,cust_002438,deposit,successful,217.97,2026-05-27 08:37:08
txn_0008217,cust_002438,deposit,successful,432.55,2026-04-06 10:35:24
txn_0008218,cust_002440,withdrawal,successful,62.52,2026-05-14 04:46:36
txn_0008219,cust_002441,withdrawal,successful,74.37,2026-04-09 14:02:45
txn_0008220,cust_002441,deposit,successful,43.2,2026-04-22 19:02:44
txn_0008221,cust_002441,withdrawal,cancelled,11.73,2026-04-11 16:09:52
txn_0008222,cust_002442,deposit,successful,40.44,2026-05-08 07:11:39
txn_0008223,cust_002442,deposit,successful,77.83,2026-06-07 01:00:25
txn_0008224,cust_002442,deposit,cancelled,75.13,2026-05-08 18:49:54
txn_0008225,cust_002442,deposit,successful,18.19,2026-06-27 23:23:20
txn_0008226,cust_002443,deposit,successful,65.08,2026-05-29 19:08:42
txn_0008227,cust_002444,deposit,successful,61.96,2026-03-13 21:56:44
txn_0008228,cust_002444,deposit,successful,65.48,2026-03-28 09:29:43
txn_0008229,cust_002445,deposit,successful,16.6,2026-05-13 11:00:10
txn_0008230,cust_002445,withdrawal,successful,63.87,2026-04-08 21:45:30
txn_0008231,cust_002446,deposit,successful,78.69,2026-06-10 16:05:35
txn_0008232,cust_002446,deposit,successful,14.15,2026-05-01 12:56:45
txn_0008233,cust_002447,deposit,failed,71.18,2026-06-09 19:20:01
txn_0008234,cust_002447,withdrawal,successful,47.77,2026-05-16 23:51:04
txn_0008235,cust_002447,deposit,refunded,24.72,2026-06-02 03:21:45
txn_0008236,cust_002447,deposit,successful,68.67,2026-06-07 21:18:19
txn_0008237,cust_002448,deposit,successful,10.3,2026-04-19 16:17:47
txn_0008238,cust_002448,deposit,successful,33.33,2026-06-15 22:30:02
txn_0008239,cust_002448,deposit,successful,32.99,2026-05-25 05:02:28
txn_0008240,cust_002448,deposit,successful,9.29,2026-06-17 20:05:34
txn_0008241,cust_002450,deposit,successful,319.32,2026-04-14 03:06:05
txn_0008242,cust_002450,deposit,successful,460.81,2026-04-21 14:49:19
txn_0008243,cust_002450,deposit,successful,222.49,2026-05-23 20:55:00
txn_0008244,cust_002450,deposit,successful,125.65,2026-04-02 23:07:53
txn_0008245,cust_002450,deposit,pending,407.12,2026-06-11 02:15:00
txn_0008246,cust_002450,withdrawal,successful,450.31,2026-05-17 11:51:29
txn_0008247,cust_002450,deposit,successful,393.14,2026-04-15 11:42:11
txn_0008248,cust_002450,deposit,successful,257.18,2026-01-31 16:53:46
txn_0008249,cust_002451,deposit,pending,230.11,2026-06-14 08:24:59
txn_0008250,cust_002451,deposit,cancelled,63.21,2026-05-26 15:30:20
txn_0008251,cust_002451,deposit,successful,277.51,2026-06-10 07:22:32
txn_0008252,cust_002451,deposit,successful,411.0,2026-04-27 07:59:03
txn_0008253,cust_002451,deposit,successful,139.28,2026-06-27 14:18:16
txn_0008254,cust_002451,deposit,successful,272.46,2026-06-15 00:22:48
txn_0008255,cust_002452,deposit,successful,63.18,2026-06-02 17:08:53
txn_0008256,cust_002452,deposit,successful,9.11,2026-06-29 23:06:35
txn_0008257,cust_002452,deposit,successful,57.38,2026-06-09 20:09:03
txn_0008258,cust_002452,deposit,refunded,47.75,2026-06-26 12:47:50
txn_0008259,cust_002453,deposit,successful,372.19,2026-06-11 12:57:10
txn_0008260,cust_002453,withdrawal,successful,300.26,2026-03-27 14:22:03
txn_0008261,cust_002453,deposit,successful,431.7,2026-06-14 01:31:02
txn_0008262,cust_002453,withdrawal,failed,91.17,2026-06-28 04:40:59
txn_0008263,cust_002453,withdrawal,successful,105.37,2026-03-24 08:23:20
txn_0008264,cust_002453,deposit,successful,189.13,2026-05-28 14:06:52
txn_0008265,cust_002453,deposit,successful,98.1,2026-04-14 06:22:30
txn_0008266,cust_002453,deposit,successful,403.95,2026-05-29 22:45:35
txn_0008267,cust_002453,deposit,successful,440.9,2026-04-20 11:26:33
txn_0008268,cust_002454,deposit,successful,11.89,2026-05-12 01:44:24
txn_0008269,cust_002454,deposit,successful,6.81,2026-02-26 09:08:43
txn_0008270,cust_002454,deposit,successful,33.58,2026-02-16 14:13:24
txn_0008271,cust_002454,withdrawal,successful,11.71,2026-04-11 22:37:35
txn_0008272,cust_002455,withdrawal,successful,21.89,2026-06-10 16:56:02
txn_0008273,cust_002455,deposit,successful,39.48,2026-05-28 08:54:29
txn_0008274,cust_002455,deposit,successful,9.83,2026-06-09 17:19:02
txn_0008275,cust_002455,deposit,successful,19.62,2026-06-01 13:52:15
txn_0008276,cust_002456,withdrawal,successful,18.25,2026-05-05 02:32:22
txn_0008277,cust_002456,deposit,successful,71.57,2026-06-25 08:57:12
txn_0008278,cust_002456,withdrawal,successful,10.61,2026-05-02 11:22:59
txn_0008279,cust_002457,deposit,successful,11.18,2026-05-23 05:57:14
txn_0008280,cust_002457,deposit,failed,75.18,2026-03-15 23:05:42
txn_0008281,cust_002457,deposit,successful,7.72,2026-04-08 10:21:56
txn_0008282,cust_002457,deposit,successful,76.69,2026-06-27 22:57:30
txn_0008283,cust_002458,withdrawal,successful,358.34,2026-05-24 23:08:22
txn_0008284,cust_002458,deposit,successful,213.09,2026-02-20 03:48:03
txn_0008285,cust_002458,deposit,successful,239.55,2026-02-16 09:47:00
txn_0008286,cust_002458,deposit,successful,429.39,2026-03-12 15:27:58
txn_0008287,cust_002458,deposit,failed,268.41,2026-02-03 04:59:24
txn_0008288,cust_002458,deposit,successful,83.58,2026-05-20 05:39:08
txn_0008289,cust_002459,deposit,successful,54.31,2026-05-27 11:45:25
txn_0008290,cust_002460,withdrawal,successful,439.23,2026-05-16 16:12:28
txn_0008291,cust_002460,deposit,successful,406.8,2026-06-23 03:33:29
txn_0008292,cust_002460,withdrawal,successful,92.01,2026-05-29 00:28:35
txn_0008293,cust_002460,deposit,successful,356.12,2026-06-13 16:03:39
txn_0008294,cust_002460,withdrawal,successful,72.45,2026-06-10 08:29:03
txn_0008295,cust_002460,deposit,successful,480.17,2026-06-08 02:54:20
txn_0008296,cust_002461,withdrawal,successful,49.1,2026-03-26 15:31:44
txn_0008297,cust_002464,deposit,successful,12.65,2026-03-02 22:51:06
txn_0008298,cust_002464,deposit,successful,8.28,2026-03-15 00:25:24
txn_0008299,cust_002464,deposit,successful,53.63,2026-02-19 19:55:31
txn_0008300,cust_002464,deposit,successful,63.62,2026-06-14 05:47:15
txn_0008301,cust_002465,deposit,successful,43.32,2026-05-12 01:14:13
txn_0008302,cust_002465,deposit,successful,34.14,2026-04-28 09:36:44
txn_0008303,cust_002467,deposit,successful,97.5,2026-06-08 08:52:39
txn_0008304,cust_002467,deposit,successful,146.12,2026-05-21 19:37:47
txn_0008305,cust_002467,deposit,failed,97.32,2026-05-31 21:30:57
txn_0008306,cust_002467,deposit,successful,232.69,2026-05-15 08:06:56
txn_0008307,cust_002468,deposit,successful,31.18,2026-06-21 08:03:48
txn_0008308,cust_002468,deposit,successful,48.38,2026-06-19 03:15:46
txn_0008309,cust_002468,deposit,successful,40.49,2026-05-22 19:19:08
txn_0008310,cust_002469,deposit,successful,71.4,2026-02-20 06:44:30
txn_0008311,cust_002469,deposit,refunded,52.8,2026-06-12 19:23:13
txn_0008312,cust_002469,deposit,successful,60.0,2026-03-12 02:43:36
txn_0008313,cust_002470,deposit,successful,60.76,2026-06-19 09:59:28
txn_0008314,cust_002470,withdrawal,successful,42.43,2026-05-27 00:56:30
txn_0008315,cust_002470,withdrawal,refunded,5.26,2026-06-20 05:48:09
txn_0008316,cust_002470,withdrawal,successful,41.46,2026-06-29 01:25:14
txn_0008317,cust_002471,deposit,successful,22.06,2026-06-18 11:22:56
txn_0008318,cust_002471,withdrawal,successful,23.94,2026-06-06 06:58:43
txn_0008319,cust_002471,withdrawal,failed,13.62,2026-06-24 18:26:32
txn_0008320,cust_002472,withdrawal,successful,148.05,2026-04-17 11:04:24
txn_0008321,cust_002472,withdrawal,pending,209.81,2026-04-23 11:56:59
txn_0008322,cust_002472,deposit,successful,115.32,2026-02-20 15:48:27
txn_0008323,cust_002472,deposit,successful,373.5,2026-05-04 19:46:11
txn_0008324,cust_002472,withdrawal,successful,241.13,2026-04-13 04:38:11
txn_0008325,cust_002472,deposit,successful,359.57,2026-05-09 04:51:26
txn_0008326,cust_002472,withdrawal,successful,91.78,2026-06-13 04:13:40
txn_0008327,cust_002473,deposit,successful,473.19,2026-06-11 13:20:13
txn_0008328,cust_002473,deposit,successful,102.39,2026-06-11 15:13:19
txn_0008329,cust_002473,withdrawal,successful,68.54,2026-06-03 21:49:30
txn_0008330,cust_002473,deposit,successful,183.02,2026-06-03 16:33:09
txn_0008331,cust_002473,deposit,successful,125.33,2026-04-23 05:43:09
txn_0008332,cust_002473,deposit,successful,347.33,2026-05-11 15:03:09
txn_0008333,cust_002473,deposit,successful,252.55,2026-05-01 01:25:10
txn_0008334,cust_002473,deposit,failed,458.37,2026-04-24 17:37:44
txn_0008335,cust_002473,deposit,successful,216.49,2026-06-08 17:56:43
txn_0008336,cust_002473,deposit,successful,489.86,2026-05-16 00:18:25
txn_0008337,cust_002473,deposit,successful,170.67,2026-06-14 08:06:45
txn_0008338,cust_002473,deposit,successful,326.1,2026-05-10 05:54:16
txn_0008339,cust_002474,deposit,successful,52.29,2026-06-24 00:31:52
txn_0008340,cust_002474,deposit,successful,17.27,2026-06-20 08:50:59
txn_0008341,cust_002474,deposit,successful,37.56,2026-06-11 04:22:52
txn_0008342,cust_002475,deposit,successful,33.98,2026-05-20 15:50:44
txn_0008343,cust_002475,deposit,successful,33.2,2026-06-08 13:20:16
txn_0008344,cust_002475,withdrawal,successful,17.72,2026-05-30 03:05:25
txn_0008345,cust_002476,deposit,successful,60.85,2026-01-25 06:09:14
txn_0008346,cust_002476,withdrawal,pending,23.59,2026-03-14 08:40:41
txn_0008347,cust_002477,withdrawal,failed,31.71,2026-04-23 03:29:00
txn_0008348,cust_002477,deposit,successful,43.6,2026-04-26 03:12:06
txn_0008349,cust_002477,withdrawal,successful,52.15,2026-05-29 20:47:36
txn_0008350,cust_002477,withdrawal,successful,44.65,2026-05-09 07:06:17
txn_0008351,cust_002478,deposit,failed,55.04,2026-05-20 16:26:58
txn_0008352,cust_002478,deposit,successful,392.55,2026-06-28 13:47:48
txn_0008353,cust_002478,deposit,successful,393.15,2026-06-28 02:39:15
txn_0008354,cust_002478,deposit,successful,65.9,2026-06-27 08:53:03
txn_0008355,cust_002478,withdrawal,failed,414.19,2026-05-26 22:03:07
txn_0008356,cust_002478,withdrawal,successful,137.64,2026-06-08 21:36:22
txn_0008357,cust_002478,deposit,successful,380.28,2026-05-08 10:52:56
txn_0008358,cust_002478,deposit,successful,302.91,2026-05-29 00:56:29
txn_0008359,cust_002479,deposit,successful,39.79,2026-05-31 04:31:29
txn_0008360,cust_002479,deposit,successful,48.63,2026-03-12 15:42:01
txn_0008361,cust_002479,deposit,successful,5.95,2026-05-02 18:22:11
txn_0008362,cust_002480,withdrawal,successful,320.84,2026-02-14 19:07:46
txn_0008363,cust_002480,deposit,successful,206.76,2026-04-08 12:33:30
txn_0008364,cust_002480,withdrawal,successful,315.99,2026-05-03 18:12:24
txn_0008365,cust_002480,deposit,successful,161.26,2026-04-09 01:56:00
txn_0008366,cust_002480,deposit,successful,298.54,2026-03-20 05:54:05
txn_0008367,cust_002480,deposit,successful,466.59,2026-06-22 08:09:02
txn_0008368,cust_002480,deposit,successful,272.9,2026-04-29 05:25:35
txn_0008369,cust_002480,deposit,successful,331.22,2026-05-08 16:20:19
txn_0008370,cust_002480,deposit,successful,151.96,2026-04-28 09:47:08
txn_0008371,cust_002480,deposit,successful,476.5,2026-03-31 08:31:29
txn_0008372,cust_002481,withdrawal,successful,47.82,2026-04-18 15:43:32
txn_0008373,cust_002481,deposit,pending,62.36,2026-05-20 08:52:57
txn_0008374,cust_002481,deposit,successful,9.72,2026-05-06 18:47:54
txn_0008375,cust_002481,deposit,successful,34.79,2026-05-24 12:41:14
txn_0008376,cust_002482,withdrawal,successful,249.78,2026-05-14 10:51:39
txn_0008377,cust_002482,deposit,failed,334.88,2026-06-09 10:59:57
txn_0008378,cust_002482,deposit,successful,332.27,2026-06-24 23:59:46
txn_0008379,cust_002482,deposit,successful,122.06,2026-02-06 10:38:39
txn_0008380,cust_002482,deposit,successful,387.21,2026-04-29 01:30:21
txn_0008381,cust_002482,deposit,successful,258.12,2026-03-18 18:04:11
txn_0008382,cust_002482,deposit,successful,286.49,2026-02-19 14:40:05
txn_0008383,cust_002482,deposit,successful,205.01,2026-03-13 14:12:15
txn_0008384,cust_002482,deposit,successful,387.33,2026-04-30 22:37:01
txn_0008385,cust_002482,deposit,successful,383.2,2026-02-26 02:21:33
txn_0008386,cust_002482,deposit,successful,61.33,2026-03-10 02:56:19
txn_0008387,cust_002482,withdrawal,successful,448.62,2026-05-09 11:50:25
txn_0008388,cust_002483,withdrawal,failed,176.26,2026-04-22 18:02:54
txn_0008389,cust_002483,withdrawal,successful,470.47,2026-06-27 00:59:33
txn_0008390,cust_002483,deposit,successful,78.89,2026-04-29 20:02:23
txn_0008391,cust_002483,deposit,successful,197.07,2026-06-01 19:49:31
txn_0008392,cust_002483,deposit,successful,336.69,2026-05-26 23:08:43
txn_0008393,cust_002483,deposit,successful,285.21,2026-06-12 19:54:20
txn_0008394,cust_002483,deposit,successful,70.41,2026-04-29 20:51:18
txn_0008395,cust_002484,withdrawal,successful,60.19,2026-05-20 11:16:07
txn_0008396,cust_002484,deposit,successful,5.73,2026-05-06 04:34:44
txn_0008397,cust_002484,deposit,successful,64.42,2026-06-22 14:53:32
txn_0008398,cust_002485,deposit,successful,61.33,2026-04-04 15:57:26
txn_0008399,cust_002485,deposit,successful,65.48,2026-05-10 01:04:11
txn_0008400,cust_002485,deposit,successful,37.42,2026-04-17 13:13:50
txn_0008401,cust_002485,withdrawal,successful,7.55,2026-05-07 15:42:58
txn_0008402,cust_002486,withdrawal,successful,65.63,2026-06-25 13:07:15
txn_0008403,cust_002487,deposit,successful,360.3,2026-04-13 22:43:29
txn_0008404,cust_002487,deposit,successful,110.16,2026-06-22 10:32:53
txn_0008405,cust_002487,deposit,successful,384.99,2026-05-15 11:54:58
txn_0008406,cust_002487,withdrawal,successful,153.14,2026-05-28 02:27:19
txn_0008407,cust_002487,deposit,successful,382.3,2026-06-10 10:06:35
txn_0008408,cust_002487,deposit,successful,230.83,2026-04-02 20:31:42
txn_0008409,cust_002487,deposit,successful,376.41,2026-04-12 22:53:54
txn_0008410,cust_002487,deposit,successful,299.74,2026-05-04 12:39:48
txn_0008411,cust_002487,deposit,failed,377.63,2026-06-23 21:21:59
txn_0008412,cust_002487,withdrawal,successful,336.04,2026-04-10 16:00:28
txn_0008413,cust_002487,deposit,failed,301.22,2026-04-05 00:37:30
txn_0008414,cust_002487,deposit,successful,310.84,2026-05-28 23:57:33
txn_0008415,cust_002488,deposit,successful,74.94,2026-01-18 15:16:56
txn_0008416,cust_002490,deposit,successful,53.87,2026-05-31 11:49:50
txn_0008417,cust_002490,deposit,successful,61.94,2026-06-20 23:44:18
txn_0008418,cust_002490,deposit,successful,41.98,2026-06-22 19:14:30
txn_0008419,cust_002491,deposit,successful,461.01,2026-05-22 07:41:22
txn_0008420,cust_002491,deposit,successful,51.71,2026-03-16 18:40:34
txn_0008421,cust_002491,deposit,successful,237.85,2026-03-20 02:27:53
txn_0008422,cust_002491,deposit,successful,351.14,2026-06-10 04:10:04
txn_0008423,cust_002491,deposit,successful,341.65,2026-06-27 20:17:57
txn_0008424,cust_002492,withdrawal,pending,63.28,2026-05-09 14:49:52
txn_0008425,cust_002493,deposit,successful,404.22,2026-06-13 11:05:32
txn_0008426,cust_002493,deposit,successful,241.56,2026-06-15 15:33:19
txn_0008427,cust_002493,deposit,successful,422.39,2026-06-14 22:46:23
txn_0008428,cust_002493,withdrawal,successful,159.34,2026-06-12 14:35:30
txn_0008429,cust_002493,deposit,successful,125.33,2026-06-19 15:32:40
txn_0008430,cust_002493,deposit,successful,436.92,2026-06-11 09:44:56
txn_0008431,cust_002493,withdrawal,successful,424.15,2026-06-25 07:29:05
txn_0008432,cust_002493,deposit,successful,417.92,2026-06-10 06:17:02
txn_0008433,cust_002493,deposit,successful,355.63,2026-06-10 13:35:03
txn_0008434,cust_002493,withdrawal,successful,174.63,2026-06-11 01:18:48
txn_0008435,cust_002493,deposit,successful,449.32,2026-06-22 15:00:56
txn_0008436,cust_002493,withdrawal,successful,496.35,2026-06-11 13:16:46
txn_0008437,cust_002493,deposit,successful,140.7,2026-06-22 15:17:46
txn_0008438,cust_002493,deposit,successful,188.41,2026-06-19 20:04:02
txn_0008439,cust_002493,deposit,successful,251.9,2026-06-28 19:31:00
txn_0008440,cust_002495,deposit,successful,65.22,2026-03-06 23:38:12
txn_0008441,cust_002495,deposit,successful,6.9,2026-04-12 01:49:05
txn_0008442,cust_002495,deposit,successful,70.7,2026-05-21 16:29:41
txn_0008443,cust_002496,withdrawal,successful,46.8,2026-06-23 18:56:02
txn_0008444,cust_002497,deposit,successful,181.3,2026-06-04 01:42:22
txn_0008445,cust_002497,withdrawal,successful,339.99,2026-05-13 08:53:26
txn_0008446,cust_002497,deposit,successful,159.66,2026-06-26 18:36:36
txn_0008447,cust_002497,deposit,successful,237.42,2026-05-25 01:43:36
txn_0008448,cust_002497,deposit,successful,209.1,2026-05-15 10:38:30
txn_0008449,cust_002497,deposit,successful,273.19,2026-06-27 08:50:54
txn_0008450,cust_002497,withdrawal,successful,324.22,2026-06-24 19:08:17
txn_0008451,cust_002497,withdrawal,failed,83.17,2026-05-29 04:41:11
txn_0008452,cust_002498,deposit,successful,19.39,2026-06-29 05:37:57
txn_0008453,cust_002498,deposit,successful,72.8,2026-06-28 10:22:02
txn_0008454,cust_002498,deposit,successful,7.81,2026-06-27 06:57:09
txn_0008455,cust_002498,withdrawal,successful,18.68,2026-06-25 00:37:58
txn_0008456,cust_002500,withdrawal,successful,78.96,2026-03-18 09:46:04
txn_0008457,cust_002501,withdrawal,failed,46.65,2026-06-29 06:22:06
txn_0008458,cust_002501,withdrawal,successful,59.25,2026-06-17 15:09:46
txn_0008459,cust_002502,deposit,successful,62.3,2026-06-11 02:42:50
txn_0008460,cust_002502,deposit,successful,79.46,2026-06-25 15:46:45
txn_0008461,cust_002502,deposit,successful,41.81,2026-06-11 09:10:39
txn_0008462,cust_002503,deposit,successful,46.17,2026-06-25 14:44:03
txn_0008463,cust_002503,deposit,successful,28.93,2026-03-19 21:49:41
txn_0008464,cust_002503,deposit,successful,68.99,2026-06-16 19:40:44
txn_0008465,cust_002503,withdrawal,successful,70.0,2026-01-17 14:21:32
txn_0008466,cust_002504,deposit,successful,64.3,2026-05-14 07:03:32
txn_0008467,cust_002505,deposit,successful,7.42,2026-05-10 00:41:53
txn_0008468,cust_002505,withdrawal,successful,18.62,2026-05-07 11:50:17
txn_0008469,cust_002505,deposit,successful,33.01,2026-05-29 08:36:16
txn_0008470,cust_002505,deposit,successful,44.11,2026-05-09 12:04:10
txn_0008471,cust_002507,deposit,successful,457.96,2026-06-10 02:35:46
txn_0008472,cust_002507,deposit,successful,402.9,2026-01-28 14:50:20
txn_0008473,cust_002507,deposit,successful,495.83,2026-04-03 12:19:23
txn_0008474,cust_002508,deposit,successful,8.81,2026-04-19 05:49:42
txn_0008475,cust_002508,deposit,successful,37.37,2026-06-19 11:09:49
txn_0008476,cust_002510,deposit,successful,78.76,2026-04-30 19:18:14
txn_0008477,cust_002510,deposit,successful,56.97,2026-06-29 02:38:06
txn_0008478,cust_002511,deposit,successful,258.36,2026-06-12 16:03:09
txn_0008479,cust_002511,withdrawal,failed,145.81,2026-04-13 23:07:05
txn_0008480,cust_002511,withdrawal,successful,440.06,2026-05-02 03:51:34
txn_0008481,cust_002511,deposit,successful,431.13,2026-04-21 13:05:43
txn_0008482,cust_002511,deposit,successful,223.03,2026-02-19 05:50:23
txn_0008483,cust_002511,deposit,successful,238.06,2026-03-23 01:55:44
txn_0008484,cust_002511,withdrawal,successful,295.95,2026-05-28 22:10:07
txn_0008485,cust_002511,deposit,successful,478.67,2026-06-10 08:06:14
txn_0008486,cust_002511,withdrawal,failed,296.03,2026-02-25 17:51:04
txn_0008487,cust_002513,deposit,successful,61.83,2026-06-15 12:53:43
txn_0008488,cust_002513,deposit,successful,26.68,2026-04-06 23:13:17
txn_0008489,cust_002513,deposit,successful,75.33,2026-04-29 07:31:15
txn_0008490,cust_002513,deposit,successful,15.36,2026-04-06 10:43:28
txn_0008491,cust_002514,deposit,successful,69.99,2026-05-09 19:45:51
txn_0008492,cust_002514,withdrawal,successful,54.12,2026-04-23 17:06:18
txn_0008493,cust_002514,deposit,successful,50.05,2026-03-28 06:37:13
txn_0008494,cust_002514,deposit,successful,56.49,2026-04-06 14:56:50
txn_0008495,cust_002515,deposit,successful,67.35,2026-04-16 03:35:02
txn_0008496,cust_002515,deposit,successful,40.66,2026-02-18 22:42:06
txn_0008497,cust_002516,deposit,successful,14.83,2026-05-24 04:47:34
txn_0008498,cust_002516,deposit,successful,75.59,2026-03-31 17:27:39
txn_0008499,cust_002516,deposit,successful,38.15,2026-03-29 11:08:22
txn_0008500,cust_002516,deposit,successful,77.37,2026-03-12 04:43:07
txn_0008501,cust_002517,withdrawal,cancelled,39.16,2026-05-31 03:43:14
txn_0008502,cust_002517,deposit,successful,32.1,2026-06-11 20:33:43
txn_0008503,cust_002517,deposit,successful,60.75,2026-05-03 14:03:28
txn_0008504,cust_002518,deposit,successful,40.96,2026-05-16 09:03:04
txn_0008505,cust_002518,withdrawal,successful,28.52,2026-06-02 14:03:39
txn_0008506,cust_002518,deposit,successful,65.68,2026-03-25 23:10:41
txn_0008507,cust_002518,deposit,successful,24.8,2026-05-06 22:48:11
txn_0008508,cust_002519,deposit,successful,447.53,2026-06-18 06:45:05
txn_0008509,cust_002519,deposit,successful,466.59,2026-06-05 16:56:23
txn_0008510,cust_002519,deposit,refunded,251.09,2026-06-11 04:18:15
txn_0008511,cust_002519,deposit,successful,353.79,2026-04-03 17:43:42
txn_0008512,cust_002519,withdrawal,successful,284.41,2026-06-03 00:05:03
txn_0008513,cust_002519,withdrawal,successful,225.88,2026-06-10 05:33:13
txn_0008514,cust_002519,deposit,failed,283.2,2026-05-20 23:58:19
txn_0008515,cust_002519,deposit,successful,104.99,2026-04-15 16:12:15
txn_0008516,cust_002519,withdrawal,successful,385.65,2026-02-24 09:53:18
txn_0008517,cust_002519,withdrawal,successful,359.15,2026-02-27 06:42:45
txn_0008518,cust_002519,deposit,successful,133.82,2026-04-12 03:28:35
txn_0008519,cust_002519,deposit,successful,172.71,2026-04-16 06:49:58
txn_0008520,cust_002519,deposit,successful,78.68,2026-05-07 23:53:42
txn_0008521,cust_002519,deposit,failed,123.4,2026-06-23 01:37:45
txn_0008522,cust_002520,withdrawal,successful,78.51,2026-03-31 16:09:00
txn_0008523,cust_002520,deposit,successful,74.87,2026-02-22 01:26:46
txn_0008524,cust_002520,withdrawal,refunded,45.96,2026-04-26 03:43:04
txn_0008525,cust_002522,withdrawal,successful,236.26,2026-06-26 21:45:03
txn_0008526,cust_002522,deposit,successful,354.18,2026-06-25 16:46:11
txn_0008527,cust_002522,deposit,successful,290.72,2026-06-27 06:11:16
txn_0008528,cust_002522,deposit,successful,261.36,2026-06-29 08:47:46
txn_0008529,cust_002522,deposit,successful,352.56,2026-06-28 23:15:09
txn_0008530,cust_002522,deposit,pending,128.0,2026-06-28 19:26:52
txn_0008531,cust_002523,deposit,successful,56.87,2026-06-24 10:09:19
txn_0008532,cust_002523,deposit,cancelled,66.09,2026-06-16 07:03:01
txn_0008533,cust_002523,deposit,successful,10.03,2026-06-24 20:02:40
txn_0008534,cust_002524,deposit,successful,35.84,2026-06-29 14:24:46
txn_0008535,cust_002524,deposit,successful,62.42,2026-06-28 16:29:25
txn_0008536,cust_002524,withdrawal,successful,23.13,2026-06-28 08:41:34
txn_0008537,cust_002525,deposit,successful,108.42,2026-05-27 19:32:35
txn_0008538,cust_002525,deposit,successful,186.42,2026-05-28 21:53:03
txn_0008539,cust_002525,deposit,successful,414.12,2026-05-23 13:27:53
txn_0008540,cust_002525,deposit,successful,399.98,2026-04-20 22:38:21
txn_0008541,cust_002525,withdrawal,successful,417.71,2026-05-12 02:54:59
txn_0008542,cust_002525,deposit,successful,96.43,2026-05-15 21:22:26
txn_0008543,cust_002525,deposit,successful,71.78,2026-05-04 13:01:50
txn_0008544,cust_002525,withdrawal,successful,365.28,2026-04-25 09:41:28
txn_0008545,cust_002525,deposit,successful,463.05,2026-05-12 17:24:22
txn_0008546,cust_002525,deposit,successful,405.44,2026-04-20 06:54:59
txn_0008547,cust_002525,deposit,successful,160.74,2026-05-22 12:01:35
txn_0008548,cust_002525,deposit,successful,209.7,2026-06-18 10:57:39
txn_0008549,cust_002525,withdrawal,successful,67.74,2026-06-15 02:59:54
txn_0008550,cust_002525,withdrawal,successful,134.66,2026-05-09 05:05:29
txn_0008551,cust_002525,deposit,refunded,56.56,2026-05-17 04:08:16
txn_0008552,cust_002526,deposit,successful,39.21,2026-06-16 22:28:00
txn_0008553,cust_002526,deposit,successful,15.9,2026-06-24 21:50:33
txn_0008554,cust_002528,withdrawal,refunded,38.68,2026-05-12 15:21:16
txn_0008555,cust_002529,deposit,successful,65.32,2026-04-25 07:42:26
txn_0008556,cust_002529,deposit,failed,75.4,2026-06-10 15:23:32
txn_0008557,cust_002529,deposit,successful,12.03,2026-03-21 20:50:56
txn_0008558,cust_002529,deposit,successful,34.53,2026-06-12 22:39:15
txn_0008559,cust_002530,withdrawal,successful,68.09,2026-06-19 17:00:30
txn_0008560,cust_002531,deposit,successful,176.6,2026-05-06 11:19:40
txn_0008561,cust_002531,deposit,successful,78.35,2026-04-15 14:21:10
txn_0008562,cust_002531,deposit,successful,449.49,2026-05-20 12:49:38
txn_0008563,cust_002532,deposit,successful,20.9,2026-02-28 07:01:36
txn_0008564,cust_002532,deposit,successful,71.99,2026-06-17 03:32:59
txn_0008565,cust_002534,withdrawal,successful,21.53,2026-06-05 23:43:00
txn_0008566,cust_002535,deposit,successful,353.94,2026-06-20 01:02:02
txn_0008567,cust_002535,deposit,successful,84.26,2026-06-10 06:10:31
txn_0008568,cust_002535,deposit,successful,327.94,2026-06-21 10:51:05
txn_0008569,cust_002535,deposit,successful,101.54,2026-06-23 14:27:58
txn_0008570,cust_002535,deposit,successful,491.94,2026-06-17 02:32:15
txn_0008571,cust_002535,deposit,successful,421.5,2026-06-15 08:42:46
txn_0008572,cust_002535,withdrawal,successful,243.4,2026-06-28 20:48:26
txn_0008573,cust_002535,deposit,successful,240.28,2026-06-29 23:01:28
txn_0008574,cust_002535,deposit,successful,495.38,2026-06-25 20:01:48
txn_0008575,cust_002536,deposit,successful,77.66,2026-06-06 18:33:50
txn_0008576,cust_002536,withdrawal,successful,23.36,2026-05-27 13:01:56
txn_0008577,cust_002536,deposit,successful,55.45,2026-06-15 11:39:55
txn_0008578,cust_002536,deposit,successful,28.8,2026-06-28 16:36:44
txn_0008579,cust_002537,withdrawal,successful,24.53,2026-06-21 12:27:46
txn_0008580,cust_002538,deposit,successful,25.21,2026-06-18 07:03:55
txn_0008581,cust_002538,deposit,successful,35.11,2026-01-31 13:05:13
txn_0008582,cust_002539,withdrawal,successful,93.07,2026-04-19 13:10:18
txn_0008583,cust_002539,deposit,successful,316.34,2026-06-22 21:15:32
txn_0008584,cust_002539,deposit,successful,157.28,2026-05-10 20:45:07
txn_0008585,cust_002539,deposit,pending,172.79,2026-05-30 22:58:40
txn_0008586,cust_002539,deposit,successful,402.16,2026-06-05 20:37:31
txn_0008587,cust_002539,deposit,successful,296.17,2026-04-21 09:35:29
txn_0008588,cust_002539,withdrawal,successful,77.53,2026-04-10 15:17:53
txn_0008589,cust_002539,deposit,successful,389.39,2026-06-19 00:09:20
txn_0008590,cust_002539,deposit,successful,480.13,2026-04-13 15:27:17
txn_0008591,cust_002540,deposit,successful,19.17,2026-06-24 05:32:50
txn_0008592,cust_002540,deposit,successful,25.37,2026-06-27 20:18:22
txn_0008593,cust_002541,withdrawal,successful,51.71,2026-06-10 10:19:39
txn_0008594,cust_002542,deposit,successful,62.67,2026-06-09 08:53:33
txn_0008595,cust_002542,withdrawal,successful,66.42,2026-06-11 03:27:43
txn_0008596,cust_002543,deposit,failed,33.84,2026-06-21 00:47:27
txn_0008597,cust_002543,withdrawal,successful,56.86,2026-06-29 12:33:42
txn_0008598,cust_002543,withdrawal,successful,50.18,2026-06-14 19:03:17
txn_0008599,cust_002545,withdrawal,successful,31.33,2026-05-28 10:31:50
txn_0008600,cust_002545,deposit,successful,62.14,2026-03-25 15:22:54
txn_0008601,cust_002545,deposit,successful,63.89,2026-02-21 06:34:57
txn_0008602,cust_002545,deposit,successful,68.49,2026-05-27 19:41:03
txn_0008603,cust_002546,deposit,successful,50.3,2026-05-30 18:14:25
txn_0008604,cust_002546,deposit,successful,10.34,2026-06-29 10:54:40
txn_0008605,cust_002546,deposit,successful,52.34,2026-06-05 13:01:18
txn_0008606,cust_002546,withdrawal,successful,26.93,2026-06-13 08:54:28
txn_0008607,cust_002548,deposit,successful,30.61,2026-05-16 18:22:11
txn_0008608,cust_002548,deposit,successful,53.02,2026-06-02 05:49:40
txn_0008609,cust_002548,withdrawal,successful,38.56,2026-04-20 09:32:33
txn_0008610,cust_002549,deposit,successful,31.75,2026-05-16 10:10:22
txn_0008611,cust_002549,withdrawal,successful,48.48,2026-06-19 03:42:48
txn_0008612,cust_002549,withdrawal,successful,41.42,2026-04-06 08:31:19
txn_0008613,cust_002549,deposit,failed,8.42,2026-04-15 07:38:12
txn_0008614,cust_002551,deposit,successful,20.61,2026-06-18 22:59:46
txn_0008615,cust_002551,deposit,cancelled,73.97,2026-06-17 14:34:28
txn_0008616,cust_002551,deposit,successful,51.04,2026-06-14 05:31:58
txn_0008617,cust_002552,deposit,successful,5.98,2026-05-04 05:14:20
txn_0008618,cust_002552,deposit,successful,11.05,2026-06-14 22:36:27
txn_0008619,cust_002556,withdrawal,successful,390.78,2026-04-05 14:58:26
txn_0008620,cust_002556,withdrawal,successful,324.69,2026-04-17 10:58:18
txn_0008621,cust_002556,deposit,failed,328.27,2026-05-08 07:54:57
txn_0008622,cust_002556,withdrawal,successful,245.1,2026-06-25 17:19:22
txn_0008623,cust_002556,deposit,successful,236.8,2026-05-08 02:08:25
txn_0008624,cust_002558,deposit,successful,21.49,2026-06-21 15:30:45
txn_0008625,cust_002558,deposit,successful,15.14,2026-06-01 14:24:02
txn_0008626,cust_002558,deposit,failed,12.98,2026-05-21 01:48:01
txn_0008627,cust_002559,deposit,successful,55.15,2026-04-19 10:23:49
txn_0008628,cust_002559,deposit,successful,335.99,2026-03-28 13:04:41
txn_0008629,cust_002559,deposit,successful,121.25,2026-05-16 04:22:51
txn_0008630,cust_002559,withdrawal,successful,182.84,2026-06-16 14:14:47
txn_0008631,cust_002559,deposit,refunded,370.1,2026-05-25 07:30:39
txn_0008632,cust_002559,withdrawal,successful,220.0,2026-06-27 18:26:22
txn_0008633,cust_002559,deposit,successful,93.39,2026-04-27 15:50:14
txn_0008634,cust_002559,deposit,cancelled,221.89,2026-05-10 09:21:04
txn_0008635,cust_002559,deposit,successful,102.06,2026-06-13 01:54:43
txn_0008636,cust_002559,withdrawal,successful,243.53,2026-03-24 21:42:39
txn_0008637,cust_002559,withdrawal,successful,287.76,2026-06-08 23:43:55
txn_0008638,cust_002559,deposit,successful,105.01,2026-05-01 15:21:12
txn_0008639,cust_002559,deposit,successful,412.84,2026-04-13 06:02:23
txn_0008640,cust_002559,withdrawal,successful,329.29,2026-06-12 10:39:52
txn_0008641,cust_002559,deposit,successful,376.89,2026-03-22 00:38:47
txn_0008642,cust_002560,deposit,successful,34.3,2026-06-01 00:19:26
txn_0008643,cust_002560,deposit,successful,60.51,2026-03-27 05:14:33
txn_0008644,cust_002561,withdrawal,successful,49.44,2026-06-29 08:45:28
txn_0008645,cust_002561,deposit,successful,34.88,2026-06-28 16:22:41
txn_0008646,cust_002562,deposit,successful,59.59,2026-06-17 20:27:29
txn_0008647,cust_002562,withdrawal,successful,78.29,2026-06-03 13:33:58
txn_0008648,cust_002562,deposit,successful,62.07,2026-06-01 14:44:27
txn_0008649,cust_002562,withdrawal,successful,21.31,2026-06-05 18:15:13
txn_0008650,cust_002563,deposit,successful,58.72,2026-05-22 20:16:29
txn_0008651,cust_002563,deposit,successful,45.35,2026-02-15 08:19:01
txn_0008652,cust_002564,deposit,successful,70.77,2026-04-13 08:57:29
txn_0008653,cust_002565,deposit,successful,6.95,2026-02-28 19:21:07
txn_0008654,cust_002565,withdrawal,successful,16.54,2026-01-30 13:18:32
txn_0008655,cust_002565,deposit,successful,24.64,2026-04-01 13:06:11
txn_0008656,cust_002565,withdrawal,successful,51.2,2026-06-25 15:34:36
txn_0008657,cust_002567,deposit,successful,44.68,2026-06-01 11:14:38
txn_0008658,cust_002567,deposit,successful,66.51,2026-05-25 16:42:09
txn_0008659,cust_002567,deposit,successful,43.02,2026-06-14 21:07:52
txn_0008660,cust_002568,deposit,successful,480.5,2026-06-21 20:23:25
txn_0008661,cust_002568,deposit,refunded,395.0,2026-06-29 09:54:08
txn_0008662,cust_002568,withdrawal,successful,299.03,2026-06-15 12:51:55
txn_0008663,cust_002568,deposit,successful,290.87,2026-06-03 15:09:34
txn_0008664,cust_002568,withdrawal,successful,98.29,2026-06-06 20:07:42
txn_0008665,cust_002569,deposit,successful,365.94,2026-04-20 03:17:50
txn_0008666,cust_002569,withdrawal,failed,356.64,2026-04-22 20:35:40
txn_0008667,cust_002569,deposit,successful,91.74,2026-03-16 15:15:32
txn_0008668,cust_002569,deposit,successful,282.44,2026-05-09 13:53:40
txn_0008669,cust_002569,withdrawal,successful,484.05,2026-03-10 09:34:41
txn_0008670,cust_002569,withdrawal,failed,455.14,2026-05-11 16:41:19
txn_0008671,cust_002569,deposit,successful,88.36,2026-03-16 23:45:51
txn_0008672,cust_002570,deposit,successful,38.87,2026-06-24 21:18:50
txn_0008673,cust_002572,deposit,successful,234.68,2026-06-25 11:34:37
txn_0008674,cust_002572,deposit,successful,424.16,2026-06-27 23:00:33
txn_0008675,cust_002572,deposit,successful,207.46,2026-06-21 20:30:55
txn_0008676,cust_002572,deposit,successful,306.17,2026-06-25 15:58:56
txn_0008677,cust_002572,deposit,successful,204.26,2026-06-21 06:05:54
txn_0008678,cust_002572,withdrawal,successful,292.27,2026-06-23 14:38:01
txn_0008679,cust_002572,withdrawal,successful,372.85,2026-06-24 23:06:18
txn_0008680,cust_002572,deposit,successful,307.64,2026-06-29 01:38:47
txn_0008681,cust_002572,deposit,pending,65.3,2026-06-23 16:21:24
txn_0008682,cust_002573,deposit,successful,345.46,2026-05-26 02:17:08
txn_0008683,cust_002573,deposit,successful,354.36,2026-05-26 20:47:31
txn_0008684,cust_002573,deposit,successful,340.92,2026-06-17 14:06:10
txn_0008685,cust_002573,deposit,cancelled,414.82,2026-06-14 08:45:08
txn_0008686,cust_002573,withdrawal,successful,329.44,2026-05-18 17:42:26
txn_0008687,cust_002573,deposit,successful,381.84,2026-06-13 15:21:59
txn_0008688,cust_002573,deposit,successful,269.45,2026-05-28 21:37:49
txn_0008689,cust_002573,deposit,successful,238.35,2026-06-11 16:34:39
txn_0008690,cust_002573,withdrawal,successful,339.1,2026-06-29 19:43:30
txn_0008691,cust_002573,deposit,successful,333.02,2026-06-16 05:45:44
txn_0008692,cust_002573,deposit,successful,398.1,2026-06-07 12:30:46
txn_0008693,cust_002573,withdrawal,successful,494.63,2026-06-19 17:41:31
txn_0008694,cust_002573,deposit,successful,455.68,2026-06-27 02:40:16
txn_0008695,cust_002574,deposit,successful,29.07,2026-04-09 21:51:57
txn_0008696,cust_002574,withdrawal,successful,54.62,2026-04-03 09:39:07
txn_0008697,cust_002574,deposit,successful,31.35,2026-04-04 06:13:48
txn_0008698,cust_002574,deposit,successful,74.83,2026-05-14 01:56:31
txn_0008699,cust_002575,deposit,successful,29.13,2026-03-08 11:35:12
txn_0008700,cust_002575,deposit,failed,42.41,2026-04-30 10:06:03
txn_0008701,cust_002575,deposit,failed,26.33,2026-03-08 07:37:13
txn_0008702,cust_002576,deposit,successful,57.79,2026-03-05 06:31:07
txn_0008703,cust_002576,deposit,successful,41.81,2026-05-30 05:34:45
txn_0008704,cust_002577,deposit,successful,42.48,2026-05-25 18:32:37
txn_0008705,cust_002577,deposit,successful,34.31,2026-05-11 14:21:40
txn_0008706,cust_002577,deposit,successful,6.81,2026-06-13 21:30:54
txn_0008707,cust_002578,deposit,successful,12.82,2026-05-29 14:00:10
txn_0008708,cust_002578,deposit,successful,8.04,2026-06-23 05:00:38
txn_0008709,cust_002578,deposit,failed,33.32,2026-05-11 23:41:47
txn_0008710,cust_002578,withdrawal,successful,12.66,2026-05-18 16:11:54
txn_0008711,cust_002580,deposit,successful,460.19,2026-06-16 19:39:12
txn_0008712,cust_002580,withdrawal,successful,53.16,2026-04-20 15:25:43
txn_0008713,cust_002580,withdrawal,successful,167.56,2026-04-17 23:50:54
txn_0008714,cust_002580,deposit,successful,432.4,2026-04-04 08:40:13
txn_0008715,cust_002580,withdrawal,refunded,230.5,2026-06-26 14:47:54
txn_0008716,cust_002582,deposit,successful,18.35,2026-06-19 13:08:01
txn_0008717,cust_002582,deposit,successful,23.57,2026-05-03 03:03:53
txn_0008718,cust_002582,deposit,successful,27.28,2026-06-15 17:27:16
txn_0008719,cust_002583,deposit,failed,51.92,2026-04-06 16:33:22
txn_0008720,cust_002583,deposit,refunded,56.22,2026-05-01 05:24:57
txn_0008721,cust_002584,deposit,successful,238.78,2026-04-16 18:38:31
txn_0008722,cust_002584,deposit,successful,151.63,2026-02-17 08:05:04
txn_0008723,cust_002584,deposit,successful,246.07,2026-04-24 13:45:10
txn_0008724,cust_002584,deposit,successful,207.57,2026-03-05 03:47:31
txn_0008725,cust_002584,deposit,successful,107.4,2026-06-26 17:15:37
txn_0008726,cust_002584,deposit,successful,293.49,2026-06-21 23:39:36
txn_0008727,cust_002584,deposit,successful,135.05,2026-06-03 19:28:45
txn_0008728,cust_002584,deposit,successful,269.24,2026-02-15 22:46:29
txn_0008729,cust_002584,deposit,successful,97.98,2026-04-15 02:32:48
txn_0008730,cust_002584,deposit,successful,310.42,2026-06-23 16:06:37
txn_0008731,cust_002585,withdrawal,successful,399.14,2026-05-30 09:33:42
txn_0008732,cust_002585,deposit,successful,356.23,2026-05-29 02:58:28
txn_0008733,cust_002585,deposit,refunded,277.9,2026-05-21 00:26:55
txn_0008734,cust_002585,deposit,cancelled,283.9,2026-04-25 10:14:02
txn_0008735,cust_002585,deposit,successful,53.69,2026-06-02 22:29:31
txn_0008736,cust_002585,deposit,successful,110.96,2026-04-02 03:14:04
txn_0008737,cust_002585,deposit,successful,461.54,2026-04-05 04:55:28
txn_0008738,cust_002586,deposit,successful,67.07,2026-02-15 19:04:00
txn_0008739,cust_002586,deposit,successful,56.09,2026-01-27 15:54:42
txn_0008740,cust_002587,deposit,successful,73.41,2026-06-12 08:09:39
txn_0008741,cust_002587,deposit,successful,49.63,2026-06-25 01:19:34
txn_0008742,cust_002589,deposit,successful,67.11,2026-05-25 09:09:49
txn_0008743,cust_002589,deposit,successful,46.69,2026-05-31 15:09:08
txn_0008744,cust_002589,deposit,successful,23.38,2026-06-23 20:39:01
txn_0008745,cust_002590,deposit,successful,28.92,2026-06-12 03:12:15
txn_0008746,cust_002590,deposit,successful,74.66,2026-04-12 09:13:02
txn_0008747,cust_002590,withdrawal,successful,36.48,2026-05-12 02:13:44
txn_0008748,cust_002592,deposit,successful,32.38,2026-01-31 13:58:47
txn_0008749,cust_002592,withdrawal,successful,69.73,2026-02-22 07:49:11
txn_0008750,cust_002592,deposit,successful,57.43,2026-01-31 08:16:53
txn_0008751,cust_002592,deposit,pending,39.2,2026-03-08 21:18:42
txn_0008752,cust_002593,withdrawal,successful,52.22,2026-06-19 12:17:46
txn_0008753,cust_002593,withdrawal,successful,8.83,2026-05-19 00:12:24
txn_0008754,cust_002593,withdrawal,successful,10.29,2026-06-17 02:36:12
txn_0008755,cust_002593,deposit,successful,47.83,2026-06-14 04:13:43
txn_0008756,cust_002594,deposit,successful,33.38,2026-04-29 18:08:05
txn_0008757,cust_002594,deposit,pending,25.18,2026-04-10 02:58:43
txn_0008758,cust_002594,withdrawal,successful,78.17,2026-02-11 03:47:32
txn_0008759,cust_002594,deposit,successful,67.88,2026-01-29 12:09:21
txn_0008760,cust_002595,withdrawal,successful,54.74,2026-06-01 03:53:25
txn_0008761,cust_002596,deposit,successful,66.61,2026-06-16 10:02:35
txn_0008762,cust_002596,withdrawal,successful,29.91,2026-04-16 00:51:16
txn_0008763,cust_002597,deposit,successful,57.76,2026-04-23 06:17:20
txn_0008764,cust_002597,withdrawal,successful,72.17,2026-06-20 21:23:44
txn_0008765,cust_002597,deposit,successful,25.2,2026-06-09 14:16:51
txn_0008766,cust_002597,withdrawal,successful,50.7,2026-04-12 03:32:14
txn_0008767,cust_002598,deposit,successful,32.24,2026-06-04 10:47:50
txn_0008768,cust_002599,deposit,successful,342.26,2026-05-02 02:12:50
txn_0008769,cust_002599,deposit,failed,282.04,2026-05-27 18:13:05
txn_0008770,cust_002599,deposit,successful,348.18,2026-02-06 20:29:29
txn_0008771,cust_002599,deposit,successful,269.71,2026-05-09 18:53:46
txn_0008772,cust_002599,deposit,successful,314.16,2026-02-20 01:07:24
txn_0008773,cust_002600,withdrawal,successful,61.85,2026-06-03 22:53:55
txn_0008774,cust_002600,deposit,successful,27.32,2026-05-23 09:30:25
txn_0008775,cust_002600,deposit,successful,54.4,2026-05-26 19:02:39
txn_0008776,cust_002600,deposit,successful,63.56,2026-05-20 16:37:19
txn_0008777,cust_002601,withdrawal,failed,173.68,2026-03-15 14:49:38
txn_0008778,cust_002601,deposit,successful,414.32,2026-03-12 16:54:54
txn_0008779,cust_002601,deposit,successful,262.94,2026-03-20 11:51:10
txn_0008780,cust_002601,deposit,successful,185.38,2026-06-05 05:07:50
txn_0008781,cust_002601,deposit,successful,69.32,2026-04-15 23:52:01
txn_0008782,cust_002601,withdrawal,successful,132.73,2026-05-17 17:28:52
txn_0008783,cust_002601,deposit,successful,205.97,2026-05-13 06:01:55
txn_0008784,cust_002601,withdrawal,successful,345.55,2026-05-31 18:42:34
txn_0008785,cust_002601,deposit,successful,336.98,2026-06-13 05:53:38
txn_0008786,cust_002601,withdrawal,successful,86.15,2026-03-01 00:17:48
txn_0008787,cust_002601,deposit,cancelled,483.99,2026-04-06 20:10:07
txn_0008788,cust_002601,deposit,failed,194.68,2026-05-22 16:12:16
txn_0008789,cust_002601,withdrawal,failed,198.58,2026-03-22 00:28:24
txn_0008790,cust_002601,deposit,successful,442.96,2026-05-08 13:09:17
txn_0008791,cust_002602,deposit,successful,36.83,2026-05-05 01:43:55
txn_0008792,cust_002602,deposit,successful,30.46,2026-04-19 02:12:04
txn_0008793,cust_002602,withdrawal,successful,20.83,2026-06-23 18:27:26
txn_0008794,cust_002602,deposit,successful,27.0,2026-04-27 04:17:02
txn_0008795,cust_002603,deposit,pending,355.27,2026-06-24 22:37:41
txn_0008796,cust_002603,deposit,successful,102.24,2026-06-11 11:48:01
txn_0008797,cust_002603,deposit,successful,456.87,2026-06-21 13:01:00
txn_0008798,cust_002603,withdrawal,successful,72.78,2026-06-19 06:15:04
txn_0008799,cust_002603,withdrawal,successful,360.09,2026-06-23 22:15:30
txn_0008800,cust_002603,deposit,successful,265.64,2026-06-29 17:11:00
txn_0008801,cust_002603,deposit,successful,474.77,2026-05-14 06:40:07
txn_0008802,cust_002603,deposit,refunded,351.21,2026-05-21 19:39:17
txn_0008803,cust_002603,deposit,successful,436.39,2026-05-18 04:10:43
txn_0008804,cust_002603,deposit,successful,162.43,2026-06-18 13:00:24
txn_0008805,cust_002603,withdrawal,failed,277.2,2026-05-16 19:34:57
txn_0008806,cust_002603,deposit,successful,70.5,2026-05-22 01:40:29
txn_0008807,cust_002603,deposit,successful,401.44,2026-06-08 16:24:24
txn_0008808,cust_002603,withdrawal,successful,162.14,2026-06-22 08:09:32
txn_0008809,cust_002603,withdrawal,successful,468.84,2026-05-27 04:17:17
txn_0008810,cust_002604,deposit,successful,377.45,2026-03-11 21:20:49
txn_0008811,cust_002604,withdrawal,successful,300.85,2026-03-22 07:36:55
txn_0008812,cust_002604,withdrawal,successful,61.01,2026-03-11 22:08:23
txn_0008813,cust_002604,deposit,successful,493.59,2026-02-21 22:02:59
txn_0008814,cust_002604,withdrawal,successful,230.39,2026-05-08 17:46:07
txn_0008815,cust_002604,deposit,successful,150.87,2026-01-22 15:56:19
txn_0008816,cust_002604,deposit,successful,167.54,2026-03-10 10:04:22
txn_0008817,cust_002604,deposit,successful,157.4,2026-02-18 09:56:38
txn_0008818,cust_002604,deposit,pending,313.23,2026-01-27 10:53:06
txn_0008819,cust_002604,deposit,successful,179.52,2026-02-25 13:35:04
txn_0008820,cust_002605,deposit,successful,7.64,2026-06-02 05:04:31
txn_0008821,cust_002605,deposit,failed,41.18,2026-04-29 00:36:49
txn_0008822,cust_002608,deposit,successful,49.29,2026-02-13 06:45:46
txn_0008823,cust_002608,withdrawal,successful,38.07,2026-05-29 05:37:46
txn_0008824,cust_002608,deposit,successful,29.43,2026-04-01 14:59:23
txn_0008825,cust_002608,deposit,successful,75.44,2026-05-05 20:18:18
txn_0008826,cust_002609,deposit,successful,10.74,2026-03-18 01:57:23
txn_0008827,cust_002610,deposit,successful,11.53,2026-06-04 13:51:13
txn_0008828,cust_002610,deposit,successful,57.02,2026-06-03 14:40:52
txn_0008829,cust_002610,deposit,successful,75.56,2026-03-14 04:31:32
txn_0008830,cust_002611,deposit,successful,51.78,2026-05-26 23:06:58
txn_0008831,cust_002611,deposit,cancelled,50.27,2026-05-06 05:14:41
txn_0008832,cust_002612,deposit,successful,48.01,2026-06-05 08:28:42
txn_0008833,cust_002613,deposit,successful,77.7,2026-02-17 21:40:16
txn_0008834,cust_002613,deposit,successful,76.14,2026-05-24 09:23:07
txn_0008835,cust_002613,deposit,successful,36.34,2026-04-17 04:28:16
txn_0008836,cust_002613,deposit,successful,74.19,2026-05-25 01:05:02
txn_0008837,cust_002614,deposit,successful,77.57,2026-05-03 15:19:06
txn_0008838,cust_002614,deposit,successful,26.97,2026-06-17 19:01:47
txn_0008839,cust_002614,deposit,successful,17.19,2026-05-05 18:18:01
txn_0008840,cust_002615,deposit,successful,53.01,2026-06-26 05:17:01
txn_0008841,cust_002615,deposit,successful,15.06,2026-06-26 09:26:06
txn_0008842,cust_002615,deposit,successful,27.44,2026-06-28 23:22:29
txn_0008843,cust_002615,deposit,successful,61.44,2026-06-29 05:24:31
txn_0008844,cust_002616,withdrawal,successful,62.19,2026-05-26 10:06:26
txn_0008845,cust_002616,withdrawal,successful,33.07,2026-04-14 07:57:10
txn_0008846,cust_002617,deposit,successful,282.13,2026-05-15 17:35:04
txn_0008847,cust_002617,deposit,successful,252.96,2026-04-11 22:44:13
txn_0008848,cust_002617,withdrawal,successful,206.85,2026-04-11 22:43:37
txn_0008849,cust_002617,withdrawal,successful,394.22,2026-04-10 19:34:18
txn_0008850,cust_002617,withdrawal,successful,140.82,2026-03-29 11:34:22
txn_0008851,cust_002619,withdrawal,successful,31.06,2026-03-15 02:43:18
txn_0008852,cust_002621,deposit,successful,65.82,2026-06-19 08:21:22
txn_0008853,cust_002621,withdrawal,successful,12.7,2026-06-23 01:57:11
txn_0008854,cust_002621,deposit,successful,66.62,2026-06-27 11:36:55
txn_0008855,cust_002623,deposit,failed,94.84,2026-05-27 22:55:46
txn_0008856,cust_002623,deposit,successful,108.37,2026-05-11 05:35:15
txn_0008857,cust_002623,deposit,successful,51.3,2026-06-13 22:15:16
txn_0008858,cust_002623,deposit,successful,423.69,2026-05-30 13:34:07
txn_0008859,cust_002623,deposit,pending,50.93,2026-06-17 07:17:48
txn_0008860,cust_002624,deposit,successful,486.72,2026-06-23 05:19:40
txn_0008861,cust_002624,deposit,successful,174.98,2026-06-24 07:47:45
txn_0008862,cust_002624,deposit,successful,66.98,2026-06-29 01:05:21
txn_0008863,cust_002624,withdrawal,successful,374.49,2026-06-22 11:24:53
txn_0008864,cust_002624,withdrawal,successful,476.2,2026-06-16 01:21:47
txn_0008865,cust_002624,deposit,failed,342.33,2026-06-11 08:17:02
txn_0008866,cust_002624,deposit,successful,69.6,2026-06-22 18:15:10
txn_0008867,cust_002624,deposit,successful,291.19,2026-06-20 03:29:41
txn_0008868,cust_002624,withdrawal,successful,419.88,2026-06-11 21:06:21
txn_0008869,cust_002624,deposit,successful,119.19,2026-06-27 20:16:07
txn_0008870,cust_002624,withdrawal,successful,467.42,2026-06-20 12:18:38
txn_0008871,cust_002624,deposit,successful,70.46,2026-06-16 12:18:27
txn_0008872,cust_002624,deposit,successful,497.04,2026-06-10 15:03:41
txn_0008873,cust_002624,withdrawal,successful,345.21,2026-06-22 17:55:15
txn_0008874,cust_002625,deposit,successful,19.72,2026-04-03 01:33:48
txn_0008875,cust_002625,withdrawal,cancelled,36.41,2026-05-13 15:11:14
txn_0008876,cust_002626,deposit,successful,148.52,2026-04-23 18:44:44
txn_0008877,cust_002626,deposit,successful,279.1,2026-04-26 13:50:05
txn_0008878,cust_002626,withdrawal,successful,300.44,2026-04-09 20:56:54
txn_0008879,cust_002626,withdrawal,successful,183.69,2026-06-04 04:46:10
txn_0008880,cust_002626,deposit,successful,69.71,2026-03-19 05:19:59
txn_0008881,cust_002626,withdrawal,failed,421.53,2026-04-20 11:41:01
txn_0008882,cust_002626,withdrawal,pending,257.38,2026-03-11 15:22:09
txn_0008883,cust_002626,deposit,successful,333.35,2026-05-28 20:21:29
txn_0008884,cust_002626,deposit,failed,186.79,2026-03-12 22:47:38
txn_0008885,cust_002626,withdrawal,successful,96.17,2026-03-16 02:13:23
txn_0008886,cust_002626,deposit,successful,355.73,2026-05-30 01:48:12
txn_0008887,cust_002626,deposit,pending,317.86,2026-06-19 03:54:40
txn_0008888,cust_002626,deposit,failed,340.49,2026-03-18 13:20:38
txn_0008889,cust_002627,deposit,successful,69.9,2026-05-28 05:42:51
txn_0008890,cust_002627,deposit,successful,20.15,2026-04-25 21:41:35
txn_0008891,cust_002627,deposit,successful,6.36,2026-05-03 07:46:44
txn_0008892,cust_002627,deposit,successful,12.88,2026-06-04 17:52:31
txn_0008893,cust_002628,deposit,successful,67.86,2026-06-16 03:14:47
txn_0008894,cust_002628,deposit,successful,61.91,2026-05-30 03:19:26
txn_0008895,cust_002628,withdrawal,successful,68.38,2026-04-03 15:40:28
txn_0008896,cust_002628,deposit,successful,78.19,2026-03-26 14:16:33
txn_0008897,cust_002629,deposit,successful,21.22,2026-04-21 01:01:05
txn_0008898,cust_002630,deposit,successful,171.31,2026-04-05 10:06:12
txn_0008899,cust_002630,deposit,successful,468.45,2026-05-07 20:08:56
txn_0008900,cust_002630,deposit,successful,126.86,2026-04-12 07:56:32
txn_0008901,cust_002630,deposit,successful,398.3,2026-04-07 12:50:20
txn_0008902,cust_002630,deposit,successful,108.24,2026-04-19 00:38:23
txn_0008903,cust_002630,deposit,successful,346.68,2026-06-26 17:53:42
txn_0008904,cust_002630,deposit,successful,77.62,2026-05-16 15:28:36
txn_0008905,cust_002630,deposit,successful,371.37,2026-03-31 14:50:45
txn_0008906,cust_002630,withdrawal,successful,321.87,2026-04-13 10:02:18
txn_0008907,cust_002630,deposit,successful,498.84,2026-06-15 02:50:14
txn_0008908,cust_002630,deposit,successful,173.66,2026-06-21 20:47:30
txn_0008909,cust_002630,withdrawal,successful,75.2,2026-05-07 12:16:55
txn_0008910,cust_002630,withdrawal,successful,256.27,2026-06-09 05:13:25
txn_0008911,cust_002630,deposit,successful,457.3,2026-03-26 10:05:53
txn_0008912,cust_002630,deposit,successful,67.88,2026-06-11 06:45:32
txn_0008913,cust_002631,deposit,successful,9.11,2026-06-05 03:37:55
txn_0008914,cust_002633,deposit,successful,40.24,2026-06-08 12:54:52
txn_0008915,cust_002633,withdrawal,successful,60.94,2026-06-11 18:45:18
txn_0008916,cust_002634,deposit,successful,15.92,2026-06-29 01:26:24
txn_0008917,cust_002635,deposit,successful,40.3,2026-05-26 13:17:48
txn_0008918,cust_002635,deposit,successful,59.47,2026-05-23 19:21:31
txn_0008919,cust_002635,deposit,successful,16.71,2026-05-19 18:47:38
txn_0008920,cust_002635,withdrawal,refunded,17.43,2026-04-16 12:46:40
txn_0008921,cust_002636,withdrawal,successful,44.15,2026-04-22 02:33:42
txn_0008922,cust_002637,deposit,successful,374.84,2026-05-21 13:45:21
txn_0008923,cust_002637,deposit,successful,223.15,2026-05-14 08:33:42
txn_0008924,cust_002637,deposit,cancelled,437.81,2026-06-10 04:48:02
txn_0008925,cust_002637,deposit,successful,69.07,2026-06-23 08:02:51
txn_0008926,cust_002637,deposit,successful,184.68,2026-05-26 11:46:38
txn_0008927,cust_002637,withdrawal,successful,133.49,2026-05-20 18:52:56
txn_0008928,cust_002637,deposit,successful,224.54,2026-05-30 22:42:34
txn_0008929,cust_002637,deposit,successful,340.26,2026-06-22 00:11:51
txn_0008930,cust_002638,deposit,failed,206.8,2026-06-13 12:53:34
txn_0008931,cust_002638,deposit,successful,484.44,2026-06-18 09:27:29
txn_0008932,cust_002638,deposit,successful,175.25,2026-05-26 13:44:07
txn_0008933,cust_002638,withdrawal,failed,298.77,2026-05-15 04:55:54
txn_0008934,cust_002638,deposit,successful,143.25,2026-05-04 17:56:05
txn_0008935,cust_002638,deposit,successful,214.34,2026-06-07 13:20:52
txn_0008936,cust_002638,deposit,successful,466.8,2026-06-29 07:34:56
txn_0008937,cust_002638,deposit,successful,310.69,2026-04-15 03:11:34
txn_0008938,cust_002638,deposit,successful,212.63,2026-05-28 19:38:59
txn_0008939,cust_002638,withdrawal,successful,205.41,2026-04-29 23:28:00
txn_0008940,cust_002638,deposit,successful,383.48,2026-04-29 15:52:01
txn_0008941,cust_002638,deposit,failed,52.02,2026-05-28 19:16:00
txn_0008942,cust_002638,withdrawal,successful,246.08,2026-06-05 03:11:35
txn_0008943,cust_002638,deposit,successful,227.22,2026-05-10 22:20:12
txn_0008944,cust_002639,deposit,successful,60.74,2026-05-03 07:54:20
txn_0008945,cust_002639,deposit,successful,32.5,2026-06-27 20:12:00
txn_0008946,cust_002641,deposit,successful,62.83,2026-06-01 22:42:21
txn_0008947,cust_002641,withdrawal,failed,39.36,2026-04-14 12:49:26
txn_0008948,cust_002641,deposit,successful,60.97,2026-04-01 01:34:28
txn_0008949,cust_002641,withdrawal,successful,32.67,2026-06-06 07:54:17
txn_0008950,cust_002642,deposit,successful,12.75,2026-06-20 12:54:25
txn_0008951,cust_002642,deposit,successful,31.63,2026-05-01 10:48:06
txn_0008952,cust_002644,deposit,failed,54.48,2026-06-19 01:14:37
txn_0008953,cust_002645,withdrawal,successful,63.95,2026-06-13 15:14:42
txn_0008954,cust_002645,deposit,successful,60.42,2026-06-14 04:45:03
txn_0008955,cust_002645,deposit,successful,23.63,2026-06-13 20:37:24
txn_0008956,cust_002645,deposit,successful,68.18,2026-06-20 00:23:25
txn_0008957,cust_002646,deposit,successful,37.26,2026-06-20 06:50:01
txn_0008958,cust_002647,deposit,successful,78.37,2026-05-27 19:22:57
txn_0008959,cust_002648,deposit,failed,440.81,2026-05-30 23:15:21
txn_0008960,cust_002648,deposit,failed,265.31,2026-05-22 04:06:00
txn_0008961,cust_002648,deposit,successful,135.53,2026-05-27 20:58:12
txn_0008962,cust_002648,withdrawal,successful,354.12,2026-06-03 12:57:15
txn_0008963,cust_002648,withdrawal,successful,328.59,2026-05-04 22:17:02
txn_0008964,cust_002648,deposit,cancelled,386.35,2026-05-09 13:49:21
txn_0008965,cust_002649,deposit,successful,25.67,2026-06-29 05:15:42
txn_0008966,cust_002650,deposit,successful,37.61,2026-02-16 23:43:17
txn_0008967,cust_002650,deposit,successful,26.14,2026-04-02 09:41:47
txn_0008968,cust_002650,withdrawal,successful,7.78,2026-03-22 04:43:24
txn_0008969,cust_002651,deposit,successful,10.95,2026-06-01 18:57:08
txn_0008970,cust_002651,deposit,successful,13.19,2026-02-27 02:51:27
txn_0008971,cust_002651,deposit,successful,44.28,2026-04-17 07:28:04
txn_0008972,cust_002652,deposit,successful,12.86,2026-04-26 12:13:44
txn_0008973,cust_002652,deposit,successful,48.98,2026-06-22 13:28:03
txn_0008974,cust_002653,deposit,successful,67.0,2026-01-16 12:15:04
txn_0008975,cust_002653,deposit,successful,37.95,2026-01-14 23:40:54
txn_0008976,cust_002653,deposit,successful,68.0,2026-05-25 03:12:21
txn_0008977,cust_002653,deposit,successful,26.24,2026-01-08 23:23:04
txn_0008978,cust_002654,deposit,successful,9.24,2026-05-29 00:53:58
txn_0008979,cust_002654,deposit,successful,39.38,2026-05-17 20:44:08
txn_0008980,cust_002654,withdrawal,successful,10.63,2026-05-25 01:06:27
txn_0008981,cust_002655,deposit,successful,89.67,2026-06-04 12:51:16
txn_0008982,cust_002655,deposit,successful,192.42,2026-06-20 16:22:13
txn_0008983,cust_002655,withdrawal,successful,250.19,2026-06-14 21:44:48
txn_0008984,cust_002656,deposit,failed,24.87,2026-05-12 06:20:10
txn_0008985,cust_002656,deposit,successful,35.24,2026-06-02 05:55:19
txn_0008986,cust_002657,deposit,successful,39.34,2026-06-29 05:04:49
txn_0008987,cust_002658,deposit,pending,45.49,2026-05-01 17:26:04
txn_0008988,cust_002658,withdrawal,successful,13.81,2026-04-10 17:19:43
txn_0008989,cust_002659,deposit,successful,430.73,2026-04-28 10:28:18
txn_0008990,cust_002659,deposit,successful,136.76,2026-05-26 16:20:16
txn_0008991,cust_002659,withdrawal,successful,435.65,2026-06-01 15:58:12
txn_0008992,cust_002659,withdrawal,successful,479.2,2026-03-17 11:14:41
txn_0008993,cust_002659,deposit,successful,206.49,2026-03-29 16:06:32
txn_0008994,cust_002659,withdrawal,successful,140.03,2026-05-03 11:09:07
txn_0008995,cust_002659,deposit,successful,247.42,2026-01-28 08:08:20
txn_0008996,cust_002659,deposit,successful,494.8,2026-06-01 19:40:12
txn_0008997,cust_002659,deposit,successful,185.29,2026-03-02 07:56:39
txn_0008998,cust_002659,deposit,successful,406.03,2026-06-15 15:45:50
txn_0008999,cust_002659,withdrawal,successful,107.75,2026-05-22 03:29:29
txn_0009000,cust_002659,deposit,successful,233.38,2026-03-13 14:11:54
txn_0009001,cust_002659,deposit,successful,380.92,2026-05-20 01:48:27
txn_0009002,cust_002659,deposit,successful,424.92,2026-02-10 10:35:54
txn_0009003,cust_002660,withdrawal,successful,9.42,2026-06-03 00:32:36
txn_0009004,cust_002660,withdrawal,successful,13.57,2026-04-12 01:47:29
txn_0009005,cust_002661,withdrawal,successful,13.29,2026-05-23 08:13:16
txn_0009006,cust_002661,deposit,successful,68.4,2026-05-22 01:59:24
txn_0009007,cust_002661,deposit,successful,69.32,2026-04-02 21:20:06
txn_0009008,cust_002662,withdrawal,successful,51.7,2026-05-31 22:36:30
txn_0009009,cust_002662,deposit,successful,27.34,2026-05-25 14:44:08
txn_0009010,cust_002662,deposit,successful,36.98,2026-06-15 08:07:32
txn_0009011,cust_002662,deposit,successful,75.26,2026-06-27 16:55:22
txn_0009012,cust_002663,deposit,successful,452.41,2026-06-26 14:46:20
txn_0009013,cust_002663,withdrawal,successful,200.42,2026-06-16 21:51:36
txn_0009014,cust_002663,deposit,successful,364.48,2026-06-19 07:02:01
txn_0009015,cust_002663,deposit,successful,58.65,2026-06-20 14:06:55
txn_0009016,cust_002663,deposit,successful,155.11,2026-06-28 12:58:23
txn_0009017,cust_002663,deposit,successful,55.21,2026-06-17 14:49:33
txn_0009018,cust_002663,deposit,successful,163.15,2026-06-19 06:29:56
txn_0009019,cust_002663,deposit,successful,334.87,2026-06-21 09:57:26
txn_0009020,cust_002663,withdrawal,cancelled,135.95,2026-06-21 07:33:58
txn_0009021,cust_002664,deposit,successful,18.38,2026-06-19 21:54:28
txn_0009022,cust_002664,withdrawal,successful,33.9,2026-05-22 22:32:09
txn_0009023,cust_002664,deposit,pending,6.21,2026-03-31 20:10:54
txn_0009024,cust_002665,deposit,successful,60.01,2026-05-25 04:26:11
txn_0009025,cust_002666,deposit,successful,71.12,2026-02-10 06:02:48
txn_0009026,cust_002666,deposit,successful,36.75,2026-05-23 20:57:18
txn_0009027,cust_002666,deposit,successful,46.6,2026-02-02 20:44:44
txn_0009028,cust_002668,deposit,refunded,131.24,2026-06-18 03:30:14
txn_0009029,cust_002668,deposit,successful,225.99,2026-06-09 08:44:29
txn_0009030,cust_002668,deposit,failed,398.54,2026-04-26 00:05:27
txn_0009031,cust_002668,deposit,successful,148.34,2026-05-14 01:50:23
txn_0009032,cust_002668,deposit,successful,69.82,2026-05-27 15:15:17
txn_0009033,cust_002668,withdrawal,successful,242.69,2026-06-10 21:18:03
txn_0009034,cust_002668,deposit,successful,286.76,2026-04-25 22:08:16
txn_0009035,cust_002668,deposit,successful,355.45,2026-04-28 17:24:13
txn_0009036,cust_002668,deposit,successful,331.58,2026-06-03 09:33:31
txn_0009037,cust_002668,withdrawal,successful,392.73,2026-06-20 08:03:26
txn_0009038,cust_002668,withdrawal,successful,451.01,2026-05-29 23:57:23
txn_0009039,cust_002668,deposit,successful,313.27,2026-05-01 13:21:43
txn_0009040,cust_002668,deposit,successful,167.56,2026-05-06 07:28:31
txn_0009041,cust_002668,deposit,successful,55.78,2026-05-30 02:21:40
txn_0009042,cust_002669,deposit,successful,77.65,2026-06-25 19:21:45
txn_0009043,cust_002669,deposit,successful,62.17,2026-06-13 20:32:11
txn_0009044,cust_002669,deposit,successful,50.85,2026-06-18 12:52:35
txn_0009045,cust_002669,deposit,successful,24.76,2026-06-23 16:00:55
txn_0009046,cust_002671,withdrawal,successful,25.93,2026-05-06 22:58:39
txn_0009047,cust_002671,deposit,successful,13.92,2026-06-27 13:46:42
txn_0009048,cust_002671,deposit,successful,6.75,2026-04-30 01:18:27
txn_0009049,cust_002673,deposit,successful,66.93,2026-04-03 13:25:32
txn_0009050,cust_002673,deposit,successful,29.93,2026-03-18 10:20:30
txn_0009051,cust_002674,deposit,successful,51.56,2026-04-27 05:17:09
txn_0009052,cust_002675,deposit,successful,66.1,2026-06-19 05:18:00
txn_0009053,cust_002675,deposit,successful,241.03,2026-06-01 16:06:46
txn_0009054,cust_002675,deposit,successful,447.12,2026-06-15 23:01:12
txn_0009055,cust_002675,deposit,successful,397.41,2026-05-31 17:54:21
txn_0009056,cust_002675,deposit,cancelled,161.75,2026-06-11 15:07:02
txn_0009057,cust_002675,deposit,successful,178.0,2026-06-28 22:38:34
txn_0009058,cust_002675,deposit,successful,283.15,2026-05-12 02:25:16
txn_0009059,cust_002675,deposit,successful,393.15,2026-05-16 08:18:34
txn_0009060,cust_002675,deposit,successful,435.31,2026-05-20 15:22:45
txn_0009061,cust_002675,deposit,successful,410.99,2026-05-25 21:55:44
txn_0009062,cust_002675,deposit,successful,165.69,2026-06-04 05:41:13
txn_0009063,cust_002677,deposit,successful,48.26,2026-03-27 18:35:12
txn_0009064,cust_002677,deposit,successful,13.53,2026-05-30 15:38:55
txn_0009065,cust_002677,deposit,successful,42.4,2026-03-26 14:06:20
txn_0009066,cust_002677,withdrawal,successful,26.05,2026-04-01 07:35:06
txn_0009067,cust_002678,deposit,successful,37.56,2026-03-08 13:01:23
txn_0009068,cust_002678,deposit,failed,78.89,2026-03-26 19:08:23
txn_0009069,cust_002678,deposit,successful,37.36,2026-03-19 16:15:12
txn_0009070,cust_002679,deposit,successful,435.74,2026-06-17 20:34:57
txn_0009071,cust_002679,deposit,successful,385.55,2026-04-03 21:02:09
txn_0009072,cust_002679,deposit,successful,407.84,2026-06-23 15:57:55
txn_0009073,cust_002679,deposit,successful,456.28,2026-04-15 19:09:04
txn_0009074,cust_002679,withdrawal,failed,293.42,2026-05-09 04:35:39
txn_0009075,cust_002679,deposit,successful,490.07,2026-06-25 19:30:28
txn_0009076,cust_002679,deposit,successful,350.9,2026-04-20 15:20:05
txn_0009077,cust_002679,withdrawal,successful,444.57,2026-04-20 11:10:54
txn_0009078,cust_002679,deposit,successful,154.98,2026-04-19 02:38:05
txn_0009079,cust_002679,deposit,successful,403.2,2026-04-10 04:20:12
txn_0009080,cust_002679,deposit,successful,372.25,2026-06-12 01:29:32
txn_0009081,cust_002679,deposit,successful,456.8,2026-05-14 19:59:39
txn_0009082,cust_002679,withdrawal,successful,329.22,2026-04-05 14:12:21
txn_0009083,cust_002680,deposit,successful,150.23,2026-06-07 22:58:38
txn_0009084,cust_002680,deposit,successful,226.56,2026-06-17 23:46:08
txn_0009085,cust_002680,deposit,successful,344.27,2026-05-27 03:33:02
txn_0009086,cust_002680,withdrawal,successful,121.3,2026-05-07 06:21:31
txn_0009087,cust_002680,withdrawal,successful,291.75,2026-06-22 07:15:46
txn_0009088,cust_002680,deposit,successful,182.93,2026-05-25 16:14:16
txn_0009089,cust_002680,withdrawal,refunded,81.23,2026-06-05 19:28:00
txn_0009090,cust_002680,deposit,successful,389.97,2026-05-16 19:29:29
txn_0009091,cust_002680,withdrawal,successful,419.27,2026-05-06 10:33:14
txn_0009092,cust_002680,withdrawal,successful,58.88,2026-05-14 14:30:36
txn_0009093,cust_002681,deposit,successful,71.42,2026-04-13 04:36:49
txn_0009094,cust_002681,deposit,successful,28.28,2026-05-22 00:42:40
txn_0009095,cust_002682,deposit,successful,14.81,2026-05-25 15:06:08
txn_0009096,cust_002682,deposit,successful,23.79,2026-05-04 00:07:39
txn_0009097,cust_002683,deposit,successful,51.95,2026-04-10 04:50:31
txn_0009098,cust_002683,deposit,failed,46.29,2026-06-03 12:15:05
txn_0009099,cust_002684,withdrawal,successful,33.28,2026-06-28 18:28:41
txn_0009100,cust_002685,withdrawal,successful,285.43,2026-05-10 04:48:35
txn_0009101,cust_002685,deposit,successful,226.09,2026-06-28 13:27:14
txn_0009102,cust_002685,withdrawal,successful,407.15,2026-06-16 06:22:57
txn_0009103,cust_002685,deposit,failed,439.6,2026-05-29 15:28:19
txn_0009104,cust_002685,deposit,successful,265.72,2026-05-10 03:38:07
txn_0009105,cust_002685,withdrawal,successful,328.09,2026-05-18 03:16:49
txn_0009106,cust_002685,withdrawal,successful,282.37,2026-06-25 04:12:25
txn_0009107,cust_002685,withdrawal,successful,282.03,2026-05-14 00:44:17
txn_0009108,cust_002685,deposit,successful,468.46,2026-05-31 04:19:22
txn_0009109,cust_002685,deposit,cancelled,322.78,2026-05-25 09:54:44
txn_0009110,cust_002685,withdrawal,successful,206.18,2026-06-01 09:58:06
txn_0009111,cust_002685,deposit,successful,400.43,2026-05-27 08:24:23
txn_0009112,cust_002685,deposit,successful,388.74,2026-06-24 17:10:08
txn_0009113,cust_002685,withdrawal,successful,60.64,2026-06-10 23:41:40
txn_0009114,cust_002685,deposit,successful,429.87,2026-06-28 02:30:37
txn_0009115,cust_002686,deposit,successful,9.47,2026-06-22 16:28:17
txn_0009116,cust_002686,deposit,successful,37.09,2026-06-14 16:17:05
txn_0009117,cust_002689,deposit,successful,77.89,2026-06-17 14:44:50
txn_0009118,cust_002689,withdrawal,successful,52.42,2026-06-28 11:05:52
txn_0009119,cust_002690,deposit,cancelled,69.4,2026-06-03 01:14:59
txn_0009120,cust_002692,deposit,successful,487.44,2026-04-23 13:12:35
txn_0009121,cust_002692,deposit,successful,394.02,2026-05-10 14:12:43
txn_0009122,cust_002692,deposit,successful,117.42,2026-04-27 17:42:42
txn_0009123,cust_002692,deposit,successful,338.57,2026-04-12 06:02:23
txn_0009124,cust_002692,withdrawal,successful,360.73,2026-06-22 05:31:35
txn_0009125,cust_002692,deposit,successful,237.46,2026-04-29 12:04:49
txn_0009126,cust_002692,deposit,successful,122.88,2026-05-27 05:09:03
txn_0009127,cust_002693,withdrawal,successful,20.22,2026-05-22 00:40:08
txn_0009128,cust_002693,deposit,successful,73.43,2026-06-29 12:11:27
txn_0009129,cust_002693,deposit,successful,62.44,2026-04-30 17:59:52
txn_0009130,cust_002695,deposit,successful,119.79,2026-06-14 05:04:43
txn_0009131,cust_002695,deposit,failed,457.22,2026-03-31 06:34:55
txn_0009132,cust_002695,withdrawal,successful,464.37,2026-06-27 03:28:28
txn_0009133,cust_002696,deposit,successful,413.23,2026-06-25 04:35:47
txn_0009134,cust_002696,deposit,successful,197.82,2026-06-19 06:46:44
txn_0009135,cust_002696,deposit,successful,392.86,2026-06-21 10:26:05
txn_0009136,cust_002696,deposit,successful,253.27,2026-06-14 16:35:04
txn_0009137,cust_002696,withdrawal,successful,289.27,2026-06-13 02:23:59
txn_0009138,cust_002696,deposit,successful,408.94,2026-06-18 15:25:48
txn_0009139,cust_002697,withdrawal,successful,47.76,2026-06-10 09:20:47
txn_0009140,cust_002697,deposit,successful,34.14,2026-06-14 18:50:53
txn_0009141,cust_002698,withdrawal,successful,6.04,2026-05-25 02:15:01
txn_0009142,cust_002698,withdrawal,successful,61.7,2026-06-18 12:46:31
txn_0009143,cust_002699,deposit,successful,51.51,2026-05-10 01:46:14
txn_0009144,cust_002699,deposit,successful,52.13,2026-05-03 23:19:09
txn_0009145,cust_002699,deposit,successful,48.38,2026-06-27 02:42:47
txn_0009146,cust_002700,deposit,successful,439.52,2026-06-14 02:17:17
txn_0009147,cust_002700,withdrawal,successful,324.65,2026-04-18 00:12:08
txn_0009148,cust_002700,deposit,successful,80.63,2026-03-12 04:03:45
txn_0009149,cust_002700,withdrawal,successful,397.63,2026-05-23 18:39:01
txn_0009150,cust_002700,withdrawal,successful,78.1,2026-06-04 15:47:33
txn_0009151,cust_002700,deposit,successful,457.12,2026-05-13 07:19:26
txn_0009152,cust_002700,withdrawal,successful,78.25,2026-06-05 12:37:06
txn_0009153,cust_002701,withdrawal,successful,172.14,2026-05-11 15:43:47
txn_0009154,cust_002701,withdrawal,successful,61.09,2026-05-10 19:36:45
txn_0009155,cust_002701,deposit,successful,259.77,2026-06-22 07:09:41
txn_0009156,cust_002701,withdrawal,successful,171.64,2026-05-19 04:03:28
txn_0009157,cust_002701,withdrawal,successful,120.13,2026-04-24 21:24:47
txn_0009158,cust_002701,deposit,successful,394.09,2026-06-10 00:04:46
txn_0009159,cust_002701,deposit,successful,223.36,2026-06-08 23:42:23
txn_0009160,cust_002701,deposit,successful,480.98,2026-06-27 01:19:19
txn_0009161,cust_002701,deposit,failed,253.12,2026-06-27 03:29:18
txn_0009162,cust_002701,deposit,successful,472.14,2026-05-13 18:03:24
txn_0009163,cust_002701,deposit,successful,412.35,2026-05-31 15:24:05
txn_0009164,cust_002702,withdrawal,successful,137.09,2026-06-06 03:23:58
txn_0009165,cust_002702,deposit,failed,450.16,2026-05-31 13:44:00
txn_0009166,cust_002702,deposit,successful,79.24,2026-05-22 14:45:17
txn_0009167,cust_002702,deposit,successful,430.13,2026-06-06 23:55:02
txn_0009168,cust_002702,deposit,successful,138.87,2026-06-08 01:00:11
txn_0009169,cust_002702,deposit,successful,457.61,2026-05-25 11:04:34
txn_0009170,cust_002702,withdrawal,successful,241.32,2026-06-03 07:28:21
txn_0009171,cust_002702,deposit,successful,126.33,2026-06-04 14:13:34
txn_0009172,cust_002702,deposit,successful,375.97,2026-06-13 23:14:25
txn_0009173,cust_002702,withdrawal,successful,244.21,2026-06-19 13:10:42
txn_0009174,cust_002702,deposit,successful,381.45,2026-06-29 10:11:02
txn_0009175,cust_002703,deposit,successful,78.02,2026-05-11 14:03:08
txn_0009176,cust_002703,withdrawal,failed,35.36,2026-04-26 22:22:15
txn_0009177,cust_002703,withdrawal,successful,38.0,2026-04-13 06:09:19
txn_0009178,cust_002704,deposit,successful,249.41,2026-06-16 18:14:31
txn_0009179,cust_002704,deposit,successful,211.69,2026-05-21 10:01:03
txn_0009180,cust_002704,deposit,refunded,216.77,2026-05-18 02:46:50
txn_0009181,cust_002704,deposit,cancelled,318.94,2026-04-10 16:38:03
txn_0009182,cust_002704,deposit,successful,329.1,2026-06-11 05:31:35
txn_0009183,cust_002704,deposit,successful,248.66,2026-06-10 11:16:28
txn_0009184,cust_002704,withdrawal,successful,265.25,2026-04-23 18:18:57
txn_0009185,cust_002704,withdrawal,successful,79.47,2026-06-28 14:26:50
txn_0009186,cust_002704,withdrawal,successful,435.87,2026-04-14 00:41:24
txn_0009187,cust_002705,deposit,successful,11.32,2026-06-12 04:15:40
txn_0009188,cust_002705,deposit,successful,38.82,2026-05-27 02:14:37
txn_0009189,cust_002705,deposit,successful,37.06,2026-06-27 16:59:07
txn_0009190,cust_002705,withdrawal,successful,20.71,2026-06-01 16:16:43
txn_0009191,cust_002706,deposit,successful,23.28,2026-05-29 08:40:35
txn_0009192,cust_002706,deposit,successful,17.1,2026-05-27 17:42:00
txn_0009193,cust_002707,deposit,successful,23.36,2026-03-31 01:11:26
txn_0009194,cust_002708,deposit,successful,59.96,2026-06-28 07:48:30
txn_0009195,cust_002709,deposit,successful,35.26,2026-06-24 13:25:05
txn_0009196,cust_002709,deposit,successful,26.92,2026-02-22 09:36:36
txn_0009197,cust_002710,deposit,successful,40.34,2026-05-24 04:30:31
txn_0009198,cust_002710,deposit,successful,5.14,2026-05-30 05:22:33
txn_0009199,cust_002710,deposit,successful,32.73,2026-03-22 10:57:10
txn_0009200,cust_002710,deposit,successful,65.12,2026-04-18 14:29:59
txn_0009201,cust_002711,deposit,successful,73.58,2026-06-24 02:52:22
txn_0009202,cust_002711,deposit,successful,51.21,2026-05-22 17:06:39
txn_0009203,cust_002711,deposit,successful,37.77,2026-04-29 08:59:20
txn_0009204,cust_002712,withdrawal,successful,58.95,2026-06-05 06:46:59
txn_0009205,cust_002712,deposit,refunded,7.28,2026-05-17 08:47:43
txn_0009206,cust_002713,deposit,successful,35.94,2026-06-25 05:38:03
txn_0009207,cust_002714,deposit,successful,219.65,2026-03-27 06:23:28
txn_0009208,cust_002714,deposit,successful,440.4,2026-04-18 07:15:42
txn_0009209,cust_002714,deposit,successful,390.36,2026-04-18 05:05:07
txn_0009210,cust_002714,withdrawal,successful,251.1,2026-05-12 17:18:36
txn_0009211,cust_002714,deposit,successful,72.56,2026-05-27 06:05:57
txn_0009212,cust_002715,deposit,successful,48.19,2026-06-13 10:48:32
txn_0009213,cust_002716,withdrawal,successful,12.08,2026-04-20 12:30:48
txn_0009214,cust_002717,deposit,successful,316.42,2026-06-23 02:42:01
txn_0009215,cust_002717,withdrawal,failed,487.37,2026-06-27 20:07:14
txn_0009216,cust_002717,deposit,successful,216.09,2026-05-24 02:09:51
txn_0009217,cust_002717,deposit,successful,354.9,2026-06-25 21:07:29
txn_0009218,cust_002717,deposit,successful,270.53,2026-06-02 11:16:22
txn_0009219,cust_002719,deposit,successful,7.58,2026-06-01 19:02:44
txn_0009220,cust_002719,withdrawal,successful,5.46,2026-04-15 23:46:40
txn_0009221,cust_002719,deposit,successful,25.26,2026-06-19 16:05:25
txn_0009222,cust_002720,withdrawal,successful,66.51,2026-06-10 18:04:07
txn_0009223,cust_002721,deposit,successful,50.44,2026-06-26 12:37:34
txn_0009224,cust_002721,withdrawal,successful,96.06,2026-06-25 03:03:14
txn_0009225,cust_002721,deposit,successful,204.81,2026-06-29 23:33:38
txn_0009226,cust_002721,deposit,successful,345.03,2026-06-28 11:38:43
txn_0009227,cust_002721,deposit,pending,357.53,2026-06-28 14:28:33
txn_0009228,cust_002721,withdrawal,failed,220.52,2026-06-27 14:50:40
txn_0009229,cust_002723,deposit,successful,79.91,2026-06-18 21:55:39
txn_0009230,cust_002723,withdrawal,successful,237.33,2026-05-28 11:19:44
txn_0009231,cust_002723,withdrawal,pending,458.95,2026-03-28 18:06:11
txn_0009232,cust_002723,deposit,successful,293.91,2026-04-25 09:10:36
txn_0009233,cust_002723,deposit,successful,306.51,2026-06-22 11:34:49
txn_0009234,cust_002723,deposit,successful,239.25,2026-04-03 05:39:41
txn_0009235,cust_002723,withdrawal,successful,203.15,2026-04-03 23:22:40
txn_0009236,cust_002723,deposit,successful,237.36,2026-06-07 00:44:20
txn_0009237,cust_002723,deposit,cancelled,184.72,2026-05-25 01:49:42
txn_0009238,cust_002723,deposit,successful,170.04,2026-05-29 14:46:42
txn_0009239,cust_002723,deposit,successful,51.34,2026-04-01 17:03:49
txn_0009240,cust_002723,deposit,successful,217.23,2026-04-07 07:33:17
txn_0009241,cust_002725,withdrawal,pending,18.43,2026-04-18 19:19:11
txn_0009242,cust_002725,deposit,cancelled,74.53,2026-04-09 13:15:19
txn_0009243,cust_002726,deposit,successful,69.38,2026-06-25 02:24:46
txn_0009244,cust_002726,withdrawal,cancelled,6.31,2026-05-16 18:15:17
txn_0009245,cust_002726,deposit,successful,8.24,2026-05-08 04:59:24
txn_0009246,cust_002726,deposit,cancelled,29.78,2026-06-17 02:49:46
txn_0009247,cust_002727,deposit,successful,306.58,2026-03-27 13:12:34
txn_0009248,cust_002727,withdrawal,successful,429.53,2026-01-14 03:13:04
txn_0009249,cust_002727,deposit,successful,390.52,2026-04-05 11:19:47
txn_0009250,cust_002727,deposit,successful,86.25,2026-01-27 08:49:59
txn_0009251,cust_002727,deposit,successful,305.06,2026-02-15 15:31:38
txn_0009252,cust_002727,deposit,successful,399.25,2026-05-13 01:00:32
txn_0009253,cust_002727,deposit,successful,230.17,2026-06-06 08:35:18
txn_0009254,cust_002727,deposit,successful,355.15,2026-06-25 10:16:12
txn_0009255,cust_002727,deposit,successful,461.24,2026-04-16 12:28:17
txn_0009256,cust_002727,deposit,successful,288.79,2026-03-22 13:01:02
txn_0009257,cust_002727,deposit,successful,322.75,2026-02-13 17:26:03
txn_0009258,cust_002727,deposit,successful,281.65,2026-06-10 23:11:16
txn_0009259,cust_002727,withdrawal,successful,196.95,2026-02-04 18:05:34
txn_0009260,cust_002728,deposit,successful,43.54,2026-06-27 22:29:51
txn_0009261,cust_002728,deposit,successful,8.38,2026-06-28 07:16:25
txn_0009262,cust_002729,deposit,successful,61.36,2026-05-29 00:10:56
txn_0009263,cust_002729,deposit,successful,64.26,2026-06-14 18:52:02
txn_0009264,cust_002729,deposit,successful,43.95,2026-06-02 20:21:34
txn_0009265,cust_002730,deposit,successful,39.41,2026-06-08 01:42:52
txn_0009266,cust_002730,deposit,successful,78.13,2026-04-17 18:39:14
txn_0009267,cust_002731,deposit,successful,465.89,2026-05-22 17:00:17
txn_0009268,cust_002731,deposit,successful,299.1,2026-05-20 11:45:56
txn_0009269,cust_002731,withdrawal,successful,83.73,2026-06-04 18:03:33
txn_0009270,cust_002731,deposit,successful,281.62,2026-05-30 09:44:16
txn_0009271,cust_002731,withdrawal,successful,375.68,2026-05-22 07:10:33
txn_0009272,cust_002731,deposit,failed,136.54,2026-06-19 02:36:33
txn_0009273,cust_002731,deposit,successful,443.61,2026-05-17 09:46:43
txn_0009274,cust_002731,withdrawal,successful,193.25,2026-05-25 00:43:14
txn_0009275,cust_002731,withdrawal,successful,115.75,2026-06-04 16:46:31
txn_0009276,cust_002731,withdrawal,successful,171.02,2026-05-30 04:23:52
txn_0009277,cust_002731,withdrawal,pending,393.42,2026-06-20 18:47:31
txn_0009278,cust_002731,deposit,successful,250.45,2026-06-12 07:33:35
txn_0009279,cust_002731,deposit,successful,135.84,2026-06-15 17:12:34
txn_0009280,cust_002732,withdrawal,successful,13.09,2026-06-06 09:58:06
txn_0009281,cust_002732,deposit,pending,71.36,2026-05-29 16:07:30
txn_0009282,cust_002732,deposit,successful,23.79,2026-06-01 15:33:33
txn_0009283,cust_002732,deposit,successful,74.61,2026-06-10 15:22:32
txn_0009284,cust_002734,withdrawal,cancelled,34.1,2026-06-28 08:59:21
txn_0009285,cust_002735,withdrawal,successful,43.72,2026-06-03 23:43:13
txn_0009286,cust_002735,deposit,successful,5.14,2026-05-11 20:37:14
txn_0009287,cust_002735,deposit,successful,78.28,2026-05-27 06:53:29
txn_0009288,cust_002735,deposit,cancelled,30.29,2026-06-12 01:03:46
txn_0009289,cust_002736,deposit,successful,19.01,2026-06-14 22:18:16
txn_0009290,cust_002736,deposit,successful,34.12,2026-06-12 07:52:53
txn_0009291,cust_002736,withdrawal,successful,26.12,2026-06-17 22:00:34
txn_0009292,cust_002737,deposit,successful,61.25,2026-03-13 09:26:39
txn_0009293,cust_002737,deposit,successful,28.53,2026-03-19 19:58:00
txn_0009294,cust_002737,deposit,successful,63.4,2026-06-27 22:55:20
txn_0009295,cust_002737,withdrawal,failed,5.56,2026-05-19 07:20:29
txn_0009296,cust_002738,deposit,successful,44.35,2026-04-20 10:05:33
txn_0009297,cust_002738,withdrawal,successful,16.43,2026-06-05 03:19:57
txn_0009298,cust_002741,deposit,refunded,270.71,2026-05-30 17:34:10
txn_0009299,cust_002741,withdrawal,successful,479.04,2026-04-23 21:00:32
txn_0009300,cust_002741,withdrawal,successful,462.36,2026-04-19 17:24:22
txn_0009301,cust_002741,withdrawal,successful,279.02,2026-06-06 14:10:52
txn_0009302,cust_002741,deposit,successful,202.81,2026-05-18 05:26:47
txn_0009303,cust_002741,withdrawal,successful,373.18,2026-05-16 16:32:33
txn_0009304,cust_002741,deposit,successful,165.19,2026-05-23 04:24:03
txn_0009305,cust_002741,deposit,successful,267.76,2026-04-21 07:45:42
txn_0009306,cust_002741,deposit,successful,399.6,2026-05-07 16:18:13
txn_0009307,cust_002741,deposit,successful,304.94,2026-04-28 15:47:16
txn_0009308,cust_002741,deposit,successful,327.75,2026-04-27 00:58:49
txn_0009309,cust_002741,withdrawal,successful,222.78,2026-04-28 17:34:22
txn_0009310,cust_002741,deposit,successful,373.55,2026-05-05 16:29:36
txn_0009311,cust_002741,deposit,successful,428.45,2026-05-14 14:00:58
txn_0009312,cust_002742,withdrawal,successful,26.83,2026-02-08 17:12:33
txn_0009313,cust_002743,deposit,failed,22.04,2026-05-19 09:44:00
txn_0009314,cust_002744,deposit,successful,9.9,2026-06-20 00:37:39
txn_0009315,cust_002744,deposit,successful,9.94,2026-02-15 23:01:22
txn_0009316,cust_002745,deposit,successful,26.15,2026-03-08 05:50:06
txn_0009317,cust_002746,withdrawal,successful,62.5,2026-06-23 20:43:09
txn_0009318,cust_002746,deposit,successful,112.14,2026-06-20 23:03:03
txn_0009319,cust_002746,deposit,successful,60.59,2026-06-14 00:32:57
txn_0009320,cust_002746,deposit,successful,187.6,2026-06-26 22:43:54
txn_0009321,cust_002746,deposit,pending,262.86,2026-06-22 13:53:23
txn_0009322,cust_002746,deposit,successful,363.12,2026-06-12 20:08:51
txn_0009323,cust_002746,deposit,successful,341.58,2026-06-12 04:01:04
txn_0009324,cust_002746,deposit,successful,56.94,2026-06-07 21:03:16
txn_0009325,cust_002746,deposit,successful,328.16,2026-06-05 01:49:27
txn_0009326,cust_002746,deposit,successful,367.95,2026-06-12 17:03:27
txn_0009327,cust_002746,deposit,successful,61.83,2026-06-15 13:34:01
txn_0009328,cust_002746,deposit,successful,327.18,2026-05-27 03:27:07
txn_0009329,cust_002746,deposit,successful,476.96,2026-06-22 22:48:53
txn_0009330,cust_002750,withdrawal,successful,66.09,2026-05-31 21:40:07
txn_0009331,cust_002751,deposit,successful,480.3,2026-03-31 23:15:25
txn_0009332,cust_002751,deposit,successful,155.96,2026-04-19 09:07:05
txn_0009333,cust_002751,deposit,successful,88.57,2026-06-22 04:04:33
txn_0009334,cust_002751,withdrawal,successful,452.75,2026-05-24 21:24:34
txn_0009335,cust_002751,deposit,successful,382.39,2026-05-24 20:38:40
txn_0009336,cust_002752,withdrawal,successful,28.05,2026-06-27 20:20:25
txn_0009337,cust_002752,deposit,cancelled,41.58,2026-04-26 20:26:02
txn_0009338,cust_002753,withdrawal,successful,72.31,2026-06-03 02:07:32
txn_0009339,cust_002753,deposit,successful,45.89,2026-06-18 23:18:29
txn_0009340,cust_002753,deposit,successful,73.51,2026-05-07 19:52:37
txn_0009341,cust_002753,deposit,successful,75.18,2026-06-06 19:42:44
txn_0009342,cust_002754,deposit,successful,14.77,2026-04-14 12:44:26
txn_0009343,cust_002754,deposit,successful,30.42,2026-04-14 16:59:39
txn_0009344,cust_002754,deposit,successful,58.34,2026-04-11 11:01:29
txn_0009345,cust_002755,deposit,successful,65.93,2026-06-05 08:36:40
txn_0009346,cust_002755,deposit,successful,69.82,2026-06-18 19:34:51
txn_0009347,cust_002755,deposit,pending,52.03,2026-06-24 07:22:52
txn_0009348,cust_002756,deposit,successful,24.36,2026-05-10 15:32:11
txn_0009349,cust_002756,withdrawal,successful,60.0,2026-02-27 07:42:18
txn_0009350,cust_002756,deposit,failed,24.16,2026-05-24 23:18:04
txn_0009351,cust_002757,deposit,successful,66.93,2026-06-15 22:50:18
txn_0009352,cust_002757,deposit,successful,26.49,2026-02-28 03:05:03
txn_0009353,cust_002757,deposit,successful,13.75,2026-05-18 00:56:12
txn_0009354,cust_002759,deposit,successful,60.49,2026-02-21 18:38:46
txn_0009355,cust_002759,deposit,successful,66.77,2026-03-18 10:44:57
txn_0009356,cust_002759,deposit,successful,77.93,2026-04-15 01:56:51
txn_0009357,cust_002759,deposit,cancelled,39.71,2026-02-13 08:31:59
txn_0009358,cust_002761,deposit,successful,12.84,2026-06-28 07:27:08
txn_0009359,cust_002761,deposit,successful,14.07,2026-06-25 10:58:59
txn_0009360,cust_002761,deposit,successful,62.56,2026-06-29 14:52:49
txn_0009361,cust_002761,deposit,successful,49.79,2026-06-27 07:37:51
txn_0009362,cust_002762,deposit,failed,63.78,2026-05-12 17:27:34
txn_0009363,cust_002762,deposit,successful,9.15,2026-05-20 15:38:11
txn_0009364,cust_002762,deposit,successful,77.65,2026-03-22 12:21:11
txn_0009365,cust_002763,withdrawal,successful,12.79,2026-05-14 00:20:22
txn_0009366,cust_002763,deposit,successful,17.91,2026-06-09 16:56:29
txn_0009367,cust_002763,deposit,successful,18.76,2026-06-25 23:22:49
txn_0009368,cust_002764,deposit,successful,14.54,2026-06-27 09:10:01
txn_0009369,cust_002764,deposit,successful,53.43,2026-06-28 13:33:22
txn_0009370,cust_002764,deposit,successful,12.85,2026-06-29 04:08:09
txn_0009371,cust_002765,withdrawal,successful,194.32,2026-06-15 16:55:55
txn_0009372,cust_002765,deposit,successful,391.68,2026-04-23 05:36:28
txn_0009373,cust_002765,deposit,successful,119.5,2026-05-22 18:28:18
txn_0009374,cust_002765,deposit,successful,133.18,2026-03-28 14:18:53
txn_0009375,cust_002765,deposit,successful,181.66,2026-06-13 05:49:58
txn_0009376,cust_002765,deposit,successful,219.2,2026-04-24 10:39:34
txn_0009377,cust_002765,deposit,successful,375.88,2026-04-13 17:58:29
txn_0009378,cust_002765,deposit,successful,253.14,2026-06-11 20:19:04
txn_0009379,cust_002768,withdrawal,successful,496.09,2026-05-30 14:00:58
txn_0009380,cust_002768,withdrawal,successful,225.38,2026-06-04 15:00:29
txn_0009381,cust_002768,deposit,successful,130.72,2026-06-26 07:30:26
txn_0009382,cust_002768,deposit,successful,206.32,2026-06-23 08:31:02
txn_0009383,cust_002768,deposit,cancelled,101.08,2026-06-18 12:05:59
txn_0009384,cust_002768,deposit,successful,283.93,2026-06-14 06:19:12
txn_0009385,cust_002768,deposit,successful,228.61,2026-05-29 13:18:48
txn_0009386,cust_002768,deposit,successful,457.46,2026-05-24 00:34:01
txn_0009387,cust_002768,deposit,successful,126.79,2026-06-20 21:14:18
txn_0009388,cust_002768,deposit,refunded,386.03,2026-06-07 14:35:26
txn_0009389,cust_002768,withdrawal,successful,114.7,2026-06-07 23:55:27
txn_0009390,cust_002768,withdrawal,successful,103.92,2026-06-05 14:25:58
txn_0009391,cust_002770,withdrawal,failed,40.46,2026-04-25 01:43:16
txn_0009392,cust_002770,deposit,successful,7.06,2026-05-01 04:13:35
txn_0009393,cust_002770,deposit,successful,76.2,2026-02-26 15:41:36
txn_0009394,cust_002770,deposit,successful,18.46,2026-03-17 14:10:44
txn_0009395,cust_002771,deposit,failed,10.9,2026-03-14 03:14:21
txn_0009396,cust_002771,deposit,successful,17.63,2026-04-29 19:41:57
txn_0009397,cust_002772,withdrawal,successful,441.67,2026-05-20 00:19:12
txn_0009398,cust_002772,withdrawal,successful,230.1,2026-06-15 12:05:35
txn_0009399,cust_002772,deposit,successful,228.88,2026-06-14 06:57:49
txn_0009400,cust_002772,deposit,successful,338.52,2026-06-07 04:04:29
txn_0009401,cust_002772,withdrawal,successful,457.5,2026-03-06 10:37:52
txn_0009402,cust_002772,withdrawal,successful,96.72,2026-02-15 22:18:47
txn_0009403,cust_002772,withdrawal,successful,127.46,2026-04-01 23:26:59
txn_0009404,cust_002772,deposit,pending,288.33,2026-03-05 08:46:53
txn_0009405,cust_002772,deposit,successful,144.67,2026-02-21 17:28:40
txn_0009406,cust_002772,withdrawal,successful,408.05,2026-03-20 15:17:46
txn_0009407,cust_002772,deposit,successful,333.13,2026-03-12 00:31:13
txn_0009408,cust_002772,deposit,successful,229.6,2026-05-22 08:17:19
txn_0009409,cust_002774,deposit,successful,12.86,2026-05-22 14:17:31
txn_0009410,cust_002775,deposit,successful,108.41,2026-05-13 09:19:59
txn_0009411,cust_002775,deposit,failed,75.06,2026-06-13 00:53:59
txn_0009412,cust_002775,deposit,successful,84.83,2026-05-26 23:00:33
txn_0009413,cust_002775,deposit,successful,190.34,2026-03-20 18:08:54
txn_0009414,cust_002775,withdrawal,successful,484.32,2026-04-11 21:31:57
txn_0009415,cust_002775,deposit,successful,168.59,2026-05-24 05:08:49
txn_0009416,cust_002775,deposit,successful,139.28,2026-05-04 11:50:47
txn_0009417,cust_002775,withdrawal,successful,256.28,2026-06-02 11:24:50
txn_0009418,cust_002775,withdrawal,successful,194.62,2026-04-22 22:05:40
txn_0009419,cust_002775,withdrawal,cancelled,477.2,2026-04-29 03:35:33
txn_0009420,cust_002775,deposit,successful,228.65,2026-05-06 06:00:19
txn_0009421,cust_002775,deposit,failed,54.32,2026-05-30 03:11:40
txn_0009422,cust_002775,deposit,successful,442.55,2026-05-22 09:02:24
txn_0009423,cust_002776,deposit,successful,61.45,2026-06-18 13:05:24
txn_0009424,cust_002776,deposit,successful,55.5,2026-06-12 00:51:48
txn_0009425,cust_002776,deposit,successful,10.77,2026-06-08 14:24:08
txn_0009426,cust_002777,deposit,successful,321.25,2026-05-29 12:07:23
txn_0009427,cust_002777,deposit,successful,232.44,2026-04-06 23:40:35
txn_0009428,cust_002777,withdrawal,successful,108.83,2026-04-20 07:38:02
txn_0009429,cust_002777,deposit,successful,161.04,2026-05-29 14:30:05
txn_0009430,cust_002777,deposit,failed,405.79,2026-05-26 03:32:16
txn_0009431,cust_002779,deposit,successful,218.47,2026-06-12 16:06:32
txn_0009432,cust_002779,withdrawal,successful,438.27,2026-06-05 13:00:14
txn_0009433,cust_002779,withdrawal,successful,489.59,2026-06-18 06:22:55
txn_0009434,cust_002779,deposit,successful,274.84,2026-05-24 16:22:55
txn_0009435,cust_002779,deposit,successful,177.19,2026-06-25 04:19:32
txn_0009436,cust_002779,deposit,successful,262.36,2026-06-02 10:37:01
txn_0009437,cust_002779,deposit,successful,208.26,2026-05-29 10:56:17
txn_0009438,cust_002779,deposit,successful,236.59,2026-06-11 21:17:21
txn_0009439,cust_002779,deposit,successful,293.94,2026-05-25 03:29:27
txn_0009440,cust_002779,deposit,successful,201.16,2026-06-13 05:55:59
txn_0009441,cust_002780,deposit,successful,79.91,2026-06-11 02:06:38
txn_0009442,cust_002781,deposit,successful,66.07,2026-06-06 23:36:46
txn_0009443,cust_002781,deposit,failed,16.65,2026-06-03 01:53:22
txn_0009444,cust_002781,deposit,successful,65.13,2026-05-17 22:38:36
txn_0009445,cust_002782,deposit,successful,40.42,2026-06-28 21:09:37
txn_0009446,cust_002783,deposit,successful,48.41,2026-06-17 12:37:37
txn_0009447,cust_002783,deposit,successful,57.75,2026-06-29 13:38:21
txn_0009448,cust_002783,deposit,successful,24.5,2026-06-19 22:54:56
txn_0009449,cust_002783,deposit,successful,50.81,2026-06-15 01:22:40
txn_0009450,cust_002784,deposit,successful,70.41,2026-06-24 20:53:03
txn_0009451,cust_002784,deposit,successful,7.23,2026-06-12 00:26:53
txn_0009452,cust_002784,withdrawal,successful,11.41,2026-06-22 00:05:23
txn_0009453,cust_002785,withdrawal,successful,12.86,2026-06-21 09:16:14
txn_0009454,cust_002785,deposit,successful,54.86,2026-05-31 15:44:15
txn_0009455,cust_002785,deposit,successful,49.98,2026-05-29 11:53:55
txn_0009456,cust_002785,deposit,successful,51.87,2026-05-28 22:37:03
txn_0009457,cust_002786,withdrawal,successful,497.87,2026-06-19 18:41:52
txn_0009458,cust_002786,deposit,successful,133.56,2026-06-19 12:59:54
txn_0009459,cust_002786,withdrawal,successful,269.84,2026-06-22 17:30:38
txn_0009460,cust_002786,deposit,failed,367.73,2026-06-26 15:03:26
txn_0009461,cust_002786,withdrawal,successful,410.21,2026-06-19 05:40:58
txn_0009462,cust_002786,deposit,successful,72.58,2026-06-21 21:13:54
txn_0009463,cust_002786,withdrawal,successful,134.42,2026-06-25 00:29:28
txn_0009464,cust_002786,deposit,successful,249.17,2026-06-29 00:21:27
txn_0009465,cust_002786,withdrawal,cancelled,227.58,2026-06-26 01:43:29
txn_0009466,cust_002786,deposit,successful,80.82,2026-06-27 11:35:18
txn_0009467,cust_002787,withdrawal,successful,424.96,2026-05-30 18:07:58
txn_0009468,cust_002787,deposit,successful,139.68,2026-05-23 19:40:39
txn_0009469,cust_002787,withdrawal,successful,477.2,2026-05-02 10:50:33
txn_0009470,cust_002787,deposit,successful,429.73,2026-06-02 10:17:33
txn_0009471,cust_002787,deposit,pending,458.04,2026-05-31 14:17:44
txn_0009472,cust_002787,deposit,failed,280.42,2026-05-11 01:52:30
txn_0009473,cust_002787,deposit,successful,254.06,2026-05-02 08:53:54
txn_0009474,cust_002787,deposit,pending,369.42,2026-06-27 14:22:27
txn_0009475,cust_002787,withdrawal,successful,466.89,2026-06-03 00:03:41
txn_0009476,cust_002787,deposit,successful,244.68,2026-05-23 02:22:27
txn_0009477,cust_002787,withdrawal,pending,498.6,2026-06-04 00:46:09
txn_0009478,cust_002787,withdrawal,successful,447.01,2026-06-15 11:30:44
txn_0009479,cust_002787,deposit,successful,209.84,2026-06-06 00:24:49
txn_0009480,cust_002787,deposit,cancelled,473.7,2026-05-09 07:17:36
txn_0009481,cust_002787,deposit,successful,313.39,2026-06-11 01:05:52
txn_0009482,cust_002788,withdrawal,successful,33.37,2026-03-25 07:32:18
txn_0009483,cust_002789,deposit,successful,64.9,2026-06-11 23:30:50
txn_0009484,cust_002789,deposit,successful,38.77,2026-02-23 12:49:58
txn_0009485,cust_002789,deposit,successful,23.9,2026-05-21 00:25:05
txn_0009486,cust_002789,deposit,successful,36.36,2026-06-23 08:34:21
txn_0009487,cust_002790,deposit,successful,62.3,2026-06-14 18:51:43
txn_0009488,cust_002790,withdrawal,successful,15.88,2026-05-31 19:00:15
txn_0009489,cust_002790,deposit,successful,77.53,2026-05-29 08:50:49
txn_0009490,cust_002791,deposit,successful,19.38,2026-05-06 02:58:26
txn_0009491,cust_002791,withdrawal,successful,48.23,2026-06-14 12:34:00
txn_0009492,cust_002791,deposit,successful,12.8,2026-03-13 14:43:13
txn_0009493,cust_002791,deposit,successful,49.32,2026-03-08 07:16:49
txn_0009494,cust_002792,deposit,successful,6.11,2026-06-19 20:53:55
txn_0009495,cust_002792,deposit,successful,12.58,2026-06-27 00:11:52
txn_0009496,cust_002792,deposit,successful,11.57,2026-06-19 15:53:09
txn_0009497,cust_002792,deposit,cancelled,78.85,2026-06-13 19:03:48
txn_0009498,cust_002794,withdrawal,pending,50.41,2026-02-22 02:48:04
txn_0009499,cust_002794,withdrawal,successful,22.27,2026-04-21 22:16:12
txn_0009500,cust_002794,deposit,successful,38.47,2026-03-29 17:14:33
txn_0009501,cust_002795,deposit,successful,159.4,2026-06-07 06:02:20
txn_0009502,cust_002795,deposit,successful,195.64,2026-06-05 01:50:25
txn_0009503,cust_002795,deposit,successful,307.15,2026-06-23 10:24:02
txn_0009504,cust_002795,deposit,successful,229.13,2026-05-29 13:59:18
txn_0009505,cust_002795,deposit,successful,316.34,2026-06-28 07:26:32
txn_0009506,cust_002795,deposit,successful,359.49,2026-06-23 18:01:37
txn_0009507,cust_002795,deposit,successful,205.96,2026-06-11 17:45:58
txn_0009508,cust_002796,withdrawal,successful,78.51,2026-06-19 08:12:47
txn_0009509,cust_002796,deposit,successful,77.89,2026-05-16 20:28:09
txn_0009510,cust_002796,deposit,failed,49.77,2026-04-03 23:03:00
txn_0009511,cust_002796,deposit,successful,23.66,2026-04-09 13:45:41
txn_0009512,cust_002797,deposit,successful,77.48,2026-04-14 10:46:11
txn_0009513,cust_002798,deposit,successful,26.81,2026-06-18 10:30:00
txn_0009514,cust_002798,deposit,successful,66.95,2026-04-28 08:53:58
txn_0009515,cust_002798,deposit,successful,56.15,2026-05-02 21:37:09
txn_0009516,cust_002799,deposit,successful,40.22,2026-04-24 06:49:38
txn_0009517,cust_002800,withdrawal,successful,36.32,2026-06-22 01:10:58
txn_0009518,cust_002800,deposit,successful,65.34,2026-06-24 21:42:46
txn_0009519,cust_002800,deposit,successful,66.15,2026-06-28 09:58:47
txn_0009520,cust_002801,deposit,successful,62.72,2026-06-13 08:52:59
txn_0009521,cust_002801,withdrawal,successful,78.95,2026-05-27 07:57:52
txn_0009522,cust_002801,deposit,successful,37.25,2026-06-06 20:20:16
txn_0009523,cust_002803,deposit,failed,449.99,2026-05-20 05:00:48
txn_0009524,cust_002803,deposit,successful,191.08,2026-06-03 19:42:24
txn_0009525,cust_002803,deposit,failed,271.13,2026-04-27 01:39:11
txn_0009526,cust_002803,deposit,successful,323.39,2026-03-30 17:21:24
txn_0009527,cust_002803,deposit,successful,444.66,2026-04-24 21:59:58
txn_0009528,cust_002803,withdrawal,successful,167.22,2026-03-08 05:38:31
txn_0009529,cust_002803,deposit,successful,367.7,2026-05-04 06:36:49
txn_0009530,cust_002803,deposit,successful,71.99,2026-04-29 18:55:42
txn_0009531,cust_002803,deposit,successful,264.54,2026-05-20 12:34:29
txn_0009532,cust_002803,deposit,successful,311.84,2026-03-19 03:34:45
txn_0009533,cust_002803,deposit,successful,327.43,2026-03-20 00:03:00
txn_0009534,cust_002803,deposit,successful,148.13,2026-03-18 22:01:09
txn_0009535,cust_002803,deposit,successful,390.08,2026-06-14 11:13:02
txn_0009536,cust_002804,withdrawal,successful,51.33,2026-06-19 14:32:51
txn_0009537,cust_002805,deposit,successful,69.47,2026-06-26 19:20:05
txn_0009538,cust_002806,deposit,successful,352.01,2026-06-14 15:36:17
txn_0009539,cust_002806,withdrawal,successful,258.46,2026-05-30 18:22:17
txn_0009540,cust_002806,withdrawal,successful,212.89,2026-05-12 11:14:28
txn_0009541,cust_002806,deposit,successful,309.01,2026-06-09 16:16:04
txn_0009542,cust_002806,deposit,successful,494.71,2026-06-17 11:15:54
txn_0009543,cust_002806,deposit,successful,239.42,2026-03-12 02:06:59
txn_0009544,cust_002806,deposit,successful,257.66,2026-02-16 22:02:24
txn_0009545,cust_002806,withdrawal,successful,437.55,2026-04-15 00:35:10
txn_0009546,cust_002806,withdrawal,successful,199.78,2026-06-29 01:39:48
txn_0009547,cust_002806,deposit,successful,413.05,2026-04-14 17:04:19
txn_0009548,cust_002806,withdrawal,successful,201.6,2026-06-01 11:40:16
txn_0009549,cust_002806,deposit,successful,292.15,2026-03-25 04:47:16
txn_0009550,cust_002806,deposit,successful,308.18,2026-05-30 19:36:47
txn_0009551,cust_002806,deposit,successful,196.37,2026-04-07 18:20:26
txn_0009552,cust_002807,withdrawal,successful,57.56,2026-06-08 22:06:52
txn_0009553,cust_002807,withdrawal,successful,11.39,2026-06-09 15:32:54
txn_0009554,cust_002807,deposit,successful,16.92,2026-06-11 18:46:36
txn_0009555,cust_002807,deposit,successful,48.48,2026-05-31 14:39:05
txn_0009556,cust_002808,withdrawal,successful,46.27,2026-04-17 16:35:21
txn_0009557,cust_002808,withdrawal,successful,28.19,2026-03-27 09:45:49
txn_0009558,cust_002809,withdrawal,successful,79.39,2026-06-03 08:11:08
txn_0009559,cust_002809,deposit,failed,74.07,2026-04-22 20:01:01
txn_0009560,cust_002809,deposit,pending,8.75,2026-04-18 22:42:11
txn_0009561,cust_002810,deposit,successful,65.89,2026-06-17 17:58:13
txn_0009562,cust_002810,deposit,successful,48.71,2026-02-27 02:09:23
txn_0009563,cust_002810,deposit,successful,51.61,2026-03-18 02:50:45
txn_0009564,cust_002811,deposit,successful,76.3,2026-05-15 11:10:44
txn_0009565,cust_002813,deposit,successful,58.41,2026-03-10 23:31:14
txn_0009566,cust_002813,deposit,successful,47.27,2026-03-17 16:45:08
txn_0009567,cust_002814,deposit,successful,61.78,2026-04-14 13:08:59
txn_0009568,cust_002814,deposit,successful,48.89,2026-04-23 09:53:04
txn_0009569,cust_002816,deposit,successful,24.25,2026-05-30 20:04:57
txn_0009570,cust_002816,deposit,successful,51.27,2026-05-05 03:14:20
txn_0009571,cust_002817,deposit,successful,14.49,2026-05-22 12:38:08
txn_0009572,cust_002817,withdrawal,successful,23.93,2026-03-26 10:05:26
txn_0009573,cust_002818,deposit,failed,62.75,2026-05-20 08:42:29
txn_0009574,cust_002818,withdrawal,successful,26.27,2026-02-27 23:48:00
txn_0009575,cust_002818,deposit,failed,66.75,2026-02-13 22:06:18
txn_0009576,cust_002819,withdrawal,successful,71.32,2026-06-10 20:37:02
txn_0009577,cust_002819,deposit,successful,20.54,2026-05-16 01:58:02
txn_0009578,cust_002819,deposit,successful,46.94,2026-05-17 03:39:24
txn_0009579,cust_002819,deposit,successful,36.67,2026-05-23 09:48:58
txn_0009580,cust_002820,deposit,successful,65.34,2026-06-01 12:42:31
txn_0009581,cust_002820,deposit,failed,70.58,2026-05-30 14:25:54
txn_0009582,cust_002821,deposit,successful,60.45,2026-06-21 23:44:51
txn_0009583,cust_002821,deposit,failed,58.87,2026-05-14 06:49:24
txn_0009584,cust_002821,deposit,failed,76.78,2026-03-28 05:56:02
txn_0009585,cust_002822,withdrawal,successful,46.03,2026-04-18 18:43:12
txn_0009586,cust_002822,deposit,successful,51.92,2026-04-17 16:43:10
txn_0009587,cust_002822,withdrawal,successful,55.29,2026-05-15 04:14:07
txn_0009588,cust_002823,deposit,failed,482.71,2026-04-15 00:46:45
txn_0009589,cust_002823,deposit,successful,496.13,2026-06-11 13:50:24
txn_0009590,cust_002823,withdrawal,successful,347.64,2026-03-30 11:55:26
txn_0009591,cust_002823,withdrawal,failed,119.41,2026-03-25 19:05:48
txn_0009592,cust_002823,withdrawal,successful,449.3,2026-04-29 19:07:19
txn_0009593,cust_002823,deposit,successful,396.66,2026-03-15 05:13:04
txn_0009594,cust_002823,withdrawal,successful,252.38,2026-05-22 02:30:45
txn_0009595,cust_002823,deposit,successful,240.39,2026-05-22 11:02:19
txn_0009596,cust_002823,deposit,successful,322.58,2026-03-27 11:55:55
txn_0009597,cust_002823,deposit,successful,362.28,2026-06-09 15:28:37
txn_0009598,cust_002823,withdrawal,successful,123.14,2026-05-29 03:32:26
txn_0009599,cust_002823,deposit,successful,275.99,2026-04-27 23:03:46
txn_0009600,cust_002824,deposit,successful,81.64,2026-04-01 18:48:16
txn_0009601,cust_002824,deposit,successful,194.35,2026-04-08 17:57:51
txn_0009602,cust_002824,deposit,successful,344.7,2026-02-21 13:50:28
txn_0009603,cust_002825,deposit,successful,284.54,2026-06-26 20:09:42
txn_0009604,cust_002825,withdrawal,successful,156.0,2026-06-28 01:30:53
txn_0009605,cust_002825,withdrawal,successful,61.05,2026-06-26 13:03:12
txn_0009606,cust_002825,deposit,successful,145.88,2026-06-27 08:03:57
txn_0009607,cust_002825,withdrawal,successful,419.02,2026-06-27 22:35:51
txn_0009608,cust_002825,deposit,successful,436.6,2026-06-26 07:38:27
txn_0009609,cust_002825,deposit,successful,284.51,2026-06-28 08:58:26
txn_0009610,cust_002825,deposit,successful,212.99,2026-06-29 09:10:06
txn_0009611,cust_002825,deposit,failed,62.25,2026-06-27 02:34:00
txn_0009612,cust_002825,withdrawal,failed,364.72,2026-06-29 20:24:01
txn_0009613,cust_002826,withdrawal,successful,28.26,2026-06-23 11:17:09
txn_0009614,cust_002826,deposit,successful,41.85,2026-06-14 12:36:47
txn_0009615,cust_002828,withdrawal,successful,64.89,2026-02-01 08:37:39
txn_0009616,cust_002828,deposit,successful,6.04,2026-04-12 12:49:28
txn_0009617,cust_002830,deposit,successful,29.62,2026-06-06 14:20:30
txn_0009618,cust_002830,deposit,failed,61.12,2026-04-27 18:24:06
txn_0009619,cust_002830,deposit,pending,23.08,2026-06-20 20:11:44
txn_0009620,cust_002831,deposit,successful,5.47,2026-06-17 06:29:46
txn_0009621,cust_002832,deposit,successful,41.51,2026-06-24 01:32:32
txn_0009622,cust_002833,deposit,successful,71.1,2026-06-13 02:21:53
txn_0009623,cust_002834,withdrawal,successful,79.52,2026-04-01 10:40:53
txn_0009624,cust_002834,deposit,successful,21.1,2026-04-21 18:05:21
txn_0009625,cust_002834,withdrawal,failed,50.54,2026-06-25 02:07:36
txn_0009626,cust_002835,withdrawal,successful,57.65,2026-06-22 12:32:24
txn_0009627,cust_002836,deposit,successful,224.21,2026-06-27 16:02:51
txn_0009628,cust_002836,deposit,successful,103.14,2026-06-13 11:03:17
txn_0009629,cust_002836,deposit,successful,94.39,2026-06-12 18:51:18
txn_0009630,cust_002836,deposit,refunded,302.77,2026-06-21 21:00:24
txn_0009631,cust_002837,deposit,refunded,34.83,2026-05-15 01:15:01
txn_0009632,cust_002837,deposit,failed,68.37,2026-05-10 08:03:21
txn_0009633,cust_002837,deposit,successful,27.8,2026-06-26 01:34:28
txn_0009634,cust_002838,withdrawal,successful,73.89,2026-06-04 16:38:58
txn_0009635,cust_002838,withdrawal,failed,61.65,2026-05-27 12:19:18
txn_0009636,cust_002838,withdrawal,failed,18.15,2026-06-26 22:46:32
txn_0009637,cust_002839,deposit,successful,209.25,2026-06-10 15:41:32
txn_0009638,cust_002839,deposit,failed,246.64,2026-06-08 15:29:47
txn_0009639,cust_002839,deposit,successful,354.64,2026-05-05 18:29:33
txn_0009640,cust_002839,withdrawal,refunded,302.33,2026-03-26 20:06:33
txn_0009641,cust_002839,deposit,successful,228.34,2026-03-14 03:32:06
txn_0009642,cust_002839,withdrawal,successful,465.52,2026-05-23 07:19:14
txn_0009643,cust_002839,deposit,successful,313.65,2026-05-15 15:13:41
txn_0009644,cust_002839,deposit,successful,235.77,2026-05-07 08:19:48
txn_0009645,cust_002839,deposit,successful,241.14,2026-04-05 04:10:44
txn_0009646,cust_002839,deposit,successful,70.87,2026-05-12 08:15:11
txn_0009647,cust_002839,deposit,successful,359.89,2026-05-01 03:19:28
txn_0009648,cust_002839,deposit,successful,149.17,2026-05-18 16:19:18
txn_0009649,cust_002839,deposit,successful,277.04,2026-04-08 15:21:32
txn_0009650,cust_002839,deposit,successful,114.0,2026-05-24 01:49:46
txn_0009651,cust_002839,deposit,successful,62.42,2026-04-04 14:31:13
txn_0009652,cust_002840,withdrawal,successful,18.83,2026-05-07 16:05:41
txn_0009653,cust_002842,deposit,successful,417.66,2026-05-29 09:28:48
txn_0009654,cust_002842,withdrawal,successful,222.01,2026-06-21 14:59:32
txn_0009655,cust_002842,deposit,refunded,271.67,2026-06-29 04:33:31
txn_0009656,cust_002842,deposit,successful,449.09,2026-04-12 07:31:08
txn_0009657,cust_002842,deposit,successful,433.85,2026-05-30 07:03:33
txn_0009658,cust_002844,deposit,successful,49.8,2026-06-18 16:00:54
txn_0009659,cust_002845,deposit,successful,319.23,2026-05-04 19:12:47
txn_0009660,cust_002845,withdrawal,successful,453.9,2026-02-28 10:04:13
txn_0009661,cust_002845,deposit,successful,438.66,2026-04-23 03:12:27
txn_0009662,cust_002845,deposit,successful,321.33,2026-06-27 07:58:24
txn_0009663,cust_002845,deposit,successful,315.68,2026-04-10 03:07:29
txn_0009664,cust_002845,deposit,successful,340.31,2026-06-12 22:16:10
txn_0009665,cust_002845,deposit,successful,297.56,2026-02-10 22:01:01
txn_0009666,cust_002845,deposit,successful,108.39,2026-01-31 08:56:54
txn_0009667,cust_002845,deposit,successful,296.69,2026-01-28 18:22:57
txn_0009668,cust_002845,withdrawal,successful,255.88,2026-05-07 16:27:58
txn_0009669,cust_002845,deposit,successful,452.16,2026-03-12 18:07:35
txn_0009670,cust_002845,deposit,successful,304.04,2026-01-20 22:37:54
txn_0009671,cust_002845,deposit,successful,191.53,2026-01-26 10:43:11
txn_0009672,cust_002845,withdrawal,successful,195.0,2026-06-10 21:33:22
txn_0009673,cust_002845,deposit,successful,328.3,2026-02-04 19:18:41
txn_0009674,cust_002846,deposit,successful,7.1,2026-01-27 23:03:33
txn_0009675,cust_002846,deposit,failed,63.24,2026-03-28 06:27:27
txn_0009676,cust_002847,deposit,successful,50.03,2026-06-16 16:19:24
txn_0009677,cust_002847,deposit,successful,27.48,2026-06-25 09:09:00
txn_0009678,cust_002848,deposit,successful,444.39,2026-03-27 10:31:11
txn_0009679,cust_002848,deposit,successful,194.24,2026-05-28 01:03:52
txn_0009680,cust_002848,deposit,successful,249.32,2026-06-24 06:05:21
txn_0009681,cust_002848,deposit,failed,189.87,2026-05-21 11:32:30
txn_0009682,cust_002848,deposit,successful,308.19,2026-03-19 08:25:33
txn_0009683,cust_002848,withdrawal,successful,491.62,2026-06-08 11:08:11
txn_0009684,cust_002848,deposit,successful,345.82,2026-05-22 14:36:42
txn_0009685,cust_002849,deposit,successful,73.11,2026-05-05 23:57:03
txn_0009686,cust_002849,withdrawal,successful,62.03,2026-05-17 12:15:30
txn_0009687,cust_002849,withdrawal,successful,24.69,2026-06-18 14:53:37
txn_0009688,cust_002850,withdrawal,successful,78.37,2026-06-14 04:52:00
txn_0009689,cust_002850,deposit,successful,45.36,2026-06-16 16:39:44
txn_0009690,cust_002850,deposit,successful,56.99,2026-06-01 23:45:21
txn_0009691,cust_002850,withdrawal,successful,36.19,2026-06-05 14:59:33
txn_0009692,cust_002851,deposit,successful,303.51,2026-04-10 11:18:07
txn_0009693,cust_002851,deposit,successful,245.73,2026-01-30 13:23:41
txn_0009694,cust_002851,deposit,successful,273.8,2026-02-28 14:00:31
txn_0009695,cust_002851,withdrawal,successful,151.39,2026-06-12 04:29:13
txn_0009696,cust_002851,withdrawal,successful,465.3,2026-01-30 06:24:47
txn_0009697,cust_002851,deposit,successful,368.81,2026-05-18 20:37:16
txn_0009698,cust_002851,deposit,successful,261.2,2026-06-25 16:15:58
txn_0009699,cust_002851,withdrawal,successful,303.11,2026-03-03 19:14:25
txn_0009700,cust_002852,deposit,successful,40.75,2026-04-16 20:33:37
txn_0009701,cust_002853,deposit,successful,56.95,2026-06-25 18:01:44
txn_0009702,cust_002853,deposit,successful,71.79,2026-06-19 23:43:42
txn_0009703,cust_002855,withdrawal,successful,11.64,2026-06-21 02:03:12
txn_0009704,cust_002855,deposit,successful,14.0,2026-05-10 11:40:17
txn_0009705,cust_002855,withdrawal,successful,70.81,2026-06-02 15:10:08
txn_0009706,cust_002855,deposit,successful,24.95,2026-05-11 02:28:53
txn_0009707,cust_002856,withdrawal,successful,55.19,2026-02-17 10:01:50
txn_0009708,cust_002856,deposit,successful,41.73,2026-03-15 01:39:31
txn_0009709,cust_002856,deposit,successful,23.43,2026-04-02 14:25:52
txn_0009710,cust_002857,deposit,successful,8.07,2026-05-13 10:01:28
txn_0009711,cust_002857,deposit,successful,76.06,2026-05-19 02:02:07
txn_0009712,cust_002857,deposit,successful,75.37,2026-04-16 13:04:33
txn_0009713,cust_002857,deposit,successful,43.93,2026-03-03 17:52:04
txn_0009714,cust_002858,deposit,successful,50.28,2026-05-23 10:44:25
txn_0009715,cust_002858,withdrawal,successful,12.36,2026-06-14 06:31:25
txn_0009716,cust_002859,deposit,successful,65.23,2026-06-11 16:54:02
txn_0009717,cust_002859,deposit,successful,55.15,2026-06-12 10:16:23
txn_0009718,cust_002859,withdrawal,successful,6.11,2026-06-09 09:56:11
txn_0009719,cust_002860,deposit,successful,123.83,2026-04-21 05:11:48
txn_0009720,cust_002860,deposit,successful,367.93,2026-03-03 11:42:52
txn_0009721,cust_002860,withdrawal,successful,433.33,2026-04-07 07:57:04
txn_0009722,cust_002860,deposit,successful,354.18,2026-05-29 13:47:33
txn_0009723,cust_002860,deposit,successful,427.83,2026-03-06 12:15:33
txn_0009724,cust_002860,withdrawal,successful,199.44,2026-03-28 02:53:53
txn_0009725,cust_002860,withdrawal,successful,150.33,2026-04-07 08:19:56
txn_0009726,cust_002860,deposit,successful,233.83,2026-04-09 04:11:29
txn_0009727,cust_002860,deposit,successful,332.68,2026-03-10 20:44:18
txn_0009728,cust_002860,deposit,cancelled,327.32,2026-05-28 11:17:33
txn_0009729,cust_002860,deposit,refunded,129.06,2026-05-12 10:59:05
txn_0009730,cust_002861,deposit,successful,74.09,2026-06-18 13:01:52
txn_0009731,cust_002861,deposit,successful,420.55,2026-04-28 06:27:38
txn_0009732,cust_002861,deposit,successful,219.87,2026-06-20 17:34:33
txn_0009733,cust_002862,withdrawal,successful,224.99,2026-05-31 16:31:22
txn_0009734,cust_002862,deposit,successful,449.89,2026-06-03 19:26:53
txn_0009735,cust_002862,deposit,failed,97.19,2026-05-20 17:58:27
txn_0009736,cust_002862,deposit,cancelled,293.8,2026-06-16 14:25:06
txn_0009737,cust_002862,deposit,successful,62.18,2026-06-11 16:09:20
txn_0009738,cust_002862,deposit,successful,278.93,2026-06-07 16:48:03
txn_0009739,cust_002862,withdrawal,successful,172.21,2026-06-14 13:28:26
txn_0009740,cust_002862,deposit,successful,113.36,2026-06-22 15:21:31
txn_0009741,cust_002864,withdrawal,cancelled,23.8,2026-04-30 01:12:56
txn_0009742,cust_002864,withdrawal,successful,13.08,2026-06-05 19:50:47
txn_0009743,cust_002865,withdrawal,successful,49.01,2026-04-04 22:18:58
txn_0009744,cust_002865,deposit,successful,12.57,2026-04-18 05:13:51
txn_0009745,cust_002865,deposit,successful,57.03,2026-05-06 16:20:44
txn_0009746,cust_002865,deposit,successful,64.87,2026-02-27 05:55:54
txn_0009747,cust_002866,deposit,successful,61.72,2026-06-02 08:18:50
txn_0009748,cust_002867,deposit,successful,28.85,2026-06-02 09:27:29
txn_0009749,cust_002867,deposit,cancelled,72.13,2026-05-26 03:11:51
txn_0009750,cust_002868,deposit,successful,46.86,2026-06-27 01:42:14
txn_0009751,cust_002868,withdrawal,successful,12.34,2026-06-10 22:20:04
txn_0009752,cust_002868,deposit,successful,76.13,2026-06-11 23:23:10
txn_0009753,cust_002869,deposit,cancelled,269.45,2026-05-04 16:22:01
txn_0009754,cust_002869,withdrawal,successful,382.02,2026-06-17 16:36:00
txn_0009755,cust_002869,deposit,cancelled,123.45,2026-04-22 10:33:26
txn_0009756,cust_002869,withdrawal,successful,372.46,2026-03-24 06:59:25
txn_0009757,cust_002869,deposit,successful,390.77,2026-05-16 09:50:47
txn_0009758,cust_002869,withdrawal,successful,153.31,2026-04-28 00:51:13
txn_0009759,cust_002869,deposit,successful,69.61,2026-04-21 09:31:08
txn_0009760,cust_002869,withdrawal,successful,205.49,2026-06-25 19:01:13
txn_0009761,cust_002869,deposit,successful,435.15,2026-04-03 02:08:27
txn_0009762,cust_002869,deposit,refunded,472.1,2026-06-27 01:30:16
txn_0009763,cust_002869,deposit,successful,93.64,2026-04-23 22:23:23
txn_0009764,cust_002869,deposit,successful,485.45,2026-04-29 17:41:16
txn_0009765,cust_002870,withdrawal,refunded,63.92,2026-06-12 11:59:05
txn_0009766,cust_002870,deposit,successful,76.06,2026-02-10 21:32:22
txn_0009767,cust_002870,withdrawal,successful,62.44,2026-06-09 16:47:54
txn_0009768,cust_002870,withdrawal,successful,44.25,2026-04-29 02:45:02
txn_0009769,cust_002871,deposit,successful,77.99,2026-06-25 12:31:46
txn_0009770,cust_002871,deposit,successful,64.93,2026-06-15 10:05:08
txn_0009771,cust_002871,withdrawal,successful,14.01,2026-06-26 15:01:00
txn_0009772,cust_002871,withdrawal,successful,26.4,2026-06-18 16:59:01
txn_0009773,cust_002872,withdrawal,successful,20.04,2026-05-22 05:00:58
txn_0009774,cust_002872,deposit,successful,78.65,2026-06-25 08:38:10
txn_0009775,cust_002873,deposit,successful,177.71,2026-04-29 05:06:33
txn_0009776,cust_002873,deposit,successful,318.11,2026-06-24 15:05:31
txn_0009777,cust_002873,withdrawal,successful,422.89,2026-04-15 21:38:27
txn_0009778,cust_002873,deposit,successful,133.36,2026-05-01 22:38:28
txn_0009779,cust_002873,withdrawal,successful,487.02,2026-06-10 20:11:32
txn_0009780,cust_002873,deposit,successful,325.81,2026-04-13 08:54:02
txn_0009781,cust_002874,deposit,successful,13.37,2026-03-28 16:26:39
txn_0009782,cust_002874,deposit,successful,22.06,2026-06-18 19:37:49
txn_0009783,cust_002874,withdrawal,successful,42.35,2026-06-22 02:51:23
txn_0009784,cust_002875,deposit,successful,22.93,2026-06-01 19:26:16
txn_0009785,cust_002875,deposit,failed,13.91,2026-05-31 04:19:17
txn_0009786,cust_002875,deposit,successful,32.44,2026-04-30 05:10:34
txn_0009787,cust_002876,withdrawal,successful,75.09,2026-05-01 19:44:52
txn_0009788,cust_002876,deposit,successful,68.86,2026-04-06 21:25:30
txn_0009789,cust_002876,withdrawal,cancelled,18.44,2026-06-14 23:22:14
txn_0009790,cust_002876,deposit,cancelled,53.86,2026-04-04 11:35:39
txn_0009791,cust_002877,deposit,successful,47.79,2026-06-15 07:38:18
txn_0009792,cust_002877,deposit,successful,66.21,2026-06-09 11:30:17
txn_0009793,cust_002877,deposit,successful,63.07,2026-06-28 16:05:11
txn_0009794,cust_002878,deposit,failed,36.97,2026-05-19 04:21:44
txn_0009795,cust_002878,deposit,successful,12.99,2026-06-28 04:57:11
txn_0009796,cust_002879,withdrawal,successful,78.01,2026-04-16 14:59:39
txn_0009797,cust_002879,deposit,successful,9.43,2026-05-04 16:50:38
txn_0009798,cust_002881,deposit,successful,202.78,2026-04-17 08:40:04
txn_0009799,cust_002881,deposit,successful,58.71,2026-04-07 06:21:49
txn_0009800,cust_002881,withdrawal,successful,206.97,2026-05-26 04:20:03
txn_0009801,cust_002881,deposit,successful,469.07,2026-06-18 14:34:01
txn_0009802,cust_002881,withdrawal,pending,171.56,2026-05-27 06:32:30
txn_0009803,cust_002881,deposit,successful,407.37,2026-06-22 07:50:49
txn_0009804,cust_002881,deposit,successful,459.4,2026-06-20 20:37:48
txn_0009805,cust_002881,withdrawal,successful,437.44,2026-04-26 00:38:56
txn_0009806,cust_002881,deposit,successful,412.22,2026-05-31 12:01:33
txn_0009807,cust_002882,deposit,successful,77.91,2026-06-27 00:55:29
txn_0009808,cust_002883,withdrawal,successful,54.78,2026-06-13 16:24:47
txn_0009809,cust_002884,deposit,successful,8.95,2026-03-24 18:48:12
txn_0009810,cust_002886,deposit,successful,33.77,2026-06-01 19:10:30
txn_0009811,cust_002886,deposit,cancelled,55.74,2026-06-08 11:12:20
txn_0009812,cust_002887,withdrawal,successful,29.45,2026-02-19 00:23:01
txn_0009813,cust_002887,withdrawal,successful,76.53,2026-03-25 08:58:42
txn_0009814,cust_002887,withdrawal,successful,33.2,2026-04-24 23:39:40
txn_0009815,cust_002887,deposit,successful,27.27,2026-02-05 21:52:51
txn_0009816,cust_002889,deposit,successful,30.37,2026-05-28 17:39:30
txn_0009817,cust_002890,deposit,successful,67.48,2026-02-12 18:55:31
txn_0009818,cust_002890,deposit,successful,37.77,2026-03-03 15:21:26
txn_0009819,cust_002891,deposit,successful,234.2,2026-06-13 02:59:34
txn_0009820,cust_002891,deposit,successful,186.86,2026-06-28 22:23:57
txn_0009821,cust_002891,deposit,successful,497.77,2026-06-22 06:22:32
txn_0009822,cust_002891,withdrawal,successful,182.41,2026-06-11 22:23:39
txn_0009823,cust_002891,deposit,pending,318.82,2026-06-22 11:27:20
txn_0009824,cust_002892,deposit,successful,26.67,2026-06-06 13:21:23
txn_0009825,cust_002893,deposit,refunded,41.17,2026-02-24 13:08:06
txn_0009826,cust_002893,deposit,successful,74.52,2026-05-18 04:30:56
txn_0009827,cust_002894,withdrawal,successful,51.68,2026-06-23 08:07:13
txn_0009828,cust_002894,deposit,successful,37.11,2026-04-06 01:46:23
txn_0009829,cust_002895,deposit,successful,449.59,2026-05-05 13:05:25
txn_0009830,cust_002895,deposit,successful,93.14,2026-04-07 20:23:56
txn_0009831,cust_002895,deposit,successful,175.98,2026-05-21 17:44:55
txn_0009832,cust_002895,deposit,successful,60.31,2026-05-27 10:29:43
txn_0009833,cust_002895,withdrawal,successful,324.98,2026-06-19 08:30:17
txn_0009834,cust_002895,deposit,successful,426.98,2026-06-09 18:11:59
txn_0009835,cust_002895,deposit,successful,202.28,2026-05-06 18:57:41
txn_0009836,cust_002895,deposit,refunded,493.72,2026-05-28 09:48:04
txn_0009837,cust_002896,deposit,successful,29.05,2026-06-03 07:50:57
txn_0009838,cust_002896,withdrawal,successful,48.08,2026-06-21 14:07:54
txn_0009839,cust_002896,deposit,failed,14.97,2026-06-03 05:42:25
txn_0009840,cust_002897,deposit,successful,78.76,2026-06-02 21:53:42
txn_0009841,cust_002897,deposit,successful,33.84,2026-04-21 16:19:01
txn_0009842,cust_002897,deposit,successful,43.63,2026-05-10 04:25:27
txn_0009843,cust_002897,deposit,successful,44.6,2026-06-05 05:37:28
txn_0009844,cust_002898,withdrawal,failed,69.64,2026-06-20 17:30:18
txn_0009845,cust_002898,withdrawal,successful,74.48,2026-06-16 17:17:50
txn_0009846,cust_002898,deposit,successful,13.02,2026-06-19 16:04:31
txn_0009847,cust_002899,withdrawal,failed,44.18,2026-06-23 15:07:49
txn_0009848,cust_002899,deposit,refunded,32.98,2026-06-06 09:25:50
txn_0009849,cust_002899,withdrawal,successful,55.95,2026-06-02 14:20:22
txn_0009850,cust_002900,deposit,successful,10.33,2026-06-06 15:50:58
txn_0009851,cust_002900,deposit,successful,16.57,2026-06-28 05:30:09
txn_0009852,cust_002900,deposit,successful,6.52,2026-03-25 11:40:17
txn_0009853,cust_002901,deposit,successful,32.61,2026-06-05 18:55:42
txn_0009854,cust_002901,withdrawal,successful,10.53,2026-03-05 18:46:14
txn_0009855,cust_002901,deposit,successful,38.93,2026-03-12 03:08:47
txn_0009856,cust_002901,deposit,successful,47.2,2026-01-11 01:41:00
txn_0009857,cust_002903,deposit,successful,190.29,2026-03-22 00:33:27
txn_0009858,cust_002903,deposit,successful,329.8,2026-02-15 00:56:50
txn_0009859,cust_002903,deposit,successful,180.04,2026-06-01 11:32:03
txn_0009860,cust_002903,withdrawal,successful,197.65,2026-04-30 17:51:31
txn_0009861,cust_002904,withdrawal,successful,58.19,2026-04-21 20:15:51
txn_0009862,cust_002905,withdrawal,successful,7.99,2026-03-29 16:26:04
txn_0009863,cust_002905,withdrawal,refunded,71.35,2026-03-14 19:35:30
txn_0009864,cust_002905,deposit,successful,7.1,2026-05-11 02:06:46
txn_0009865,cust_002905,deposit,successful,67.51,2026-04-27 00:33:48
txn_0009866,cust_002906,deposit,pending,57.35,2026-06-16 06:48:33
txn_0009867,cust_002906,withdrawal,successful,78.1,2026-02-01 12:01:47
txn_0009868,cust_002906,deposit,successful,30.88,2026-04-08 21:10:52
txn_0009869,cust_002907,withdrawal,successful,69.41,2026-04-18 04:30:58
txn_0009870,cust_002907,deposit,successful,416.7,2026-06-12 06:50:36
txn_0009871,cust_002907,deposit,successful,360.07,2026-06-06 17:03:41
txn_0009872,cust_002908,deposit,successful,52.23,2026-05-12 22:09:33
txn_0009873,cust_002909,deposit,successful,294.88,2026-02-11 20:30:05
txn_0009874,cust_002909,withdrawal,successful,403.9,2026-04-04 18:36:25
txn_0009875,cust_002909,deposit,successful,78.06,2026-05-06 00:25:54
txn_0009876,cust_002909,deposit,successful,387.63,2026-02-27 01:29:45
txn_0009877,cust_002909,withdrawal,successful,228.09,2026-06-14 08:39:14
txn_0009878,cust_002909,deposit,successful,68.83,2026-05-28 05:40:09
txn_0009879,cust_002909,withdrawal,successful,465.22,2026-02-21 16:04:13
txn_0009880,cust_002909,deposit,successful,458.9,2026-05-15 00:48:08
txn_0009881,cust_002909,deposit,successful,376.83,2026-03-22 03:48:29
txn_0009882,cust_002909,deposit,successful,246.37,2026-04-28 22:40:36
txn_0009883,cust_002909,withdrawal,successful,67.85,2026-02-10 13:52:57
txn_0009884,cust_002909,withdrawal,refunded,85.71,2026-03-29 05:00:34
txn_0009885,cust_002909,deposit,successful,153.22,2026-04-21 15:11:15
txn_0009886,cust_002909,deposit,successful,213.26,2026-02-27 11:28:48
txn_0009887,cust_002910,deposit,successful,278.09,2026-05-10 22:54:45
txn_0009888,cust_002910,withdrawal,successful,98.85,2026-04-05 07:43:41
txn_0009889,cust_002910,deposit,successful,415.73,2026-04-07 06:42:12
txn_0009890,cust_002910,deposit,successful,192.27,2026-05-22 19:44:45
txn_0009891,cust_002910,deposit,successful,465.6,2026-04-30 11:31:32
txn_0009892,cust_002911,deposit,successful,77.33,2026-06-14 09:46:37
txn_0009893,cust_002911,deposit,successful,24.75,2026-06-27 14:57:57
txn_0009894,cust_002911,deposit,pending,76.06,2026-05-26 07:16:07
txn_0009895,cust_002911,deposit,successful,78.72,2026-04-11 04:35:56
txn_0009896,cust_002912,deposit,successful,62.55,2026-05-18 09:10:22
txn_0009897,cust_002912,deposit,successful,18.46,2026-03-25 18:41:25
txn_0009898,cust_002913,deposit,successful,42.74,2026-05-16 21:52:59
txn_0009899,cust_002913,deposit,successful,77.13,2026-06-24 15:11:11
txn_0009900,cust_002914,deposit,successful,56.77,2026-02-24 11:53:09
txn_0009901,cust_002914,withdrawal,successful,22.63,2026-02-09 18:51:32
txn_0009902,cust_002914,withdrawal,successful,67.38,2026-04-30 14:05:42
txn_0009903,cust_002915,deposit,successful,447.99,2026-05-20 14:20:49
txn_0009904,cust_002915,withdrawal,successful,54.89,2026-05-27 16:48:25
txn_0009905,cust_002915,withdrawal,successful,464.53,2026-02-17 12:34:30
txn_0009906,cust_002915,deposit,successful,64.08,2026-03-25 17:42:04
txn_0009907,cust_002915,withdrawal,successful,440.13,2026-04-26 00:05:29
txn_0009908,cust_002915,deposit,refunded,220.25,2026-05-30 05:28:51
txn_0009909,cust_002915,deposit,successful,323.91,2026-06-26 16:27:10
txn_0009910,cust_002916,deposit,successful,73.02,2026-05-16 19:16:31
txn_0009911,cust_002916,deposit,successful,14.23,2026-06-26 20:12:13
txn_0009912,cust_002916,withdrawal,pending,69.87,2026-06-10 19:28:08
txn_0009913,cust_002916,deposit,failed,68.65,2026-06-27 18:02:48
txn_0009914,cust_002917,withdrawal,successful,39.64,2026-05-16 09:59:34
txn_0009915,cust_002917,deposit,successful,72.52,2026-06-19 03:36:24
txn_0009916,cust_002918,deposit,successful,39.92,2026-05-09 05:51:56
txn_0009917,cust_002918,withdrawal,successful,44.08,2026-05-09 22:38:42
txn_0009918,cust_002919,withdrawal,successful,65.44,2026-04-02 16:40:43
txn_0009919,cust_002920,deposit,successful,61.71,2026-04-23 22:59:24
txn_0009920,cust_002920,withdrawal,successful,69.59,2026-05-17 12:11:51
txn_0009921,cust_002921,deposit,successful,56.64,2026-05-18 14:07:03
txn_0009922,cust_002921,deposit,successful,19.18,2026-04-12 16:33:17
txn_0009923,cust_002922,deposit,successful,12.51,2026-06-17 21:31:52
txn_0009924,cust_002923,withdrawal,successful,27.04,2026-05-31 09:53:54
txn_0009925,cust_002923,withdrawal,successful,17.92,2026-05-29 09:46:51
txn_0009926,cust_002924,deposit,successful,64.21,2026-06-15 10:03:30
txn_0009927,cust_002925,withdrawal,cancelled,36.29,2026-04-25 06:20:02
txn_0009928,cust_002925,deposit,successful,49.9,2026-05-21 17:20:38
txn_0009929,cust_002926,deposit,successful,41.32,2026-05-31 14:09:40
txn_0009930,cust_002926,deposit,successful,16.16,2026-05-05 04:29:22
txn_0009931,cust_002927,deposit,successful,57.49,2026-06-18 08:37:42
txn_0009932,cust_002928,deposit,successful,52.67,2026-06-13 14:12:52
txn_0009933,cust_002929,deposit,successful,72.51,2026-06-01 18:51:47
txn_0009934,cust_002929,deposit,successful,12.45,2026-05-29 09:21:16
txn_0009935,cust_002929,withdrawal,successful,31.71,2026-06-01 20:01:30
txn_0009936,cust_002929,deposit,successful,67.83,2026-06-16 11:15:18
txn_0009937,cust_002930,deposit,successful,17.03,2026-04-02 01:47:39
txn_0009938,cust_002930,withdrawal,successful,70.65,2026-05-08 20:05:25
txn_0009939,cust_002930,deposit,failed,63.18,2026-05-31 00:20:30
txn_0009940,cust_002930,deposit,successful,71.04,2026-05-06 02:06:31
txn_0009941,cust_002931,withdrawal,successful,61.49,2026-06-28 08:21:55
txn_0009942,cust_002931,deposit,successful,9.83,2026-06-25 11:57:27
txn_0009943,cust_002931,deposit,successful,9.66,2026-06-22 02:56:09
txn_0009944,cust_002932,deposit,successful,6.13,2026-06-19 08:43:06
txn_0009945,cust_002932,deposit,successful,61.25,2026-06-17 08:34:51
txn_0009946,cust_002933,deposit,successful,15.95,2026-03-02 03:18:22
txn_0009947,cust_002933,deposit,successful,5.64,2026-04-22 12:00:16
txn_0009948,cust_002933,deposit,successful,19.83,2026-06-21 16:13:56
txn_0009949,cust_002933,deposit,successful,36.29,2026-04-01 11:04:01
txn_0009950,cust_002935,deposit,successful,85.62,2026-05-01 20:41:55
txn_0009951,cust_002935,withdrawal,successful,439.07,2026-06-20 15:51:54
txn_0009952,cust_002935,deposit,pending,174.34,2026-03-30 05:20:15
txn_0009953,cust_002935,withdrawal,successful,244.34,2026-04-20 02:35:12
txn_0009954,cust_002935,deposit,cancelled,63.83,2026-04-26 20:43:42
txn_0009955,cust_002935,withdrawal,successful,378.74,2026-05-03 22:59:51
txn_0009956,cust_002935,deposit,failed,277.8,2026-04-22 14:15:11
txn_0009957,cust_002936,deposit,successful,235.86,2026-03-19 06:43:47
txn_0009958,cust_002936,withdrawal,failed,376.82,2026-06-19 21:34:59
txn_0009959,cust_002936,deposit,successful,210.09,2026-03-16 22:11:55
txn_0009960,cust_002936,deposit,successful,300.94,2026-04-23 19:01:34
txn_0009961,cust_002936,deposit,successful,110.11,2026-05-11 06:06:02
txn_0009962,cust_002936,deposit,successful,343.26,2026-04-07 10:40:17
txn_0009963,cust_002936,deposit,successful,300.13,2026-06-24 12:03:51
txn_0009964,cust_002936,deposit,successful,202.94,2026-05-01 20:56:40
txn_0009965,cust_002936,deposit,successful,118.12,2026-04-30 06:52:24
txn_0009966,cust_002936,deposit,successful,324.99,2026-06-29 20:49:44
txn_0009967,cust_002936,deposit,successful,250.49,2026-06-06 21:22:45
txn_0009968,cust_002937,deposit,successful,60.42,2026-06-05 21:08:58
txn_0009969,cust_002938,deposit,failed,51.5,2026-06-19 14:22:46
txn_0009970,cust_002938,deposit,successful,37.33,2026-06-27 11:36:24
txn_0009971,cust_002938,withdrawal,failed,47.49,2026-03-21 00:06:05
txn_0009972,cust_002940,withdrawal,successful,352.25,2026-06-06 20:52:31
txn_0009973,cust_002940,deposit,successful,208.06,2026-06-05 08:24:57
txn_0009974,cust_002940,deposit,successful,132.49,2026-05-20 22:04:32
txn_0009975,cust_002941,deposit,successful,68.2,2026-04-24 05:47:57
txn_0009976,cust_002943,deposit,successful,211.46,2026-06-12 08:04:23
txn_0009977,cust_002943,deposit,successful,270.27,2026-06-14 13:58:27
txn_0009978,cust_002943,deposit,successful,382.14,2026-04-03 05:17:54
txn_0009979,cust_002943,deposit,successful,270.74,2026-04-05 20:05:53
txn_0009980,cust_002943,withdrawal,successful,235.07,2026-04-13 00:58:50
txn_0009981,cust_002944,deposit,successful,30.27,2026-02-02 03:25:38
txn_0009982,cust_002945,withdrawal,successful,298.94,2026-06-20 08:19:17
txn_0009983,cust_002945,deposit,refunded,469.31,2026-06-26 02:34:37
txn_0009984,cust_002945,withdrawal,successful,147.09,2026-06-29 18:31:02
txn_0009985,cust_002945,deposit,successful,87.72,2026-06-29 04:29:01
txn_0009986,cust_002945,withdrawal,cancelled,292.33,2026-06-21 18:17:58
txn_0009987,cust_002945,deposit,successful,244.95,2026-06-23 00:42:10
txn_0009988,cust_002945,deposit,successful,241.04,2026-06-29 19:52:55
txn_0009989,cust_002946,withdrawal,successful,37.28,2026-03-29 04:59:24
txn_0009990,cust_002947,deposit,successful,113.54,2026-06-23 16:34:03
txn_0009991,cust_002947,deposit,successful,301.26,2026-05-27 08:39:58
txn_0009992,cust_002947,deposit,successful,198.73,2026-05-28 11:32:36
txn_0009993,cust_002947,deposit,successful,405.58,2026-05-20 09:19:56
txn_0009994,cust_002947,deposit,successful,66.26,2026-05-03 16:26:24
txn_0009995,cust_002947,deposit,cancelled,357.83,2026-03-16 03:56:12
txn_0009996,cust_002947,withdrawal,successful,191.18,2026-06-10 02:58:49
txn_0009997,cust_002947,deposit,successful,304.42,2026-04-29 00:11:15
txn_0009998,cust_002947,deposit,successful,419.72,2026-04-20 11:09:13
txn_0009999,cust_002947,deposit,successful,89.22,2026-03-12 06:30:40
txn_0010000,cust_002947,withdrawal,successful,192.97,2026-06-09 05:34:15
txn_0010001,cust_002947,deposit,successful,94.72,2026-03-20 07:23:25
txn_0010002,cust_002949,deposit,successful,78.27,2026-06-10 16:09:41
txn_0010003,cust_002950,withdrawal,successful,297.44,2026-05-11 21:13:32
txn_0010004,cust_002950,deposit,successful,242.39,2026-05-08 15:18:29
txn_0010005,cust_002950,deposit,successful,426.43,2026-05-06 00:04:50
txn_0010006,cust_002950,deposit,successful,282.0,2026-06-29 04:59:01
txn_0010007,cust_002950,deposit,refunded,280.03,2026-05-28 06:01:39
txn_0010008,cust_002950,deposit,successful,465.68,2026-05-29 21:30:26
txn_0010009,cust_002950,withdrawal,successful,402.15,2026-05-28 08:59:40
txn_0010010,cust_002950,deposit,successful,382.14,2026-06-12 18:16:27
txn_0010011,cust_002951,deposit,successful,66.64,2026-06-15 09:27:43
txn_0010012,cust_002951,deposit,successful,42.61,2026-05-30 20:49:52
txn_0010013,cust_002952,deposit,successful,448.54,2026-04-16 23:39:29
txn_0010014,cust_002952,deposit,successful,367.61,2026-04-30 00:51:07
txn_0010015,cust_002952,deposit,successful,258.5,2026-05-21 13:58:18
txn_0010016,cust_002952,deposit,successful,253.95,2026-03-24 19:55:41
txn_0010017,cust_002952,deposit,successful,60.45,2026-05-18 08:28:35
txn_0010018,cust_002952,deposit,successful,70.07,2026-06-04 20:49:52
txn_0010019,cust_002952,withdrawal,successful,58.68,2026-05-22 08:19:00
txn_0010020,cust_002952,deposit,successful,86.85,2026-06-04 19:48:28
txn_0010021,cust_002952,withdrawal,successful,217.6,2026-06-01 13:36:19
txn_0010022,cust_002952,withdrawal,successful,223.47,2026-04-09 09:32:59
txn_0010023,cust_002952,deposit,successful,341.83,2026-04-03 20:01:55
txn_0010024,cust_002952,withdrawal,successful,56.3,2026-05-05 19:42:54
txn_0010025,cust_002952,deposit,successful,284.17,2026-06-06 15:40:54
txn_0010026,cust_002952,deposit,successful,72.54,2026-05-28 07:10:03
txn_0010027,cust_002952,deposit,successful,53.48,2026-04-13 04:07:50
txn_0010028,cust_002953,deposit,successful,71.55,2026-06-15 03:23:52
txn_0010029,cust_002954,deposit,successful,53.07,2026-06-04 07:16:45
txn_0010030,cust_002954,withdrawal,successful,49.43,2026-05-23 02:57:24
txn_0010031,cust_002954,deposit,successful,12.93,2026-06-26 02:37:37
txn_0010032,cust_002954,deposit,successful,14.64,2026-06-01 15:15:48
txn_0010033,cust_002955,deposit,successful,39.9,2026-03-08 08:53:59
txn_0010034,cust_002955,deposit,successful,12.69,2026-02-23 13:06:58
txn_0010035,cust_002955,deposit,successful,56.28,2026-05-18 08:23:12
txn_0010036,cust_002955,deposit,successful,14.84,2026-05-12 21:42:52
txn_0010037,cust_002956,deposit,successful,51.1,2026-06-28 03:53:58
txn_0010038,cust_002957,deposit,successful,30.27,2026-05-07 18:09:51
txn_0010039,cust_002957,deposit,successful,20.07,2026-05-18 00:00:01
txn_0010040,cust_002957,deposit,successful,72.57,2026-05-12 11:54:16
txn_0010041,cust_002958,withdrawal,successful,58.49,2026-03-13 17:22:15
txn_0010042,cust_002958,withdrawal,successful,65.01,2026-05-08 20:41:14
txn_0010043,cust_002959,deposit,successful,76.43,2026-06-24 23:57:18
txn_0010044,cust_002959,withdrawal,successful,69.6,2026-06-23 03:02:16
txn_0010045,cust_002959,deposit,successful,51.95,2026-06-27 03:27:28
txn_0010046,cust_002959,deposit,successful,13.23,2026-06-29 05:38:16
txn_0010047,cust_002960,deposit,successful,45.11,2026-06-19 02:42:11
txn_0010048,cust_002960,withdrawal,successful,70.13,2026-06-15 06:10:38
txn_0010049,cust_002962,deposit,successful,30.03,2026-06-26 03:20:51
txn_0010050,cust_002964,deposit,successful,79.38,2026-04-28 05:04:00
txn_0010051,cust_002964,deposit,successful,38.07,2026-05-17 00:45:47
txn_0010052,cust_002964,deposit,successful,37.09,2026-04-26 17:12:06
txn_0010053,cust_002965,withdrawal,successful,13.62,2026-06-09 10:57:35
txn_0010054,cust_002965,withdrawal,successful,21.33,2026-06-17 20:31:45
txn_0010055,cust_002965,withdrawal,failed,61.86,2026-06-08 13:35:36
txn_0010056,cust_002965,deposit,successful,45.75,2026-06-18 09:09:24
txn_0010057,cust_002967,deposit,successful,21.35,2026-05-11 15:20:44
txn_0010058,cust_002967,deposit,successful,62.31,2026-06-05 03:09:01
txn_0010059,cust_002968,deposit,failed,57.0,2026-04-30 18:17:54
txn_0010060,cust_002968,withdrawal,successful,45.91,2026-04-10 13:16:45
txn_0010061,cust_002968,deposit,successful,10.87,2026-06-02 12:41:31
txn_0010062,cust_002969,withdrawal,successful,67.69,2026-06-24 08:30:16
txn_0010063,cust_002970,deposit,successful,69.79,2026-04-06 04:33:56
txn_0010064,cust_002971,deposit,successful,72.3,2026-06-17 14:08:36
txn_0010065,cust_002971,deposit,successful,75.82,2026-05-08 13:00:39
txn_0010066,cust_002971,withdrawal,successful,62.33,2026-03-30 21:45:38
txn_0010067,cust_002972,withdrawal,failed,52.38,2026-06-29 10:21:56
txn_0010068,cust_002972,deposit,successful,21.05,2026-06-03 15:09:14
txn_0010069,cust_002972,deposit,successful,39.06,2026-06-28 06:46:33
txn_0010070,cust_002973,deposit,successful,496.32,2026-06-29 17:57:13
txn_0010071,cust_002973,deposit,successful,455.9,2026-06-19 09:16:56
txn_0010072,cust_002973,deposit,failed,133.7,2026-06-20 14:47:20
txn_0010073,cust_002973,withdrawal,successful,352.07,2026-06-13 06:53:54
txn_0010074,cust_002973,deposit,successful,160.48,2026-06-25 20:35:55
txn_0010075,cust_002973,deposit,failed,381.2,2026-06-19 14:04:44
txn_0010076,cust_002973,withdrawal,successful,359.37,2026-06-12 19:24:00
txn_0010077,cust_002973,deposit,successful,145.02,2026-06-09 06:51:45
txn_0010078,cust_002973,deposit,successful,176.65,2026-06-17 13:51:07
txn_0010079,cust_002973,withdrawal,successful,475.78,2026-06-28 10:49:07
txn_0010080,cust_002973,deposit,successful,278.7,2026-06-27 04:36:18
txn_0010081,cust_002973,deposit,successful,286.68,2026-06-19 08:02:56
txn_0010082,cust_002973,deposit,successful,275.26,2026-06-28 17:13:50
txn_0010083,cust_002973,deposit,successful,445.72,2026-06-25 18:41:20
txn_0010084,cust_002976,deposit,pending,49.91,2026-06-29 15:37:41
txn_0010085,cust_002976,deposit,successful,27.03,2026-06-29 13:21:27
txn_0010086,cust_002977,withdrawal,successful,315.01,2026-05-07 22:18:10
txn_0010087,cust_002977,deposit,successful,337.38,2026-04-08 17:59:01
txn_0010088,cust_002977,deposit,successful,292.51,2026-02-28 00:42:26
txn_0010089,cust_002978,withdrawal,successful,476.71,2026-04-28 15:43:57
txn_0010090,cust_002978,withdrawal,successful,226.62,2026-06-05 05:27:30
txn_0010091,cust_002978,deposit,successful,185.75,2026-06-29 23:23:42
txn_0010092,cust_002978,deposit,successful,472.69,2026-06-02 19:28:12
txn_0010093,cust_002978,withdrawal,successful,445.2,2026-03-29 15:36:48
txn_0010094,cust_002978,deposit,successful,172.66,2026-04-07 18:22:32
txn_0010095,cust_002978,deposit,successful,218.26,2026-06-07 00:46:36
txn_0010096,cust_002978,withdrawal,successful,201.79,2026-04-30 22:38:25
txn_0010097,cust_002978,deposit,successful,264.37,2026-05-31 12:55:37
txn_0010098,cust_002978,deposit,successful,438.3,2026-06-09 02:04:11
txn_0010099,cust_002978,withdrawal,successful,403.95,2026-05-11 12:29:56
txn_0010100,cust_002978,deposit,successful,389.83,2026-04-20 23:01:48
txn_0010101,cust_002978,withdrawal,successful,142.7,2026-05-20 14:54:29
txn_0010102,cust_002978,deposit,successful,81.44,2026-06-05 08:49:21
txn_0010103,cust_002978,deposit,refunded,270.91,2026-06-07 20:13:10
txn_0010104,cust_002979,deposit,successful,185.01,2026-06-13 06:37:10
txn_0010105,cust_002979,withdrawal,successful,374.57,2026-06-10 15:05:26
txn_0010106,cust_002979,withdrawal,successful,470.53,2026-06-06 13:57:44
txn_0010107,cust_002979,withdrawal,successful,301.31,2026-06-11 18:23:00
txn_0010108,cust_002979,deposit,pending,370.95,2026-06-25 10:47:28
txn_0010109,cust_002979,withdrawal,successful,130.21,2026-05-31 05:20:46
txn_0010110,cust_002980,withdrawal,successful,29.88,2026-06-23 08:49:19
txn_0010111,cust_002980,deposit,successful,7.22,2026-06-24 14:31:28
txn_0010112,cust_002980,deposit,successful,38.84,2026-06-14 18:28:16
txn_0010113,cust_002980,withdrawal,successful,71.33,2026-04-27 19:10:35
txn_0010114,cust_002981,withdrawal,successful,20.34,2026-06-18 22:36:34
txn_0010115,cust_002982,deposit,successful,448.0,2026-06-09 04:37:06
txn_0010116,cust_002982,withdrawal,successful,454.37,2026-06-22 18:49:46
txn_0010117,cust_002982,withdrawal,successful,391.84,2026-05-29 15:12:52
txn_0010118,cust_002982,deposit,successful,416.56,2026-06-27 00:09:46
txn_0010119,cust_002983,deposit,successful,50.73,2026-06-25 07:28:52
txn_0010120,cust_002984,deposit,successful,42.18,2026-05-27 14:12:07
txn_0010121,cust_002984,withdrawal,failed,58.14,2026-05-24 22:15:49
txn_0010122,cust_002984,deposit,failed,30.28,2026-06-27 05:11:12
txn_0010123,cust_002985,deposit,successful,22.7,2026-04-08 21:52:20
txn_0010124,cust_002985,deposit,successful,54.68,2026-01-28 17:19:57
txn_0010125,cust_002985,deposit,successful,66.24,2026-04-02 15:07:44
txn_0010126,cust_002985,deposit,successful,78.04,2026-05-22 00:40:06
txn_0010127,cust_002986,deposit,successful,41.11,2026-06-07 08:02:41
txn_0010128,cust_002986,deposit,failed,28.73,2026-06-19 14:07:37
txn_0010129,cust_002986,deposit,successful,63.42,2026-06-20 01:03:09
txn_0010130,cust_002987,deposit,successful,280.18,2026-05-08 21:14:10
txn_0010131,cust_002987,withdrawal,successful,354.24,2026-04-05 08:55:47
txn_0010132,cust_002987,deposit,successful,308.85,2026-04-02 09:24:19
txn_0010133,cust_002987,deposit,successful,345.08,2026-06-02 09:23:33
txn_0010134,cust_002987,deposit,successful,374.59,2026-05-02 20:43:41
txn_0010135,cust_002987,deposit,successful,491.25,2026-06-08 00:32:24
txn_0010136,cust_002988,deposit,successful,48.31,2026-06-07 03:48:36
txn_0010137,cust_002989,deposit,cancelled,30.26,2026-04-29 10:27:19
txn_0010138,cust_002989,deposit,pending,76.17,2026-04-26 08:31:38
txn_0010139,cust_002990,deposit,successful,45.88,2026-06-21 17:16:24
txn_0010140,cust_002991,withdrawal,successful,36.77,2026-04-09 16:46:45
txn_0010141,cust_002991,deposit,successful,60.33,2026-04-13 17:07:54
txn_0010142,cust_002991,deposit,successful,36.1,2026-05-28 22:59:02
txn_0010143,cust_002992,deposit,successful,41.49,2026-06-27 06:22:36
txn_0010144,cust_002992,deposit,successful,5.58,2026-04-23 15:28:46
txn_0010145,cust_002993,deposit,successful,436.54,2026-06-15 08:44:17
txn_0010146,cust_002993,deposit,cancelled,261.7,2026-04-09 04:45:59
txn_0010147,cust_002993,withdrawal,successful,289.08,2026-06-03 08:46:50
txn_0010148,cust_002993,withdrawal,failed,367.33,2026-06-02 00:07:22
txn_0010149,cust_002993,deposit,successful,51.92,2026-04-10 15:00:26
txn_0010150,cust_002993,deposit,successful,179.54,2026-05-20 06:35:05
txn_0010151,cust_002993,deposit,pending,108.03,2026-04-12 04:55:25
txn_0010152,cust_002993,deposit,successful,58.58,2026-05-10 23:18:56
txn_0010153,cust_002993,deposit,successful,187.66,2026-05-15 08:36:28
txn_0010154,cust_002994,withdrawal,successful,307.4,2026-06-02 03:31:21
txn_0010155,cust_002994,deposit,successful,154.59,2026-06-23 12:44:52
txn_0010156,cust_002994,deposit,successful,239.85,2026-06-22 13:56:07
txn_0010157,cust_002994,deposit,cancelled,247.28,2026-06-25 20:25:12
txn_0010158,cust_002994,withdrawal,successful,412.46,2026-06-09 09:21:00
txn_0010159,cust_002994,deposit,successful,77.39,2026-06-05 09:52:02
txn_0010160,cust_002994,deposit,successful,354.64,2026-06-27 15:22:17
txn_0010161,cust_002994,deposit,successful,344.86,2026-06-24 07:44:02
txn_0010162,cust_002994,deposit,successful,325.67,2026-06-20 21:22:56
txn_0010163,cust_002994,deposit,successful,390.13,2026-06-12 20:47:40
txn_0010164,cust_002994,deposit,successful,138.06,2026-06-26 12:55:06
txn_0010165,cust_002994,deposit,successful,299.26,2026-06-22 20:29:14
txn_0010166,cust_002994,withdrawal,successful,284.9,2026-06-21 08:21:11
txn_0010167,cust_002994,deposit,successful,105.24,2026-06-26 21:22:07
txn_0010168,cust_002995,withdrawal,successful,12.69,2026-06-18 13:41:37
txn_0010169,cust_002995,deposit,successful,23.71,2026-04-02 14:00:15
txn_0010170,cust_002995,withdrawal,successful,40.99,2026-04-20 18:05:53
txn_0010171,cust_002996,deposit,successful,13.55,2026-06-27 09:41:23
txn_0010172,cust_002996,withdrawal,successful,43.73,2026-06-29 20:35:38
txn_0010173,cust_002998,deposit,failed,74.69,2026-05-04 06:06:01
txn_0010174,cust_002999,deposit,successful,75.88,2026-05-12 03:10:02
txn_0010175,cust_002999,deposit,successful,233.75,2026-04-03 22:54:28
txn_0010176,cust_002999,deposit,successful,454.22,2026-03-22 02:55:58
txn_0010177,cust_002999,deposit,successful,412.94,2026-05-30 06:28:39
txn_0010178,cust_002999,deposit,successful,351.81,2026-05-30 01:11:36
txn_0010179,cust_002999,deposit,successful,289.75,2026-03-19 14:37:31
txn_0010180,cust_002999,deposit,failed,343.43,2026-05-13 16:30:54
txn_0010181,cust_002999,deposit,successful,477.33,2026-06-10 08:35:17
txn_0010182,cust_002999,deposit,successful,64.85,2026-04-16 04:15:47
txn_0010183,cust_002999,deposit,successful,350.88,2026-03-13 07:56:36
txn_0010184,cust_002999,deposit,successful,102.81,2026-05-19 07:48:32
txn_0010185,cust_002999,deposit,successful,492.76,2026-04-28 07:17:07
txn_0010186,cust_002999,deposit,successful,207.58,2026-05-19 15:21:04
txn_0010187,cust_002999,withdrawal,successful,326.35,2026-03-26 13:26:23
txn_0010188,cust_002999,deposit,successful,145.16,2026-03-20 17:46:34
txn_0010189,cust_003000,deposit,successful,487.28,2026-06-27 10:07:07
txn_0010190,cust_003000,deposit,successful,319.74,2026-06-25 11:23:17
txn_0010191,cust_003000,deposit,successful,347.23,2026-06-27 19:33:30
txn_0010192,cust_003000,withdrawal,successful,112.94,2026-06-28 15:27:46
txn_0010193,cust_003000,deposit,successful,278.65,2026-06-25 18:00:29
txn_0010194,cust_003000,deposit,successful,62.16,2026-06-23 02:24:51
